"approach","parameter","truth","mean_est","bias","rmse","mae","sd_est","coverage","ci_width","n_ok","dep_type","dep_par","k_true","n","r","r_label","n_exc","n_exc_nom","S","m","sigma","p_thresh","threshold","cred_mass","interval","seed","secs"
"Conventional","k",-0.3,-0.520172448106747,-0.220172448106747,0.326047744734633,0.258540983482321,0.240505287883494,0.402,0.282377746934658,5000,"log",0.1,-0.3,2000,NA,"auto",99.9998,100,5000,5000,1,0.95,"empirical",0.95,"eti",23924,273.267188549042
"Weighted GPD","k",-0.3,-0.32096210381162,-0.0209621038116203,0.47423057847157,0.336530151943803,0.473814448690232,0.531,0.524685946028877,5000,"log",0.1,-0.3,2000,NA,"auto",99.9998,100,5000,5000,1,0.95,"empirical",0.95,"eti",23924,273.267188549042
"Cluster maxima (POT)","k",-0.3,-1.25861926233262,-0.958619262332617,1.38312202646333,1.18681414513206,0.997133143002409,0.136,0.237248777957886,5000,"log",0.1,-0.3,2000,NA,"auto",99.9998,100,5000,5000,1,0.95,"empirical",0.95,"eti",23924,273.267188549042
"Conventional","sigma",0.444915386492743,0.27631970504378,-0.168595681448962,0.24135115772329,0.205802574517702,0.147977007461624,NA,NA,5000,"log",0.1,-0.3,2000,NA,"auto",99.9998,100,5000,5000,1,0.95,"empirical",0.95,"eti",23924,273.267188549042
"Weighted GPD","sigma",0.444915386492743,0.240797348095459,-0.204118038397284,0.291041012063028,0.254143660050551,0.18355604682625,NA,NA,5000,"log",0.1,-0.3,2000,NA,"auto",99.9998,100,5000,5000,1,0.95,"empirical",0.95,"eti",23924,273.267188549042
"Cluster maxima (POT)","sigma",0.444915386492743,0.62155295811968,0.176637571626937,0.464144746453223,0.354220008451124,0.428726671631952,NA,NA,5000,"log",0.1,-0.3,2000,NA,"auto",99.9998,100,5000,5000,1,0.95,"empirical",0.95,"eti",23924,273.267188549042
"Conventional","zm",3.07440013009476,2.35351797436519,-0.720882155729575,0.79319600406669,0.724534363338317,0.330924040471765,0.0262,0.15935741899535,5000,"log",0.1,-0.3,2000,NA,"auto",99.9998,100,5000,5000,1,0.95,"empirical",0.95,"eti",23924,273.267188549042
"Weighted GPD","zm",3.07440013009476,3.07905972036349,0.00465959026872304,4.98580226452308,1.17327531786722,4.98629874196993,0.2344,1.9652980071171,5000,"log",0.1,-0.3,2000,NA,"auto",99.9998,100,5000,5000,1,0.95,"empirical",0.95,"eti",23924,273.267188549042
"Cluster maxima (POT)","zm",3.07440013009476,3.09601831056829,0.0216181804735283,7.86622711319752,1.31737187269791,7.8669841450574,0.1288,1.75105847145901,5000,"log",0.1,-0.3,2000,NA,"auto",99.9998,100,5000,5000,1,0.95,"empirical",0.95,"eti",23924,273.267188549042
"Conventional","k",-0.3,-0.523368068767987,-0.223368068767987,0.314493444982305,0.253874980204379,0.221410562799433,0.2752,0.180262926330933,5000,"log",0.1,-0.3,4000,NA,"auto",199.999,200,5000,5000,1,0.95,"empirical",0.95,"eti",23952,466.49742603302
"Weighted GPD","k",-0.3,-0.334285791418514,-0.034285791418514,0.424100503012632,0.302353356813186,0.422754616125554,0.4312,0.35320734723703,5000,"log",0.1,-0.3,4000,NA,"auto",199.999,200,5000,5000,1,0.95,"empirical",0.95,"eti",23952,466.49742603302
"Cluster maxima (POT)","k",-0.3,-1.1073084797657,-0.807308479765697,1.20563646529673,1.00694618708925,0.895529284552716,0.1296,0.171347680617805,5000,"log",0.1,-0.3,4000,NA,"auto",199.999,200,5000,5000,1,0.95,"empirical",0.95,"eti",23952,466.49742603302
"Conventional","sigma",0.429036072219097,0.332354011165735,-0.0966820610533625,0.202160905010038,0.167630767693018,0.156848028634079,NA,NA,5000,"log",0.1,-0.3,4000,NA,"auto",199.999,200,5000,5000,1,0.95,"empirical",0.95,"eti",23952,466.49742603302
"Weighted GPD","sigma",0.429036072219097,0.286528223394358,-0.142507848824739,0.250292596266902,0.21051808365215,0.179931632665894,NA,NA,5000,"log",0.1,-0.3,4000,NA,"auto",199.999,200,5000,5000,1,0.95,"empirical",0.95,"eti",23952,466.49742603302
"Cluster maxima (POT)","sigma",0.429036072219097,0.660566830759739,0.231530758540642,0.486389362897124,0.384925494896341,0.408970945865035,NA,NA,5000,"log",0.1,-0.3,4000,NA,"auto",199.999,200,5000,5000,1,0.95,"empirical",0.95,"eti",23952,466.49742603302
"Conventional","zm",3.07440013009476,2.5050191781831,-0.569380951911666,0.63501880240385,0.573768696252124,0.281193927764431,0.0296,0.110910518911364,5000,"log",0.1,-0.3,4000,NA,"auto",199.999,200,5000,5000,1,0.95,"empirical",0.95,"eti",23952,466.49742603302
"Weighted GPD","zm",3.07440013009476,3.09343528674089,0.0190351566461236,4.52389877457945,0.904995192860436,4.5243111811397,0.2168,1.17471507630924,5000,"log",0.1,-0.3,4000,NA,"auto",199.999,200,5000,5000,1,0.95,"empirical",0.95,"eti",23952,466.49742603302
"Cluster maxima (POT)","zm",3.07440013009476,3.05802251187868,-0.0163776182160816,5.81647451489244,0.969574106993512,5.81703318978335,0.1242,1.13429389398628,5000,"log",0.1,-0.3,4000,NA,"auto",199.999,200,5000,5000,1,0.95,"empirical",0.95,"eti",23952,466.49742603302
"Conventional","k",0.3,-0.29568781348816,-0.59568781348816,0.640336040548311,0.598327493214354,0.234941084422059,0.0754,0.355759987589574,5000,"log",0.1,0.3,2000,NA,"auto",99.9998,100,5000,5000,1,0.95,"empirical",0.95,"eti",22491,294.456231832504
"Weighted GPD","k",0.3,0.0121341373323441,-0.287865862667656,0.569851773242951,0.468135552689217,0.491846186437351,0.3548,0.588922409435676,5000,"log",0.1,0.3,2000,NA,"auto",99.9998,100,5000,5000,1,0.95,"empirical",0.95,"eti",22491,294.456231832504
"Cluster maxima (POT)","k",0.3,-0.908548193250955,-1.20854819325095,1.64229315675832,1.37490563608721,1.11210855333998,0.1716,0.313584467299434,5000,"log",0.1,0.3,2000,NA,"auto",99.9998,100,5000,5000,1,0.95,"empirical",0.95,"eti",22491,294.456231832504
"Conventional","sigma",2.44709568968801,1.85053674193325,-0.59655894775476,1.49834707458466,1.11542952468165,1.96499170010551,NA,NA,5000,"log",0.1,0.3,2000,NA,"auto",99.9998,100,5000,5000,1,0.95,"empirical",0.95,"eti",22491,294.456231832504
"Weighted GPD","sigma",2.44709568968801,1.37368152239111,-1.0734141672969,1.85392693747185,1.41594467055499,1.66018880082389,NA,NA,5000,"log",0.1,0.3,2000,NA,"auto",99.9998,100,5000,5000,1,0.95,"empirical",0.95,"eti",22491,294.456231832504
"Cluster maxima (POT)","sigma",2.44709568968801,4.4482444746017,2.0011487849137,5.2308060896778,3.14399664876591,5.15596942473716,NA,NA,5000,"log",0.1,0.3,2000,NA,"auto",99.9998,100,5000,5000,1,0.95,"empirical",0.95,"eti",22491,294.456231832504
"Conventional","zm",39.5777764515089,9.9193388297046,-29.6584376218043,30.9632134165102,30.1908667241388,8.89457619041095,0.0152,3.51670092009835,5000,"log",0.1,0.3,2000,NA,"auto",99.9998,100,5000,5000,1,0.95,"empirical",0.95,"eti",22491,294.456231832504
"Weighted GPD","zm",39.5777764515089,46.4839060889534,6.90612963744453,507.747494319196,56.824861431732,507.751302940702,0.1734,89.3920274926429,5000,"log",0.1,0.3,2000,NA,"auto",99.9998,100,5000,5000,1,0.95,"empirical",0.95,"eti",22491,294.456231832504
"Cluster maxima (POT)","zm",39.5777764515089,54.6930178383691,15.1152413868602,401.142319082136,67.8331208719828,400.897534792984,0.1174,132.992954581545,5000,"log",0.1,0.3,2000,NA,"auto",99.9998,100,5000,5000,1,0.95,"empirical",0.95,"eti",22491,294.456231832504
"Conventional","k",0.3,-0.237928755760479,-0.537928755760479,0.581740708817921,0.541769258066693,0.221505573216011,0.0658,0.258645806756704,5000,"log",0.1,0.3,4000,NA,"auto",200,200,5000,5000,1,0.95,"empirical",0.95,"eti",22517,290.20027923584
"Weighted GPD","k",0.3,0.0875955099080905,-0.21240449009191,0.516466096010661,0.410562468623877,0.47081407593243,0.307,0.412901522234225,5000,"log",0.1,0.3,4000,NA,"auto",200,200,5000,5000,1,0.95,"empirical",0.95,"eti",22517,290.20027923584
"Cluster maxima (POT)","k",0.3,-0.634059561490566,-0.934059561490566,1.3896462102663,1.11138344393254,1.02900976551005,0.1624,0.247685308840721,5000,"log",0.1,0.3,4000,NA,"auto",200,200,5000,5000,1,0.95,"empirical",0.95,"eti",22517,290.20027923584
"Conventional","sigma",2.550520067879,2.53987183515882,-0.0106482327201823,2.15417936026211,1.17342376134832,2.8059394807441,NA,NA,5000,"log",0.1,0.3,4000,NA,"auto",200,200,5000,5000,1,0.95,"empirical",0.95,"eti",22517,290.20027923584
"Weighted GPD","sigma",2.550520067879,1.89312929951797,-0.657390768361038,2.56869137641683,1.35757845936899,2.8552024016925,NA,NA,5000,"log",0.1,0.3,4000,NA,"auto",200,200,5000,5000,1,0.95,"empirical",0.95,"eti",22517,290.20027923584
"Cluster maxima (POT)","sigma",2.550520067879,5.82176637809802,3.27124631021902,8.41789981783993,4.30111260382041,8.33498757121038,NA,NA,5000,"log",0.1,0.3,4000,NA,"auto",200,200,5000,5000,1,0.95,"empirical",0.95,"eti",22517,290.20027923584
"Conventional","zm",39.5777764515089,13.1353551126074,-26.4424213389015,28.7322382653768,27.573077335172,11.2412251335381,0.03,4.09310082874593,5000,"log",0.1,0.3,4000,NA,"auto",200,200,5000,5000,1,0.95,"empirical",0.95,"eti",22517,290.20027923584
"Weighted GPD","zm",39.5777764515089,68.9735272841824,29.3957508326735,480.036262106024,71.759994691822,479.18329070923,0.166,74.111734020494,5000,"log",0.1,0.3,4000,NA,"auto",200,200,5000,5000,1,0.95,"empirical",0.95,"eti",22517,290.20027923584
"Cluster maxima (POT)","zm",39.5777764515089,84.9233592854746,45.3455828339657,855.268335854522,91.0668197139737,854.15081757067,0.104,118.833912299133,5000,"log",0.1,0.3,4000,NA,"auto",200,200,5000,5000,1,0.95,"empirical",0.95,"eti",22517,290.20027923584
"Conventional","k",-0.3,-0.521743708099699,-0.221743708099699,0.331329081811489,0.258754945226715,0.246212941444488,0.4096,0.283647798537642,5000,"log",0.15,-0.3,2000,NA,"auto",99.9998,100,5000,5000,1,0.95,"empirical",0.95,"eti",25545,269.822007417679
"Weighted GPD","k",-0.3,-0.350268353821795,-0.0502683538217947,0.420924063897773,0.299891381608165,0.417953462949767,0.5518,0.493403600821157,5000,"log",0.15,-0.3,2000,NA,"auto",99.9998,100,5000,5000,1,0.95,"empirical",0.95,"eti",25545,269.822007417679
"Cluster maxima (POT)","k",-0.3,-1.13359481156027,-0.833594811560274,1.23923339531772,1.01310784407547,0.917053594764025,0.1898,0.268162094650388,5000,"log",0.15,-0.3,2000,NA,"auto",99.9998,100,5000,5000,1,0.95,"empirical",0.95,"eti",25545,269.822007417679
"Conventional","sigma",0.423536860207238,0.347444791673452,-0.0760920685337864,0.210394497300469,0.168229869953451,0.174761764577787,NA,NA,5000,"log",0.15,-0.3,2000,NA,"auto",99.9998,100,5000,5000,1,0.95,"empirical",0.95,"eti",25545,269.822007417679
"Weighted GPD","sigma",0.423536860207238,0.300696488105777,-0.122840372101461,0.252818295045085,0.203024599198091,0.193898831855365,NA,NA,5000,"log",0.15,-0.3,2000,NA,"auto",99.9998,100,5000,5000,1,0.95,"empirical",0.95,"eti",25545,269.822007417679
"Cluster maxima (POT)","sigma",0.423536860207238,0.684710646444381,0.261173786237143,0.532631709356731,0.405931529363722,0.441167468618475,NA,NA,5000,"log",0.15,-0.3,2000,NA,"auto",99.9998,100,5000,5000,1,0.95,"empirical",0.95,"eti",25545,269.822007417679
"Conventional","zm",3.07440013009476,2.55220896761177,-0.52219116248299,0.59048480469623,0.527626221010387,0.275688039604269,0.0658,0.195196524215193,5000,"log",0.15,-0.3,2000,NA,"auto",99.9998,100,5000,5000,1,0.95,"empirical",0.95,"eti",25545,269.822007417679
"Weighted GPD","zm",3.07440013009476,2.9554627948412,-0.118937335253566,2.48804075933477,0.70053376931567,2.48544487318416,0.311,1.41942247783301,5000,"log",0.15,-0.3,2000,NA,"auto",99.9998,100,5000,5000,1,0.95,"empirical",0.95,"eti",25545,269.822007417679
"Cluster maxima (POT)","zm",3.07440013009476,2.89847028899346,-0.1759298411013,2.6890328823968,0.753924903205002,2.68353997752661,0.17,1.17685955881576,5000,"log",0.15,-0.3,2000,NA,"auto",99.9998,100,5000,5000,1,0.95,"empirical",0.95,"eti",25545,269.822007417679
"Conventional","k",-0.3,-0.502499565622885,-0.202499565622885,0.294074568479058,0.232364464690423,0.213267143094176,0.3122,0.187889385002608,5000,"log",0.15,-0.3,4000,NA,"auto",199.9996,200,5000,5000,1,0.95,"empirical",0.95,"eti",25575,471.408709049225
"Weighted GPD","k",-0.3,-0.309927585793517,-0.00992758579351682,0.334516804979598,0.237393551287332,0.334402902072116,0.4986,0.345887634053516,5000,"log",0.15,-0.3,4000,NA,"auto",199.9996,200,5000,5000,1,0.95,"empirical",0.95,"eti",25575,471.408709049225
"Cluster maxima (POT)","k",-0.3,-0.80193096295463,-0.50193096295463,0.886517413024241,0.677315887443658,0.730811363535383,0.2116,0.22892222480135,5000,"log",0.15,-0.3,4000,NA,"auto",199.9996,200,5000,5000,1,0.95,"empirical",0.95,"eti",25575,471.408709049225
"Conventional","sigma",0.415498607395551,0.38962010650434,-0.0258785008912103,0.182519310472027,0.140639445986616,0.159393717871853,NA,NA,5000,"log",0.15,-0.3,4000,NA,"auto",199.9996,200,5000,5000,1,0.95,"empirical",0.95,"eti",25575,471.408709049225
"Weighted GPD","sigma",0.415498607395551,0.321612907467506,-0.0938856999280444,0.200232955863744,0.160141943297974,0.149600874769059,NA,NA,5000,"log",0.15,-0.3,4000,NA,"auto",199.9996,200,5000,5000,1,0.95,"empirical",0.95,"eti",25575,471.408709049225
"Cluster maxima (POT)","sigma",0.415498607395551,0.598155296819166,0.182656689423615,0.436232503240459,0.31686264958673,0.367984776645927,NA,NA,5000,"log",0.15,-0.3,4000,NA,"auto",199.9996,200,5000,5000,1,0.95,"empirical",0.95,"eti",25575,471.408709049225
"Conventional","zm",3.07440013009476,2.67929505014874,-0.395105079946019,0.459196584832541,0.404229924026448,0.234018016847338,0.0818,0.13822391033578,5000,"log",0.15,-0.3,4000,NA,"auto",199.9996,200,5000,5000,1,0.95,"empirical",0.95,"eti",25575,471.408709049225
"Weighted GPD","zm",3.07440013009476,3.01443533144977,-0.0599647986449985,2.16664816724701,0.514491840579054,2.16603482080212,0.3136,0.855991388816055,5000,"log",0.15,-0.3,4000,NA,"auto",199.9996,200,5000,5000,1,0.95,"empirical",0.95,"eti",25575,471.408709049225
"Cluster maxima (POT)","zm",3.07440013009476,2.96938683689767,-0.105013293197099,2.18480474609408,0.546876912693219,2.18249779980104,0.194,0.686717709324095,5000,"log",0.15,-0.3,4000,NA,"auto",199.9996,200,5000,5000,1,0.95,"empirical",0.95,"eti",25575,471.408709049225
"Conventional","k",0.3,-0.202911419825323,-0.502911419825323,0.556175679499529,0.511223534851684,0.237534786570317,0.1314,0.385287911377866,5000,"log",0.15,0.3,2000,NA,"auto",100,100,5000,5000,1,0.95,"empirical",0.95,"eti",24067,284.097857236862
"Weighted GPD","k",0.3,0.105852827631141,-0.194147172368859,0.482031860545836,0.38927583696553,0.441248830195035,0.42,0.570286467071594,5000,"log",0.15,0.3,2000,NA,"auto",100,100,5000,5000,1,0.95,"empirical",0.95,"eti",24067,284.097857236862
"Cluster maxima (POT)","k",0.3,-0.59515050999594,-0.89515050999594,1.37100602709112,1.07282557531295,1.03854648742148,0.239,0.387991702980115,5000,"log",0.15,0.3,2000,NA,"auto",100,100,5000,5000,1,0.95,"empirical",0.95,"eti",24067,284.097857236862
"Conventional","sigma",2.5466842597174,2.67131357869783,0.124629318980425,2.40781503021015,1.23862464924437,2.96252868946907,NA,NA,5000,"log",0.15,0.3,2000,NA,"auto",100,100,5000,5000,1,0.95,"empirical",0.95,"eti",24067,284.097857236862
"Weighted GPD","sigma",2.5466842597174,1.90739234134357,-0.639291918373834,2.32366526758128,1.25421566979803,2.5203754721731,NA,NA,5000,"log",0.15,0.3,2000,NA,"auto",100,100,5000,5000,1,0.95,"empirical",0.95,"eti",24067,284.097857236862
"Cluster maxima (POT)","sigma",2.5466842597174,6.10705326177363,3.56036900205623,9.88414284877755,4.54977729805549,9.60789137290405,NA,NA,5000,"log",0.15,0.3,2000,NA,"auto",100,100,5000,5000,1,0.95,"empirical",0.95,"eti",24067,284.097857236862
"Conventional","zm",39.5777764515089,14.8311192985697,-24.7466571529392,33.0013936255611,26.9790918838238,21.8355283664929,0.0682,10.4302350321536,5000,"log",0.15,0.3,2000,NA,"auto",100,100,5000,5000,1,0.95,"empirical",0.95,"eti",24067,284.097857236862
"Weighted GPD","zm",39.5777764515089,82.0274516503181,42.4496751988092,934.093691045707,83.2362534141831,933.221961471537,0.25,148.427879274613,5000,"log",0.15,0.3,2000,NA,"auto",100,100,5000,5000,1,0.95,"empirical",0.95,"eti",24067,284.097857236862
"Cluster maxima (POT)","zm",39.5777764515089,79.1914824552946,39.6137060037857,486.162826854201,83.7963433297431,484.594691380845,0.1646,163.000643182682,5000,"log",0.15,0.3,2000,NA,"auto",100,100,5000,5000,1,0.95,"empirical",0.95,"eti",24067,284.097857236862
"Conventional","k",0.3,-0.108508934363133,-0.408508934363133,0.471614581024545,0.427013418562837,0.23569445041249,0.1484,0.291480752063786,5000,"log",0.15,0.3,4000,NA,"auto",200,200,5000,5000,1,0.95,"empirical",0.95,"eti",24095,467.587163925171
"Weighted GPD","k",0.3,0.209419375375218,-0.0905806246247822,0.394696566547317,0.305817048963349,0.384200536305254,0.4114,0.406063917040069,5000,"log",0.15,0.3,4000,NA,"auto",200,200,5000,5000,1,0.95,"empirical",0.95,"eti",24095,467.587163925171
"Cluster maxima (POT)","k",0.3,-0.189846651447547,-0.489846651447547,0.951827050827152,0.686666883561816,0.816185165508918,0.2546,0.324362439501221,5000,"log",0.15,0.3,4000,NA,"auto",200,200,5000,5000,1,0.95,"empirical",0.95,"eti",24095,467.587163925171
"Conventional","sigma",2.51410440806366,3.06701232349336,0.552907915429691,3.20733948173466,1.31087483537822,3.55499168628609,NA,NA,5000,"log",0.15,0.3,4000,NA,"auto",200,200,5000,5000,1,0.95,"empirical",0.95,"eti",24095,467.587163925171
"Weighted GPD","sigma",2.51410440806366,2.08453349702048,-0.429570911043188,2.46719409494924,1.08325075667017,2.71491315268275,NA,NA,5000,"log",0.15,0.3,4000,NA,"auto",200,200,5000,5000,1,0.95,"empirical",0.95,"eti",24095,467.587163925171
"Cluster maxima (POT)","sigma",2.51410440806366,5.48455944614814,2.97045503808448,13.4870679366577,3.83747385790561,13.4391883396496,NA,NA,5000,"log",0.15,0.3,4000,NA,"auto",200,200,5000,5000,1,0.95,"empirical",0.95,"eti",24095,467.587163925171
"Conventional","zm",39.5777764515089,20.9137078872629,-18.664068564246,42.1099842332795,25.8118253165772,37.7516669092513,0.0984,15.0704474805169,5000,"log",0.15,0.3,4000,NA,"auto",200,200,5000,5000,1,0.95,"empirical",0.95,"eti",24095,467.587163925171
"Weighted GPD","zm",39.5777764515089,193.426121781004,153.848345329495,4108.76397390887,185.965378366397,4106.29326872942,0.2572,184.26558520469,5000,"log",0.15,0.3,4000,NA,"auto",200,200,5000,5000,1,0.95,"empirical",0.95,"eti",24095,467.587163925171
"Cluster maxima (POT)","zm",39.5777764515089,543.247165809777,503.669389358269,21619.8035981355,538.598042964925,21616.0976104235,0.1916,259.48004835518,5000,"log",0.15,0.3,4000,NA,"auto",200,200,5000,5000,1,0.95,"empirical",0.95,"eti",24095,467.587163925171
"Conventional","k",-0.3,-0.50411962411359,-0.20411962411359,0.313825108500708,0.242284080619702,0.238396191928633,0.4506,0.290470795749451,5000,"log",0.2,-0.3,2000,NA,"auto",100,100,5000,5000,1,0.95,"empirical",0.95,"eti",23931,286.912966012955
"Weighted GPD","k",-0.3,-0.319723397783382,-0.0197233977833823,0.368816607830243,0.259984191321998,0.368325685438032,0.5942,0.477194848531548,5000,"log",0.2,-0.3,2000,NA,"auto",100,100,5000,5000,1,0.95,"empirical",0.95,"eti",23931,286.912966012955
"Cluster maxima (POT)","k",-0.3,-0.867943248010345,-0.567943248010344,0.986492726430549,0.754990566070735,0.80668365177599,0.2704,0.332017648108553,5000,"log",0.2,-0.3,2000,NA,"auto",100,100,5000,5000,1,0.95,"empirical",0.95,"eti",23931,286.912966012955
"Conventional","sigma",0.414568901332409,0.389757776169465,-0.0248111251629439,0.195526557371284,0.150141553847543,0.172529020510663,NA,NA,5000,"log",0.2,-0.3,2000,NA,"auto",100,100,5000,5000,1,0.95,"empirical",0.95,"eti",23931,286.912966012955
"Weighted GPD","sigma",0.414568901332409,0.323438800084208,-0.0911301012482015,0.215096248651981,0.16878387068693,0.165928721781307,NA,NA,5000,"log",0.2,-0.3,2000,NA,"auto",100,100,5000,5000,1,0.95,"empirical",0.95,"eti",23931,286.912966012955
"Cluster maxima (POT)","sigma",0.414568901332409,0.623282297441412,0.208713396109003,0.483353442325903,0.347394606918585,0.406644692731106,NA,NA,5000,"log",0.2,-0.3,2000,NA,"auto",100,100,5000,5000,1,0.95,"empirical",0.95,"eti",23931,286.912966012955
"Conventional","zm",3.07440013009476,2.68228834492655,-0.392111785168217,0.460910499700391,0.403278543035315,0.242277890822778,0.1448,0.231898284058647,5000,"log",0.2,-0.3,2000,NA,"auto",100,100,5000,5000,1,0.95,"empirical",0.95,"eti",23931,286.912966012955
"Weighted GPD","zm",3.07440013009476,3.07095146354953,-0.00344866654522927,2.67861150158971,0.583678755350524,2.67887718265315,0.4128,1.42597034922635,5000,"log",0.2,-0.3,2000,NA,"auto",100,100,5000,5000,1,0.95,"empirical",0.95,"eti",23931,286.912966012955
"Cluster maxima (POT)","zm",3.07440013009476,3.11615788649327,0.041757756398506,8.16873176951283,0.714171637775583,8.16944202308962,0.2554,1.31290732956331,5000,"log",0.2,-0.3,2000,NA,"auto",100,100,5000,5000,1,0.95,"empirical",0.95,"eti",23931,286.912966012955
"Conventional","k",-0.3,-0.473821339585269,-0.173821339585269,0.264305133906186,0.203810335430797,0.199126281462652,0.366,0.196556000259176,5000,"log",0.2,-0.3,4000,NA,"auto",200,200,5000,5000,1,0.95,"empirical",0.95,"eti",23959,478.622549057007
"Weighted GPD","k",-0.3,-0.290479063662036,0.00952093633796363,0.258667818834763,0.184077552684707,0.25851839126783,0.5564,0.325541405639013,5000,"log",0.2,-0.3,4000,NA,"auto",200,200,5000,5000,1,0.95,"empirical",0.95,"eti",23959,478.622549057007
"Cluster maxima (POT)","k",-0.3,-0.575161740963707,-0.275161740963707,0.594035391543001,0.42709744226578,0.526516387795092,0.3082,0.264847902497026,5000,"log",0.2,-0.3,4000,NA,"auto",200,200,5000,5000,1,0.95,"empirical",0.95,"eti",23959,478.622549057007
"Conventional","sigma",0.410924975414288,0.417487162234137,0.00656218681984905,0.176041414528709,0.127416038376753,0.155339336821761,NA,NA,5000,"log",0.2,-0.3,4000,NA,"auto",200,200,5000,5000,1,0.95,"empirical",0.95,"eti",23959,478.622549057007
"Weighted GPD","sigma",0.410924975414288,0.339591219338912,-0.0713337560753764,0.159204377362881,0.126073496539417,0.118196403993885,NA,NA,5000,"log",0.2,-0.3,4000,NA,"auto",200,200,5000,5000,1,0.95,"empirical",0.95,"eti",23959,478.622549057007
"Cluster maxima (POT)","sigma",0.410924975414288,0.513525632721149,0.102600657306861,0.317664737677341,0.218939324460965,0.27704416575862,NA,NA,5000,"log",0.2,-0.3,4000,NA,"auto",200,200,5000,5000,1,0.95,"empirical",0.95,"eti",23959,478.622549057007
"Conventional","zm",3.07440013009476,2.78360433589363,-0.290795794201134,0.358891507751047,0.307326328156414,0.210356293855983,0.1508,0.162329809281665,5000,"log",0.2,-0.3,4000,NA,"auto",200,200,5000,5000,1,0.95,"empirical",0.95,"eti",23959,478.622549057007
"Weighted GPD","zm",3.07440013009476,3.01337349545739,-0.0610266346373783,1.22987774325974,0.348710368074182,1.22848559153139,0.4112,0.572092936645779,5000,"log",0.2,-0.3,4000,NA,"auto",200,200,5000,5000,1,0.95,"empirical",0.95,"eti",23959,478.622549057007
"Cluster maxima (POT)","zm",3.07440013009476,2.98028373942762,-0.0941163906671473,1.23538377784626,0.371258935597736,1.2319166803461,0.2798,0.462384005823171,5000,"log",0.2,-0.3,4000,NA,"auto",200,200,5000,5000,1,0.95,"empirical",0.95,"eti",23959,478.622549057007
"Conventional","k",0.3,-0.107538065558641,-0.407538065558641,0.473337787671584,0.426509444180173,0.240775789801927,0.2154,0.416287919111595,5000,"log",0.2,0.3,2000,NA,"auto",100,100,5000,5000,1,0.95,"empirical",0.95,"eti",22498,277.488613605499
"Weighted GPD","k",0.3,0.182424701102001,-0.117575298897999,0.414263176254204,0.328367995377398,0.397267658648158,0.4948,0.552972014237711,5000,"log",0.2,0.3,2000,NA,"auto",100,100,5000,5000,1,0.95,"empirical",0.95,"eti",22498,277.488613605499
"Cluster maxima (POT)","k",0.3,-0.264618303191774,-0.564618303191774,1.04013867633513,0.757815809855769,0.873640250427178,0.3266,0.461198633098315,5000,"log",0.2,0.3,2000,NA,"auto",100,100,5000,5000,1,0.95,"empirical",0.95,"eti",22498,277.488613605499
"Conventional","sigma",2.52066596835414,2.99585508544975,0.475189117095602,2.64100863400802,1.2685356260515,3.03050470604828,NA,NA,5000,"log",0.2,0.3,2000,NA,"auto",100,100,5000,5000,1,0.95,"empirical",0.95,"eti",22498,277.488613605499
"Weighted GPD","sigma",2.52066596835414,2.11043511804729,-0.410230850306852,2.12646089279771,1.07836080553813,2.41190117168226,NA,NA,5000,"log",0.2,0.3,2000,NA,"auto",100,100,5000,5000,1,0.95,"empirical",0.95,"eti",22498,277.488613605499
"Cluster maxima (POT)","sigma",2.52066596835414,5.77416758803528,3.25350161968113,10.8442837029665,4.12353427183653,10.6961701762579,NA,NA,5000,"log",0.2,0.3,2000,NA,"auto",100,100,5000,5000,1,0.95,"empirical",0.95,"eti",22498,277.488613605499
"Conventional","zm",39.5777764515089,21.2903738060896,-18.2874026454193,71.1095819233129,26.4439509467103,68.7247274525359,0.1384,28.1425443440112,5000,"log",0.2,0.3,2000,NA,"auto",100,100,5000,5000,1,0.95,"empirical",0.95,"eti",22498,277.488613605499
"Weighted GPD","zm",39.5777764515089,119.183069420775,79.6052929692665,1405.74294265249,113.072895715957,1403.62753328617,0.3246,309.824273418369,5000,"log",0.2,0.3,2000,NA,"auto",100,100,5000,5000,1,0.95,"empirical",0.95,"eti",22498,277.488613605499
"Cluster maxima (POT)","zm",39.5777764515089,181.314171065304,141.736394613795,2729.19146434447,177.92159008438,2725.78113942711,0.2498,409.034751609779,5000,"log",0.2,0.3,2000,NA,"auto",100,100,5000,5000,1,0.95,"empirical",0.95,"eti",22498,277.488613605499
"Conventional","k",0.3,-0.00225472771021815,-0.302254727710218,0.381659765296407,0.337152950184578,0.233060334348897,0.2336,0.31553982451667,5000,"log",0.2,0.3,4000,NA,"auto",200,200,5000,5000,1,0.95,"empirical",0.95,"eti",22524,482.309933423996
"Weighted GPD","k",0.3,0.277574566821225,-0.022425433178775,0.323517226081797,0.245815516793215,0.322771330487641,0.4956,0.396475170165446,5000,"log",0.2,0.3,4000,NA,"auto",200,200,5000,5000,1,0.95,"empirical",0.95,"eti",22524,482.309933423996
"Cluster maxima (POT)","k",0.3,0.080818000323245,-0.219181999676755,0.599018091583688,0.424988574142768,0.557533939667388,0.3464,0.362990774830827,5000,"log",0.2,0.3,4000,NA,"auto",200,200,5000,5000,1,0.95,"empirical",0.95,"eti",22524,482.309933423996
"Conventional","sigma",2.49341972761132,3.06188813445649,0.568468406845169,3.08964054085832,1.10900572309111,3.28251045634436,NA,NA,5000,"log",0.2,0.3,4000,NA,"auto",200,200,5000,5000,1,0.95,"empirical",0.95,"eti",22524,482.309933423996
"Weighted GPD","sigma",2.49341972761132,2.08999284445736,-0.403426883153962,1.92719019127754,0.854691842389089,2.06732100230604,NA,NA,5000,"log",0.2,0.3,4000,NA,"auto",200,200,5000,5000,1,0.95,"empirical",0.95,"eti",22524,482.309933423996
"Cluster maxima (POT)","sigma",2.49341972761132,3.92051327470729,1.42709354709597,14.4425359087109,2.23629395796159,14.4924909184678,NA,NA,5000,"log",0.2,0.3,4000,NA,"auto",200,200,5000,5000,1,0.95,"empirical",0.95,"eti",22524,482.309933423996
"Conventional","zm",39.5777764515089,32.8527904530371,-6.72498599847182,163.007400158369,30.3596956315317,162.884908350604,0.1668,40.3485722029938,5000,"log",0.2,0.3,4000,NA,"auto",200,200,5000,5000,1,0.95,"empirical",0.95,"eti",22524,482.309933423996
"Weighted GPD","zm",39.5777764515089,155.086076148948,115.508299697439,4112.55726863823,140.518362883786,4111.34597834832,0.3346,295.337157009572,5000,"log",0.2,0.3,4000,NA,"auto",200,200,5000,5000,1,0.95,"empirical",0.95,"eti",22524,482.309933423996
"Cluster maxima (POT)","zm",39.5777764515089,162.002256140765,122.424479689256,3476.70155550086,149.353436046804,3474.89293777243,0.2836,242.120392320908,5000,"log",0.2,0.3,4000,NA,"auto",200,200,5000,5000,1,0.95,"empirical",0.95,"eti",22524,482.309933423996
"Conventional","k",-0.3,-0.474384086788945,-0.174384086788945,0.277659457739594,0.212000793613481,0.216088647567967,0.5066,0.303672110934355,5000,"log",0.25,-0.3,2000,NA,"auto",100,100,5000,5000,1,0.95,"empirical",0.95,"eti",25552,239.276089668274
"Weighted GPD","k",-0.3,-0.309036609200136,-0.00903660920013633,0.307405641366978,0.214926737208332,0.307303522806741,0.648,0.459642127564501,5000,"log",0.25,-0.3,2000,NA,"auto",100,100,5000,5000,1,0.95,"empirical",0.95,"eti",25552,239.276089668274
"Cluster maxima (POT)","k",-0.3,-0.681951640299825,-0.381951640299825,0.743477598031589,0.543832133587994,0.637928894079799,0.3516,0.366933019347739,5000,"log",0.25,-0.3,2000,NA,"auto",100,100,5000,5000,1,0.95,"empirical",0.95,"eti",25552,239.276089668274
"Conventional","sigma",0.411440985968856,0.404334413034403,-0.00710657293445264,0.176545593561372,0.132939172452282,0.153638413433993,NA,NA,5000,"log",0.25,-0.3,2000,NA,"auto",100,100,5000,5000,1,0.95,"empirical",0.95,"eti",25552,239.276089668274
"Weighted GPD","sigma",0.411440985968856,0.339261568571377,-0.0721794173974792,0.184380805204857,0.143496322437142,0.143350651619426,NA,NA,5000,"log",0.25,-0.3,2000,NA,"auto",100,100,5000,5000,1,0.95,"empirical",0.95,"eti",25552,239.276089668274
"Cluster maxima (POT)","sigma",0.411440985968856,0.557987098978346,0.14654611300949,0.391493209202496,0.269923675510904,0.336248064496667,NA,NA,5000,"log",0.25,-0.3,2000,NA,"auto",100,100,5000,5000,1,0.95,"empirical",0.95,"eti",25552,239.276089668274
"Conventional","zm",3.07440013009476,2.7606320106821,-0.313768119412661,0.386335381005562,0.332458607866075,0.22542128738945,0.2274,0.26618097129735,5000,"log",0.25,-0.3,2000,NA,"auto",100,100,5000,5000,1,0.95,"empirical",0.95,"eti",25552,239.276089668274
"Weighted GPD","zm",3.07440013009476,3.07273964675345,-0.0016604833413106,3.01286826681777,0.469639516313577,3.01316914122777,0.495,1.16029232949583,5000,"log",0.25,-0.3,2000,NA,"auto",100,100,5000,5000,1,0.95,"empirical",0.95,"eti",25552,239.276089668274
"Cluster maxima (POT)","zm",3.07440013009476,3.1370653668359,0.0626652367411403,6.7970489026364,0.601578511783615,6.79743980411103,0.3262,1.20919044990274,5000,"log",0.25,-0.3,2000,NA,"auto",100,100,5000,5000,1,0.95,"empirical",0.95,"eti",25552,239.276089668274
"Conventional","k",-0.3,-0.438948153291057,-0.138948153291057,0.221234392989886,0.171164358482942,0.172174319042754,0.4346,0.206222803174682,5000,"log",0.25,-0.3,4000,NA,"auto",200,200,5000,5000,1,0.95,"empirical",0.95,"eti",25582,460.483651638031
"Weighted GPD","k",-0.3,-0.276303151020834,0.0236968489791658,0.196236498523528,0.146866400582183,0.194819951914495,0.6014,0.305941876338988,5000,"log",0.25,-0.3,4000,NA,"auto",200,200,5000,5000,1,0.95,"empirical",0.95,"eti",25582,460.483651638031
"Cluster maxima (POT)","k",-0.3,-0.44684376994386,-0.14684376994386,0.399220133474719,0.28432265778838,0.371269700404349,0.3892,0.274142689376791,5000,"log",0.25,-0.3,4000,NA,"auto",200,200,5000,5000,1,0.95,"empirical",0.95,"eti",25582,460.483651638031
"Conventional","sigma",0.409594932374974,0.425151643377509,0.0155567110025356,0.155527798287131,0.110615973949601,0.137552508629397,NA,NA,5000,"log",0.25,-0.3,4000,NA,"auto",200,200,5000,5000,1,0.95,"empirical",0.95,"eti",25582,460.483651638031
"Weighted GPD","sigma",0.409594932374974,0.348570508702687,-0.0610244236722861,0.126899580597326,0.102666322434145,0.0920031512352456,NA,NA,5000,"log",0.25,-0.3,4000,NA,"auto",200,200,5000,5000,1,0.95,"empirical",0.95,"eti",25582,460.483651638031
"Cluster maxima (POT)","sigma",0.409594932374974,0.457913853899094,0.0483189215241199,0.220847320251909,0.150740279138214,0.198943834102417,NA,NA,5000,"log",0.25,-0.3,4000,NA,"auto",200,200,5000,5000,1,0.95,"empirical",0.95,"eti",25582,460.483651638031
"Conventional","zm",3.07440013009476,2.8556029994144,-0.218797130680365,0.298510503064051,0.251165198073046,0.203087628777788,0.2278,0.18887458183625,5000,"log",0.25,-0.3,4000,NA,"auto",200,200,5000,5000,1,0.95,"empirical",0.95,"eti",25582,460.483651638031
"Weighted GPD","zm",3.07440013009476,3.02367190893215,-0.0507282211626155,1.63572066837518,0.260347643469676,1.63509738585188,0.4886,0.490866332229471,5000,"log",0.25,-0.3,4000,NA,"auto",200,200,5000,5000,1,0.95,"empirical",0.95,"eti",25582,460.483651638031
"Cluster maxima (POT)","zm",3.07440013009476,3.00470580267076,-0.0696943274240041,1.86312899080705,0.277868777712964,1.86201121217393,0.378,0.41705037372382,5000,"log",0.25,-0.3,4000,NA,"auto",200,200,5000,5000,1,0.95,"empirical",0.95,"eti",25582,460.483651638031
"Conventional","k",0.3,-0.0228903559063211,-0.322890355906321,0.405393036929292,0.35734060729479,0.245147612519127,0.315,0.441391577424985,5000,"log",0.25,0.3,2000,NA,"auto",100,100,5000,5000,1,0.95,"empirical",0.95,"eti",24074,292.429982423782
"Weighted GPD","k",0.3,0.245934719007693,-0.0540652809923068,0.35251362195181,0.278022033965999,0.348377772636688,0.5604,0.547508889254645,5000,"log",0.25,0.3,2000,NA,"auto",100,100,5000,5000,1,0.95,"empirical",0.95,"eti",24074,292.429982423782
"Cluster maxima (POT)","k",0.3,-0.0154460489637835,-0.315446048963784,0.73498485872957,0.523026478652862,0.66391617670667,0.4074,0.504268461841316,5000,"log",0.25,0.3,2000,NA,"auto",100,100,5000,5000,1,0.95,"empirical",0.95,"eti",24074,292.429982423782
"Conventional","sigma",2.49101365445277,3.07543884030242,0.584425185849651,3.12165802822663,1.21981519791768,3.36632370724315,NA,NA,5000,"log",0.25,0.3,2000,NA,"auto",100,100,5000,5000,1,0.95,"empirical",0.95,"eti",24074,292.429982423782
"Weighted GPD","sigma",2.49101365445277,2.07667604499691,-0.414337609455857,1.5588005460606,0.892263576036946,1.73127643843768,NA,NA,5000,"log",0.25,0.3,2000,NA,"auto",100,100,5000,5000,1,0.95,"empirical",0.95,"eti",24074,292.429982423782
"Cluster maxima (POT)","sigma",2.49101365445277,4.31597291950222,1.82495926504945,7.51324689681056,2.650531422485,7.52086531075522,NA,NA,5000,"log",0.25,0.3,2000,NA,"auto",100,100,5000,5000,1,0.95,"empirical",0.95,"eti",24074,292.429982423782
"Conventional","zm",39.5777764515089,28.3971848708767,-11.1805915806321,112.890492295323,27.5454914251355,112.346704353013,0.2186,46.8657528860619,5000,"log",0.25,0.3,2000,NA,"auto",100,100,5000,5000,1,0.95,"empirical",0.95,"eti",24074,292.429982423782
"Weighted GPD","zm",39.5777764515089,98.4199992232494,58.8422227717405,601.813664923349,86.9652598736051,598.990014871147,0.3962,277.49524898423,5000,"log",0.25,0.3,2000,NA,"auto",100,100,5000,5000,1,0.95,"empirical",0.95,"eti",24074,292.429982423782
"Cluster maxima (POT)","zm",39.5777764515089,150.951866000451,111.374089548942,2212.42558536214,141.31768874549,2209.84150174503,0.3328,331.243978431942,5000,"log",0.25,0.3,2000,NA,"auto",100,100,5000,5000,1,0.95,"empirical",0.95,"eti",24074,292.429982423782
"Conventional","k",0.3,0.0752957866919649,-0.224704213308035,0.323112949032584,0.279834135841876,0.23220848070183,0.3106,0.328994030150836,5000,"log",0.25,0.3,4000,NA,"auto",200,200,5000,5000,1,0.95,"empirical",0.95,"eti",24102,472.116038322449
"Weighted GPD","k",0.3,0.298199709875489,-0.00180029012451127,0.265703581409827,0.200932935543667,0.26572405608878,0.5708,0.386278768186206,5000,"log",0.25,0.3,4000,NA,"auto",200,200,5000,5000,1,0.95,"empirical",0.95,"eti",24102,472.116038322449
"Cluster maxima (POT)","k",0.3,0.190049113125136,-0.109950886874864,0.4002147761343,0.293873549580088,0.384853598099398,0.4336,0.370064174390923,5000,"log",0.25,0.3,4000,NA,"auto",200,200,5000,5000,1,0.95,"empirical",0.95,"eti",24102,472.116038322449
"Conventional","sigma",2.48595588633477,2.9452658579449,0.459309971610129,2.28740943077727,0.891088873599562,2.48038957253002,NA,NA,5000,"log",0.25,0.3,4000,NA,"auto",200,200,5000,5000,1,0.95,"empirical",0.95,"eti",24102,472.116038322449
"Weighted GPD","sigma",2.48595588633477,2.12988784795302,-0.356068038381754,1.5861737531372,0.674804442997404,1.74348436047727,NA,NA,5000,"log",0.25,0.3,4000,NA,"auto",200,200,5000,5000,1,0.95,"empirical",0.95,"eti",24102,472.116038322449
"Cluster maxima (POT)","sigma",2.48595588633477,2.99879447913812,0.512838592803352,4.76844791450963,1.20075848810521,4.91808032758951,NA,NA,5000,"log",0.25,0.3,4000,NA,"auto",200,200,5000,5000,1,0.95,"empirical",0.95,"eti",24102,472.116038322449
"Conventional","zm",39.5777764515089,47.1432660164565,7.5654895649476,440.628178542694,38.9018690047608,440.607287785739,0.2236,73.3599986306101,5000,"log",0.25,0.3,4000,NA,"auto",200,200,5000,5000,1,0.95,"empirical",0.95,"eti",24102,472.116038322449
"Weighted GPD","zm",39.5777764515089,108.308369838142,68.730593386633,2025.54664558902,89.4619631099605,2024.58269922739,0.396,143.74634502135,5000,"log",0.25,0.3,4000,NA,"auto",200,200,5000,5000,1,0.95,"empirical",0.95,"eti",24102,472.116038322449
"Cluster maxima (POT)","zm",39.5777764515089,178.45304359464,138.875267143131,6394.70729946825,160.85981787244,6393.83854506169,0.3458,156.819684157843,5000,"log",0.25,0.3,4000,NA,"auto",200,200,5000,5000,1,0.95,"empirical",0.95,"eti",24102,472.116038322449
"Conventional","k",-0.3,-0.444073042960073,-0.144073042960073,0.248626501465485,0.188573251085914,0.202648239037374,0.5696,0.31052400615364,5000,"log",0.3,-0.3,2000,NA,"auto",100,100,5000,5000,1,0.95,"empirical",0.95,"eti",23938,279.502042293549
"Weighted GPD","k",-0.3,-0.288453190830355,0.0115468091696449,0.253318979388799,0.184399873092636,0.253080988053006,0.6772,0.435976461764612,5000,"log",0.3,-0.3,2000,NA,"auto",100,100,5000,5000,1,0.95,"empirical",0.95,"eti",23938,279.502042293549
"Cluster maxima (POT)","k",-0.3,-0.538069584931143,-0.238069584931143,0.550714578396009,0.396064651906553,0.496647512164185,0.4186,0.386686566407965,5000,"log",0.3,-0.3,2000,NA,"auto",100,100,5000,5000,1,0.95,"empirical",0.95,"eti",23938,279.502042293549
"Conventional","sigma",0.4105202281897,0.415993354904065,0.00547312671436496,0.172201717197372,0.12364768022451,0.152831069926036,NA,NA,5000,"log",0.3,-0.3,2000,NA,"auto",100,100,5000,5000,1,0.95,"empirical",0.95,"eti",23938,279.502042293549
"Weighted GPD","sigma",0.4105202281897,0.346366944175426,-0.0641532840142743,0.157501939505518,0.122811766702843,0.122337242265345,NA,NA,5000,"log",0.3,-0.3,2000,NA,"auto",100,100,5000,5000,1,0.95,"empirical",0.95,"eti",23938,279.502042293549
"Cluster maxima (POT)","sigma",0.4105202281897,0.501545497306033,0.0910252691163334,0.305539802916277,0.206114246597338,0.269657402038459,NA,NA,5000,"log",0.3,-0.3,2000,NA,"auto",100,100,5000,5000,1,0.95,"empirical",0.95,"eti",23938,279.502042293549
"Conventional","zm",3.07440013009476,2.8282053719044,-0.24619475819036,0.325929832023069,0.27538133133706,0.213605996981746,0.331,0.302183994526733,5000,"log",0.3,-0.3,2000,NA,"auto",100,100,5000,5000,1,0.95,"empirical",0.95,"eti",23938,279.502042293549
"Weighted GPD","zm",3.07440013009476,3.03208188035369,-0.0423182497410779,1.27840674593543,0.334546764037724,1.27783392727741,0.5632,1.03703020907184,5000,"log",0.3,-0.3,2000,NA,"auto",100,100,5000,5000,1,0.95,"empirical",0.95,"eti",23938,279.502042293549
"Cluster maxima (POT)","zm",3.07440013009476,3.00220469177789,-0.0721954383168792,1.28278817727086,0.353118256272991,1.28088307769439,0.4128,0.901827641130684,5000,"log",0.3,-0.3,2000,NA,"auto",100,100,5000,5000,1,0.95,"empirical",0.95,"eti",23938,279.502042293549
"Conventional","k",-0.3,-0.409002253238687,-0.109002253238688,0.18535860148886,0.143442294210237,0.149936040023787,0.5092,0.213840273628863,5000,"log",0.3,-0.3,4000,NA,"auto",200,200,5000,5000,1,0.95,"empirical",0.95,"eti",23966,489.286009073257
"Weighted GPD","k",-0.3,-0.273930646510452,0.0260693534895476,0.161392811985048,0.122505176920951,0.159289369355635,0.6458,0.286487769405531,5000,"log",0.3,-0.3,4000,NA,"auto",200,200,5000,5000,1,0.95,"empirical",0.95,"eti",23966,489.286009073257
"Cluster maxima (POT)","k",-0.3,-0.384878161726655,-0.0848781617266553,0.287387094089176,0.206066491573831,0.274594464501584,0.458,0.268746739683799,5000,"log",0.3,-0.3,4000,NA,"auto",200,200,5000,5000,1,0.95,"empirical",0.95,"eti",23966,489.286009073257
"Conventional","sigma",0.408775016343356,0.425131028752734,0.0163560124093775,0.13288506381571,0.0956473323485389,0.116354912309966,NA,NA,5000,"log",0.3,-0.3,4000,NA,"auto",200,200,5000,5000,1,0.95,"empirical",0.95,"eti",23966,489.286009073257
"Weighted GPD","sigma",0.408775016343356,0.357646010810033,-0.0511290055333227,0.106596493693809,0.0871754228581837,0.077411620014975,NA,NA,5000,"log",0.3,-0.3,4000,NA,"auto",200,200,5000,5000,1,0.95,"empirical",0.95,"eti",23966,489.286009073257
"Cluster maxima (POT)","sigma",0.408775016343356,0.431717481762617,0.0229424654192605,0.16147301273787,0.113051385033316,0.146387681602442,NA,NA,5000,"log",0.3,-0.3,4000,NA,"auto",200,200,5000,5000,1,0.95,"empirical",0.95,"eti",23966,489.286009073257
"Conventional","zm",3.07440013009476,2.90805303850535,-0.166347091589411,0.250518624610921,0.208446951745248,0.187337250555731,0.3112,0.209548997830751,5000,"log",0.3,-0.3,4000,NA,"auto",200,200,5000,5000,1,0.95,"empirical",0.95,"eti",23966,489.286009073257
"Weighted GPD","zm",3.07440013009476,3.01983492596139,-0.054565204133375,0.288772589242814,0.19241574865362,0.2835988936198,0.5512,0.408714893730486,5000,"log",0.3,-0.3,4000,NA,"auto",200,200,5000,5000,1,0.95,"empirical",0.95,"eti",23966,489.286009073257
"Cluster maxima (POT)","zm",3.07440013009476,3.00519806115159,-0.0692020689431729,0.296198285080361,0.201611455811895,0.288029668535243,0.4588,0.348673255376516,5000,"log",0.3,-0.3,4000,NA,"auto",200,200,5000,5000,1,0.95,"empirical",0.95,"eti",23966,489.286009073257
"Conventional","k",0.3,0.0476582026010896,-0.25234179739891,0.35243693701752,0.304903207624977,0.24606405947243,0.401,0.456051487238924,5000,"log",0.3,0.3,2000,NA,"auto",100,100,5000,5000,1,0.95,"empirical",0.95,"eti",22505,258.400726318359
"Weighted GPD","k",0.3,0.268404461433446,-0.0315955385665542,0.30983477594727,0.239911769597922,0.308250407934495,0.6386,0.535324272735188,5000,"log",0.3,0.3,2000,NA,"auto",100,100,5000,5000,1,0.95,"empirical",0.95,"eti",22505,258.400726318359
"Cluster maxima (POT)","k",0.3,0.103196607594753,-0.196803392405247,0.555984259947645,0.391118910196832,0.520039431437047,0.4904,0.516607353523337,5000,"log",0.3,0.3,2000,NA,"auto",100,100,5000,5000,1,0.95,"empirical",0.95,"eti",22505,258.400726318359
"Conventional","sigma",2.48916475009366,2.96964129008942,0.480476539995754,2.22500309900432,1.02263690958908,2.41710529747819,NA,NA,5000,"log",0.3,0.3,2000,NA,"auto",100,100,5000,5000,1,0.95,"empirical",0.95,"eti",22505,258.400726318359
"Weighted GPD","sigma",2.48916475009366,2.13631731531445,-0.352847434779211,1.22030248239647,0.784859628680376,1.38769767206363,NA,NA,5000,"log",0.3,0.3,2000,NA,"auto",100,100,5000,5000,1,0.95,"empirical",0.95,"eti",22505,258.400726318359
"Cluster maxima (POT)","sigma",2.48916475009366,3.75646094104053,1.26729619094687,9.58101591151677,2.0105301026284,9.65141223629026,NA,NA,5000,"log",0.3,0.3,2000,NA,"auto",100,100,5000,5000,1,0.95,"empirical",0.95,"eti",22505,258.400726318359
"Conventional","zm",39.5777764515089,44.4762977827922,4.89852133128329,639.4345545282,38.797203850052,639.479742354377,0.2856,121.61627316186,5000,"log",0.3,0.3,2000,NA,"auto",100,100,5000,5000,1,0.95,"empirical",0.95,"eti",22505,258.400726318359
"Weighted GPD","zm",39.5777764515089,177.444652890619,137.86687643911,6749.26033889969,162.221350771858,6748.52697778554,0.46,166.600131250271,5000,"log",0.3,0.3,2000,NA,"auto",100,100,5000,5000,1,0.95,"empirical",0.95,"eti",22505,258.400726318359
"Cluster maxima (POT)","zm",39.5777764515089,347.611338566915,308.033562115406,16167.6961410198,333.55041777345,16166.3782026091,0.4034,286.451547043901,5000,"log",0.3,0.3,2000,NA,"auto",100,100,5000,5000,1,0.95,"empirical",0.95,"eti",22505,258.400726318359
"Conventional","k",0.3,0.136670247344835,-0.163329752655165,0.277541425111584,0.23489900447623,0.224416369928733,0.4076,0.337701146911444,5000,"log",0.3,0.3,4000,NA,"auto",200,200,5000,5000,1,0.95,"empirical",0.95,"eti",22531,452.464407682419
"Weighted GPD","k",0.3,0.308895031373782,0.00889503137378219,0.224682454143495,0.172737827633394,0.224528764861105,0.6204,0.377407013808396,5000,"log",0.3,0.3,4000,NA,"auto",200,200,5000,5000,1,0.95,"empirical",0.95,"eti",22531,452.464407682419
"Cluster maxima (POT)","k",0.3,0.236864894392723,-0.0631351056072765,0.302969293473795,0.230306749947732,0.296347626295692,0.4974,0.364529063676045,5000,"log",0.3,0.3,4000,NA,"auto",200,200,5000,5000,1,0.95,"empirical",0.95,"eti",22531,452.464407682419
"Conventional","sigma",2.47106424104417,2.760528166436,0.289463925391833,1.12381674618216,0.677768346276753,1.24042380736271,NA,NA,5000,"log",0.3,0.3,4000,NA,"auto",200,200,5000,5000,1,0.95,"empirical",0.95,"eti",22531,452.464407682419
"Weighted GPD","sigma",2.47106424104417,2.12996635541971,-0.341097885624454,0.696987849713611,0.567752116865552,0.743966625319015,NA,NA,5000,"log",0.3,0.3,4000,NA,"auto",200,200,5000,5000,1,0.95,"empirical",0.95,"eti",22531,452.464407682419
"Cluster maxima (POT)","sigma",2.47106424104417,2.66455877954733,0.193494538503166,1.37086236949731,0.807848225190553,1.46463250087168,NA,NA,5000,"log",0.3,0.3,4000,NA,"auto",200,200,5000,5000,1,0.95,"empirical",0.95,"eti",22531,452.464407682419
"Conventional","zm",39.5777764515089,45.7666643347307,6.1888878832218,134.216680768629,33.2158460684962,134.087325819804,0.29,57.7523012488004,5000,"log",0.3,0.3,4000,NA,"auto",200,200,5000,5000,1,0.95,"empirical",0.95,"eti",22531,452.464407682419
"Weighted GPD","zm",39.5777764515089,56.5298493640552,16.9520729125463,164.618230420232,34.9619560668277,163.759434662998,0.4454,76.5280573052755,5000,"log",0.3,0.3,4000,NA,"auto",200,200,5000,5000,1,0.95,"empirical",0.95,"eti",22531,452.464407682419
"Cluster maxima (POT)","zm",39.5777764515089,56.7499857036094,17.1722092521005,178.61886909468,35.8977425034021,177.809276624802,0.4102,84.3046237367304,5000,"log",0.3,0.3,4000,NA,"auto",200,200,5000,5000,1,0.95,"empirical",0.95,"eti",22531,452.464407682419
"Conventional","k",-0.3,-0.424596059821498,-0.124596059821498,0.220394868873251,0.167693177611756,0.181814002125493,0.6194,0.319084164061106,5000,"log",0.35,-0.3,2000,NA,"auto",100,100,5000,5000,1,0.95,"empirical",0.95,"eti",25559,291.182513237
"Weighted GPD","k",-0.3,-0.281784036428484,0.0182159635715157,0.207804378857883,0.156772082613602,0.20702514442878,0.7248,0.424969936966047,5000,"log",0.35,-0.3,2000,NA,"auto",100,100,5000,5000,1,0.95,"empirical",0.95,"eti",25559,291.182513237
"Cluster maxima (POT)","k",-0.3,-0.455796649347174,-0.155796649347174,0.414710097430709,0.297082138549404,0.384371457377667,0.491,0.399586091512141,5000,"log",0.35,-0.3,2000,NA,"auto",100,100,5000,5000,1,0.95,"empirical",0.95,"eti",25559,291.182513237
"Conventional","sigma",0.409009099051393,0.423703573358761,0.0146944743073683,0.154423386442982,0.109936063445342,0.136726670382826,NA,NA,5000,"log",0.35,-0.3,2000,NA,"auto",100,100,5000,5000,1,0.95,"empirical",0.95,"eti",25559,291.182513237
"Weighted GPD","sigma",0.409009099051393,0.355062962066565,-0.0539461369848281,0.127954900042656,0.102575958463515,0.0988620864367604,NA,NA,5000,"log",0.35,-0.3,2000,NA,"auto",100,100,5000,5000,1,0.95,"empirical",0.95,"eti",25559,291.182513237
"Cluster maxima (POT)","sigma",0.409009099051393,0.466662712949189,0.0576536138977967,0.231268838081093,0.155410235262083,0.208917924530221,NA,NA,5000,"log",0.35,-0.3,2000,NA,"auto",100,100,5000,5000,1,0.95,"empirical",0.95,"eti",25559,291.182513237
"Conventional","zm",3.07440013009476,2.88021826905702,-0.194181861037743,0.283362520242855,0.236851870416264,0.206388570348977,0.4188,0.327941030609357,5000,"log",0.35,-0.3,2000,NA,"auto",100,100,5000,5000,1,0.95,"empirical",0.95,"eti",25559,291.182513237
"Weighted GPD","zm",3.07440013009476,3.02594141478166,-0.048458715313103,0.716670242921188,0.258464059364323,0.715101576037789,0.631,0.707130694445401,5000,"log",0.35,-0.3,2000,NA,"auto",100,100,5000,5000,1,0.95,"empirical",0.95,"eti",25559,291.182513237
"Cluster maxima (POT)","zm",3.07440013009476,3.0013651227469,-0.0730350073478626,0.72224381555988,0.273146676968892,0.7186134551174,0.49,0.59614401117125,5000,"log",0.35,-0.3,2000,NA,"auto",100,100,5000,5000,1,0.95,"empirical",0.95,"eti",25559,291.182513237
"Conventional","k",-0.3,-0.38784809914256,-0.08784809914256,0.156493628317793,0.122027670956215,0.129523443613871,0.5666,0.21758555977995,5000,"log",0.35,-0.3,4000,NA,"auto",200,200,5000,5000,1,0.95,"empirical",0.95,"eti",25589,463.568620443344
"Weighted GPD","k",-0.3,-0.274509863702037,0.025490136297963,0.137453746505349,0.106935918153627,0.13508306654367,0.6938,0.276538749321121,5000,"log",0.35,-0.3,4000,NA,"auto",200,200,5000,5000,1,0.95,"empirical",0.95,"eti",25589,463.568620443344
"Cluster maxima (POT)","k",-0.3,-0.358045636189834,-0.058045636189834,0.225723794062059,0.167732340189674,0.21815465526963,0.5068,0.262983400107165,5000,"log",0.35,-0.3,4000,NA,"auto",200,200,5000,5000,1,0.95,"empirical",0.95,"eti",25589,463.568620443344
"Conventional","sigma",0.40837169166206,0.423249437312099,0.0148777456500389,0.111381266762007,0.0802549506488293,0.0981081873544542,NA,NA,5000,"log",0.35,-0.3,4000,NA,"auto",200,200,5000,5000,1,0.95,"empirical",0.95,"eti",25589,463.568620443344
"Weighted GPD","sigma",0.40837169166206,0.364854049681524,-0.0435176419805362,0.0906504331769564,0.0743444441126158,0.0672626944752284,NA,NA,5000,"log",0.35,-0.3,4000,NA,"auto",200,200,5000,5000,1,0.95,"empirical",0.95,"eti",25589,463.568620443344
"Cluster maxima (POT)","sigma",0.40837169166206,0.422656079068805,0.0142843874067447,0.127676735436627,0.0928541968309122,0.117447826926897,NA,NA,5000,"log",0.35,-0.3,4000,NA,"auto",200,200,5000,5000,1,0.95,"empirical",0.95,"eti",25589,463.568620443344
"Conventional","zm",3.07440013009476,2.94232220935415,-0.13207792074061,0.220062331379621,0.182404070605218,0.176037070968425,0.371,0.22349705919902,5000,"log",0.35,-0.3,4000,NA,"auto",200,200,5000,5000,1,0.95,"empirical",0.95,"eti",25589,463.568620443344
"Weighted GPD","zm",3.07440013009476,3.03038438604782,-0.0440157440469415,0.212192347730129,0.162876702940784,0.207597750653598,0.5982,0.378043333461946,5000,"log",0.35,-0.3,4000,NA,"auto",200,200,5000,5000,1,0.95,"empirical",0.95,"eti",25589,463.568620443344
"Cluster maxima (POT)","zm",3.07440013009476,3.01958384182023,-0.0548162882745318,0.217984148116519,0.168661783162526,0.211000397164102,0.5136,0.328268682568445,5000,"log",0.35,-0.3,4000,NA,"auto",200,200,5000,5000,1,0.95,"empirical",0.95,"eti",25589,463.568620443344
"Conventional","k",0.3,0.0964542994489142,-0.203545700551086,0.31244602313271,0.265865717088447,0.23707152030508,0.4808,0.466068911975265,5000,"log",0.35,0.3,2000,NA,"auto",100,100,5000,5000,1,0.95,"empirical",0.95,"eti",24081,297.776739597321
"Weighted GPD","k",0.3,0.281645187184495,-0.0183548128155048,0.272669895819586,0.213003832758628,0.272078625195786,0.6798,0.528253645539218,5000,"log",0.35,0.3,2000,NA,"auto",100,100,5000,5000,1,0.95,"empirical",0.95,"eti",24081,297.776739597321
"Cluster maxima (POT)","k",0.3,0.178124256506565,-0.121875743493435,0.419535393224805,0.30445941166564,0.40148286017415,0.5652,0.519316845679917,5000,"log",0.35,0.3,2000,NA,"auto",100,100,5000,5000,1,0.95,"empirical",0.95,"eti",24081,297.776739597321
"Conventional","sigma",2.48617305391348,2.89911493246894,0.412941878555462,1.70585177714408,0.869617392634705,1.8305395409152,NA,NA,5000,"log",0.35,0.3,2000,NA,"auto",100,100,5000,5000,1,0.95,"empirical",0.95,"eti",24081,297.776739597321
"Weighted GPD","sigma",2.48617305391348,2.18249126900709,-0.303681784906386,0.862915722000073,0.660457955251538,0.978330569410166,NA,NA,5000,"log",0.35,0.3,2000,NA,"auto",100,100,5000,5000,1,0.95,"empirical",0.95,"eti",24081,297.776739597321
"Cluster maxima (POT)","sigma",2.48617305391348,3.05610476915836,0.569931715244887,3.13380335568612,1.23050486882519,3.2079897903724,NA,NA,5000,"log",0.35,0.3,2000,NA,"auto",100,100,5000,5000,1,0.95,"empirical",0.95,"eti",24081,297.776739597321
"Conventional","zm",39.5777764515089,41.0816069082251,1.50383045671619,138.015077937357,31.1093676468151,138.020687485779,0.3534,80.7589746272432,5000,"log",0.35,0.3,2000,NA,"auto",100,100,5000,5000,1,0.95,"empirical",0.95,"eti",24081,297.776739597321
"Weighted GPD","zm",39.5777764515089,61.1447601165528,21.5669836650439,182.056625594802,42.6923679465686,180.792746928703,0.511,148.774504124536,5000,"log",0.35,0.3,2000,NA,"auto",100,100,5000,5000,1,0.95,"empirical",0.95,"eti",24081,297.776739597321
"Cluster maxima (POT)","zm",39.5777764515089,75.8821356631239,36.304359211615,795.952425244335,58.0163432615642,795.203575507475,0.473,179.712284379952,5000,"log",0.35,0.3,2000,NA,"auto",100,100,5000,5000,1,0.95,"empirical",0.95,"eti",24081,297.776739597321
"Conventional","k",0.3,0.174006156652293,-0.125993843347707,0.248905833309106,0.206979326695286,0.214683215623364,0.466,0.340518096773489,5000,"log",0.35,0.3,4000,NA,"auto",200,200,5000,5000,1,0.95,"empirical",0.95,"eti",24109,485.034648895264
"Weighted GPD","k",0.3,0.309722618777705,0.00972261877770502,0.194290148602019,0.151636343898105,0.194066135275761,0.6758,0.370404123165593,5000,"log",0.35,0.3,4000,NA,"auto",200,200,5000,5000,1,0.95,"empirical",0.95,"eti",24109,485.034648895264
"Cluster maxima (POT)","k",0.3,0.261314512475573,-0.0386854875244268,0.244811542447444,0.189511263056284,0.241759826963209,0.5732,0.361223545825135,5000,"log",0.35,0.3,4000,NA,"auto",200,200,5000,5000,1,0.95,"empirical",0.95,"eti",24109,485.034648895264
"Conventional","sigma",2.46879992117854,2.68021547836621,0.211415557187674,0.823769119140904,0.548854976445511,0.918851677236009,NA,NA,5000,"log",0.35,0.3,4000,NA,"auto",200,200,5000,5000,1,0.95,"empirical",0.95,"eti",24109,485.034648895264
"Weighted GPD","sigma",2.46879992117854,2.17349625481835,-0.295303666360185,0.591906145331421,0.487982657122203,0.619923251642012,NA,NA,5000,"log",0.35,0.3,4000,NA,"auto",200,200,5000,5000,1,0.95,"empirical",0.95,"eti",24109,485.034648895264
"Cluster maxima (POT)","sigma",2.46879992117854,2.55463685317253,0.0858369319939919,0.950375202741546,0.646685644646247,1.02986219221997,NA,NA,5000,"log",0.35,0.3,4000,NA,"auto",200,200,5000,5000,1,0.95,"empirical",0.95,"eti",24109,485.034648895264
"Conventional","zm",39.5777764515089,53.9609886359197,14.3832121844108,465.903170206129,38.1420832518029,465.727675438032,0.336,77.0697143749654,5000,"log",0.35,0.3,4000,NA,"auto",200,200,5000,5000,1,0.95,"empirical",0.95,"eti",24109,485.034648895264
"Weighted GPD","zm",39.5777764515089,46.9522722860944,7.37449583458554,49.2098216721118,23.1350273965634,48.6589858049532,0.5106,53.2839734942145,5000,"log",0.35,0.3,4000,NA,"auto",200,200,5000,5000,1,0.95,"empirical",0.95,"eti",24109,485.034648895264
"Cluster maxima (POT)","zm",39.5777764515089,46.6180822845336,7.04030583302473,48.9794852467786,23.0023939766197,48.4757057465532,0.4834,51.0847385294747,5000,"log",0.35,0.3,4000,NA,"auto",200,200,5000,5000,1,0.95,"empirical",0.95,"eti",24109,485.034648895264
"Conventional","k",-0.3,-0.397790291720422,-0.0977902917204222,0.189591379395619,0.146545686335951,0.162441458476138,0.6716,0.325505337087006,5000,"log",0.4,-0.3,2000,NA,"auto",100,100,5000,5000,1,0.95,"empirical",0.95,"eti",23945,290.939912319183
"Weighted GPD","k",-0.3,-0.276332347288001,0.0236676527119987,0.183038428082535,0.141518483339213,0.181519966586829,0.7528,0.40890499234556,5000,"log",0.4,-0.3,2000,NA,"auto",100,100,5000,5000,1,0.95,"empirical",0.95,"eti",23945,290.939912319183
"Cluster maxima (POT)","k",-0.3,-0.40414776343736,-0.10414776343736,0.330241160505903,0.239151079494361,0.313420027895567,0.5548,0.392519940523897,5000,"log",0.4,-0.3,2000,NA,"auto",100,100,5000,5000,1,0.95,"empirical",0.95,"eti",23945,290.939912319183
"Conventional","sigma",0.40910693712859,0.420586160325072,0.0114792231964826,0.129420123219545,0.0946351941465013,0.115648997221981,NA,NA,5000,"log",0.4,-0.3,2000,NA,"auto",100,100,5000,5000,1,0.95,"empirical",0.95,"eti",23945,290.939912319183
"Weighted GPD","sigma",0.40910693712859,0.360610422274118,-0.0484965148544718,0.110879791262238,0.0903024797192526,0.0864739777695798,NA,NA,5000,"log",0.4,-0.3,2000,NA,"auto",100,100,5000,5000,1,0.95,"empirical",0.95,"eti",23945,290.939912319183
"Cluster maxima (POT)","sigma",0.40910693712859,0.444804315976297,0.0356973788477078,0.181693239510146,0.127687093324414,0.166239263030893,NA,NA,5000,"log",0.4,-0.3,2000,NA,"auto",100,100,5000,5000,1,0.95,"empirical",0.95,"eti",23945,290.939912319183
"Conventional","zm",3.07440013009476,2.92086798988778,-0.153532140206981,0.248502626199091,0.204670383759298,0.195420252190766,0.507,0.359791748508925,5000,"log",0.4,-0.3,2000,NA,"auto",100,100,5000,5000,1,0.95,"empirical",0.95,"eti",23945,290.939912319183
"Weighted GPD","zm",3.07440013009476,3.03972589377184,-0.0346742363229214,0.642377525166887,0.221443682394913,0.64150517375353,0.6658,0.658839739350285,5000,"log",0.4,-0.3,2000,NA,"auto",100,100,5000,5000,1,0.95,"empirical",0.95,"eti",23945,290.939912319183
"Cluster maxima (POT)","zm",3.07440013009476,3.02116412243731,-0.0532360076574539,0.646177254447602,0.230768321394077,0.644044975479372,0.5624,0.568920248408306,5000,"log",0.4,-0.3,2000,NA,"auto",100,100,5000,5000,1,0.95,"empirical",0.95,"eti",23945,290.939912319183
"Conventional","k",-0.3,-0.369664559670391,-0.0696645596703905,0.136159828576269,0.1066416067225,0.117000366926868,0.6272,0.220414248947708,5000,"log",0.4,-0.3,4000,NA,"auto",200,200,5000,5000,1,0.95,"empirical",0.95,"eti",23973,463.095362901688
"Weighted GPD","k",-0.3,-0.2744892373102,0.0255107626897996,0.121997203515977,0.0944855705729954,0.119312051888519,0.7376,0.26709698101238,5000,"log",0.4,-0.3,4000,NA,"auto",200,200,5000,5000,1,0.95,"empirical",0.95,"eti",23973,463.095362901688
"Cluster maxima (POT)","k",-0.3,-0.337378905439801,-0.0373789054398013,0.180543830244152,0.136047975946458,0.176649746940013,0.5768,0.256627654247934,5000,"log",0.4,-0.3,4000,NA,"auto",200,200,5000,5000,1,0.95,"empirical",0.95,"eti",23973,463.095362901688
"Conventional","sigma",0.40797055898062,0.42200885167322,0.0140382926925995,0.0970911169871572,0.070801483096886,0.0853856282103483,NA,NA,5000,"log",0.4,-0.3,4000,NA,"auto",200,200,5000,5000,1,0.95,"empirical",0.95,"eti",23973,463.095362901688
"Weighted GPD","sigma",0.40797055898062,0.371721326707402,-0.0362492322732185,0.0800997459866571,0.065439458862801,0.0618548419087055,NA,NA,5000,"log",0.4,-0.3,4000,NA,"auto",200,200,5000,5000,1,0.95,"empirical",0.95,"eti",23973,463.095362901688
"Cluster maxima (POT)","sigma",0.40797055898062,0.416695499399195,0.00872494041857475,0.102902982304273,0.0772118696879789,0.0950642731037206,NA,NA,5000,"log",0.4,-0.3,4000,NA,"auto",200,200,5000,5000,1,0.95,"empirical",0.95,"eti",23973,463.095362901688
"Conventional","zm",3.07440013009476,2.97449566002516,-0.0999044700696052,0.194133832944043,0.158835906733438,0.166470971855609,0.4468,0.237958672196376,5000,"log",0.4,-0.3,4000,NA,"auto",200,200,5000,5000,1,0.95,"empirical",0.95,"eti",23973,463.095362901688
"Weighted GPD","zm",3.07440013009476,3.04619278054632,-0.0282073495484435,0.18643134933841,0.142368524621116,0.184303518699435,0.6444,0.365336607645375,5000,"log",0.4,-0.3,4000,NA,"auto",200,200,5000,5000,1,0.95,"empirical",0.95,"eti",23973,463.095362901688
"Cluster maxima (POT)","zm",3.07440013009476,3.03889459399671,-0.0355055360980504,0.189681483675821,0.145691282428731,0.186347436873429,0.573,0.323947231085194,5000,"log",0.4,-0.3,4000,NA,"auto",200,200,5000,5000,1,0.95,"empirical",0.95,"eti",23973,463.095362901688
"Conventional","k",0.3,0.148449985857328,-0.151550014142672,0.275622811479521,0.23048116428502,0.23024145944456,0.5746,0.475302199038599,5000,"log",0.4,0.3,2000,NA,"auto",100,100,5000,5000,1,0.95,"empirical",0.95,"eti",22512,307.864902257919
"Weighted GPD","k",0.3,0.28921093195889,-0.0107890680411099,0.241108168814597,0.188783683325985,0.240890744425938,0.7304,0.514286250658766,5000,"log",0.4,0.3,2000,NA,"auto",100,100,5000,5000,1,0.95,"empirical",0.95,"eti",22512,307.864902257919
"Cluster maxima (POT)","k",0.3,0.219722586619374,-0.0802774133806258,0.330004183023326,0.248059510117184,0.320123091126685,0.6248,0.51020839383429,5000,"log",0.4,0.3,2000,NA,"auto",100,100,5000,5000,1,0.95,"empirical",0.95,"eti",22512,307.864902257919
"Conventional","sigma",2.4675285147736,2.71333224081893,0.24580372604534,1.16519698326142,0.685067748958742,1.28799917676231,NA,NA,5000,"log",0.4,0.3,2000,NA,"auto",100,100,5000,5000,1,0.95,"empirical",0.95,"eti",22512,307.864902257919
"Weighted GPD","sigma",2.4675285147736,2.1702713471915,-0.297257167582097,0.765489016822629,0.592441000223964,0.836912655668422,NA,NA,5000,"log",0.4,0.3,2000,NA,"auto",100,100,5000,5000,1,0.95,"empirical",0.95,"eti",22512,307.864902257919
"Cluster maxima (POT)","sigma",2.4675285147736,2.75691660347617,0.289388088702577,1.6542730650836,0.90535778806628,1.73771212123892,NA,NA,5000,"log",0.4,0.3,2000,NA,"auto",100,100,5000,5000,1,0.95,"empirical",0.95,"eti",22512,307.864902257919
"Conventional","zm",39.5777764515089,49.4538480062855,9.87607155477656,310.240778272173,36.3565494677427,310.114556125882,0.42,109.677503794158,5000,"log",0.4,0.3,2000,NA,"auto",100,100,5000,5000,1,0.95,"empirical",0.95,"eti",22512,307.864902257919
"Weighted GPD","zm",39.5777764515089,55.2760833826308,15.6983069311219,218.965086316957,35.0430194176248,218.423473894356,0.564,111.980680990601,5000,"log",0.4,0.3,2000,NA,"auto",100,100,5000,5000,1,0.95,"empirical",0.95,"eti",22512,307.864902257919
"Cluster maxima (POT)","zm",39.5777764515089,58.537064829486,18.9592883779771,265.878836099214,38.3206866060891,265.228524302523,0.5346,133.891692475606,5000,"log",0.4,0.3,2000,NA,"auto",100,100,5000,5000,1,0.95,"empirical",0.95,"eti",22512,307.864902257919
"Conventional","k",0.3,0.20415389549963,-0.0958461045003705,0.220728582745368,0.180754755767389,0.198853061331434,0.5408,0.344769249783368,5000,"log",0.4,0.3,4000,NA,"auto",200,200,5000,5000,1,0.95,"empirical",0.95,"eti",22538,474.158983469009
"Weighted GPD","k",0.3,0.311379222916614,0.0113792229166136,0.17246888483531,0.136103951909544,0.172110295778411,0.7272,0.365816268992142,5000,"log",0.4,0.3,4000,NA,"auto",200,200,5000,5000,1,0.95,"empirical",0.95,"eti",22538,474.158983469009
"Cluster maxima (POT)","k",0.3,0.272997640966357,-0.0270023590336428,0.209067829686712,0.165018527449113,0.207337473173777,0.6298,0.357946451689806,5000,"log",0.4,0.3,4000,NA,"auto",200,200,5000,5000,1,0.95,"empirical",0.95,"eti",22538,474.158983469009
"Conventional","sigma",2.46164891655236,2.62270987096663,0.16106095441427,0.682630318486925,0.473324717297659,0.769828442987625,NA,NA,5000,"log",0.4,0.3,4000,NA,"auto",200,200,5000,5000,1,0.95,"empirical",0.95,"eti",22538,474.158983469009
"Weighted GPD","sigma",2.46164891655236,2.20603947360951,-0.255609442942845,0.53292627190168,0.439221593934295,0.561575946609208,NA,NA,5000,"log",0.4,0.3,4000,NA,"auto",200,200,5000,5000,1,0.95,"empirical",0.95,"eti",22538,474.158983469009
"Cluster maxima (POT)","sigma",2.46164891655236,2.52467423697446,0.0630253204221076,0.777616023979437,0.556756592718704,0.850781024953268,NA,NA,5000,"log",0.4,0.3,4000,NA,"auto",200,200,5000,5000,1,0.95,"empirical",0.95,"eti",22538,474.158983469009
"Conventional","zm",39.5777764515089,45.7341625421531,6.15638609064421,109.889674572495,27.0262764060829,109.728061759329,0.3932,52.1569154388499,5000,"log",0.4,0.3,4000,NA,"auto",200,200,5000,5000,1,0.95,"empirical",0.95,"eti",22538,474.158983469009
"Weighted GPD","zm",39.5777764515089,44.7520868763343,5.17431042482545,34.1863992197459,19.2970766128052,33.7959292845547,0.5568,47.570674403024,5000,"log",0.4,0.3,4000,NA,"auto",200,200,5000,5000,1,0.95,"empirical",0.95,"eti",22538,474.158983469009
"Cluster maxima (POT)","zm",39.5777764515089,44.666712465083,5.08893601357409,34.1156329530462,19.1986250141204,33.7373203351037,0.5354,46.0219913352128,5000,"log",0.4,0.3,4000,NA,"auto",200,200,5000,5000,1,0.95,"empirical",0.95,"eti",22538,474.158983469009
"Conventional","k",-0.3,-0.374230368510889,-0.0742303685108888,0.166436455624463,0.128565410769415,0.148981157293858,0.7336,0.33082162641449,5000,"log",0.45,-0.3,2000,NA,"auto",100,100,5000,5000,1,0.95,"empirical",0.95,"eti",25566,295.017925977707
"Weighted GPD","k",-0.3,-0.274591551314837,0.0254084486851633,0.160522405957653,0.124569457503111,0.158514601616482,0.79,0.393602107759568,5000,"log",0.45,-0.3,2000,NA,"auto",100,100,5000,5000,1,0.95,"empirical",0.95,"eti",25566,295.017925977707
"Cluster maxima (POT)","k",-0.3,-0.368944939896958,-0.0689449398969577,0.261439353139146,0.191655920618007,0.252209937557861,0.63,0.383066581421723,5000,"log",0.45,-0.3,2000,NA,"auto",100,100,5000,5000,1,0.95,"empirical",0.95,"eti",25566,295.017925977707
"Conventional","sigma",0.408916234652475,0.417389276507196,0.0084730418547209,0.115884919087661,0.0855814608617173,0.103619981834601,NA,NA,5000,"log",0.45,-0.3,2000,NA,"auto",100,100,5000,5000,1,0.95,"empirical",0.95,"eti",25566,295.017925977707
"Weighted GPD","sigma",0.408916234652475,0.366142352229334,-0.0427738824231406,0.0987079960455296,0.0801492117398253,0.0782381546113738,NA,NA,5000,"log",0.45,-0.3,2000,NA,"auto",100,100,5000,5000,1,0.95,"empirical",0.95,"eti",25566,295.017925977707
"Cluster maxima (POT)","sigma",0.408916234652475,0.430494228069261,0.0215779934167859,0.14601228062651,0.103411487344846,0.136095526221465,NA,NA,5000,"log",0.45,-0.3,2000,NA,"auto",100,100,5000,5000,1,0.95,"empirical",0.95,"eti",25566,295.017925977707
"Conventional","zm",3.07440013009476,2.95741689602689,-0.116983234067873,0.233216988987496,0.186919401836286,0.201775195565074,0.5756,0.391199044782574,5000,"log",0.45,-0.3,2000,NA,"auto",100,100,5000,5000,1,0.95,"empirical",0.95,"eti",25566,295.017925977707
"Weighted GPD","zm",3.07440013009476,3.04192466581544,-0.0324754642793216,0.256168093940957,0.190369636358926,0.254126646858833,0.7068,0.61258499763046,5000,"log",0.45,-0.3,2000,NA,"auto",100,100,5000,5000,1,0.95,"empirical",0.95,"eti",25566,295.017925977707
"Cluster maxima (POT)","zm",3.07440013009476,3.02861374754566,-0.0457863825491063,0.26217765739529,0.196851415143916,0.258174479805332,0.6172,0.538655387643904,5000,"log",0.45,-0.3,2000,NA,"auto",100,100,5000,5000,1,0.95,"empirical",0.95,"eti",25566,295.017925977707
"Conventional","k",-0.3,-0.352918450625997,-0.0529184506259967,0.116606117796585,0.0916988362005251,0.10391719803644,0.6858,0.221974715996317,5000,"log",0.45,-0.3,4000,NA,"auto",200,200,5000,5000,1,0.95,"empirical",0.95,"eti",25596,481.636308670044
"Weighted GPD","k",-0.3,-0.275531834812267,0.0244681651877334,0.106870110239632,0.0837977027424386,0.104041791092982,0.7698,0.257463543766377,5000,"log",0.45,-0.3,4000,NA,"auto",200,200,5000,5000,1,0.95,"empirical",0.95,"eti",25596,481.636308670044
"Cluster maxima (POT)","k",-0.3,-0.324696409607639,-0.0246964096076394,0.148771454485494,0.114302367351211,0.146721976847093,0.6312,0.249212564217585,5000,"log",0.45,-0.3,4000,NA,"auto",200,200,5000,5000,1,0.95,"empirical",0.95,"eti",25596,481.636308670044
"Conventional","sigma",0.40779285902173,0.417695942825768,0.00990308380403773,0.0824419785905931,0.0617177103445188,0.0732440600707648,NA,NA,5000,"log",0.45,-0.3,4000,NA,"auto",200,200,5000,5000,1,0.95,"empirical",0.95,"eti",25596,481.636308670044
"Weighted GPD","sigma",0.40779285902173,0.37550724079933,-0.0322856182224007,0.0704777387406519,0.0575171250366603,0.0548821731297743,NA,NA,5000,"log",0.45,-0.3,4000,NA,"auto",200,200,5000,5000,1,0.95,"empirical",0.95,"eti",25596,481.636308670044
"Cluster maxima (POT)","sigma",0.40779285902173,0.411768502511072,0.00397564348934142,0.0860771026596284,0.0660061409752023,0.0798465067999505,NA,NA,5000,"log",0.45,-0.3,4000,NA,"auto",200,200,5000,5000,1,0.95,"empirical",0.95,"eti",25596,481.636308670044
"Conventional","zm",3.07440013009476,2.9965888897638,-0.07781124033096,0.173042404681177,0.141474358325912,0.154576400102653,0.5094,0.248774355554394,5000,"log",0.45,-0.3,4000,NA,"auto",200,200,5000,5000,1,0.95,"empirical",0.95,"eti",25596,481.636308670044
"Weighted GPD","zm",3.07440013009476,3.05106707992779,-0.0233330501669761,0.157207683175351,0.124268943513616,0.155482022597911,0.689,0.346474325532612,5000,"log",0.45,-0.3,4000,NA,"auto",200,200,5000,5000,1,0.95,"empirical",0.95,"eti",25596,481.636308670044
"Cluster maxima (POT)","zm",3.07440013009476,3.04647098810492,-0.0279291419898469,0.159123966363413,0.126275348405993,0.156669425098479,0.6242,0.31297201796509,5000,"log",0.45,-0.3,4000,NA,"auto",200,200,5000,5000,1,0.95,"empirical",0.95,"eti",25596,481.636308670044
"Conventional","k",0.3,0.177020269710458,-0.122979730289542,0.257692978681173,0.211467490536225,0.226477185567561,0.624,0.478441399148898,5000,"log",0.45,0.3,2000,NA,"auto",100,100,5000,5000,1,0.95,"empirical",0.95,"eti",24088,276.078412771225
"Weighted GPD","k",0.3,0.294179790883074,-0.00582020911692592,0.223073919224053,0.174760720967822,0.223020282066581,0.7516,0.509829465248139,5000,"log",0.45,0.3,2000,NA,"auto",100,100,5000,5000,1,0.95,"empirical",0.95,"eti",24088,276.078412771225
"Cluster maxima (POT)","k",0.3,0.243308825445303,-0.0566911745546968,0.285486498214537,0.217746665060278,0.279829076853815,0.6636,0.506958106048889,5000,"log",0.45,0.3,2000,NA,"auto",100,100,5000,5000,1,0.95,"empirical",0.95,"eti",24088,276.078412771225
"Conventional","sigma",2.46544476472771,2.67677457158836,0.211329806860642,0.952690335936863,0.613655051554338,1.05487059528286,NA,NA,5000,"log",0.45,0.3,2000,NA,"auto",100,100,5000,5000,1,0.95,"empirical",0.95,"eti",24088,276.078412771225
"Weighted GPD","sigma",2.46544476472771,2.20512340976393,-0.260321354963785,0.668245962452448,0.534669980169626,0.726098472572145,NA,NA,5000,"log",0.45,0.3,2000,NA,"auto",100,100,5000,5000,1,0.95,"empirical",0.95,"eti",24088,276.078412771225
"Cluster maxima (POT)","sigma",2.46544476472771,2.6535262608843,0.188081496156583,1.22159781633292,0.748310027759628,1.29658168412493,NA,NA,5000,"log",0.45,0.3,2000,NA,"auto",100,100,5000,5000,1,0.95,"empirical",0.95,"eti",24088,276.078412771225
"Conventional","zm",39.5777764515089,50.5237308851614,10.9459544336525,201.2670244661,34.8957994814061,200.989254824941,0.4714,104.515181196227,5000,"log",0.45,0.3,2000,NA,"auto",100,100,5000,5000,1,0.95,"empirical",0.95,"eti",24088,276.078412771225
"Weighted GPD","zm",39.5777764515089,48.8865663559621,9.30878990445323,63.6130184135894,27.0270857931246,62.9345270351739,0.5942,92.5626760996061,5000,"log",0.45,0.3,2000,NA,"auto",100,100,5000,5000,1,0.95,"empirical",0.95,"eti",24088,276.078412771225
"Cluster maxima (POT)","zm",39.5777764515089,50.3903285038773,10.8125520523684,101.054433577128,28.2230579898304,100.484360400243,0.5746,95.0869179154745,5000,"log",0.45,0.3,2000,NA,"auto",100,100,5000,5000,1,0.95,"empirical",0.95,"eti",24088,276.078412771225
"Conventional","k",0.3,0.222560137099303,-0.0774398629006969,0.203903729137194,0.165170376243978,0.188644946322795,0.5838,0.34576526365178,5000,"log",0.45,0.3,4000,NA,"auto",200,200,5000,5000,1,0.95,"empirical",0.95,"eti",24116,485.226603984833
"Weighted GPD","k",0.3,0.307692078385892,0.0076920783858919,0.160161334732631,0.126489042198012,0.159992514182264,0.7492,0.361038452312366,5000,"log",0.45,0.3,4000,NA,"auto",200,200,5000,5000,1,0.95,"empirical",0.95,"eti",24116,485.226603984833
"Cluster maxima (POT)","k",0.3,0.278445356216131,-0.0215546437838687,0.187708396690415,0.147708140652734,0.186485374435671,0.6702,0.355171494648295,5000,"log",0.45,0.3,4000,NA,"auto",200,200,5000,5000,1,0.95,"empirical",0.95,"eti",24116,485.226603984833
"Conventional","sigma",2.45945808106614,2.58503621721559,0.125578136149445,0.580891516399314,0.416689395997449,0.655562320299904,NA,NA,5000,"log",0.45,0.3,4000,NA,"auto",200,200,5000,5000,1,0.95,"empirical",0.95,"eti",24116,485.226603984833
"Weighted GPD","sigma",2.45945808106614,2.24318191364404,-0.216276167422103,0.480731465885438,0.391266858029188,0.505249619554026,NA,NA,5000,"log",0.45,0.3,4000,NA,"auto",200,200,5000,5000,1,0.95,"empirical",0.95,"eti",24116,485.226603984833
"Cluster maxima (POT)","sigma",2.45945808106614,2.50606126377247,0.0466031827063233,0.649573854216507,0.479922131043221,0.708669886664327,NA,NA,5000,"log",0.45,0.3,4000,NA,"auto",200,200,5000,5000,1,0.95,"empirical",0.95,"eti",24116,485.226603984833
"Conventional","zm",39.5777764515089,46.9799457626129,7.40216931110404,159.327876894284,26.3175699403075,159.171754324078,0.44,53.2630819754586,5000,"log",0.45,0.3,4000,NA,"auto",200,200,5000,5000,1,0.95,"empirical",0.95,"eti",24116,485.226603984833
"Weighted GPD","zm",39.5777764515089,43.7341435830163,4.15636713150742,31.4737324160582,17.3237371165538,31.2012042635417,0.5902,44.669555324367,5000,"log",0.45,0.3,4000,NA,"auto",200,200,5000,5000,1,0.95,"empirical",0.95,"eti",24116,485.226603984833
"Cluster maxima (POT)","zm",39.5777764515089,43.925564549401,4.3477880978921,31.3467004264622,17.2100826101097,31.0468218552504,0.58,43.6563637102137,5000,"log",0.45,0.3,4000,NA,"auto",200,200,5000,5000,1,0.95,"empirical",0.95,"eti",24116,485.226603984833
"Conventional","k",-0.3,-0.36057049032028,-0.0605704903202799,0.151098298534002,0.116885224566237,0.13844040115214,0.7686,0.331786278143683,5000,"log",0.5,-0.3,2000,NA,"auto",100,100,5000,5000,1,0.95,"empirical",0.95,"eti",23952,272.392541646957
"Weighted GPD","k",-0.3,-0.275423691298108,0.024576308701892,0.148575943548375,0.115900530947782,0.146543887876956,0.8022,0.381153852674986,5000,"log",0.5,-0.3,2000,NA,"auto",100,100,5000,5000,1,0.95,"empirical",0.95,"eti",23952,272.392541646957
"Cluster maxima (POT)","k",-0.3,-0.350328156368716,-0.0503281563687159,0.224871793367117,0.167581928033757,0.219189436174409,0.6598,0.373032755464339,5000,"log",0.5,-0.3,2000,NA,"auto",100,100,5000,5000,1,0.95,"empirical",0.95,"eti",23952,272.392541646957
"Conventional","sigma",0.408359839187359,0.416785124069044,0.0084252848816855,0.105342549291679,0.077848290146049,0.0949817582973097,NA,NA,5000,"log",0.5,-0.3,2000,NA,"auto",100,100,5000,5000,1,0.95,"empirical",0.95,"eti",23952,272.392541646957
"Weighted GPD","sigma",0.408359839187359,0.371106895053659,-0.0372529441337,0.0914529794365459,0.074086657858014,0.0741684527407741,NA,NA,5000,"log",0.5,-0.3,2000,NA,"auto",100,100,5000,5000,1,0.95,"empirical",0.95,"eti",23952,272.392541646957
"Cluster maxima (POT)","sigma",0.408359839187359,0.423817085763449,0.0154572465760898,0.128136219352411,0.0933146491741457,0.119082568354275,NA,NA,5000,"log",0.5,-0.3,2000,NA,"auto",100,100,5000,5000,1,0.95,"empirical",0.95,"eti",23952,272.392541646957
"Conventional","zm",3.07440013009476,2.98224463406638,-0.0921554960283874,0.207458176247046,0.167815351387743,0.185884830143634,0.6346,0.403638315817724,5000,"log",0.5,-0.3,2000,NA,"auto",100,100,5000,5000,1,0.95,"empirical",0.95,"eti",23952,272.392541646957
"Weighted GPD","zm",3.07440013009476,3.04994502540718,-0.0244551046875876,0.221513657688321,0.169079334607199,0.22018161682133,0.7418,0.580776062780627,5000,"log",0.5,-0.3,2000,NA,"auto",100,100,5000,5000,1,0.95,"empirical",0.95,"eti",23952,272.392541646957
"Cluster maxima (POT)","zm",3.07440013009476,3.0406518946058,-0.0337482354889676,0.225220029188843,0.173004919111278,0.222699432322213,0.6636,0.520492998565825,5000,"log",0.5,-0.3,2000,NA,"auto",100,100,5000,5000,1,0.95,"empirical",0.95,"eti",23952,272.392541646957
"Conventional","k",-0.3,-0.339240119287806,-0.0392401192878062,0.104079256354959,0.0824496165649054,0.09640831683206,0.7368,0.222426488228596,5000,"log",0.5,-0.3,4000,NA,"auto",200,200,5000,5000,1,0.95,"empirical",0.95,"eti",23980,461.002065181732
"Weighted GPD","k",-0.3,-0.280048762091651,0.0199512379083485,0.0985444920308387,0.0777163236000672,0.0965133564908854,0.7856,0.249001704124131,5000,"log",0.5,-0.3,4000,NA,"auto",200,200,5000,5000,1,0.95,"empirical",0.95,"eti",23980,461.002065181732
"Cluster maxima (POT)","k",-0.3,-0.32264009539173,-0.0226400953917298,0.134070145662372,0.103852982876418,0.132157947862471,0.6574,0.241480358859217,5000,"log",0.5,-0.3,4000,NA,"auto",200,200,5000,5000,1,0.95,"empirical",0.95,"eti",23980,461.002065181732
"Conventional","sigma",0.407938878175768,0.414859540396151,0.0069206622203837,0.071168034679648,0.0546583183670945,0.0634415926486696,NA,NA,5000,"log",0.5,-0.3,4000,NA,"auto",200,200,5000,5000,1,0.95,"empirical",0.95,"eti",23980,461.002065181732
"Weighted GPD","sigma",0.407938878175768,0.382139838057766,-0.0257990401180022,0.0650536834230538,0.0526658832887838,0.0527603458127436,NA,NA,5000,"log",0.5,-0.3,4000,NA,"auto",200,200,5000,5000,1,0.95,"empirical",0.95,"eti",23980,461.002065181732
"Cluster maxima (POT)","sigma",0.407938878175768,0.414530619987203,0.00659174181143541,0.0794203445728626,0.0612448390647393,0.0737692253196441,NA,NA,5000,"log",0.5,-0.3,4000,NA,"auto",200,200,5000,5000,1,0.95,"empirical",0.95,"eti",23980,461.002065181732
"Conventional","zm",3.07440013009476,3.01653898721438,-0.0578611428803876,0.156087376521961,0.126273300271836,0.144981244188057,0.5722,0.259590357600623,5000,"log",0.5,-0.3,4000,NA,"auto",200,200,5000,5000,1,0.95,"empirical",0.95,"eti",23980,461.002065181732
"Weighted GPD","zm",3.07440013009476,3.056800534926,-0.0175995951687683,0.140125775931451,0.111240900461188,0.139030044238384,0.7186,0.332037784362738,5000,"log",0.5,-0.3,4000,NA,"auto",200,200,5000,5000,1,0.95,"empirical",0.95,"eti",23980,461.002065181732
"Cluster maxima (POT)","zm",3.07440013009476,3.05394312458741,-0.0204570055073503,0.140973560992107,0.111882574569442,0.139495331871681,0.664,0.302685831698255,5000,"log",0.5,-0.3,4000,NA,"auto",200,200,5000,5000,1,0.95,"empirical",0.95,"eti",23980,461.002065181732
"Conventional","k",0.3,0.204395121202478,-0.0956048787975224,0.23525035488959,0.191720510810365,0.214969018608686,0.6844,0.480156177005063,5000,"log",0.5,0.3,2000,NA,"auto",100,100,5000,5000,1,0.95,"empirical",0.95,"eti",22519,266.97785949707
"Weighted GPD","k",0.3,0.293238922834631,-0.00676107716536885,0.205280409964628,0.161970310221687,0.205189558949353,0.7896,0.502096960178045,5000,"log",0.5,0.3,2000,NA,"auto",100,100,5000,5000,1,0.95,"empirical",0.95,"eti",22519,266.97785949707
"Cluster maxima (POT)","k",0.3,0.255058155838207,-0.0449418441617931,0.249825978430101,0.193217344821041,0.245774960498697,0.7144,0.500188971783704,5000,"log",0.5,0.3,2000,NA,"auto",100,100,5000,5000,1,0.95,"empirical",0.95,"eti",22519,266.97785949707
"Conventional","sigma",2.4543441073492,2.59743052439465,0.143086417045455,0.755111770300147,0.524101378770227,0.848481447544894,NA,NA,5000,"log",0.5,0.3,2000,NA,"auto",100,100,5000,5000,1,0.95,"empirical",0.95,"eti",22519,266.97785949707
"Weighted GPD","sigma",2.4543441073492,2.22547302556148,-0.22887108178772,0.594042897411112,0.479721765029835,0.639311014713856,NA,NA,5000,"log",0.5,0.3,2000,NA,"auto",100,100,5000,5000,1,0.95,"empirical",0.95,"eti",22519,266.97785949707
"Cluster maxima (POT)","sigma",2.4543441073492,2.59028795078853,0.135943843439334,0.914904916617632,0.643554171991527,0.978816305967295,NA,NA,5000,"log",0.5,0.3,2000,NA,"auto",100,100,5000,5000,1,0.95,"empirical",0.95,"eti",22519,266.97785949707
"Conventional","zm",39.5777764515089,50.7896187780504,11.2118423265415,304.998222704239,32.8294830420452,304.822561178056,0.5214,105.850674930111,5000,"log",0.5,0.3,2000,NA,"auto",100,100,5000,5000,1,0.95,"empirical",0.95,"eti",22519,266.97785949707
"Weighted GPD","zm",39.5777764515089,46.0784646392384,6.50068818772953,51.431334796729,23.0386842153079,51.0239545786811,0.6334,79.1512431040487,5000,"log",0.5,0.3,2000,NA,"auto",100,100,5000,5000,1,0.95,"empirical",0.95,"eti",22519,266.97785949707
"Cluster maxima (POT)","zm",39.5777764515089,46.9991634730205,7.42138702151163,56.6108102760404,23.3113503166839,56.1278622626162,0.6278,79.9953689431625,5000,"log",0.5,0.3,2000,NA,"auto",100,100,5000,5000,1,0.95,"empirical",0.95,"eti",22519,266.97785949707
"Conventional","k",0.3,0.24045864689466,-0.0595413531053401,0.18338439980837,0.147359864594559,0.173466663944867,0.6494,0.34622433593388,5000,"log",0.5,0.3,4000,NA,"auto",200,200,5000,5000,1,0.95,"empirical",0.95,"eti",22545,453.555419683456
"Weighted GPD","k",0.3,0.308042562502884,0.00804256250288436,0.145630118347185,0.115974106723051,0.145422412625499,0.7928,0.357663661433567,5000,"log",0.5,0.3,4000,NA,"auto",200,200,5000,5000,1,0.95,"empirical",0.95,"eti",22545,453.555419683456
"Cluster maxima (POT)","k",0.3,0.285126354784371,-0.0148736452156288,0.167015219456037,0.13224046272715,0.166368247832106,0.727,0.353166516413928,5000,"log",0.5,0.3,4000,NA,"auto",200,200,5000,5000,1,0.95,"empirical",0.95,"eti",22545,453.555419683456
"Conventional","sigma",2.45832356396623,2.54529957058733,0.086976006621099,0.482844843646715,0.36670269865983,0.545718215483647,NA,NA,5000,"log",0.5,0.3,4000,NA,"auto",200,200,5000,5000,1,0.95,"empirical",0.95,"eti",22545,453.555419683456
"Weighted GPD","sigma",2.45832356396623,2.25982380141906,-0.198499762547175,0.432963400120693,0.357660271454939,0.446705726201079,NA,NA,5000,"log",0.5,0.3,4000,NA,"auto",200,200,5000,5000,1,0.95,"empirical",0.95,"eti",22545,453.555419683456
"Cluster maxima (POT)","sigma",2.45832356396623,2.48788574559773,0.0295621816315017,0.574466340016596,0.440792816649381,0.62478395663383,NA,NA,5000,"log",0.5,0.3,4000,NA,"auto",200,200,5000,5000,1,0.95,"empirical",0.95,"eti",22545,453.555419683456
"Conventional","zm",39.5777764515089,43.9649347667899,4.38715831528098,101.711984470955,21.1063193767376,101.627487699872,0.5056,45.0249049752574,5000,"log",0.5,0.3,4000,NA,"auto",200,200,5000,5000,1,0.95,"empirical",0.95,"eti",22545,453.555419683456
"Weighted GPD","zm",39.5777764515089,42.281418012182,2.70364156067312,21.9662246259359,14.7197549178196,21.8013854309724,0.6442,41.2962116607837,5000,"log",0.5,0.3,4000,NA,"auto",200,200,5000,5000,1,0.95,"empirical",0.95,"eti",22545,453.555419683456
"Cluster maxima (POT)","zm",39.5777764515089,42.6500780200204,3.07230156851155,22.0157993081254,14.5673640629505,21.8025561010237,0.6358,40.6815205305592,5000,"log",0.5,0.3,4000,NA,"auto",200,200,5000,5000,1,0.95,"empirical",0.95,"eti",22545,453.555419683456
"Conventional","k",-0.3,-0.343995859042916,-0.0439958590429158,0.132791501124467,0.104049403906302,0.125303979886675,0.8138,0.332552826631045,5000,"log",0.55,-0.3,2000,NA,"auto",100,100,5000,5000,1,0.95,"empirical",0.95,"eti",25573,312.654227733612
"Weighted GPD","k",-0.3,-0.276727263189897,0.0232727368101026,0.13383330373291,0.105306314098623,0.131807463942462,0.836,0.370938810264587,5000,"log",0.55,-0.3,2000,NA,"auto",100,100,5000,5000,1,0.95,"empirical",0.95,"eti",25573,312.654227733612
"Cluster maxima (POT)","k",-0.3,-0.340056207311474,-0.0400562073114736,0.192772795235237,0.146355860908442,0.188584102276287,0.7046,0.365551336910723,5000,"log",0.55,-0.3,2000,NA,"auto",100,100,5000,5000,1,0.95,"empirical",0.95,"eti",25573,312.654227733612
"Conventional","sigma",0.408479694072329,0.411785771149944,0.0033060770776152,0.0902047483553677,0.0692533074650622,0.0819594685890568,NA,NA,5000,"log",0.55,-0.3,2000,NA,"auto",100,100,5000,5000,1,0.95,"empirical",0.95,"eti",25573,312.654227733612
"Weighted GPD","sigma",0.408479694072329,0.375616878832501,-0.0328628152398278,0.0825643954739073,0.0672283480906996,0.0679117770294305,NA,NA,5000,"log",0.55,-0.3,2000,NA,"auto",100,100,5000,5000,1,0.95,"empirical",0.95,"eti",25573,312.654227733612
"Cluster maxima (POT)","sigma",0.408479694072329,0.421234775780633,0.0127550817083038,0.109477867248178,0.0822087263649622,0.102153605136489,NA,NA,5000,"log",0.55,-0.3,2000,NA,"auto",100,100,5000,5000,1,0.95,"empirical",0.95,"eti",25573,312.654227733612
"Conventional","zm",3.07440013009476,3.00162929843066,-0.0727708316641058,0.192652289774078,0.154881481345549,0.17839752226222,0.6718,0.419669146944334,5000,"log",0.55,-0.3,2000,NA,"auto",100,100,5000,5000,1,0.95,"empirical",0.95,"eti",25573,312.654227733612
"Weighted GPD","zm",3.07440013009476,3.05510597123652,-0.0192941588582408,0.203101965970228,0.155042697842879,0.202203662872809,0.7606,0.559758854357956,5000,"log",0.55,-0.3,2000,NA,"auto",100,100,5000,5000,1,0.95,"empirical",0.95,"eti",25573,312.654227733612
"Cluster maxima (POT)","zm",3.07440013009476,3.04799374808757,-0.0264063820071988,0.205917024012156,0.157795123601507,0.204237279507393,0.692,0.506341692044728,5000,"log",0.55,-0.3,2000,NA,"auto",100,100,5000,5000,1,0.95,"empirical",0.95,"eti",25573,312.654227733612
"Conventional","k",-0.3,-0.331695063830966,-0.0316950638309661,0.0939741738104305,0.0745934261471446,0.0884767421353418,0.7836,0.222568811541623,5000,"log",0.55,-0.3,4000,NA,"auto",199.9998,200,5000,5000,1,0.95,"empirical",0.95,"eti",25603,505.899506568909
"Weighted GPD","k",-0.3,-0.283651685065079,0.0163483149349209,0.0899631750439895,0.0713674778093094,0.0884741261442211,0.8184,0.242984158252504,5000,"log",0.55,-0.3,4000,NA,"auto",199.9998,200,5000,5000,1,0.95,"empirical",0.95,"eti",25603,505.899506568909
"Cluster maxima (POT)","k",-0.3,-0.31975243668573,-0.0197524366857304,0.120186383686177,0.0934590460031888,0.118563989273504,0.7044,0.236786572728255,5000,"log",0.55,-0.3,4000,NA,"auto",199.9998,200,5000,5000,1,0.95,"empirical",0.95,"eti",25603,505.899506568909
"Conventional","sigma",0.407650770027614,0.412841364709971,0.0051905946823565,0.062429056435056,0.0489087655687164,0.0563182064052086,NA,NA,5000,"log",0.55,-0.3,4000,NA,"auto",199.9998,200,5000,5000,1,0.95,"empirical",0.95,"eti",25603,505.899506568909
"Weighted GPD","sigma",0.407650770027614,0.385793115125676,-0.0218576549019378,0.0589713011978956,0.047858078086723,0.0494073752115748,NA,NA,5000,"log",0.55,-0.3,4000,NA,"auto",199.9998,200,5000,5000,1,0.95,"empirical",0.95,"eti",25603,505.899506568909
"Cluster maxima (POT)","sigma",0.407650770027614,0.413812979250517,0.00616220922290312,0.0713088980247735,0.0553851327500292,0.0667400094353552,NA,NA,5000,"log",0.55,-0.3,4000,NA,"auto",199.9998,200,5000,5000,1,0.95,"empirical",0.95,"eti",25603,505.899506568909
"Conventional","zm",3.07440013009476,3.02703957383155,-0.0473605562632147,0.142482922170884,0.114279511344575,0.13439484073221,0.6282,0.263155245955678,5000,"log",0.55,-0.3,4000,NA,"auto",199.9998,200,5000,5000,1,0.95,"empirical",0.95,"eti",25603,505.899506568909
"Weighted GPD","zm",3.07440013009476,3.05800605696403,-0.0163940731307317,0.126412716278767,0.10105536871995,0.12535769666671,0.747,0.31936938916861,5000,"log",0.55,-0.3,4000,NA,"auto",199.9998,200,5000,5000,1,0.95,"empirical",0.95,"eti",25603,505.899506568909
"Cluster maxima (POT)","zm",3.07440013009476,3.05663169766393,-0.0177684324308303,0.126595788975422,0.101106643716203,0.125355172925318,0.7008,0.294807323090762,5000,"log",0.55,-0.3,4000,NA,"auto",199.9998,200,5000,5000,1,0.95,"empirical",0.95,"eti",25603,505.899506568909
"Conventional","k",0.3,0.221628904775113,-0.0783710952248869,0.216829898993345,0.174606820766721,0.202191376673874,0.7286,0.481793893138031,5000,"log",0.55,0.3,2000,NA,"auto",100,100,5000,5000,1,0.95,"empirical",0.95,"eti",24095,303.147405862808
"Weighted GPD","k",0.3,0.295691182152065,-0.00430881784793549,0.194225651940766,0.153331749672888,0.19419727206288,0.8114,0.498246156448363,5000,"log",0.55,0.3,2000,NA,"auto",100,100,5000,5000,1,0.95,"empirical",0.95,"eti",24095,303.147405862808
"Cluster maxima (POT)","k",0.3,0.267374227305237,-0.0326257726947635,0.226920249307206,0.176628313029367,0.224585053356078,0.7482,0.497547708879062,5000,"log",0.55,0.3,2000,NA,"auto",100,100,5000,5000,1,0.95,"empirical",0.95,"eti",24095,303.147405862808
"Conventional","sigma",2.4613692851831,2.58163019405138,0.120260908868287,0.658151684114698,0.474383065365657,0.733677557154831,NA,NA,5000,"log",0.55,0.3,2000,NA,"auto",100,100,5000,5000,1,0.95,"empirical",0.95,"eti",24095,303.147405862808
"Weighted GPD","sigma",2.4613692851831,2.2618397904677,-0.199529494715402,0.54771151744634,0.443717716532344,0.583602175842345,NA,NA,5000,"log",0.55,0.3,2000,NA,"auto",100,100,5000,5000,1,0.95,"empirical",0.95,"eti",24095,303.147405862808
"Cluster maxima (POT)","sigma",2.4613692851831,2.56956849691658,0.10819921173348,0.805177625010498,0.578802894286855,0.861131571705265,NA,NA,5000,"log",0.55,0.3,2000,NA,"auto",100,100,5000,5000,1,0.95,"empirical",0.95,"eti",24095,303.147405862808
"Conventional","zm",39.5777764515089,46.2661481364242,6.68837168491526,104.127519791697,26.1144564066584,103.922885137903,0.5744,80.37147130627,5000,"log",0.55,0.3,2000,NA,"auto",100,100,5000,5000,1,0.95,"empirical",0.95,"eti",24095,303.147405862808
"Weighted GPD","zm",39.5777764515089,45.3312108688617,5.75343441735284,40.07193513726,21.0631481427891,39.6607182557819,0.6702,76.1399740199481,5000,"log",0.55,0.3,2000,NA,"auto",100,100,5000,5000,1,0.95,"empirical",0.95,"eti",24095,303.147405862808
"Cluster maxima (POT)","zm",39.5777764515089,46.4646980815835,6.8869216300746,45.4311907583885,21.3411750204601,44.9106534972027,0.665,77.8585452744162,5000,"log",0.55,0.3,2000,NA,"auto",100,100,5000,5000,1,0.95,"empirical",0.95,"eti",24095,303.147405862808
"Conventional","k",0.3,0.255738251213079,-0.0442617487869213,0.1673839659954,0.134271693599389,0.161441947359248,0.7028,0.347418834733774,5000,"log",0.55,0.3,4000,NA,"auto",200,200,5000,5000,1,0.95,"empirical",0.95,"eti",24123,513.712241888046
"Weighted GPD","k",0.3,0.308129362748095,0.00812936274809542,0.138512975815671,0.109455495048842,0.13828804231441,0.8036,0.355034669311148,5000,"log",0.55,0.3,4000,NA,"auto",200,200,5000,5000,1,0.95,"empirical",0.95,"eti",24123,513.712241888046
"Cluster maxima (POT)","k",0.3,0.290480296212129,-0.00951970378787082,0.154404363481211,0.121792001567775,0.15412603176804,0.7572,0.351639063061004,5000,"log",0.55,0.3,4000,NA,"auto",200,200,5000,5000,1,0.95,"empirical",0.95,"eti",24123,513.712241888046
"Conventional","sigma",2.45588919319196,2.53419342380816,0.0783042306162072,0.444890183710462,0.336234407967357,0.50045182221555,NA,NA,5000,"log",0.55,0.3,4000,NA,"auto",200,200,5000,5000,1,0.95,"empirical",0.95,"eti",24123,513.712241888046
"Weighted GPD","sigma",2.45588919319196,2.29875503867713,-0.157134154514827,0.402334975501906,0.327509987591326,0.423349122087876,NA,NA,5000,"log",0.55,0.3,4000,NA,"auto",200,200,5000,5000,1,0.95,"empirical",0.95,"eti",24123,513.712241888046
"Cluster maxima (POT)","sigma",2.45588919319196,2.49840728451714,0.0425180913251842,0.530915672540868,0.404318105599275,0.571602951116288,NA,NA,5000,"log",0.55,0.3,4000,NA,"auto",200,200,5000,5000,1,0.95,"empirical",0.95,"eti",24123,513.712241888046
"Conventional","zm",39.5777764515089,42.7575102106146,3.17973375910569,39.8548114341423,18.0423191443008,39.7317380676232,0.5458,41.2769567748039,5000,"log",0.55,0.3,4000,NA,"auto",200,200,5000,5000,1,0.95,"empirical",0.95,"eti",24123,513.712241888046
"Weighted GPD","zm",39.5777764515089,42.4508513944021,2.87307494289317,20.7126055826624,13.9203599759756,20.5144251375271,0.6688,40.6970346164939,5000,"log",0.55,0.3,4000,NA,"auto",200,200,5000,5000,1,0.95,"empirical",0.95,"eti",24123,513.712241888046
"Cluster maxima (POT)","zm",39.5777764515089,42.9914553527,3.41367890119111,20.6503559378615,13.7538991881608,20.3682834356251,0.6684,40.4492543692972,5000,"log",0.55,0.3,4000,NA,"auto",200,200,5000,5000,1,0.95,"empirical",0.95,"eti",24123,513.712241888046
"Conventional","k",-0.3,-0.333904062316248,-0.0339040623162483,0.124438699179332,0.0975380567531352,0.119742941697278,0.8428,0.334307419159444,5000,"log",0.6,-0.3,2000,NA,"auto",100,100,5000,5000,1,0.95,"empirical",0.95,"eti",23959,292.620142459869
"Weighted GPD","k",-0.3,-0.279466253387602,0.020533746612398,0.126302286720886,0.100194898146584,0.124634423932189,0.847,0.362582750531533,5000,"log",0.6,-0.3,2000,NA,"auto",100,100,5000,5000,1,0.95,"empirical",0.95,"eti",23959,292.620142459869
"Cluster maxima (POT)","k",-0.3,-0.333034620558475,-0.0330346205584749,0.17533307336435,0.133310690983448,0.172210138279636,0.7318,0.358310653463889,5000,"log",0.6,-0.3,2000,NA,"auto",100,100,5000,5000,1,0.95,"empirical",0.95,"eti",23959,292.620142459869
"Conventional","sigma",0.408587138115121,0.411753977856576,0.0031668397414553,0.0827840761672898,0.0628767240205543,0.0760843012082316,NA,NA,5000,"log",0.6,-0.3,2000,NA,"auto",100,100,5000,5000,1,0.95,"empirical",0.95,"eti",23959,292.620142459869
"Weighted GPD","sigma",0.408587138115121,0.381448441515374,-0.0271386965997468,0.076381117144424,0.0616859337284885,0.0658708101206926,NA,NA,5000,"log",0.6,-0.3,2000,NA,"auto",100,100,5000,5000,1,0.95,"empirical",0.95,"eti",23959,292.620142459869
"Cluster maxima (POT)","sigma",0.408587138115121,0.42093008565407,0.0123429475389496,0.100122946045173,0.0757089052958686,0.0947422602195903,NA,NA,5000,"log",0.6,-0.3,2000,NA,"auto",100,100,5000,5000,1,0.95,"empirical",0.95,"eti",23959,292.620142459869
"Conventional","zm",3.07440013009476,3.02146957476343,-0.0529305553313337,0.179230766920937,0.14200990994871,0.171253874996522,0.724,0.43568883083623,5000,"log",0.6,-0.3,2000,NA,"auto",100,100,5000,5000,1,0.95,"empirical",0.95,"eti",23959,292.620142459869
"Weighted GPD","zm",3.07440013009476,3.0613145031776,-0.013085626917167,0.180778860247227,0.141108479377433,0.180322671712843,0.788,0.540043576511948,5000,"log",0.6,-0.3,2000,NA,"auto",100,100,5000,5000,1,0.95,"empirical",0.95,"eti",23959,292.620142459869
"Cluster maxima (POT)","zm",3.07440013009476,3.056060981535,-0.018339148559767,0.183054420527849,0.143247175038992,0.182151674028431,0.7312,0.493714539452507,5000,"log",0.6,-0.3,2000,NA,"auto",100,100,5000,5000,1,0.95,"empirical",0.95,"eti",23959,292.620142459869
"Conventional","k",-0.3,-0.32537740851984,-0.0253774085198404,0.0875579123919888,0.0693803293747586,0.0838079943397011,0.811,0.222211469027197,5000,"log",0.6,-0.3,4000,NA,"auto",200,200,5000,5000,1,0.95,"empirical",0.95,"eti",23987,504.50834608078
"Weighted GPD","k",-0.3,-0.285043859311111,0.0149561406888895,0.0845405395352608,0.0670591131759162,0.0832153930528201,0.838,0.238550059652534,5000,"log",0.6,-0.3,4000,NA,"auto",200,200,5000,5000,1,0.95,"empirical",0.95,"eti",23987,504.50834608078
"Cluster maxima (POT)","k",-0.3,-0.315542037597039,-0.0155420375970386,0.107694358443185,0.0838423644522463,0.106577632109907,0.7434,0.233283565760619,5000,"log",0.6,-0.3,4000,NA,"auto",200,200,5000,5000,1,0.95,"empirical",0.95,"eti",23987,504.50834608078
"Conventional","sigma",0.407412495636878,0.413237960255773,0.0058254646188946,0.0584989863230611,0.0458597961791456,0.0536069638244694,NA,NA,5000,"log",0.6,-0.3,4000,NA,"auto",200,200,5000,5000,1,0.95,"empirical",0.95,"eti",23987,504.50834608078
"Weighted GPD","sigma",0.407412495636878,0.389656332047181,-0.017756163589697,0.053945353304488,0.0436188302749691,0.0470011482202693,NA,NA,5000,"log",0.6,-0.3,4000,NA,"auto",200,200,5000,5000,1,0.95,"empirical",0.95,"eti",23987,504.50834608078
"Cluster maxima (POT)","sigma",0.407412495636878,0.414075366933642,0.00666287129676346,0.0646088652682519,0.0501888467320427,0.0610532706037439,NA,NA,5000,"log",0.6,-0.3,4000,NA,"auto",200,200,5000,5000,1,0.95,"empirical",0.95,"eti",23987,504.50834608078
"Conventional","zm",3.07440013009476,3.04084639404799,-0.0335537360467735,0.129538553065488,0.103608536028994,0.125129992530208,0.6724,0.26739572715885,5000,"log",0.6,-0.3,4000,NA,"auto",200,200,5000,5000,1,0.95,"empirical",0.95,"eti",23987,504.50834608078
"Weighted GPD","zm",3.07440013009476,3.06555550941688,-0.00884462067788333,0.118834043122551,0.0940007133122816,0.118516293024458,0.7734,0.314252842389659,5000,"log",0.6,-0.3,4000,NA,"auto",200,200,5000,5000,1,0.95,"empirical",0.95,"eti",23987,504.50834608078
"Cluster maxima (POT)","zm",3.07440013009476,3.0655449549223,-0.00885517517246839,0.118456645676559,0.0935213076239006,0.118137013879717,0.7298,0.293441046812686,5000,"log",0.6,-0.3,4000,NA,"auto",200,200,5000,5000,1,0.95,"empirical",0.95,"eti",23987,504.50834608078
"Conventional","k",0.3,0.238066580967782,-0.0619334190322182,0.203481067617712,0.164354931199591,0.193846103257644,0.7644,0.485384008640142,5000,"log",0.6,0.3,2000,NA,"auto",100,100,5000,5000,1,0.95,"empirical",0.95,"eti",22526,310.581695318222
"Weighted GPD","k",0.3,0.295965874158852,-0.00403412584114836,0.182966670975038,0.145634084685976,0.18294048748371,0.8286,0.497264227552005,5000,"log",0.6,0.3,2000,NA,"auto",100,100,5000,5000,1,0.95,"empirical",0.95,"eti",22526,310.581695318222
"Cluster maxima (POT)","k",0.3,0.272781931453945,-0.0272180685460547,0.209099050503376,0.164096034319723,0.207340752635792,0.7768,0.497444788871723,5000,"log",0.6,0.3,2000,NA,"auto",100,100,5000,5000,1,0.95,"empirical",0.95,"eti",22526,310.581695318222
"Conventional","sigma",2.46177173568654,2.57339400475987,0.111622269073332,0.616976926876295,0.452118409430834,0.67897007846298,NA,NA,5000,"log",0.6,0.3,2000,NA,"auto",100,100,5000,5000,1,0.95,"empirical",0.95,"eti",22526,310.581695318222
"Weighted GPD","sigma",2.46177173568654,2.30796918491318,-0.153802550773351,0.527980097736872,0.42228950257413,0.566409958867656,NA,NA,5000,"log",0.6,0.3,2000,NA,"auto",100,100,5000,5000,1,0.95,"empirical",0.95,"eti",22526,310.581695318222
"Cluster maxima (POT)","sigma",2.46177173568654,2.58483675371924,0.123065018032703,0.756647822814122,0.540555822445607,0.799127624484661,NA,NA,5000,"log",0.6,0.3,2000,NA,"auto",100,100,5000,5000,1,0.95,"empirical",0.95,"eti",22526,310.581695318222
"Conventional","zm",39.5777764515089,44.8190588217572,5.24128237024832,59.3011582370464,22.8349076374046,59.0749887704617,0.6144,72.4248427033234,5000,"log",0.6,0.3,2000,NA,"auto",100,100,5000,5000,1,0.95,"empirical",0.95,"eti",22526,310.581695318222
"Weighted GPD","zm",39.5777764515089,44.4058730110921,4.82809655958324,31.9168136468896,19.0258699860068,31.5526796215452,0.6828,70.5347387054529,5000,"log",0.6,0.3,2000,NA,"auto",100,100,5000,5000,1,0.95,"empirical",0.95,"eti",22526,310.581695318222
"Cluster maxima (POT)","zm",39.5777764515089,45.4793008576399,5.90152440613098,32.4486451627919,19.133653136302,31.9106602976614,0.6848,71.221150763636,5000,"log",0.6,0.3,2000,NA,"auto",100,100,5000,5000,1,0.95,"empirical",0.95,"eti",22526,310.581695318222
"Conventional","k",0.3,0.26868259661227,-0.0313174033877304,0.155485474335423,0.124181132427628,0.15231412571702,0.742,0.347389627295563,5000,"log",0.6,0.3,4000,NA,"auto",200,200,5000,5000,1,0.95,"empirical",0.95,"eti",22552,503.379361391068
"Weighted GPD","k",0.3,0.305827869596406,0.00582786959640645,0.128114258742568,0.101387089780198,0.127994436380156,0.8364,0.351555174213639,5000,"log",0.6,0.3,4000,NA,"auto",200,200,5000,5000,1,0.95,"empirical",0.95,"eti",22552,503.379361391068
"Cluster maxima (POT)","k",0.3,0.292545778603152,-0.007454221396848,0.140095733938697,0.110492443855521,0.139911272898383,0.8,0.349517195538458,5000,"log",0.6,0.3,4000,NA,"auto",200,200,5000,5000,1,0.95,"empirical",0.95,"eti",22552,503.379361391068
"Conventional","sigma",2.45834404246317,2.51759139067899,0.0592473482158231,0.396514585756577,0.306677881372407,0.440742375747885,NA,NA,5000,"log",0.6,0.3,4000,NA,"auto",200,200,5000,5000,1,0.95,"empirical",0.95,"eti",22552,503.379361391068
"Weighted GPD","sigma",2.45834404246317,2.33218376646488,-0.126160275998288,0.373208033659627,0.300692923716423,0.395443789845664,NA,NA,5000,"log",0.6,0.3,4000,NA,"auto",200,200,5000,5000,1,0.95,"empirical",0.95,"eti",22552,503.379361391068
"Cluster maxima (POT)","sigma",2.45834404246317,2.50698733414885,0.0486432916856881,0.483758736576479,0.369672497510279,0.51894795757988,NA,NA,5000,"log",0.6,0.3,4000,NA,"auto",200,200,5000,5000,1,0.95,"empirical",0.95,"eti",22552,503.379361391068
"Conventional","zm",39.5777764515089,42.7994613565238,3.22168490501486,30.9318222095025,16.2584606856906,30.7666652257096,0.598,40.4289653213191,5000,"log",0.6,0.3,4000,NA,"auto",200,200,5000,5000,1,0.95,"empirical",0.95,"eti",22552,503.379361391068
"Weighted GPD","zm",39.5777764515089,41.8507679402455,2.27299148873656,17.5424225048482,12.35224813194,17.3962818773256,0.702,38.9063706249852,5000,"log",0.6,0.3,4000,NA,"auto",200,200,5000,5000,1,0.95,"empirical",0.95,"eti",22552,503.379361391068
"Cluster maxima (POT)","zm",39.5777764515089,42.5724803721647,2.9947039206558,17.5979036801095,12.2494410831908,17.3429558606836,0.7064,39.0687882401109,5000,"log",0.6,0.3,4000,NA,"auto",200,200,5000,5000,1,0.95,"empirical",0.95,"eti",22552,503.379361391068
"Conventional","k",-0.3,-0.323062177572268,-0.0230621775722684,0.116687202227059,0.0920611156357577,0.114396925048254,0.8664,0.334707447337612,5000,"log",0.65,-0.3,2000,NA,"auto",99.9998,100,5000,5000,1,0.95,"empirical",0.95,"eti",25580,295.07323217392
"Weighted GPD","k",-0.3,-0.279474268038858,0.020525731961142,0.118901137010377,0.0947334774636564,0.117127787025618,0.8702,0.355437839358101,5000,"log",0.65,-0.3,2000,NA,"auto",99.9998,100,5000,5000,1,0.95,"empirical",0.95,"eti",25580,295.07323217392
"Cluster maxima (POT)","k",-0.3,-0.323433534330929,-0.0234335343309292,0.155771760541422,0.120343997710842,0.154014463417965,0.7754,0.352086922741547,5000,"log",0.65,-0.3,2000,NA,"auto",99.9998,100,5000,5000,1,0.95,"empirical",0.95,"eti",25580,295.07323217392
"Conventional","sigma",0.408032206719938,0.410021325631549,0.00198911891161064,0.0762027519783284,0.0594146758023891,0.070803123306725,NA,NA,5000,"log",0.65,-0.3,2000,NA,"auto",99.9998,100,5000,5000,1,0.95,"empirical",0.95,"eti",25580,295.07323217392
"Weighted GPD","sigma",0.408032206719938,0.384824925678907,-0.0232072810410317,0.0716341553594333,0.0582337703380534,0.0631814733771823,NA,NA,5000,"log",0.65,-0.3,2000,NA,"auto",99.9998,100,5000,5000,1,0.95,"empirical",0.95,"eti",25580,295.07323217392
"Cluster maxima (POT)","sigma",0.408032206719938,0.418159821064522,0.010127614344584,0.0911582606844671,0.0692792357914059,0.086616162983112,NA,NA,5000,"log",0.65,-0.3,2000,NA,"auto",99.9998,100,5000,5000,1,0.95,"empirical",0.95,"eti",25580,295.07323217392
"Conventional","zm",3.07440013009476,3.04110686562079,-0.0332932644739772,0.168267498573762,0.132142137051359,0.164957424226066,0.7636,0.450149784136532,5000,"log",0.65,-0.3,2000,NA,"auto",99.9998,100,5000,5000,1,0.95,"empirical",0.95,"eti",25580,295.07323217392
"Weighted GPD","zm",3.07440013009476,3.07026463677548,-0.00413549331928577,0.166997579165321,0.130743355134208,0.166963063205545,0.8064,0.529936247030928,5000,"log",0.65,-0.3,2000,NA,"auto",99.9998,100,5000,5000,1,0.95,"empirical",0.95,"eti",25580,295.07323217392
"Cluster maxima (POT)","zm",3.07440013009476,3.06695076068392,-0.00744936941084742,0.168197180560724,0.131653593496781,0.168048940887065,0.7614,0.490881937318326,5000,"log",0.65,-0.3,2000,NA,"auto",99.9998,100,5000,5000,1,0.95,"empirical",0.95,"eti",25580,295.07323217392
"Conventional","k",-0.3,-0.318603093728246,-0.0186030937282457,0.0789003259554989,0.0621836313229069,0.0766835211248447,0.8542,0.220899176078901,5000,"log",0.65,-0.3,4000,NA,"auto",200,200,5000,5000,1,0.95,"empirical",0.95,"eti",25610,503.990932703018
"Weighted GPD","k",-0.3,-0.286264376218324,0.0137356237816761,0.0775617290335592,0.0616751993576119,0.0763434353040674,0.8722,0.233890091370086,5000,"log",0.65,-0.3,4000,NA,"auto",200,200,5000,5000,1,0.95,"empirical",0.95,"eti",25610,503.990932703018
"Cluster maxima (POT)","k",-0.3,-0.312473637573196,-0.0124736375731958,0.0962729312445332,0.0754277877933044,0.095470983014876,0.7938,0.229930857791791,5000,"log",0.65,-0.3,4000,NA,"auto",200,200,5000,5000,1,0.95,"empirical",0.95,"eti",25610,503.990932703018
"Conventional","sigma",0.40717459879845,0.410966691248415,0.00379209244996574,0.0528369261488277,0.0413716141679349,0.0486435206820292,NA,NA,5000,"log",0.65,-0.3,4000,NA,"auto",200,200,5000,5000,1,0.95,"empirical",0.95,"eti",25610,503.990932703018
"Weighted GPD","sigma",0.40717459879845,0.391996735128417,-0.0151778636700328,0.0501369275938482,0.0402410134869959,0.0444440174684738,NA,NA,5000,"log",0.65,-0.3,4000,NA,"auto",200,200,5000,5000,1,0.95,"empirical",0.95,"eti",25610,503.990932703018
"Cluster maxima (POT)","sigma",0.40717459879845,0.413615423809385,0.00644082501093549,0.0592285947272458,0.046055117264503,0.0562536731940907,NA,NA,5000,"log",0.65,-0.3,4000,NA,"auto",200,200,5000,5000,1,0.95,"empirical",0.95,"eti",25610,503.990932703018
"Conventional","zm",3.07440013009476,3.04909023054184,-0.0253098995529275,0.11806438295277,0.0935103533157199,0.115331122253237,0.7264,0.269404127148964,5000,"log",0.65,-0.3,4000,NA,"auto",200,200,5000,5000,1,0.95,"empirical",0.95,"eti",25610,503.990932703018
"Weighted GPD","zm",3.07440013009476,3.06857687842813,-0.00582325166663024,0.107675586025408,0.085002785401367,0.107528759189125,0.7978,0.306957012329134,5000,"log",0.65,-0.3,4000,NA,"auto",200,200,5000,5000,1,0.95,"empirical",0.95,"eti",25610,503.990932703018
"Cluster maxima (POT)","zm",3.07440013009476,3.06974450441566,-0.00465562567910926,0.106802828631245,0.0841423469640105,0.10671198078257,0.768,0.289067036265892,5000,"log",0.65,-0.3,4000,NA,"auto",200,200,5000,5000,1,0.95,"empirical",0.95,"eti",25610,503.990932703018
"Conventional","k",0.3,0.25527658951547,-0.0447234104845303,0.190182620339429,0.151305698206905,0.184867738802565,0.8068,0.485224106453643,5000,"log",0.65,0.3,2000,NA,"auto",100,100,5000,5000,1,0.95,"empirical",0.95,"eti",24102,314.416923999786
"Weighted GPD","k",0.3,0.297411507080932,-0.00258849291906756,0.173359154877151,0.138644464615296,0.17335716548644,0.8488,0.492369131430895,5000,"log",0.65,0.3,2000,NA,"auto",100,100,5000,5000,1,0.95,"empirical",0.95,"eti",24102,314.416923999786
"Cluster maxima (POT)","k",0.3,0.280527536366656,-0.0194724636333442,0.192518175049914,0.152520710242385,0.191550017401281,0.8124,0.492917664308318,5000,"log",0.65,0.3,2000,NA,"auto",100,100,5000,5000,1,0.95,"empirical",0.95,"eti",24102,314.416923999786
"Conventional","sigma",2.46281324402789,2.54816597967012,0.0853527356422337,0.552273335498245,0.415749772189834,0.606974653691577,NA,NA,5000,"log",0.65,0.3,2000,NA,"auto",100,100,5000,5000,1,0.95,"empirical",0.95,"eti",24102,314.416923999786
"Weighted GPD","sigma",2.46281324402789,2.33945277054967,-0.12336047347822,0.491606349132107,0.395786555624051,0.529385048117703,NA,NA,5000,"log",0.65,0.3,2000,NA,"auto",100,100,5000,5000,1,0.95,"empirical",0.95,"eti",24102,314.416923999786
"Cluster maxima (POT)","sigma",2.46281324402789,2.58177360450978,0.118960360481896,0.681172419389008,0.502432720806825,0.717820161102914,NA,NA,5000,"log",0.65,0.3,2000,NA,"auto",100,100,5000,5000,1,0.95,"empirical",0.95,"eti",24102,314.416923999786
"Conventional","zm",39.5777764515089,45.5481369554811,5.97036050397221,84.0587671630957,21.5210167536672,83.854859489025,0.6584,73.3746497072077,5000,"log",0.65,0.3,2000,NA,"auto",100,100,5000,5000,1,0.95,"empirical",0.95,"eti",24102,314.416923999786
"Weighted GPD","zm",39.5777764515089,44.083288439704,4.5055119881951,27.9501880385414,17.6407750351344,27.5874171721693,0.7176,67.8585754041916,5000,"log",0.65,0.3,2000,NA,"auto",100,100,5000,5000,1,0.95,"empirical",0.95,"eti",24102,314.416923999786
"Cluster maxima (POT)","zm",39.5777764515089,45.3804798743717,5.80270342286277,28.5901671128122,17.7623960200261,27.9979117995942,0.7222,69.3939975214022,5000,"log",0.65,0.3,2000,NA,"auto",100,100,5000,5000,1,0.95,"empirical",0.95,"eti",24102,314.416923999786
"Conventional","k",0.3,0.273930904380131,-0.0260690956198689,0.145155777901278,0.115289358485333,0.142809947300239,0.7718,0.347223800952333,5000,"log",0.65,0.3,4000,NA,"auto",200,200,5000,5000,1,0.95,"empirical",0.95,"eti",24130,433.925394773483
"Weighted GPD","k",0.3,0.301239690209429,0.00123969020942895,0.12448783094772,0.0999819250389176,0.124494108209379,0.8448,0.349222993428159,5000,"log",0.65,0.3,4000,NA,"auto",200,200,5000,5000,1,0.95,"empirical",0.95,"eti",24130,433.925394773483
"Cluster maxima (POT)","k",0.3,0.290532347521778,-0.00946765247822205,0.134921863520998,0.107328313239598,0.134602735454406,0.8116,0.347895465370421,5000,"log",0.65,0.3,4000,NA,"auto",200,200,5000,5000,1,0.95,"empirical",0.95,"eti",24130,433.925394773483
"Conventional","sigma",2.45746030226685,2.50595861447792,0.0484983122110733,0.370055883798055,0.286716555698037,0.408508101965939,NA,NA,5000,"log",0.65,0.3,4000,NA,"auto",200,200,5000,5000,1,0.95,"empirical",0.95,"eti",24130,433.925394773483
"Weighted GPD","sigma",2.45746030226685,2.35800234457052,-0.099457957696333,0.347192751520296,0.278098842208848,0.368547545899631,NA,NA,5000,"log",0.65,0.3,4000,NA,"auto",200,200,5000,5000,1,0.95,"empirical",0.95,"eti",24130,433.925394773483
"Cluster maxima (POT)","sigma",2.45746030226685,2.52127741456203,0.0638171122951824,0.454237540568671,0.344315306115566,0.479267166686578,NA,NA,5000,"log",0.65,0.3,4000,NA,"auto",200,200,5000,5000,1,0.95,"empirical",0.95,"eti",24130,433.925394773483
"Conventional","zm",39.5777764515089,42.3150551676219,2.73727871611304,28.372665669756,14.8108904100032,28.2431407148276,0.6356,39.2604355770466,5000,"log",0.65,0.3,4000,NA,"auto",200,200,5000,5000,1,0.95,"empirical",0.95,"eti",24130,433.925394773483
"Weighted GPD","zm",39.5777764515089,41.4874806029099,1.90970415140099,16.5519133199694,11.9648608456509,16.4430209874506,0.7092,37.931719755094,5000,"log",0.65,0.3,4000,NA,"auto",200,200,5000,5000,1,0.95,"empirical",0.95,"eti",24130,433.925394773483
"Cluster maxima (POT)","zm",39.5777764515089,42.3525957457117,2.77481929420282,16.6288297747182,11.8550322221846,16.3973208783469,0.7148,38.3355679819103,5000,"log",0.65,0.3,4000,NA,"auto",200,200,5000,5000,1,0.95,"empirical",0.95,"eti",24130,433.925394773483
"Conventional","k",-0.3,-0.315290219145485,-0.0152902191454854,0.108694429166933,0.0854743518208067,0.107624368668786,0.8882,0.335346895431954,5000,"log",0.7,-0.3,2000,NA,"auto",100,100,5000,5000,1,0.95,"empirical",0.95,"eti",23966,292.234441518784
"Weighted GPD","k",-0.3,-0.280206832936169,0.0197931670638305,0.112319102518727,0.0889277881176579,0.110572404240441,0.8844,0.350140442165523,5000,"log",0.7,-0.3,2000,NA,"auto",100,100,5000,5000,1,0.95,"empirical",0.95,"eti",23966,292.234441518784
"Cluster maxima (POT)","k",-0.3,-0.319875991912411,-0.0198759919124105,0.142286474403045,0.109759349469502,0.140905488235445,0.8042,0.347734341341986,5000,"log",0.7,-0.3,2000,NA,"auto",100,100,5000,5000,1,0.95,"empirical",0.95,"eti",23966,292.234441518784
"Conventional","sigma",0.408105875087616,0.408344896821451,0.000239021733834873,0.0699402410922764,0.0545388287531148,0.0661310757496863,NA,NA,5000,"log",0.7,-0.3,2000,NA,"auto",100,100,5000,5000,1,0.95,"empirical",0.95,"eti",23966,292.234441518784
"Weighted GPD","sigma",0.408105875087616,0.387637245888307,-0.0204686291993097,0.0663126772574746,0.053242975360768,0.0600309588138454,NA,NA,5000,"log",0.7,-0.3,2000,NA,"auto",100,100,5000,5000,1,0.95,"empirical",0.95,"eti",23966,292.234441518784
"Cluster maxima (POT)","sigma",0.408105875087616,0.418291258560402,0.010185383472786,0.0808735067076649,0.0617632541803591,0.0775788828605943,NA,NA,5000,"log",0.7,-0.3,2000,NA,"auto",100,100,5000,5000,1,0.95,"empirical",0.95,"eti",23966,292.234441518784
"Conventional","zm",3.07440013009476,3.05185238326576,-0.0225477468290019,0.158686217842942,0.124064967240926,0.15709185343714,0.786,0.458146788264031,5000,"log",0.7,-0.3,2000,NA,"auto",100,100,5000,5000,1,0.95,"empirical",0.95,"eti",23966,292.234441518784
"Weighted GPD","zm",3.07440013009476,3.07510334850107,0.000703218406303397,0.160268160392404,0.125434641502649,0.160282646673941,0.8206,0.521652520001867,5000,"log",0.7,-0.3,2000,NA,"auto",100,100,5000,5000,1,0.95,"empirical",0.95,"eti",23966,292.234441518784
"Cluster maxima (POT)","zm",3.07440013009476,3.07331558289569,-0.00108454719907596,0.161097969155458,0.126055188509602,0.161110430256807,0.7756,0.486063520120671,5000,"log",0.7,-0.3,2000,NA,"auto",100,100,5000,5000,1,0.95,"empirical",0.95,"eti",23966,292.234441518784
"Conventional","k",-0.3,-0.310467374450789,-0.0104673744507888,0.0755294155876224,0.0594813999605737,0.0748080606639606,0.8638,0.221167182756393,5000,"log",0.7,-0.3,4000,NA,"auto",200,200,5000,5000,1,0.95,"empirical",0.95,"eti",23994,484.657123088837
"Weighted GPD","k",-0.3,-0.287136271371246,0.0128637286287537,0.0739626479336964,0.0582449317507263,0.0728427002995296,0.867,0.229078683200324,5000,"log",0.7,-0.3,4000,NA,"auto",200,200,5000,5000,1,0.95,"empirical",0.95,"eti",23994,484.657123088837
"Cluster maxima (POT)","k",-0.3,-0.311320263583691,-0.0113202635836906,0.0892570291048954,0.0698005548786192,0.088545112368853,0.8088,0.225694782812758,5000,"log",0.7,-0.3,4000,NA,"auto",200,200,5000,5000,1,0.95,"empirical",0.95,"eti",23994,484.657123088837
"Conventional","sigma",0.40787103748592,0.408611752623578,0.000740715137657843,0.048744402064786,0.0385015511374639,0.0460609108209952,NA,NA,5000,"log",0.7,-0.3,4000,NA,"auto",200,200,5000,5000,1,0.95,"empirical",0.95,"eti",23994,484.657123088837
"Weighted GPD","sigma",0.40787103748592,0.394220544779164,-0.0136504927067568,0.0467372081492904,0.0375472179696365,0.042561452164478,NA,NA,5000,"log",0.7,-0.3,4000,NA,"auto",200,200,5000,5000,1,0.95,"empirical",0.95,"eti",23994,484.657123088837
"Cluster maxima (POT)","sigma",0.40787103748592,0.414675171286553,0.00680413380063245,0.0541309129101309,0.0420556993857141,0.0519918096242159,NA,NA,5000,"log",0.7,-0.3,4000,NA,"auto",200,200,5000,5000,1,0.95,"empirical",0.95,"eti",23994,484.657123088837
"Conventional","zm",3.07440013009476,3.05809514782462,-0.0163049822701445,0.109858761563928,0.0880026986087729,0.108652915914657,0.7642,0.276478832206104,5000,"log",0.7,-0.3,4000,NA,"auto",200,200,5000,5000,1,0.95,"empirical",0.95,"eti",23994,484.657123088837
"Weighted GPD","zm",3.07440013009476,3.07007569825741,-0.00432443183734979,0.0995706361700061,0.0798971546361869,0.0994866342513545,0.8244,0.30027457527949,5000,"log",0.7,-0.3,4000,NA,"auto",200,200,5000,5000,1,0.95,"empirical",0.95,"eti",23994,484.657123088837
"Cluster maxima (POT)","zm",3.07440013009476,3.07227492163313,-0.00212520846163585,0.0984563122628242,0.0789151526791083,0.0984432177796658,0.7982,0.28440880091438,5000,"log",0.7,-0.3,4000,NA,"auto",200,200,5000,5000,1,0.95,"empirical",0.95,"eti",23994,484.657123088837
"Conventional","k",0.3,0.267019056367949,-0.0329809436320512,0.177419882733843,0.140875121063114,0.174344920708076,0.8298,0.485260414804675,5000,"log",0.7,0.3,2000,NA,"auto",100,100,5000,5000,1,0.95,"empirical",0.95,"eti",22533,299.273382425308
"Weighted GPD","k",0.3,0.294819443200938,-0.00518055679906228,0.163753998835916,0.130219665613466,0.163688401374544,0.8686,0.487208058510166,5000,"log",0.7,0.3,2000,NA,"auto",100,100,5000,5000,1,0.95,"empirical",0.95,"eti",22533,299.273382425308
"Cluster maxima (POT)","k",0.3,0.281864415203317,-0.0181355847966829,0.180086811874582,0.141867648740081,0.179189235535117,0.8382,0.488463187484581,5000,"log",0.7,0.3,2000,NA,"auto",100,100,5000,5000,1,0.95,"empirical",0.95,"eti",22533,299.273382425308
"Conventional","sigma",2.45715470879691,2.51056018389244,0.0534054750955307,0.495164535562475,0.381642321900641,0.539911698390676,NA,NA,5000,"log",0.7,0.3,2000,NA,"auto",100,100,5000,5000,1,0.95,"empirical",0.95,"eti",22533,299.273382425308
"Weighted GPD","sigma",2.45715470879691,2.35534866479172,-0.101806044005187,0.465082873256005,0.37332525979294,0.495233871140315,NA,NA,5000,"log",0.7,0.3,2000,NA,"auto",100,100,5000,5000,1,0.95,"empirical",0.95,"eti",22533,299.273382425308
"Cluster maxima (POT)","sigma",2.45715470879691,2.57641555496339,0.119260846166482,0.628716071968436,0.470253090670523,0.653342826485935,NA,NA,5000,"log",0.7,0.3,2000,NA,"auto",100,100,5000,5000,1,0.95,"empirical",0.95,"eti",22533,299.273382425308
"Conventional","zm",39.5777764515089,44.4826076245415,4.90483117303263,49.8650044199987,19.0556332962013,49.6281561993601,0.7156,68.3413219581908,5000,"log",0.7,0.3,2000,NA,"auto",100,100,5000,5000,1,0.95,"empirical",0.95,"eti",22533,299.273382425308
"Weighted GPD","zm",39.5777764515089,43.0852330524743,3.50745660096541,25.1062881926921,15.9993867851074,24.8625639149252,0.7556,64.3053249576704,5000,"log",0.7,0.3,2000,NA,"auto",100,100,5000,5000,1,0.95,"empirical",0.95,"eti",22533,299.273382425308
"Cluster maxima (POT)","zm",39.5777764515089,44.5869784876841,5.00920203617524,25.8254135934269,16.1652382282043,25.3374876396282,0.7598,66.3418000811428,5000,"log",0.7,0.3,2000,NA,"auto",100,100,5000,5000,1,0.95,"empirical",0.95,"eti",22533,299.273382425308
"Conventional","k",0.3,0.281771013847301,-0.0182289861526987,0.133062574460221,0.105422371684239,0.13182119765598,0.8168,0.347248085368114,5000,"log",0.7,0.3,4000,NA,"auto",200,200,5000,5000,1,0.95,"empirical",0.95,"eti",22559,491.735277175903
"Weighted GPD","k",0.3,0.299233268969519,-0.000766731030480719,0.117956924176082,0.0936901938469384,0.11796622945092,0.8626,0.347172205218215,5000,"log",0.7,0.3,4000,NA,"auto",200,200,5000,5000,1,0.95,"empirical",0.95,"eti",22559,491.735277175903
"Cluster maxima (POT)","k",0.3,0.291637264780548,-0.00836273521945217,0.125936019226197,0.0996930380163751,0.125670617962332,0.8412,0.346421484956218,5000,"log",0.7,0.3,4000,NA,"auto",200,200,5000,5000,1,0.95,"empirical",0.95,"eti",22559,491.735277175903
"Conventional","sigma",2.45614545810408,2.48544523113488,0.0292997730307945,0.347921809602217,0.268360721886053,0.378788647128769,NA,NA,5000,"log",0.7,0.3,4000,NA,"auto",200,200,5000,5000,1,0.95,"empirical",0.95,"eti",22559,491.735277175903
"Weighted GPD","sigma",2.45614545810408,2.37722008859512,-0.0789253695089623,0.33454720826753,0.267623330948899,0.354663105601818,NA,NA,5000,"log",0.7,0.3,4000,NA,"auto",200,200,5000,5000,1,0.95,"empirical",0.95,"eti",22559,491.735277175903
"Cluster maxima (POT)","sigma",2.45614545810408,2.52779949770317,0.0716540395990846,0.426930670310444,0.328893525265299,0.44676799927038,NA,NA,5000,"log",0.7,0.3,4000,NA,"auto",200,200,5000,5000,1,0.95,"empirical",0.95,"eti",22559,491.735277175903
"Conventional","zm",39.5777764515089,41.840989212212,2.26321276070305,22.6386395292509,12.93713728292,22.5274802232339,0.692,38.1947138907822,5000,"log",0.7,0.3,4000,NA,"auto",200,200,5000,5000,1,0.95,"empirical",0.95,"eti",22559,491.735277175903
"Weighted GPD","zm",39.5777764515089,41.0476611190027,1.46988466749379,15.2139627056809,10.7862197796442,15.1443048790022,0.7564,36.9313987739527,5000,"log",0.7,0.3,4000,NA,"auto",200,200,5000,5000,1,0.95,"empirical",0.95,"eti",22559,491.735277175903
"Cluster maxima (POT)","zm",39.5777764515089,42.1121044143876,2.53432796287867,15.3183211418455,10.7109976734905,15.1087325458197,0.763,37.6818235823054,5000,"log",0.7,0.3,4000,NA,"auto",200,200,5000,5000,1,0.95,"empirical",0.95,"eti",22559,491.735277175903
"Conventional","k",-0.3,-0.309790745769355,-0.00979074576935489,0.104910893738048,0.0831354148544777,0.104463483792592,0.8968,0.333854670534876,5000,"log",0.75,-0.3,2000,NA,"auto",100,100,5000,5000,1,0.95,"empirical",0.95,"eti",25587,309.599623441696
"Weighted GPD","k",-0.3,-0.285874054571308,0.0141259454286922,0.105884329860175,0.0838451039906303,0.104948329219884,0.896,0.343907381317635,5000,"log",0.75,-0.3,2000,NA,"auto",100,100,5000,5000,1,0.95,"empirical",0.95,"eti",25587,309.599623441696
"Cluster maxima (POT)","k",-0.3,-0.322379046052887,-0.0223790460528867,0.13060220710537,0.100935355100485,0.128683435934441,0.8388,0.341699548321595,5000,"log",0.75,-0.3,2000,NA,"auto",100,100,5000,5000,1,0.95,"empirical",0.95,"eti",25587,309.599623441696
"Conventional","sigma",0.407544310631062,0.406717642205721,-0.000826668425340964,0.0648028842962224,0.0512763567166168,0.0617014699733184,NA,NA,5000,"log",0.75,-0.3,2000,NA,"auto",100,100,5000,5000,1,0.95,"empirical",0.95,"eti",25587,309.599623441696
"Weighted GPD","sigma",0.407544310631062,0.392545186138233,-0.014999124492829,0.0621872645760227,0.0500758037561813,0.0577619541182518,NA,NA,5000,"log",0.75,-0.3,2000,NA,"auto",100,100,5000,5000,1,0.95,"empirical",0.95,"eti",25587,309.599623441696
"Cluster maxima (POT)","sigma",0.407544310631062,0.421585887607655,0.0140415769765934,0.0759543883213729,0.0586691551527137,0.0722945506628602,NA,NA,5000,"log",0.75,-0.3,2000,NA,"auto",100,100,5000,5000,1,0.95,"empirical",0.95,"eti",25587,309.599623441696
"Conventional","zm",3.07440013009476,3.06045076435244,-0.0139493657423194,0.14615300735667,0.115428033548648,0.145500346477082,0.821,0.461249700006155,5000,"log",0.75,-0.3,2000,NA,"auto",100,100,5000,5000,1,0.95,"empirical",0.95,"eti",25587,309.599623441696
"Weighted GPD","zm",3.07440013009476,3.07555696112323,0.00115683102846903,0.144462747911012,0.114413753447276,0.144472563970881,0.841,0.501918108641525,5000,"log",0.75,-0.3,2000,NA,"auto",100,100,5000,5000,1,0.95,"empirical",0.95,"eti",25587,309.599623441696
"Cluster maxima (POT)","zm",3.07440013009476,3.07502186823304,0.000621738138276515,0.145323180317371,0.115094877536261,0.145336384681143,0.7976,0.469197363777794,5000,"log",0.75,-0.3,2000,NA,"auto",100,100,5000,5000,1,0.95,"empirical",0.95,"eti",25587,309.599623441696
"Conventional","k",-0.3,-0.307105346636697,-0.00710534663669656,0.072620827729571,0.0569092796611816,0.0722796204888212,0.8824,0.220075676907398,5000,"log",0.75,-0.3,4000,NA,"auto",200,200,5000,5000,1,0.95,"empirical",0.95,"eti",25617,508.498849153519
"Weighted GPD","k",-0.3,-0.291004235888076,0.00899576411192366,0.0705871851364335,0.0557396234217773,0.0700186222016599,0.8906,0.225231478197644,5000,"log",0.75,-0.3,4000,NA,"auto",200,200,5000,5000,1,0.95,"empirical",0.95,"eti",25617,508.498849153519
"Cluster maxima (POT)","k",-0.3,-0.31375551913921,-0.0137555191392099,0.0852520541694991,0.0661502060459504,0.0841434160004292,0.8248,0.222260459810928,5000,"log",0.75,-0.3,4000,NA,"auto",200,200,5000,5000,1,0.95,"empirical",0.95,"eti",25617,508.498849153519
"Conventional","sigma",0.407411803942006,0.40701398715423,-0.000397816787776112,0.045977252997631,0.0363649421008603,0.0438714462016441,NA,NA,5000,"log",0.75,-0.3,4000,NA,"auto",200,200,5000,5000,1,0.95,"empirical",0.95,"eti",25617,508.498849153519
"Weighted GPD","sigma",0.407411803942006,0.396929420941454,-0.0104823830005524,0.0443032197508177,0.0355346864127664,0.0413227810468655,NA,NA,5000,"log",0.75,-0.3,4000,NA,"auto",200,200,5000,5000,1,0.95,"empirical",0.95,"eti",25617,508.498849153519
"Cluster maxima (POT)","sigma",0.407411803942006,0.41653878680814,0.00912698286613337,0.0523841626654172,0.040644257563297,0.0502152112847932,NA,NA,5000,"log",0.75,-0.3,4000,NA,"auto",200,200,5000,5000,1,0.95,"empirical",0.95,"eti",25617,508.498849153519
"Conventional","zm",3.07440013009476,3.06208205503545,-0.0123180750593152,0.102751145875577,0.0811546757916506,0.102020314812806,0.7924,0.276940355570577,5000,"log",0.75,-0.3,4000,NA,"auto",200,200,5000,5000,1,0.95,"empirical",0.95,"eti",25617,508.498849153519
"Weighted GPD","zm",3.07440013009476,3.06975501910701,-0.00464511098775068,0.0944957856431567,0.0751506003172304,0.0943909867514101,0.8382,0.292484076832743,5000,"log",0.75,-0.3,4000,NA,"auto",200,200,5000,5000,1,0.95,"empirical",0.95,"eti",25617,508.498849153519
"Cluster maxima (POT)","zm",3.07440013009476,3.07255923855342,-0.00184089154134599,0.0936398678913598,0.0743366416342354,0.0936311344314021,0.8092,0.277708256240478,5000,"log",0.75,-0.3,4000,NA,"auto",200,200,5000,5000,1,0.95,"empirical",0.95,"eti",25617,508.498849153519
"Conventional","k",0.3,0.275855428372397,-0.0241445716276027,0.169587730917995,0.134025646458718,0.167876962903695,0.8512,0.485796181522519,5000,"log",0.75,0.3,2000,NA,"auto",100,100,5000,5000,1,0.95,"empirical",0.95,"eti",24109,290.375990867615
"Weighted GPD","k",0.3,0.2967522591212,-0.00324774087880011,0.158627191671355,0.125918953665454,0.158609802757052,0.8796,0.487615948803887,5000,"log",0.75,0.3,2000,NA,"auto",100,100,5000,5000,1,0.95,"empirical",0.95,"eti",24109,290.375990867615
"Cluster maxima (POT)","k",0.3,0.287100477739059,-0.0128995222609414,0.17223594738773,0.135565458130262,0.171769394372097,0.8542,0.489530552184496,5000,"log",0.75,0.3,2000,NA,"auto",100,100,5000,5000,1,0.95,"empirical",0.95,"eti",24109,290.375990867615
"Conventional","sigma",2.45805621599643,2.5085567080799,0.0505004920834672,0.474309675496388,0.367798959331027,0.510200313925128,NA,NA,5000,"log",0.75,0.3,2000,NA,"auto",100,100,5000,5000,1,0.95,"empirical",0.95,"eti",24109,290.375990867615
"Weighted GPD","sigma",2.45805621599643,2.38495369732461,-0.0731025186718258,0.448323756668531,0.355958803668901,0.476385895264667,NA,NA,5000,"log",0.75,0.3,2000,NA,"auto",100,100,5000,5000,1,0.95,"empirical",0.95,"eti",24109,290.375990867615
"Cluster maxima (POT)","sigma",2.45805621599643,2.58538319859791,0.12732698260148,0.594726770151249,0.440847877857212,0.610228039346628,NA,NA,5000,"log",0.75,0.3,2000,NA,"auto",100,100,5000,5000,1,0.95,"empirical",0.95,"eti",24109,290.375990867615
"Conventional","zm",39.5777764515089,44.0326863930743,4.45490994156542,31.7137765046105,17.1761787252226,31.4024620136866,0.7424,65.6566028459902,5000,"log",0.75,0.3,2000,NA,"auto",100,100,5000,5000,1,0.95,"empirical",0.95,"eti",24109,290.375990867615
"Weighted GPD","zm",39.5777764515089,43.1254034028921,3.54762695138323,22.5339103587339,15.0439506430321,22.2551233915409,0.7728,63.5581160724933,5000,"log",0.75,0.3,2000,NA,"auto",100,100,5000,5000,1,0.95,"empirical",0.95,"eti",24109,290.375990867615
"Cluster maxima (POT)","zm",39.5777764515089,44.8129260575566,5.23514960604774,23.6021845991394,15.3957856446246,23.0165653152231,0.774,66.037507781285,5000,"log",0.75,0.3,2000,NA,"auto",100,100,5000,5000,1,0.95,"empirical",0.95,"eti",24109,290.375990867615
"Conventional","k",0.3,0.28679722819262,-0.0132027718073799,0.122377456645302,0.0972642643846404,0.12167534544645,0.8514,0.347373156952504,5000,"log",0.75,0.3,4000,NA,"auto",200,200,5000,5000,1,0.95,"empirical",0.95,"eti",24137,500.905164003372
"Weighted GPD","k",0.3,0.297776321016797,-0.00222367898320277,0.110561958513301,0.088046159327278,0.11055064998144,0.887,0.346384520221712,5000,"log",0.75,0.3,4000,NA,"auto",200,200,5000,5000,1,0.95,"empirical",0.95,"eti",24137,500.905164003372
"Cluster maxima (POT)","k",0.3,0.292722708592445,-0.00727729140755448,0.116369370780924,0.0923147352063166,0.116153216914891,0.8676,0.346430111211133,5000,"log",0.75,0.3,4000,NA,"auto",200,200,5000,5000,1,0.95,"empirical",0.95,"eti",24137,500.905164003372
"Conventional","sigma",2.45690299664256,2.48024189349721,0.0233388968546526,0.328117259913343,0.258017433134423,0.354190529579355,NA,NA,5000,"log",0.75,0.3,4000,NA,"auto",200,200,5000,5000,1,0.95,"empirical",0.95,"eti",24137,500.905164003372
"Weighted GPD","sigma",2.45690299664256,2.39963363247531,-0.0572693641672464,0.314459969331245,0.25140451508214,0.332867970675682,NA,NA,5000,"log",0.75,0.3,4000,NA,"auto",200,200,5000,5000,1,0.95,"empirical",0.95,"eti",24137,500.905164003372
"Cluster maxima (POT)","sigma",2.45690299664256,2.53898051926182,0.0820775226192604,0.397724723271478,0.304938729753971,0.40949728709373,NA,NA,5000,"log",0.75,0.3,4000,NA,"auto",200,200,5000,5000,1,0.95,"empirical",0.95,"eti",24137,500.905164003372
"Conventional","zm",39.5777764515089,41.5885180665983,2.01074161508938,18.3943236884091,11.7428675312113,18.2859218279729,0.7362,37.4326713780153,5000,"log",0.75,0.3,4000,NA,"auto",200,200,5000,5000,1,0.95,"empirical",0.95,"eti",24137,500.905164003372
"Weighted GPD","zm",39.5777764515089,40.858253043375,1.2804765918661,14.0782719941171,10.1149968070147,14.0213209622464,0.779,36.3326744751562,5000,"log",0.75,0.3,4000,NA,"auto",200,200,5000,5000,1,0.95,"empirical",0.95,"eti",24137,500.905164003372
"Cluster maxima (POT)","zm",39.5777764515089,42.1001813934828,2.52240494197393,14.3108916125046,10.0725104770755,14.0882499910785,0.794,37.4134253794206,5000,"log",0.75,0.3,4000,NA,"auto",200,200,5000,5000,1,0.95,"empirical",0.95,"eti",24137,500.905164003372
"Conventional","k",-0.3,-0.300448233265836,-0.00044823326583649,0.100437328128172,0.0797692974349072,0.100446373071595,0.9048,0.33274586148255,5000,"log",0.8,-0.3,2000,NA,"auto",100,100,5000,5000,1,0.95,"empirical",0.95,"eti",23973,301.955860376358
"Weighted GPD","k",-0.3,-0.283871128508897,0.0161288714911032,0.102079359558264,0.0817016719313478,0.100807180149842,0.906,0.33830249061215,5000,"log",0.8,-0.3,2000,NA,"auto",100,100,5000,5000,1,0.95,"empirical",0.95,"eti",23973,301.955860376358
"Cluster maxima (POT)","k",-0.3,-0.315656312325555,-0.0156563123255549,0.121539462657033,0.0945846776527482,0.120538901574071,0.8476,0.336467405521374,5000,"log",0.8,-0.3,2000,NA,"auto",100,100,5000,5000,1,0.95,"empirical",0.95,"eti",23973,301.955860376358
"Conventional","sigma",0.408177584917224,0.404443797246292,-0.00373378767093218,0.0617364888347725,0.048967102429193,0.0597204853211007,NA,NA,5000,"log",0.8,-0.3,2000,NA,"auto",100,100,5000,5000,1,0.95,"empirical",0.95,"eti",23973,301.955860376358
"Weighted GPD","sigma",0.408177584917224,0.394210695765705,-0.0139668891515192,0.0605260934221442,0.0483734918807584,0.0574081484050853,NA,NA,5000,"log",0.8,-0.3,2000,NA,"auto",100,100,5000,5000,1,0.95,"empirical",0.95,"eti",23973,301.955860376358
"Cluster maxima (POT)","sigma",0.408177584917224,0.41999065143284,0.0118130665156163,0.0715150037336619,0.0550242420176122,0.0693133984795078,NA,NA,5000,"log",0.8,-0.3,2000,NA,"auto",100,100,5000,5000,1,0.95,"empirical",0.95,"eti",23973,301.955860376358
"Conventional","zm",3.07440013009476,3.07166378679305,-0.00273634330171852,0.138199564126887,0.108789667908129,0.138186291072613,0.8356,0.471336808870613,5000,"log",0.8,-0.3,2000,NA,"auto",100,100,5000,5000,1,0.95,"empirical",0.95,"eti",23973,301.955860376358
"Weighted GPD","zm",3.07440013009476,3.08090455072466,0.00650442062989334,0.135797013875492,0.107274244501539,0.135654715841934,0.8548,0.497250871412925,5000,"log",0.8,-0.3,2000,NA,"auto",100,100,5000,5000,1,0.95,"empirical",0.95,"eti",23973,301.955860376358
"Cluster maxima (POT)","zm",3.07440013009476,3.08136961186199,0.00696948176723046,0.136887335269949,0.108375336890207,0.136723471074692,0.8192,0.468621965360273,5000,"log",0.8,-0.3,2000,NA,"auto",100,100,5000,5000,1,0.95,"empirical",0.95,"eti",23973,301.955860376358
"Conventional","k",-0.3,-0.30361089978865,-0.00361089978864962,0.0680307871347445,0.0539080732013281,0.0679416854030891,0.9008,0.219470945150529,5000,"log",0.8,-0.3,4000,NA,"auto",200,200,5000,5000,1,0.95,"empirical",0.95,"eti",24001,496.290322303772
"Weighted GPD","k",-0.3,-0.293275475519626,0.00672452448037422,0.0663964198428247,0.0531914534845222,0.0660616240043394,0.902,0.221396970076067,5000,"log",0.8,-0.3,4000,NA,"auto",200,200,5000,5000,1,0.95,"empirical",0.95,"eti",24001,496.290322303772
"Cluster maxima (POT)","k",-0.3,-0.31434074610617,-0.0143407461061698,0.0790604145664145,0.0618351299542679,0.07775668056705,0.8498,0.218673924235389,5000,"log",0.8,-0.3,4000,NA,"auto",200,200,5000,5000,1,0.95,"empirical",0.95,"eti",24001,496.290322303772
"Conventional","sigma",0.407376130047634,0.407356430737255,-1.96993103787397e-05,0.0432769123542495,0.0343039830082728,0.0418949325021655,NA,NA,5000,"log",0.8,-0.3,4000,NA,"auto",200,200,5000,5000,1,0.95,"empirical",0.95,"eti",24001,496.290322303772
"Weighted GPD","sigma",0.407376130047634,0.400406353688301,-0.00696977635933249,0.041884539320667,0.0335155719228827,0.0401877869957367,NA,NA,5000,"log",0.8,-0.3,4000,NA,"auto",200,200,5000,5000,1,0.95,"empirical",0.95,"eti",24001,496.290322303772
"Cluster maxima (POT)","sigma",0.407376130047634,0.419069009850265,0.0116928798026316,0.0496664577771779,0.0382611745422275,0.0474623664646634,NA,NA,5000,"log",0.8,-0.3,4000,NA,"auto",200,200,5000,5000,1,0.95,"empirical",0.95,"eti",24001,496.290322303772
"Conventional","zm",3.07440013009476,3.07015080394015,-0.00424932615461047,0.0954107355521344,0.0758269218914195,0.0953255950920161,0.8142,0.279022435674883,5000,"log",0.8,-0.3,4000,NA,"auto",200,200,5000,5000,1,0.95,"empirical",0.95,"eti",24001,496.290322303772
"Weighted GPD","zm",3.07440013009476,3.07379126277008,-0.000608867324682838,0.0891754160913733,0.0711656677426964,0.089182256142198,0.8416,0.286555216617315,5000,"log",0.8,-0.3,4000,NA,"auto",200,200,5000,5000,1,0.95,"empirical",0.95,"eti",24001,496.290322303772
"Cluster maxima (POT)","zm",3.07440013009476,3.07744557690076,0.00304544680599785,0.0885386038590742,0.0707012224589834,0.0884950614568201,0.817,0.273293861040814,5000,"log",0.8,-0.3,4000,NA,"auto",200,200,5000,5000,1,0.95,"empirical",0.95,"eti",24001,496.290322303772
"Conventional","k",0.3,0.282916565817231,-0.0170834341827688,0.157985187968875,0.125318811028452,0.157074537644263,0.8836,0.484944041297171,5000,"log",0.8,0.3,2000,NA,"auto",100,100,5000,5000,1,0.95,"empirical",0.95,"eti",22540,300.480769634247
"Weighted GPD","k",0.3,0.291719480419524,-0.00828051958047627,0.150027643936217,0.119427865333252,0.149813937214421,0.899,0.483138905845589,5000,"log",0.8,0.3,2000,NA,"auto",100,100,5000,5000,1,0.95,"empirical",0.95,"eti",22540,300.480769634247
"Cluster maxima (POT)","k",0.3,0.284371485421977,-0.0156285145780234,0.161630728063415,0.127819513736234,0.160889461650439,0.8788,0.484974458528526,5000,"log",0.8,0.3,2000,NA,"auto",100,100,5000,5000,1,0.95,"empirical",0.95,"eti",22540,300.480769634247
"Conventional","sigma",2.4559809769542,2.4899010466292,0.0339200696749968,0.446875989341644,0.347584027064527,0.474057534685191,NA,NA,5000,"log",0.8,0.3,2000,NA,"auto",100,100,5000,5000,1,0.95,"empirical",0.95,"eti",22540,300.480769634247
"Weighted GPD","sigma",2.4559809769542,2.40965595051169,-0.0463250264425147,0.430516921678132,0.342947965376629,0.453308599146853,NA,NA,5000,"log",0.8,0.3,2000,NA,"auto",100,100,5000,5000,1,0.95,"empirical",0.95,"eti",22540,300.480769634247
"Cluster maxima (POT)","sigma",2.4559809769542,2.60001437048106,0.144033393526858,0.55967252682812,0.421241455277739,0.563829570061381,NA,NA,5000,"log",0.8,0.3,2000,NA,"auto",100,100,5000,5000,1,0.95,"empirical",0.95,"eti",22540,300.480769634247
"Conventional","zm",39.5777764515089,43.5281737948967,3.95039734338784,27.6350622645533,15.5908550335821,27.3539882892816,0.7842,63.4268177343501,5000,"log",0.8,0.3,2000,NA,"auto",100,100,5000,5000,1,0.95,"empirical",0.95,"eti",22540,300.480769634247
"Weighted GPD","zm",39.5777764515089,42.1543201199119,2.57654366840304,20.2748329328368,13.7613714249552,20.1124631861525,0.805,60.0745321053662,5000,"log",0.8,0.3,2000,NA,"auto",100,100,5000,5000,1,0.95,"empirical",0.95,"eti",22540,300.480769634247
"Cluster maxima (POT)","zm",39.5777764515089,44.017909447105,4.4401329955961,21.3213010935574,14.2504414119261,20.8559366445675,0.8024,63.0843196821379,5000,"log",0.8,0.3,2000,NA,"auto",100,100,5000,5000,1,0.95,"empirical",0.95,"eti",22540,300.480769634247
"Conventional","k",0.3,0.29078537797576,-0.00921462202423958,0.115347868528908,0.0915183751624715,0.114990721748889,0.8682,0.346780526088183,5000,"log",0.8,0.3,4000,NA,"auto",200,200,5000,5000,1,0.95,"empirical",0.95,"eti",22566,508.423817873001
"Weighted GPD","k",0.3,0.295838152185135,-0.00416184781486474,0.105802105880475,0.0839750249683569,0.105730792258431,0.8962,0.345334620826694,5000,"log",0.8,0.3,4000,NA,"auto",200,200,5000,5000,1,0.95,"empirical",0.95,"eti",22566,508.423817873001
"Cluster maxima (POT)","k",0.3,0.292609167675294,-0.00739083232470578,0.110523284787175,0.0873863459031695,0.110286919979836,0.884,0.345477262149087,5000,"log",0.8,0.3,4000,NA,"auto",200,200,5000,5000,1,0.95,"empirical",0.95,"eti",22566,508.423817873001
"Conventional","sigma",2.45693957609888,2.48257189141583,0.025632315316952,0.318376253280663,0.250899587991889,0.339502543604286,NA,NA,5000,"log",0.8,0.3,4000,NA,"auto",200,200,5000,5000,1,0.95,"empirical",0.95,"eti",22566,508.423817873001
"Weighted GPD","sigma",2.45693957609888,2.42720171152208,-0.0297378645767905,0.306548810936159,0.243970489373248,0.325901158240164,NA,NA,5000,"log",0.8,0.3,4000,NA,"auto",200,200,5000,5000,1,0.95,"empirical",0.95,"eti",22566,508.423817873001
"Cluster maxima (POT)","sigma",2.45693957609888,2.55724148020647,0.100301904107596,0.384534069202935,0.296710880507614,0.38929621309706,NA,NA,5000,"log",0.8,0.3,4000,NA,"auto",200,200,5000,5000,1,0.95,"empirical",0.95,"eti",22566,508.423817873001
"Conventional","zm",39.5777764515089,41.6485120346062,2.07073558309735,16.8480072949595,10.8764333191457,16.7219415326579,0.764,37.1547926569749,5000,"log",0.8,0.3,4000,NA,"auto",200,200,5000,5000,1,0.95,"empirical",0.95,"eti",22566,508.423817873001
"Weighted GPD","zm",39.5777764515089,40.7805553192146,1.20277886770571,13.0933349836271,9.52733237520832,13.0392771478553,0.8002,35.8517455241179,5000,"log",0.8,0.3,4000,NA,"auto",200,200,5000,5000,1,0.95,"empirical",0.95,"eti",22566,508.423817873001
"Cluster maxima (POT)","zm",39.5777764515089,42.1327437194774,2.55496726796852,13.3658203815212,9.59179607115369,13.1206603140281,0.8036,37.0698642918333,5000,"log",0.8,0.3,4000,NA,"auto",200,200,5000,5000,1,0.95,"empirical",0.95,"eti",22566,508.423817873001
"Conventional","k",-0.3,-0.295260231519546,0.004739768480454,0.0972012885243921,0.0762298736538579,0.0970953685181294,0.9212,0.332503058789081,5000,"log",0.85,-0.3,2000,NA,"auto",100,100,5000,5000,1,0.95,"empirical",0.95,"eti",25594,299.768146038055
"Weighted GPD","k",-0.3,-0.285259589602382,0.0147404103976177,0.0985274368488584,0.0777265924550899,0.0974283047590854,0.9126,0.334240640188903,5000,"log",0.85,-0.3,2000,NA,"auto",100,100,5000,5000,1,0.95,"empirical",0.95,"eti",25594,299.768146038055
"Cluster maxima (POT)","k",-0.3,-0.315298664069289,-0.0152986640692891,0.114040629898523,0.0887900986845664,0.113021108203409,0.8682,0.331931861468479,5000,"log",0.85,-0.3,2000,NA,"auto",100,100,5000,5000,1,0.95,"empirical",0.95,"eti",25594,299.768146038055
"Conventional","sigma",0.408100724245932,0.404494538374633,-0.00360618587129872,0.0575946416904018,0.0459380379726468,0.0565101090957168,NA,NA,5000,"log",0.85,-0.3,2000,NA,"auto",100,100,5000,5000,1,0.95,"empirical",0.95,"eti",25594,299.768146038055
"Weighted GPD","sigma",0.408100724245932,0.397795567896468,-0.0103051563494638,0.0573335581898851,0.0460481295023377,0.0556405502646547,NA,NA,5000,"log",0.85,-0.3,2000,NA,"auto",100,100,5000,5000,1,0.95,"empirical",0.95,"eti",25594,299.768146038055
"Cluster maxima (POT)","sigma",0.408100724245932,0.422353129697746,0.0142524054518141,0.0676291218994031,0.0528019522024682,0.0654533834797549,NA,NA,5000,"log",0.85,-0.3,2000,NA,"auto",100,100,5000,5000,1,0.95,"empirical",0.95,"eti",25594,299.768146038055
"Conventional","zm",3.07440013009476,3.08359008276753,0.00918995267276539,0.134424711839725,0.105015949851638,0.134123621156811,0.855,0.480353787253232,5000,"log",0.85,-0.3,2000,NA,"auto",100,100,5000,5000,1,0.95,"empirical",0.95,"eti",25594,299.768146038055
"Weighted GPD","zm",3.07440013009476,3.08742125426873,0.0130211241739657,0.130153952935353,0.102786921800582,0.129513924198352,0.8652,0.492426743550529,5000,"log",0.85,-0.3,2000,NA,"auto",100,100,5000,5000,1,0.95,"empirical",0.95,"eti",25594,299.768146038055
"Cluster maxima (POT)","zm",3.07440013009476,3.08761316505935,0.0132130349645898,0.131452971079422,0.104200750604815,0.130800309849952,0.8274,0.463574808159227,5000,"log",0.85,-0.3,2000,NA,"auto",100,100,5000,5000,1,0.95,"empirical",0.95,"eti",25594,299.768146038055
"Conventional","k",-0.3,-0.299440601650215,0.000559398349784758,0.0660422271221473,0.0524632436811079,0.0660464629165885,0.9104,0.219385062433279,5000,"log",0.85,-0.3,4000,NA,"auto",199.9998,200,5000,5000,1,0.95,"empirical",0.95,"eti",25624,338.171798944473
"Weighted GPD","k",-0.3,-0.293850636809056,0.0061493631909441,0.0645775800644348,0.0514313557818188,0.0642905578953181,0.913,0.219135937030437,5000,"log",0.85,-0.3,4000,NA,"auto",199.9998,200,5000,5000,1,0.95,"empirical",0.95,"eti",25624,338.171798944473
"Cluster maxima (POT)","k",-0.3,-0.314241472158975,-0.0142414721589754,0.0755248073931824,0.0586739018402128,0.0741773379005612,0.8668,0.216589279509663,5000,"log",0.85,-0.3,4000,NA,"auto",199.9998,200,5000,5000,1,0.95,"empirical",0.95,"eti",25624,338.171798944473
"Conventional","sigma",0.407588253117795,0.406009713908528,-0.00157853920926717,0.040190539579178,0.032004259022997,0.0394581260241103,NA,NA,5000,"log",0.85,-0.3,4000,NA,"auto",199.9998,200,5000,5000,1,0.95,"empirical",0.95,"eti",25624,338.171798944473
"Weighted GPD","sigma",0.407588253117795,0.401873268895731,-0.0057149842220641,0.0395660081262751,0.0316266023332707,0.0385531352917548,NA,NA,5000,"log",0.85,-0.3,4000,NA,"auto",199.9998,200,5000,5000,1,0.95,"empirical",0.95,"eti",25624,338.171798944473
"Cluster maxima (POT)","sigma",0.407588253117795,0.420236730622383,0.0126484775045875,0.0473522299144024,0.0365875377202253,0.0452008527005654,NA,NA,5000,"log",0.85,-0.3,4000,NA,"auto",199.9998,200,5000,5000,1,0.95,"empirical",0.95,"eti",25624,338.171798944473
"Conventional","zm",3.07440013009476,3.07498452032869,0.000584390233922159,0.0904224136237136,0.070896128805797,0.0904295685877548,0.8372,0.28224930292829,5000,"log",0.85,-0.3,4000,NA,"auto",199.9998,200,5000,5000,1,0.95,"empirical",0.95,"eti",25624,338.171798944473
"Weighted GPD","zm",3.07440013009476,3.07568361871843,0.00128348862366748,0.0846456728282606,0.0673244465872619,0.0846444063161056,0.853,0.284249459487138,5000,"log",0.85,-0.3,4000,NA,"auto",199.9998,200,5000,5000,1,0.95,"empirical",0.95,"eti",25624,338.171798944473
"Cluster maxima (POT)","zm",3.07440013009476,3.07977260309237,0.00537247299760167,0.0846471568758471,0.0674502429516229,0.0844849409190936,0.8282,0.271059003546432,5000,"log",0.85,-0.3,4000,NA,"auto",199.9998,200,5000,5000,1,0.95,"empirical",0.95,"eti",25624,338.171798944473
"Conventional","k",0.3,0.289866598653718,-0.0101334013462817,0.148917070309877,0.11796632929627,0.148586754495663,0.9022,0.486278074159996,5000,"log",0.85,0.3,2000,NA,"auto",100,100,5000,5000,1,0.95,"empirical",0.95,"eti",24116,295.03946518898
"Weighted GPD","k",0.3,0.292140087859172,-0.00785991214082839,0.143332436276462,0.113728732054376,0.1431310810808,0.9132,0.482589263748787,5000,"log",0.85,0.3,2000,NA,"auto",100,100,5000,5000,1,0.95,"empirical",0.95,"eti",24116,295.03946518898
"Cluster maxima (POT)","k",0.3,0.285609515744355,-0.0143904842556448,0.15402533837721,0.12154653083713,0.153366955729466,0.8918,0.484703407762393,5000,"log",0.85,0.3,2000,NA,"auto",100,100,5000,5000,1,0.95,"empirical",0.95,"eti",24116,295.03946518898
"Conventional","sigma",2.45319406363796,2.45329463311352,0.000100569475555919,0.423680241933287,0.334360157030246,0.446626175341441,NA,NA,5000,"log",0.85,0.3,2000,NA,"auto",100,100,5000,5000,1,0.95,"empirical",0.95,"eti",24116,295.03946518898
"Weighted GPD","sigma",2.45319406363796,2.40111684499647,-0.0520772186414959,0.417243274141973,0.33213786490636,0.43548088056466,NA,NA,5000,"log",0.85,0.3,2000,NA,"auto",100,100,5000,5000,1,0.95,"empirical",0.95,"eti",24116,295.03946518898
"Cluster maxima (POT)","sigma",2.45319406363796,2.57976967425897,0.126575610621012,0.524542467586294,0.398417233235427,0.528950072932292,NA,NA,5000,"log",0.85,0.3,2000,NA,"auto",100,100,5000,5000,1,0.95,"empirical",0.95,"eti",24116,295.03946518898
"Conventional","zm",39.5777764515089,42.8851252472422,3.30734879573327,23.6204401465963,14.2026358979201,23.3900845631963,0.8176,61.8245992159759,5000,"log",0.85,0.3,2000,NA,"auto",100,100,5000,5000,1,0.95,"empirical",0.95,"eti",24116,295.03946518898
"Weighted GPD","zm",39.5777764515089,41.5373484580368,1.95957200652792,18.2471172607969,12.7927993088449,18.1434065853414,0.8322,58.5027421017829,5000,"log",0.85,0.3,2000,NA,"auto",100,100,5000,5000,1,0.95,"empirical",0.95,"eti",24116,295.03946518898
"Cluster maxima (POT)","zm",39.5777764515089,43.4235601806931,3.84578372918417,19.4910874368941,13.3796022980927,19.1098266364666,0.8248,61.5759416826726,5000,"log",0.85,0.3,2000,NA,"auto",100,100,5000,5000,1,0.95,"empirical",0.95,"eti",24116,295.03946518898
"Conventional","k",0.3,0.295587659433655,-0.00441234056634541,0.108741018327642,0.0864117501601111,0.10866232934197,0.8914,0.346667430537914,5000,"log",0.85,0.3,4000,NA,"auto",200,200,5000,5000,1,0.95,"empirical",0.95,"eti",24144,386.222223043442
"Weighted GPD","k",0.3,0.294707732105629,-0.00529226789437128,0.103119432754145,0.0821581600827388,0.102993838933416,0.9058,0.344133145380421,5000,"log",0.85,0.3,4000,NA,"auto",200,200,5000,5000,1,0.95,"empirical",0.95,"eti",24144,386.222223043442
"Cluster maxima (POT)","k",0.3,0.293032534287736,-0.00696746571226429,0.106902555793484,0.0849266706089638,0.106685928004466,0.8936,0.344517821063835,5000,"log",0.85,0.3,4000,NA,"auto",200,200,5000,5000,1,0.95,"empirical",0.95,"eti",24144,386.222223043442
"Conventional","sigma",2.45405193256073,2.45942949305056,0.00537756048982832,0.303505572881398,0.238564446947427,0.31796456105864,NA,NA,5000,"log",0.85,0.3,4000,NA,"auto",200,200,5000,5000,1,0.95,"empirical",0.95,"eti",24144,386.222223043442
"Weighted GPD","sigma",2.45405193256073,2.43119544248823,-0.0228564900725033,0.29506413592204,0.232398412229216,0.308367369583542,NA,NA,5000,"log",0.85,0.3,4000,NA,"auto",200,200,5000,5000,1,0.95,"empirical",0.95,"eti",24144,386.222223043442
"Cluster maxima (POT)","sigma",2.45405193256073,2.55616172609949,0.102109793538758,0.361010566194505,0.277989974823821,0.360140609168595,NA,NA,5000,"log",0.85,0.3,4000,NA,"auto",200,200,5000,5000,1,0.95,"empirical",0.95,"eti",24144,386.222223043442
"Conventional","zm",39.5777764515089,41.3650854807899,1.78730902928099,14.1071651859549,9.8606391404033,13.9948850434415,0.8092,36.6869928442689,5000,"log",0.85,0.3,4000,NA,"auto",200,200,5000,5000,1,0.95,"empirical",0.95,"eti",24144,386.222223043442
"Weighted GPD","zm",39.5777764515089,40.4889592879419,0.911182836432981,12.0827495399338,9.03671235608556,12.0495485644684,0.8244,35.3391307971016,5000,"log",0.85,0.3,4000,NA,"auto",200,200,5000,5000,1,0.95,"empirical",0.95,"eti",24144,386.222223043442
"Cluster maxima (POT)","zm",39.5777764515089,42.003433059103,2.42565660759414,12.4909806178568,9.15760452225524,12.254420466995,0.8226,36.7828990805648,5000,"log",0.85,0.3,4000,NA,"auto",200,200,5000,5000,1,0.95,"empirical",0.95,"eti",24144,386.222223043442
"Conventional","k",-0.3,-0.289282621153726,0.0107173788462739,0.0960477361659709,0.0766481540837167,0.0954574661241391,0.9232,0.332869007525406,5000,"log",0.9,-0.3,2000,NA,"auto",100,100,5000,5000,1,0.95,"empirical",0.95,"eti",23980,254.011713981628
"Weighted GPD","k",-0.3,-0.284441636462268,0.015558363537732,0.0954851855482866,0.0764723448607519,0.0942185406907816,0.9218,0.332322090327393,5000,"log",0.9,-0.3,2000,NA,"auto",100,100,5000,5000,1,0.95,"empirical",0.95,"eti",23980,254.011713981628
"Cluster maxima (POT)","k",-0.3,-0.312292871888342,-0.0122928718883423,0.107082916047297,0.0841959146036308,0.106385618341425,0.89,0.329738141964153,5000,"log",0.9,-0.3,2000,NA,"auto",100,100,5000,5000,1,0.95,"empirical",0.95,"eti",23980,254.011713981628
"Conventional","sigma",0.408008244884903,0.401637547358923,-0.00637069752598005,0.0559894585058685,0.0454132857158575,0.0554099757269424,NA,NA,5000,"log",0.9,-0.3,2000,NA,"auto",100,100,5000,5000,1,0.95,"empirical",0.95,"eti",23980,254.011713981628
"Weighted GPD","sigma",0.408008244884903,0.398056233152488,-0.0099520117324155,0.0555110341460765,0.0449902728451011,0.0545728588334461,NA,NA,5000,"log",0.9,-0.3,2000,NA,"auto",100,100,5000,5000,1,0.95,"empirical",0.95,"eti",23980,254.011713981628
"Cluster maxima (POT)","sigma",0.408008244884903,0.420876226274571,0.0128679813896675,0.0640920387161716,0.0500953216738593,0.0627050179592378,NA,NA,5000,"log",0.9,-0.3,2000,NA,"auto",100,100,5000,5000,1,0.95,"empirical",0.95,"eti",23980,254.011713981628
"Conventional","zm",3.07440013009476,3.08901076831648,0.0146106382217201,0.128798441351977,0.100489042537251,0.127979855892072,0.87,0.487218915211433,5000,"log",0.9,-0.3,2000,NA,"auto",100,100,5000,5000,1,0.95,"empirical",0.95,"eti",23980,254.011713981628
"Weighted GPD","zm",3.07440013009476,3.08950611018132,0.0151059800865512,0.123815197026746,0.0979472568338598,0.122902536129545,0.8812,0.489946736595378,5000,"log",0.9,-0.3,2000,NA,"auto",100,100,5000,5000,1,0.95,"empirical",0.95,"eti",23980,254.011713981628
"Cluster maxima (POT)","zm",3.07440013009476,3.08952414750338,0.0151240174086136,0.124906560046621,0.0992864640308481,0.123999951764956,0.847,0.461007448609204,5000,"log",0.9,-0.3,2000,NA,"auto",100,100,5000,5000,1,0.95,"empirical",0.95,"eti",23980,254.011713981628
"Conventional","k",-0.3,-0.295805026758361,0.00419497324163853,0.0628891895705372,0.0499220250264075,0.0627553982725261,0.92,0.218186020581599,5000,"log",0.9,-0.3,4000,NA,"auto",199.9998,200,5000,5000,1,0.95,"empirical",0.95,"eti",24008,427.94163274765
"Weighted GPD","k",-0.3,-0.294033530587041,0.00596646941295928,0.0618671987782116,0.049216219588663,0.0615849824991519,0.9194,0.21646414989949,5000,"log",0.9,-0.3,4000,NA,"auto",199.9998,200,5000,5000,1,0.95,"empirical",0.95,"eti",24008,427.94163274765
"Cluster maxima (POT)","k",-0.3,-0.313613886267321,-0.0136138862673207,0.0700547244094685,0.0545847338464731,0.0687260588643088,0.8858,0.213909271413906,5000,"log",0.9,-0.3,4000,NA,"auto",199.9998,200,5000,5000,1,0.95,"empirical",0.95,"eti",24008,427.94163274765
"Conventional","sigma",0.407354794962276,0.404935295018125,-0.0024194999441513,0.0389425837111371,0.0312630770716127,0.0390487110612415,NA,NA,5000,"log",0.9,-0.3,4000,NA,"auto",199.9998,200,5000,5000,1,0.95,"empirical",0.95,"eti",24008,427.94163274765
"Weighted GPD","sigma",0.407354794962276,0.403244678759358,-0.00411011620291798,0.0386521418851257,0.0310129507413058,0.0386521650110604,NA,NA,5000,"log",0.9,-0.3,4000,NA,"auto",199.9998,200,5000,5000,1,0.95,"empirical",0.95,"eti",24008,427.94163274765
"Cluster maxima (POT)","sigma",0.407354794962276,0.421068676275945,0.0137138813136687,0.0454780749275756,0.0354395625440216,0.043583430290278,NA,NA,5000,"log",0.9,-0.3,4000,NA,"auto",199.9998,200,5000,5000,1,0.95,"empirical",0.95,"eti",24008,427.94163274765
"Conventional","zm",3.07440013009476,3.07998266474815,0.00558253465339099,0.0824845579891676,0.0651165867171381,0.08230365965126,0.8736,0.282880364427923,5000,"log",0.9,-0.3,4000,NA,"auto",199.9998,200,5000,5000,1,0.95,"empirical",0.95,"eti",24008,427.94163274765
"Weighted GPD","zm",3.07440013009476,3.07901406016176,0.00461393006699887,0.0791086566575689,0.062961531963662,0.0789818892865258,0.8798,0.281255536867195,5000,"log",0.9,-0.3,4000,NA,"auto",199.9998,200,5000,5000,1,0.95,"empirical",0.95,"eti",24008,427.94163274765
"Cluster maxima (POT)","zm",3.07440013009476,3.08326859017982,0.0088684600850596,0.0794963910384934,0.0634331615840873,0.0790080695807494,0.848,0.26828964229331,5000,"log",0.9,-0.3,4000,NA,"auto",199.9998,200,5000,5000,1,0.95,"empirical",0.95,"eti",24008,427.94163274765
"Conventional","k",0.3,0.298110345362836,-0.00188965463716404,0.145062177611706,0.11515231873371,0.145064376445305,0.9118,0.485999823736993,5000,"log",0.9,0.3,2000,NA,"auto",100,100,5000,5000,1,0.95,"empirical",0.95,"eti",22547,302.920084238052
"Weighted GPD","k",0.3,0.296392111657599,-0.00360788834240105,0.140175491813084,0.111951792393889,0.140143068550254,0.919,0.482112236013434,5000,"log",0.9,0.3,2000,NA,"auto",100,100,5000,5000,1,0.95,"empirical",0.95,"eti",22547,302.920084238052
"Cluster maxima (POT)","k",0.3,0.290558304934457,-0.00944169506554297,0.148862284704686,0.118591912832275,0.148577418377217,0.9008,0.483514089674854,5000,"log",0.9,0.3,2000,NA,"auto",100,100,5000,5000,1,0.95,"empirical",0.95,"eti",22547,302.920084238052
"Conventional","sigma",2.4548036997423,2.45733290624449,0.00252920650219662,0.414410173250154,0.32935301409865,0.43062206222932,NA,NA,5000,"log",0.9,0.3,2000,NA,"auto",100,100,5000,5000,1,0.95,"empirical",0.95,"eti",22547,302.920084238052
"Weighted GPD","sigma",2.4548036997423,2.42760473590653,-0.0271989638357686,0.409914785141238,0.327860950091372,0.424378873000082,NA,NA,5000,"log",0.9,0.3,2000,NA,"auto",100,100,5000,5000,1,0.95,"empirical",0.95,"eti",22547,302.920084238052
"Cluster maxima (POT)","sigma",2.4548036997423,2.59352951948293,0.138725819740634,0.51113808541505,0.389111114507029,0.506746327078666,NA,NA,5000,"log",0.9,0.3,2000,NA,"auto",100,100,5000,5000,1,0.95,"empirical",0.95,"eti",22547,302.920084238052
"Conventional","zm",39.5777764515089,43.5549176148914,3.97714116338252,21.2666058786346,13.675546230829,20.893496150716,0.8332,62.8755592095457,5000,"log",0.9,0.3,2000,NA,"auto",100,100,5000,5000,1,0.95,"empirical",0.95,"eti",22547,302.920084238052
"Weighted GPD","zm",39.5777764515089,42.2594759731965,2.68169952168759,18.033242866647,12.5272502345407,17.8345156915697,0.8484,59.6831362659918,5000,"log",0.9,0.3,2000,NA,"auto",100,100,5000,5000,1,0.95,"empirical",0.95,"eti",22547,302.920084238052
"Cluster maxima (POT)","zm",39.5777764515089,44.0880192904147,4.51024283890583,19.5001902689042,13.2042097059009,18.9733267373717,0.8388,62.4462099310007,5000,"log",0.9,0.3,2000,NA,"auto",100,100,5000,5000,1,0.95,"empirical",0.95,"eti",22547,302.920084238052
"Conventional","k",0.3,0.298055294082387,-0.00194470591761257,0.102423065086054,0.0811569492238306,0.102414843360444,0.9078,0.34685870143984,5000,"log",0.9,0.3,4000,NA,"auto",200,200,5000,5000,1,0.95,"empirical",0.95,"eti",22573,499.055454015732
"Weighted GPD","k",0.3,0.293240649053883,-0.00675935094611743,0.0989021245803662,0.0788649289929611,0.0986807427976569,0.9168,0.343663837320241,5000,"log",0.9,0.3,4000,NA,"auto",200,200,5000,5000,1,0.95,"empirical",0.95,"eti",22573,499.055454015732
"Cluster maxima (POT)","k",0.3,0.291908421820214,-0.00809157817978575,0.103052567270274,0.0819982638861051,0.102744680044322,0.9074,0.34406186655648,5000,"log",0.9,0.3,4000,NA,"auto",200,200,5000,5000,1,0.95,"empirical",0.95,"eti",22573,499.055454015732
"Conventional","sigma",2.45543136311048,2.46015841639272,0.00472705328223392,0.294193940695774,0.23274842087878,0.304927854122405,NA,NA,5000,"log",0.9,0.3,4000,NA,"auto",200,200,5000,5000,1,0.95,"empirical",0.95,"eti",22573,499.055454015732
"Weighted GPD","sigma",2.45543136311048,2.44997535342223,-0.00545600968825631,0.291888474883224,0.230914608027314,0.301688566734798,NA,NA,5000,"log",0.9,0.3,4000,NA,"auto",200,200,5000,5000,1,0.95,"empirical",0.95,"eti",22573,499.055454015732
"Cluster maxima (POT)","sigma",2.45543136311048,2.57211291260942,0.116681549498932,0.355713796698899,0.27405541933459,0.344766520731757,NA,NA,5000,"log",0.9,0.3,4000,NA,"auto",200,200,5000,5000,1,0.95,"empirical",0.95,"eti",22573,499.055454015732
"Conventional","zm",39.5777764515089,41.3419508015491,1.76417435004019,12.5598752945864,9.11981339466633,12.4366028358327,0.8282,36.4286326757048,5000,"log",0.9,0.3,4000,NA,"auto",200,200,5000,5000,1,0.95,"empirical",0.95,"eti",22573,499.055454015732
"Weighted GPD","zm",39.5777764515089,40.362673707399,0.784897255890102,11.2057414234204,8.51179845072167,11.1793368614059,0.8444,34.8841134076037,5000,"log",0.9,0.3,4000,NA,"auto",200,200,5000,5000,1,0.95,"empirical",0.95,"eti",22573,499.055454015732
"Cluster maxima (POT)","zm",39.5777764515089,41.9301519598098,2.35237550830087,11.7767615520226,8.79125974900561,11.540584003289,0.8382,36.4419260548015,5000,"log",0.9,0.3,4000,NA,"auto",200,200,5000,5000,1,0.95,"empirical",0.95,"eti",22573,499.055454015732
"Conventional","k",-0.3,-0.285460846191309,0.0145391538086908,0.094743688229652,0.0752205017736807,0.0936308325950764,0.9244,0.332281613708443,5000,"log",0.95,-0.3,2000,NA,"auto",100,100,5000,5000,1,0.95,"empirical",0.95,"eti",25601,289.997397661209
"Weighted GPD","k",-0.3,-0.285036773460851,0.0149632265391489,0.0949721272275001,0.0753119552648236,0.093795342714431,0.9232,0.330427846946824,5000,"log",0.95,-0.3,2000,NA,"auto",100,100,5000,5000,1,0.95,"empirical",0.95,"eti",25601,289.997397661209
"Cluster maxima (POT)","k",-0.3,-0.310489307681879,-0.0104893076818792,0.103198491275726,0.0803147657036651,0.102674297797583,0.904,0.326613183248889,5000,"log",0.95,-0.3,2000,NA,"auto",100,100,5000,5000,1,0.95,"empirical",0.95,"eti",25601,289.997397661209
"Conventional","sigma",0.407786229556689,0.401258521626745,-0.00652770792994429,0.0540938729060959,0.0431689127907222,0.0545469221529752,NA,NA,5000,"log",0.95,-0.3,2000,NA,"auto",100,100,5000,5000,1,0.95,"empirical",0.95,"eti",25601,289.997397661209
"Weighted GPD","sigma",0.407786229556689,0.400819173337941,-0.00696705621874863,0.0543163091390666,0.0434467637430823,0.0548279519226346,NA,NA,5000,"log",0.95,-0.3,2000,NA,"auto",100,100,5000,5000,1,0.95,"empirical",0.95,"eti",25601,289.997397661209
"Cluster maxima (POT)","sigma",0.407786229556689,0.421421940401924,0.0136357108452343,0.0619259374490466,0.0479115136919554,0.0612245477976533,NA,NA,5000,"log",0.95,-0.3,2000,NA,"auto",100,100,5000,5000,1,0.95,"empirical",0.95,"eti",25601,289.997397661209
"Conventional","zm",3.07440013009476,3.09646317092939,0.0220630408346211,0.121843293713532,0.0960092705975957,0.119841073212223,0.8804,0.490341461335854,5000,"log",0.95,-0.3,2000,NA,"auto",100,100,5000,5000,1,0.95,"empirical",0.95,"eti",25601,289.997397661209
"Weighted GPD","zm",3.07440013009476,3.09591888081089,0.021518750716126,0.119685677417024,0.0947493683462002,0.117747091776882,0.8802,0.488397397837923,5000,"log",0.95,-0.3,2000,NA,"auto",100,100,5000,5000,1,0.95,"empirical",0.95,"eti",25601,289.997397661209
"Cluster maxima (POT)","zm",3.07440013009476,3.09473852590886,0.020338395814097,0.120383867425331,0.0955897991294919,0.118665249674389,0.851,0.459334547338082,5000,"log",0.95,-0.3,2000,NA,"auto",100,100,5000,5000,1,0.95,"empirical",0.95,"eti",25601,289.997397661209
"Conventional","k",-0.3,-0.294893361309803,0.00510663869019704,0.0621206547441166,0.0489997019073351,0.0619165948681736,0.922,0.217567049623503,5000,"log",0.95,-0.3,4000,NA,"auto",200,200,5000,5000,1,0.95,"empirical",0.95,"eti",25631,490.86813378334
"Weighted GPD","k",-0.3,-0.295763085732674,0.00423691426732621,0.0612015645304491,0.0482912541718767,0.0610608364143071,0.92,0.215161897873799,5000,"log",0.95,-0.3,4000,NA,"auto",200,200,5000,5000,1,0.95,"empirical",0.95,"eti",25631,490.86813378334
"Cluster maxima (POT)","k",-0.3,-0.315244330667388,-0.0152443306673882,0.0682984496394773,0.0535090074093349,0.0665820939946146,0.8912,0.211563559170386,5000,"log",0.95,-0.3,4000,NA,"auto",200,200,5000,5000,1,0.95,"empirical",0.95,"eti",25631,490.86813378334
"Conventional","sigma",0.407217623061391,0.4047398077727,-0.00247781528869058,0.0375129389935416,0.0297990591156507,0.0381539288364109,NA,NA,5000,"log",0.95,-0.3,4000,NA,"auto",200,200,5000,5000,1,0.95,"empirical",0.95,"eti",25631,490.86813378334
"Weighted GPD","sigma",0.407217623061391,0.404846954986623,-0.00237066807476811,0.0374458526647917,0.0297910889695457,0.038104839412419,NA,NA,5000,"log",0.95,-0.3,4000,NA,"auto",200,200,5000,5000,1,0.95,"empirical",0.95,"eti",25631,490.86813378334
"Cluster maxima (POT)","sigma",0.407217623061391,0.422086540111539,0.014868917050148,0.0441907153855961,0.0344751589109155,0.0423540342506446,NA,NA,5000,"log",0.95,-0.3,4000,NA,"auto",200,200,5000,5000,1,0.95,"empirical",0.95,"eti",25631,490.86813378334
"Conventional","zm",3.07440013009476,3.08176415851198,0.0073640284172188,0.0771068711095039,0.0613751863413625,0.0767620944320591,0.8862,0.282315789415407,5000,"log",0.95,-0.3,4000,NA,"auto",200,200,5000,5000,1,0.95,"empirical",0.95,"eti",25631,490.86813378334
"Weighted GPD","zm",3.07440013009476,3.07981648364337,0.005416353548603,0.0744109358634245,0.0596097578910811,0.0742209690098112,0.8952,0.27838158709906,5000,"log",0.95,-0.3,4000,NA,"auto",200,200,5000,5000,1,0.95,"empirical",0.95,"eti",25631,490.86813378334
"Cluster maxima (POT)","zm",3.07440013009476,3.08257876695631,0.00817863686154293,0.0751275989497258,0.0603721618616431,0.0746885647162785,0.86,0.264112828063688,5000,"log",0.95,-0.3,4000,NA,"auto",200,200,5000,5000,1,0.95,"empirical",0.95,"eti",25631,490.86813378334
"Conventional","k",0.3,0.302827634354057,0.00282763435405748,0.137944038718263,0.10914140282479,0.137928848234517,0.9238,0.485863490066739,5000,"log",0.95,0.3,2000,NA,"auto",100,100,5000,5000,1,0.95,"empirical",0.95,"eti",24123,291.339679718018
"Weighted GPD","k",0.3,0.29868128481203,-0.00131871518797034,0.136064312317453,0.107872832260864,0.136071529604499,0.9254,0.483159913812971,5000,"log",0.95,0.3,2000,NA,"auto",100,100,5000,5000,1,0.95,"empirical",0.95,"eti",24123,291.339679718018
"Cluster maxima (POT)","k",0.3,0.29165564015981,-0.00834435984019011,0.142896976750006,0.11313823699436,0.142667404899764,0.9124,0.482670338266789,5000,"log",0.95,0.3,2000,NA,"auto",100,100,5000,5000,1,0.95,"empirical",0.95,"eti",24123,291.339679718018
"Conventional","sigma",2.45440244547272,2.44983362239419,-0.00456882307853266,0.40853751989263,0.322804561207848,0.41965524412255,NA,NA,5000,"log",0.95,0.3,2000,NA,"auto",100,100,5000,5000,1,0.95,"empirical",0.95,"eti",24123,291.339679718018
"Weighted GPD","sigma",2.45440244547272,2.44448363952001,-0.00991880595270886,0.407970335995584,0.322879298537877,0.418567734019597,NA,NA,5000,"log",0.95,0.3,2000,NA,"auto",100,100,5000,5000,1,0.95,"empirical",0.95,"eti",24123,291.339679718018
"Cluster maxima (POT)","sigma",2.45440244547272,2.59917006790811,0.144767622435387,0.494358331877533,0.375938159809864,0.483094907329287,NA,NA,5000,"log",0.95,0.3,2000,NA,"auto",100,100,5000,5000,1,0.95,"empirical",0.95,"eti",24123,291.339679718018
"Conventional","zm",39.5777764515089,43.1895750519543,3.61179860044545,17.8699428873956,12.2152288948401,17.5028866155436,0.8686,61.4367734580484,5000,"log",0.95,0.3,2000,NA,"auto",100,100,5000,5000,1,0.95,"empirical",0.95,"eti",24123,291.339679718018
"Weighted GPD","zm",39.5777764515089,42.3370173006554,2.75924084914653,16.4854594288344,11.6790216910762,16.2545318135294,0.8784,59.3645826671136,5000,"log",0.95,0.3,2000,NA,"auto",100,100,5000,5000,1,0.95,"empirical",0.95,"eti",24123,291.339679718018
"Cluster maxima (POT)","zm",39.5777764515089,43.871761633694,4.29398518218515,17.7327828844327,12.3905977798493,17.2067572360547,0.8632,61.5230470457475,5000,"log",0.95,0.3,2000,NA,"auto",100,100,5000,5000,1,0.95,"empirical",0.95,"eti",24123,291.339679718018
"Conventional","k",0.3,0.300244513196823,0.000244513196823164,0.0971321533822029,0.0770914487189652,0.097141560263908,0.9284,0.345956195325412,5000,"log",0.95,0.3,4000,NA,"auto",200,200,5000,5000,1,0.95,"empirical",0.95,"eti",24151,489.37322473526
"Weighted GPD","k",0.3,0.293859482940511,-0.0061405170594892,0.0957720281248767,0.0759641319735713,0.0955845317085076,0.9322,0.343620342386878,5000,"log",0.95,0.3,4000,NA,"auto",200,200,5000,5000,1,0.95,"empirical",0.95,"eti",24151,489.37322473526
"Cluster maxima (POT)","k",0.3,0.29032845183505,-0.00967154816495033,0.0997928599037509,0.0793222712959976,0.0993330229770214,0.9194,0.342930382885653,5000,"log",0.95,0.3,4000,NA,"auto",200,200,5000,5000,1,0.95,"empirical",0.95,"eti",24151,489.37322473526
"Conventional","sigma",2.45630251217507,2.45732037099097,0.00101785881589322,0.288631053387353,0.23025404002632,0.29666764224493,NA,NA,5000,"log",0.95,0.3,4000,NA,"auto",200,200,5000,5000,1,0.95,"empirical",0.95,"eti",24151,489.37322473526
"Weighted GPD","sigma",2.45630251217507,2.46047102733269,0.00416851515761868,0.289679670212933,0.230695573946596,0.29766325232525,NA,NA,5000,"log",0.95,0.3,4000,NA,"auto",200,200,5000,5000,1,0.95,"empirical",0.95,"eti",24151,489.37322473526
"Cluster maxima (POT)","sigma",2.45630251217507,2.58727873529948,0.130976223124407,0.352718245405408,0.273496318776085,0.335273391829444,NA,NA,5000,"log",0.95,0.3,4000,NA,"auto",200,200,5000,5000,1,0.95,"empirical",0.95,"eti",24151,489.37322473526
"Conventional","zm",39.5777764515089,41.2564836222753,1.67870717076639,11.4422530311306,8.34511678953295,11.3195725717836,0.8688,36.0787393362053,5000,"log",0.95,0.3,4000,NA,"auto",200,200,5000,5000,1,0.95,"empirical",0.95,"eti",24151,489.37322473526
"Weighted GPD","zm",39.5777764515089,40.4015232719615,0.823746820452636,10.6503432104089,7.96017470557062,10.619501232948,0.87,34.7935487395922,5000,"log",0.95,0.3,4000,NA,"auto",200,200,5000,5000,1,0.95,"empirical",0.95,"eti",24151,489.37322473526
"Cluster maxima (POT)","zm",39.5777764515089,41.8107271077748,2.23295065626594,11.3799125413628,8.35785635526662,11.1598050639589,0.8682,35.9925085910029,5000,"log",0.95,0.3,4000,NA,"auto",200,200,5000,5000,1,0.95,"empirical",0.95,"eti",24151,489.37322473526
"Conventional","k",-0.3,-0.282894129176008,0.0171058708239918,0.0927152506252597,0.0739328613413001,0.0911326939985904,0.929,0.330459599967701,5000,"log",1,-0.3,2000,NA,"auto",100,100,5000,5000,1,0.95,"empirical",0.95,"eti",20916,271.914054632187
"Weighted GPD","k",-0.3,-0.288594134629329,0.0114058653706713,0.0935067981490834,0.0743600600581334,0.0928178353838993,0.9248,0.329158360600205,5000,"log",1,-0.3,2000,NA,"auto",100,100,5000,5000,1,0.95,"empirical",0.95,"eti",20916,271.914054632187
"Cluster maxima (POT)","k",-0.3,-0.30977147304424,-0.00977147304424026,0.097560000386385,0.0763317276070192,0.0970791268054538,0.9102,0.322586695757653,5000,"log",1,-0.3,2000,NA,"auto",100,100,5000,5000,1,0.95,"empirical",0.95,"eti",20916,271.914054632187
"Conventional","sigma",0.40744336688702,0.400134786300644,-0.0073085805863761,0.0526078708746643,0.0419533206815628,0.0535556845542593,NA,NA,5000,"log",1,-0.3,2000,NA,"auto",100,100,5000,5000,1,0.95,"empirical",0.95,"eti",20916,271.914054632187
"Weighted GPD","sigma",0.40744336688702,0.405007954806257,-0.00243541208076304,0.0535300839782462,0.0426196612900602,0.0549368150415814,NA,NA,5000,"log",1,-0.3,2000,NA,"auto",100,100,5000,5000,1,0.95,"empirical",0.95,"eti",20916,271.914054632187
"Cluster maxima (POT)","sigma",0.40744336688702,0.421053648357201,0.0136102814701809,0.0597641743599795,0.0465680965459544,0.0596428761849077,NA,NA,5000,"log",1,-0.3,2000,NA,"auto",100,100,5000,5000,1,0.95,"empirical",0.95,"eti",20916,271.914054632187
"Conventional","zm",3.07440013009476,3.09960238574705,0.0252022556522872,0.116546157614957,0.092044327519241,0.113800014294805,0.8912,0.48980540751486,5000,"log",1,-0.3,2000,NA,"auto",100,100,5000,5000,1,0.95,"empirical",0.95,"eti",20916,271.914054632187
"Weighted GPD","zm",3.07440013009476,3.10014117146907,0.0257410413743103,0.117697828566681,0.092804766479887,0.114859985205981,0.8826,0.484336931725536,5000,"log",1,-0.3,2000,NA,"auto",100,100,5000,5000,1,0.95,"empirical",0.95,"eti",20916,271.914054632187
"Cluster maxima (POT)","zm",3.07440013009476,3.09527191607101,0.0208717859762448,0.115095734528575,0.0913944546730136,0.113198760809135,0.8586,0.452318231042299,5000,"log",1,-0.3,2000,NA,"auto",100,100,5000,5000,1,0.95,"empirical",0.95,"eti",20916,271.914054632187
"Conventional","k",-0.3,-0.292392439512247,0.00760756048775301,0.0618312517256135,0.0490658107861986,0.0613675965780257,0.9192,0.216524225021741,5000,"log",1,-0.3,4000,NA,"auto",200,200,5000,5000,1,0.95,"empirical",0.95,"eti",20940,433.649567842484
"Weighted GPD","k",-0.3,-0.296510065656582,0.00348993434341838,0.0625237318086646,0.0495365144758966,0.0624324992367968,0.9152,0.215430402424348,5000,"log",1,-0.3,4000,NA,"auto",200,200,5000,5000,1,0.95,"empirical",0.95,"eti",20940,433.649567842484
"Cluster maxima (POT)","k",-0.3,-0.314382012905177,-0.0143820129051765,0.0662235015575665,0.0517385000609583,0.0646494065904309,0.8956,0.209443174107081,5000,"log",1,-0.3,4000,NA,"auto",200,200,5000,5000,1,0.95,"empirical",0.95,"eti",20940,433.649567842484
"Conventional","sigma",0.407457775426438,0.404342473334845,-0.00311530209159219,0.0364955926925806,0.0291188321363489,0.0373990933342776,NA,NA,5000,"log",1,-0.3,4000,NA,"auto",200,200,5000,5000,1,0.95,"empirical",0.95,"eti",20940,433.649567842484
"Weighted GPD","sigma",0.407457775426438,0.408095606508933,0.000637831082494956,0.0373051403412025,0.0297337311840454,0.0383599099915844,NA,NA,5000,"log",1,-0.3,4000,NA,"auto",200,200,5000,5000,1,0.95,"empirical",0.95,"eti",20940,433.649567842484
"Cluster maxima (POT)","sigma",0.407457775426438,0.422456447709567,0.0149986722831291,0.042681478378821,0.0334244705332437,0.040962328914953,NA,NA,5000,"log",1,-0.3,4000,NA,"auto",200,200,5000,5000,1,0.95,"empirical",0.95,"eti",20940,433.649567842484
"Conventional","zm",3.07440013009476,3.08548344667933,0.0110833165845608,0.0751578276011866,0.0601097514500084,0.0743435574621184,0.8928,0.283912713934541,5000,"log",1,-0.3,4000,NA,"auto",200,200,5000,5000,1,0.95,"empirical",0.95,"eti",20940,433.649567842484
"Weighted GPD","zm",3.07440013009476,3.08642115313745,0.0120210230426905,0.0759101925806225,0.0607732242102657,0.0749598301616397,0.882,0.28091191631964,5000,"log",1,-0.3,4000,NA,"auto",200,200,5000,5000,1,0.95,"empirical",0.95,"eti",20940,433.649567842484
"Cluster maxima (POT)","zm",3.07440013009476,3.08468889398707,0.0102887638923009,0.0748952773956639,0.0600377853068301,0.0741926197320628,0.8568,0.262722442621788,5000,"log",1,-0.3,4000,NA,"auto",200,200,5000,5000,1,0.95,"empirical",0.95,"eti",20940,433.649567842484
"Conventional","k",0.3,0.307101689809834,0.00710168980983423,0.127929469425203,0.101748477431844,0.127744976046183,0.9506,0.486126121738438,5000,"log",1,0.3,2000,NA,"auto",100,100,5000,5000,1,0.95,"empirical",0.95,"eti",19573,277.693749189377
"Weighted GPD","k",0.3,0.305001425429812,0.00500142542981154,0.129403158968401,0.103146121572996,0.129319403015443,0.9442,0.485573022430464,5000,"log",1,0.3,2000,NA,"auto",100,100,5000,5000,1,0.95,"empirical",0.95,"eti",19573,277.693749189377
"Cluster maxima (POT)","k",0.3,0.29219906402843,-0.00780093597156985,0.132876300665044,0.10593053246514,0.132660380037451,0.9342,0.481816884468705,5000,"log",1,0.3,2000,NA,"auto",100,100,5000,5000,1,0.95,"empirical",0.95,"eti",19573,277.693749189377
"Conventional","sigma",2.45470906502575,2.44171476583116,-0.012994299194588,0.388294283225733,0.307174853323116,0.394357439120417,NA,NA,5000,"log",1,0.3,2000,NA,"auto",100,100,5000,5000,1,0.95,"empirical",0.95,"eti",19573,277.693749189377
"Weighted GPD","sigma",2.45470906502575,2.46762754849066,0.0129184834649177,0.396215415966228,0.311893494717415,0.402483848757274,NA,NA,5000,"log",1,0.3,2000,NA,"auto",100,100,5000,5000,1,0.95,"empirical",0.95,"eti",19573,277.693749189377
"Cluster maxima (POT)","sigma",2.45470906502575,2.59936454284255,0.144655477816802,0.464242399707439,0.35612151067467,0.447510732878676,NA,NA,5000,"log",1,0.3,2000,NA,"auto",100,100,5000,5000,1,0.95,"empirical",0.95,"eti",19573,277.693749189377
"Conventional","zm",39.5777764515089,43.0745142408373,3.49673778932845,16.1615131097312,11.337104095273,15.7802767483826,0.9026,60.8528996057557,5000,"log",1,0.3,2000,NA,"auto",100,100,5000,5000,1,0.95,"empirical",0.95,"eti",19573,277.693749189377
"Weighted GPD","zm",39.5777764515089,43.2808416756603,3.70306522415138,16.50676994767,11.5540203004705,16.087651306387,0.8942,61.1884707881973,5000,"log",1,0.3,2000,NA,"auto",100,100,5000,5000,1,0.95,"empirical",0.95,"eti",19573,277.693749189377
"Cluster maxima (POT)","zm",39.5777764515089,43.6115733741777,4.03379692266878,16.8941926937648,11.7553172382587,16.4071956279676,0.8834,60.5756031199792,5000,"log",1,0.3,2000,NA,"auto",100,100,5000,5000,1,0.95,"empirical",0.95,"eti",19573,277.693749189377
"Conventional","k",0.3,0.303501571745415,0.00350157174541505,0.0911929920848888,0.0725476964141488,0.0911348556431014,0.9454,0.346570826953919,5000,"log",1,0.3,4000,NA,"auto",200,200,5000,5000,1,0.95,"empirical",0.95,"eti",19595,461.261085033417
"Weighted GPD","k",0.3,0.302070421959312,0.00207042195931204,0.0925486018600931,0.0737831942046499,0.0925346939968305,0.9412,0.346254133830552,5000,"log",1,0.3,4000,NA,"auto",200,200,5000,5000,1,0.95,"empirical",0.95,"eti",19595,461.261085033417
"Cluster maxima (POT)","k",0.3,0.290344587955895,-0.00965541204410534,0.0946392073326565,0.0752963006921266,0.0941547959900805,0.933,0.342899761211566,5000,"log",1,0.3,4000,NA,"auto",200,200,5000,5000,1,0.95,"empirical",0.95,"eti",19595,461.261085033417
"Conventional","sigma",2.45564245867935,2.44653775154266,-0.00910470713668234,0.281954779658954,0.224762340832802,0.28613986416971,NA,NA,5000,"log",1,0.3,4000,NA,"auto",200,200,5000,5000,1,0.95,"empirical",0.95,"eti",19595,461.261085033417
"Weighted GPD","sigma",2.45564245867935,2.46679821804149,0.0111557593621488,0.286378369930491,0.227649506333387,0.290633663331118,NA,NA,5000,"log",1,0.3,4000,NA,"auto",200,200,5000,5000,1,0.95,"empirical",0.95,"eti",19595,461.261085033417
"Cluster maxima (POT)","sigma",2.45564245867935,2.58782284806604,0.132180389386693,0.34136248609625,0.264912903121952,0.319412848315179,NA,NA,5000,"log",1,0.3,4000,NA,"auto",200,200,5000,5000,1,0.95,"empirical",0.95,"eti",19595,461.261085033417
"Conventional","zm",39.5777764515089,41.1992722501117,1.62149579860277,10.1039920495162,7.60672225581734,9.97403143028913,0.9,36.0200209016089,5000,"log",1,0.3,4000,NA,"auto",200,200,5000,5000,1,0.95,"empirical",0.95,"eti",19595,461.261085033417
"Weighted GPD","zm",39.5777764515089,41.3664697402524,1.78869328874346,10.3634143984464,7.7669785156792,10.2089068302372,0.8918,36.155788746104,5000,"log",1,0.3,4000,NA,"auto",200,200,5000,5000,1,0.95,"empirical",0.95,"eti",19595,461.261085033417
"Cluster maxima (POT)","zm",39.5777764515089,41.6342416894373,2.05646523792844,10.5479116432643,7.86916322130551,10.3465356965259,0.8832,35.6862076399452,5000,"log",1,0.3,4000,NA,"auto",200,200,5000,5000,1,0.95,"empirical",0.95,"eti",19595,461.261085033417
