Assuming unrestricted shared filesystem usage.
None
host: l24-0691
Building DAG of jobs...
Using shell: /usr/bin/bash
Provided cores: 16
Rules claiming more threads will be scaled down.
Job stats:
job         count
--------  -------
all             1
combine         1
figures         1
run_cell       76
total          79

Select jobs to execute...
Execute 4 jobs...
[Fri Aug 28 20:46:12 2026]
localrule run_cell:
    output: results/bias_sensitivity/raw/dp0.6_k0.3_n2000_rauto.rds
    log: logs/bias_sensitivity/run_dp0.6_k0.3_n2000_rauto.log
    jobid: 48
    reason: Missing output files: results/bias_sensitivity/raw/dp0.6_k0.3_n2000_rauto.rds; Params have changed since last execution: Union of exclusive params before and now across all output: before: '--dep_type=log --dep_par=0.6 --k=0.3 --n=2000 --r=auto --n_rep=5000 --sigma=1.0 --p_thresh=0.95 --threshold=empirical --m_ret=5000 --coverage=TRUE --cred_mass=0.95 --interval=eti --n_draws=10000 --n_grid=50 --min_grid_pts=100 --wip=FALSE --approaches="Conventional,Weighted GPD,Cluster maxima (POT)" --seed=3026' now: '--dep_type=log --dep_par=0.6 --k=0.3 --n=2000 --r=auto --n_rep=5000 --sigma=1.0 --p_thresh=0.95 --threshold=empirical --m_ret=1000 --coverage=TRUE --cred_mass=0.95 --interval=eti --n_draws=10000 --n_grid=50 --min_grid_pts=100 --wip=FALSE --approaches="Conventional,Weighted GPD,Cluster maxima (POT)" --seed=4026' 
    wildcards: cell=dp0.6_k0.3_n2000_rauto
    threads: 4
    resources: tmpdir=/tmp

[Fri Aug 28 20:46:12 2026]
localrule run_cell:
    output: results/bias_sensitivity/raw/dp0.15_k-0.3_n4000_rauto.rds
    log: logs/bias_sensitivity/run_dp0.15_k-0.3_n4000_rauto.log
    jobid: 3
    reason: Missing output files: results/bias_sensitivity/raw/dp0.15_k-0.3_n4000_rauto.rds; Params have changed since last execution: Union of exclusive params before and now across all output: before: '--dep_type=log --dep_par=0.15 --k=-0.3 --n=4000 --r=auto --n_rep=5000 --sigma=1.0 --p_thresh=0.95 --threshold=empirical --m_ret=5000 --coverage=TRUE --cred_mass=0.95 --interval=eti --n_draws=10000 --n_grid=50 --min_grid_pts=100 --wip=FALSE --approaches="Conventional,Weighted GPD,Cluster maxima (POT)" --seed=3026' now: '--dep_type=log --dep_par=0.15 --k=-0.3 --n=4000 --r=auto --n_rep=5000 --sigma=1.0 --p_thresh=0.95 --threshold=empirical --m_ret=1000 --coverage=TRUE --cred_mass=0.95 --interval=eti --n_draws=10000 --n_grid=50 --min_grid_pts=100 --wip=FALSE --approaches="Conventional,Weighted GPD,Cluster maxima (POT)" --seed=4026' 
    wildcards: cell=dp0.15_k-0.3_n4000_rauto
    threads: 4
    resources: tmpdir=/tmp

[Fri Aug 28 20:46:12 2026]
localrule run_cell:
    output: results/bias_sensitivity/raw/dp0.85_k-0.3_n2000_rauto.rds
    log: logs/bias_sensitivity/run_dp0.85_k-0.3_n2000_rauto.log
    jobid: 58
    reason: Missing output files: results/bias_sensitivity/raw/dp0.85_k-0.3_n2000_rauto.rds; Params have changed since last execution: Union of exclusive params before and now across all output: before: '--dep_type=log --dep_par=0.85 --k=-0.3 --n=2000 --r=auto --n_rep=5000 --sigma=1.0 --p_thresh=0.95 --threshold=empirical --m_ret=5000 --coverage=TRUE --cred_mass=0.95 --interval=eti --n_draws=10000 --n_grid=50 --min_grid_pts=100 --wip=FALSE --approaches="Conventional,Weighted GPD,Cluster maxima (POT)" --seed=3026' now: '--dep_type=log --dep_par=0.85 --k=-0.3 --n=2000 --r=auto --n_rep=5000 --sigma=1.0 --p_thresh=0.95 --threshold=empirical --m_ret=1000 --coverage=TRUE --cred_mass=0.95 --interval=eti --n_draws=10000 --n_grid=50 --min_grid_pts=100 --wip=FALSE --approaches="Conventional,Weighted GPD,Cluster maxima (POT)" --seed=4026' 
    wildcards: cell=dp0.85_k-0.3_n2000_rauto
    threads: 4
    resources: tmpdir=/tmp

[Fri Aug 28 20:46:12 2026]
localrule run_cell:
    output: results/bias_sensitivity/raw/dp0.55_k-0.3_n2000_rauto.rds
    log: logs/bias_sensitivity/run_dp0.55_k-0.3_n2000_rauto.log
    jobid: 34
    reason: Missing output files: results/bias_sensitivity/raw/dp0.55_k-0.3_n2000_rauto.rds; Params have changed since last execution: Union of exclusive params before and now across all output: before: '--dep_type=log --dep_par=0.55 --k=-0.3 --n=2000 --r=auto --n_rep=5000 --sigma=1.0 --p_thresh=0.95 --threshold=empirical --m_ret=5000 --coverage=TRUE --cred_mass=0.95 --interval=eti --n_draws=10000 --n_grid=50 --min_grid_pts=100 --wip=FALSE --approaches="Conventional,Weighted GPD,Cluster maxima (POT)" --seed=3026' now: '--dep_type=log --dep_par=0.55 --k=-0.3 --n=2000 --r=auto --n_rep=5000 --sigma=1.0 --p_thresh=0.95 --threshold=empirical --m_ret=1000 --coverage=TRUE --cred_mass=0.95 --interval=eti --n_draws=10000 --n_grid=50 --min_grid_pts=100 --wip=FALSE --approaches="Conventional,Weighted GPD,Cluster maxima (POT)" --seed=4026' 
    wildcards: cell=dp0.55_k-0.3_n2000_rauto
    threads: 4
    resources: tmpdir=/tmp

Select jobs to execute...
[Fri Aug 28 20:48:07 2026]
Finished jobid: 48 (Rule: run_cell)
1 of 79 steps (1%) done
Execute 1 jobs...
[Fri Aug 28 20:48:07 2026]
localrule run_cell:
    output: results/bias_sensitivity/raw/dp0.95_k0.3_n4000_rauto.rds
    log: logs/bias_sensitivity/run_dp0.95_k0.3_n4000_rauto.log
    jobid: 69
    reason: Missing output files: results/bias_sensitivity/raw/dp0.95_k0.3_n4000_rauto.rds; Params have changed since last execution: Union of exclusive params before and now across all output: before: '--dep_type=log --dep_par=0.95 --k=0.3 --n=4000 --r=auto --n_rep=5000 --sigma=1.0 --p_thresh=0.95 --threshold=empirical --m_ret=5000 --coverage=TRUE --cred_mass=0.95 --interval=eti --n_draws=10000 --n_grid=50 --min_grid_pts=100 --wip=FALSE --approaches="Conventional,Weighted GPD,Cluster maxima (POT)" --seed=3026' now: '--dep_type=log --dep_par=0.95 --k=0.3 --n=4000 --r=auto --n_rep=5000 --sigma=1.0 --p_thresh=0.95 --threshold=empirical --m_ret=1000 --coverage=TRUE --cred_mass=0.95 --interval=eti --n_draws=10000 --n_grid=50 --min_grid_pts=100 --wip=FALSE --approaches="Conventional,Weighted GPD,Cluster maxima (POT)" --seed=4026' 
    wildcards: cell=dp0.95_k0.3_n4000_rauto
    threads: 4
    resources: tmpdir=/tmp

Select jobs to execute...
[Fri Aug 28 20:48:11 2026]
Finished jobid: 34 (Rule: run_cell)
2 of 79 steps (3%) done
Execute 1 jobs...
[Fri Aug 28 20:48:11 2026]
localrule run_cell:
    output: results/bias_sensitivity/raw/dp0.5_k-0.3_n4000_rauto.rds
    log: logs/bias_sensitivity/run_dp0.5_k-0.3_n4000_rauto.log
    jobid: 39
    reason: Missing output files: results/bias_sensitivity/raw/dp0.5_k-0.3_n4000_rauto.rds; Params have changed since last execution: Union of exclusive params before and now across all output: before: '--dep_type=log --dep_par=0.5 --k=-0.3 --n=4000 --r=auto --n_rep=5000 --sigma=1.0 --p_thresh=0.95 --threshold=empirical --m_ret=5000 --coverage=TRUE --cred_mass=0.95 --interval=eti --n_draws=10000 --n_grid=50 --min_grid_pts=100 --wip=FALSE --approaches="Conventional,Weighted GPD,Cluster maxima (POT)" --seed=3026' now: '--dep_type=log --dep_par=0.5 --k=-0.3 --n=4000 --r=auto --n_rep=5000 --sigma=1.0 --p_thresh=0.95 --threshold=empirical --m_ret=1000 --coverage=TRUE --cred_mass=0.95 --interval=eti --n_draws=10000 --n_grid=50 --min_grid_pts=100 --wip=FALSE --approaches="Conventional,Weighted GPD,Cluster maxima (POT)" --seed=4026' 
    wildcards: cell=dp0.5_k-0.3_n4000_rauto
    threads: 4
    resources: tmpdir=/tmp

Select jobs to execute...
[Fri Aug 28 20:48:14 2026]
Finished jobid: 58 (Rule: run_cell)
3 of 79 steps (4%) done
Execute 1 jobs...
[Fri Aug 28 20:48:14 2026]
localrule run_cell:
    output: results/bias_sensitivity/raw/dp0.7_k-0.3_n2000_rauto.rds
    log: logs/bias_sensitivity/run_dp0.7_k-0.3_n2000_rauto.log
    jobid: 54
    reason: Missing output files: results/bias_sensitivity/raw/dp0.7_k-0.3_n2000_rauto.rds; Params have changed since last execution: Union of exclusive params before and now across all output: before: '--dep_type=log --dep_par=0.7 --k=-0.3 --n=2000 --r=auto --n_rep=5000 --sigma=1.0 --p_thresh=0.95 --threshold=empirical --m_ret=5000 --coverage=TRUE --cred_mass=0.95 --interval=eti --n_draws=10000 --n_grid=50 --min_grid_pts=100 --wip=FALSE --approaches="Conventional,Weighted GPD,Cluster maxima (POT)" --seed=3026' now: '--dep_type=log --dep_par=0.7 --k=-0.3 --n=2000 --r=auto --n_rep=5000 --sigma=1.0 --p_thresh=0.95 --threshold=empirical --m_ret=1000 --coverage=TRUE --cred_mass=0.95 --interval=eti --n_draws=10000 --n_grid=50 --min_grid_pts=100 --wip=FALSE --approaches="Conventional,Weighted GPD,Cluster maxima (POT)" --seed=4026' 
    wildcards: cell=dp0.7_k-0.3_n2000_rauto
    threads: 4
    resources: tmpdir=/tmp

Select jobs to execute...
[Fri Aug 28 20:49:04 2026]
Finished jobid: 3 (Rule: run_cell)
4 of 79 steps (5%) done
Execute 1 jobs...
[Fri Aug 28 20:49:05 2026]
localrule run_cell:
    output: results/bias_sensitivity/raw/dp0.3_k0.3_n2000_rauto.rds
    log: logs/bias_sensitivity/run_dp0.3_k0.3_n2000_rauto.log
    jobid: 24
    reason: Missing output files: results/bias_sensitivity/raw/dp0.3_k0.3_n2000_rauto.rds; Params have changed since last execution: Union of exclusive params before and now across all output: before: '--dep_type=log --dep_par=0.3 --k=0.3 --n=2000 --r=auto --n_rep=5000 --sigma=1.0 --p_thresh=0.95 --threshold=empirical --m_ret=5000 --coverage=TRUE --cred_mass=0.95 --interval=eti --n_draws=10000 --n_grid=50 --min_grid_pts=100 --wip=FALSE --approaches="Conventional,Weighted GPD,Cluster maxima (POT)" --seed=3026' now: '--dep_type=log --dep_par=0.3 --k=0.3 --n=2000 --r=auto --n_rep=5000 --sigma=1.0 --p_thresh=0.95 --threshold=empirical --m_ret=1000 --coverage=TRUE --cred_mass=0.95 --interval=eti --n_draws=10000 --n_grid=50 --min_grid_pts=100 --wip=FALSE --approaches="Conventional,Weighted GPD,Cluster maxima (POT)" --seed=4026' 
    wildcards: cell=dp0.3_k0.3_n2000_rauto
    threads: 4
    resources: tmpdir=/tmp

Select jobs to execute...
[Fri Aug 28 20:50:28 2026]
Finished jobid: 54 (Rule: run_cell)
5 of 79 steps (6%) done
Execute 1 jobs...
[Fri Aug 28 20:50:28 2026]
localrule run_cell:
    output: results/bias_sensitivity/raw/dp0.1_k0.3_n2000_rauto.rds
    log: logs/bias_sensitivity/run_dp0.1_k0.3_n2000_rauto.log
    jobid: 8
    reason: Missing output files: results/bias_sensitivity/raw/dp0.1_k0.3_n2000_rauto.rds; Params have changed since last execution: Union of exclusive params before and now across all output: before: '--dep_type=log --dep_par=0.1 --k=0.3 --n=2000 --r=auto --n_rep=5000 --sigma=1.0 --p_thresh=0.95 --threshold=empirical --m_ret=5000 --coverage=TRUE --cred_mass=0.95 --interval=eti --n_draws=10000 --n_grid=50 --min_grid_pts=100 --wip=FALSE --approaches="Conventional,Weighted GPD,Cluster maxima (POT)" --seed=3026' now: '--dep_type=log --dep_par=0.1 --k=0.3 --n=2000 --r=auto --n_rep=5000 --sigma=1.0 --p_thresh=0.95 --threshold=empirical --m_ret=1000 --coverage=TRUE --cred_mass=0.95 --interval=eti --n_draws=10000 --n_grid=50 --min_grid_pts=100 --wip=FALSE --approaches="Conventional,Weighted GPD,Cluster maxima (POT)" --seed=4026' 
    wildcards: cell=dp0.1_k0.3_n2000_rauto
    threads: 4
    resources: tmpdir=/tmp

Select jobs to execute...
[Fri Aug 28 20:51:11 2026]
Finished jobid: 24 (Rule: run_cell)
6 of 79 steps (8%) done
Execute 1 jobs...
[Fri Aug 28 20:51:11 2026]
localrule run_cell:
    output: results/bias_sensitivity/raw/dp0.35_k0.3_n4000_rauto.rds
    log: logs/bias_sensitivity/run_dp0.35_k0.3_n4000_rauto.log
    jobid: 21
    reason: Missing output files: results/bias_sensitivity/raw/dp0.35_k0.3_n4000_rauto.rds; Params have changed since last execution: Union of exclusive params before and now across all output: before: '--dep_type=log --dep_par=0.35 --k=0.3 --n=4000 --r=auto --n_rep=5000 --sigma=1.0 --p_thresh=0.95 --threshold=empirical --m_ret=5000 --coverage=TRUE --cred_mass=0.95 --interval=eti --n_draws=10000 --n_grid=50 --min_grid_pts=100 --wip=FALSE --approaches="Conventional,Weighted GPD,Cluster maxima (POT)" --seed=3026' now: '--dep_type=log --dep_par=0.35 --k=0.3 --n=4000 --r=auto --n_rep=5000 --sigma=1.0 --p_thresh=0.95 --threshold=empirical --m_ret=1000 --coverage=TRUE --cred_mass=0.95 --interval=eti --n_draws=10000 --n_grid=50 --min_grid_pts=100 --wip=FALSE --approaches="Conventional,Weighted GPD,Cluster maxima (POT)" --seed=4026' 
    wildcards: cell=dp0.35_k0.3_n4000_rauto
    threads: 4
    resources: tmpdir=/tmp

Select jobs to execute...
[Fri Aug 28 20:51:35 2026]
Finished jobid: 39 (Rule: run_cell)
7 of 79 steps (9%) done
Execute 1 jobs...
[Fri Aug 28 20:51:35 2026]
localrule run_cell:
    output: results/bias_sensitivity/raw/dp0.55_k-0.3_n4000_rauto.rds
    log: logs/bias_sensitivity/run_dp0.55_k-0.3_n4000_rauto.log
    jobid: 35
    reason: Missing output files: results/bias_sensitivity/raw/dp0.55_k-0.3_n4000_rauto.rds; Params have changed since last execution: Union of exclusive params before and now across all output: before: '--dep_type=log --dep_par=0.55 --k=-0.3 --n=4000 --r=auto --n_rep=5000 --sigma=1.0 --p_thresh=0.95 --threshold=empirical --m_ret=5000 --coverage=TRUE --cred_mass=0.95 --interval=eti --n_draws=10000 --n_grid=50 --min_grid_pts=100 --wip=FALSE --approaches="Conventional,Weighted GPD,Cluster maxima (POT)" --seed=3026' now: '--dep_type=log --dep_par=0.55 --k=-0.3 --n=4000 --r=auto --n_rep=5000 --sigma=1.0 --p_thresh=0.95 --threshold=empirical --m_ret=1000 --coverage=TRUE --cred_mass=0.95 --interval=eti --n_draws=10000 --n_grid=50 --min_grid_pts=100 --wip=FALSE --approaches="Conventional,Weighted GPD,Cluster maxima (POT)" --seed=4026' 
    wildcards: cell=dp0.55_k-0.3_n4000_rauto
    threads: 4
    resources: tmpdir=/tmp

Select jobs to execute...
[Fri Aug 28 20:52:04 2026]
Finished jobid: 69 (Rule: run_cell)
8 of 79 steps (10%) done
Execute 1 jobs...
[Fri Aug 28 20:52:04 2026]
localrule run_cell:
    output: results/bias_sensitivity/raw/dp0.55_k0.3_n2000_rauto.rds
    log: logs/bias_sensitivity/run_dp0.55_k0.3_n2000_rauto.log
    jobid: 36
    reason: Missing output files: results/bias_sensitivity/raw/dp0.55_k0.3_n2000_rauto.rds; Params have changed since last execution: Union of exclusive params before and now across all output: before: '--dep_type=log --dep_par=0.55 --k=0.3 --n=2000 --r=auto --n_rep=5000 --sigma=1.0 --p_thresh=0.95 --threshold=empirical --m_ret=5000 --coverage=TRUE --cred_mass=0.95 --interval=eti --n_draws=10000 --n_grid=50 --min_grid_pts=100 --wip=FALSE --approaches="Conventional,Weighted GPD,Cluster maxima (POT)" --seed=3026' now: '--dep_type=log --dep_par=0.55 --k=0.3 --n=2000 --r=auto --n_rep=5000 --sigma=1.0 --p_thresh=0.95 --threshold=empirical --m_ret=1000 --coverage=TRUE --cred_mass=0.95 --interval=eti --n_draws=10000 --n_grid=50 --min_grid_pts=100 --wip=FALSE --approaches="Conventional,Weighted GPD,Cluster maxima (POT)" --seed=4026' 
    wildcards: cell=dp0.55_k0.3_n2000_rauto
    threads: 4
    resources: tmpdir=/tmp

Select jobs to execute...
[Fri Aug 28 20:52:22 2026]
Finished jobid: 8 (Rule: run_cell)
9 of 79 steps (11%) done
Execute 1 jobs...
[Fri Aug 28 20:52:22 2026]
localrule run_cell:
    output: results/bias_sensitivity/raw/dp0.75_k-0.3_n2000_rauto.rds
    log: logs/bias_sensitivity/run_dp0.75_k-0.3_n2000_rauto.log
    jobid: 50
    reason: Missing output files: results/bias_sensitivity/raw/dp0.75_k-0.3_n2000_rauto.rds; Params have changed since last execution: Union of exclusive params before and now across all output: before: '--dep_type=log --dep_par=0.75 --k=-0.3 --n=2000 --r=auto --n_rep=5000 --sigma=1.0 --p_thresh=0.95 --threshold=empirical --m_ret=5000 --coverage=TRUE --cred_mass=0.95 --interval=eti --n_draws=10000 --n_grid=50 --min_grid_pts=100 --wip=FALSE --approaches="Conventional,Weighted GPD,Cluster maxima (POT)" --seed=3026' now: '--dep_type=log --dep_par=0.75 --k=-0.3 --n=2000 --r=auto --n_rep=5000 --sigma=1.0 --p_thresh=0.95 --threshold=empirical --m_ret=1000 --coverage=TRUE --cred_mass=0.95 --interval=eti --n_draws=10000 --n_grid=50 --min_grid_pts=100 --wip=FALSE --approaches="Conventional,Weighted GPD,Cluster maxima (POT)" --seed=4026' 
    wildcards: cell=dp0.75_k-0.3_n2000_rauto
    threads: 4
    resources: tmpdir=/tmp

Select jobs to execute...
[Fri Aug 28 20:53:38 2026]
Finished jobid: 36 (Rule: run_cell)
10 of 79 steps (13%) done
Execute 1 jobs...
[Fri Aug 28 20:53:38 2026]
localrule run_cell:
    output: results/bias_sensitivity/raw/dp0.95_k-0.3_n2000_rauto.rds
    log: logs/bias_sensitivity/run_dp0.95_k-0.3_n2000_rauto.log
    jobid: 66
    reason: Missing output files: results/bias_sensitivity/raw/dp0.95_k-0.3_n2000_rauto.rds; Params have changed since last execution: Union of exclusive params before and now across all output: before: '--dep_type=log --dep_par=0.95 --k=-0.3 --n=2000 --r=auto --n_rep=5000 --sigma=1.0 --p_thresh=0.95 --threshold=empirical --m_ret=5000 --coverage=TRUE --cred_mass=0.95 --interval=eti --n_draws=10000 --n_grid=50 --min_grid_pts=100 --wip=FALSE --approaches="Conventional,Weighted GPD,Cluster maxima (POT)" --seed=3026' now: '--dep_type=log --dep_par=0.95 --k=-0.3 --n=2000 --r=auto --n_rep=5000 --sigma=1.0 --p_thresh=0.95 --threshold=empirical --m_ret=1000 --coverage=TRUE --cred_mass=0.95 --interval=eti --n_draws=10000 --n_grid=50 --min_grid_pts=100 --wip=FALSE --approaches="Conventional,Weighted GPD,Cluster maxima (POT)" --seed=4026' 
    wildcards: cell=dp0.95_k-0.3_n2000_rauto
    threads: 4
    resources: tmpdir=/tmp

Select jobs to execute...
[Fri Aug 28 20:53:53 2026]
Finished jobid: 21 (Rule: run_cell)
11 of 79 steps (14%) done
Execute 1 jobs...
[Fri Aug 28 20:53:53 2026]
localrule run_cell:
    output: results/bias_sensitivity/raw/dp0.15_k0.3_n4000_rauto.rds
    log: logs/bias_sensitivity/run_dp0.15_k0.3_n4000_rauto.log
    jobid: 5
    reason: Missing output files: results/bias_sensitivity/raw/dp0.15_k0.3_n4000_rauto.rds; Params have changed since last execution: Union of exclusive params before and now across all output: before: '--dep_type=log --dep_par=0.15 --k=0.3 --n=4000 --r=auto --n_rep=5000 --sigma=1.0 --p_thresh=0.95 --threshold=empirical --m_ret=5000 --coverage=TRUE --cred_mass=0.95 --interval=eti --n_draws=10000 --n_grid=50 --min_grid_pts=100 --wip=FALSE --approaches="Conventional,Weighted GPD,Cluster maxima (POT)" --seed=3026' now: '--dep_type=log --dep_par=0.15 --k=0.3 --n=4000 --r=auto --n_rep=5000 --sigma=1.0 --p_thresh=0.95 --threshold=empirical --m_ret=1000 --coverage=TRUE --cred_mass=0.95 --interval=eti --n_draws=10000 --n_grid=50 --min_grid_pts=100 --wip=FALSE --approaches="Conventional,Weighted GPD,Cluster maxima (POT)" --seed=4026' 
    wildcards: cell=dp0.15_k0.3_n4000_rauto
    threads: 4
    resources: tmpdir=/tmp

Select jobs to execute...
[Fri Aug 28 20:53:59 2026]
Finished jobid: 50 (Rule: run_cell)
12 of 79 steps (15%) done
Execute 1 jobs...
[Fri Aug 28 20:53:59 2026]
localrule run_cell:
    output: results/bias_sensitivity/raw/dp0.1_k-0.3_n2000_rauto.rds
    log: logs/bias_sensitivity/run_dp0.1_k-0.3_n2000_rauto.log
    jobid: 6
    reason: Missing output files: results/bias_sensitivity/raw/dp0.1_k-0.3_n2000_rauto.rds; Params have changed since last execution: Union of exclusive params before and now across all output: before: '--dep_type=log --dep_par=0.1 --k=-0.3 --n=2000 --r=auto --n_rep=5000 --sigma=1.0 --p_thresh=0.95 --threshold=empirical --m_ret=5000 --coverage=TRUE --cred_mass=0.95 --interval=eti --n_draws=10000 --n_grid=50 --min_grid_pts=100 --wip=FALSE --approaches="Conventional,Weighted GPD,Cluster maxima (POT)" --seed=3026' now: '--dep_type=log --dep_par=0.1 --k=-0.3 --n=2000 --r=auto --n_rep=5000 --sigma=1.0 --p_thresh=0.95 --threshold=empirical --m_ret=1000 --coverage=TRUE --cred_mass=0.95 --interval=eti --n_draws=10000 --n_grid=50 --min_grid_pts=100 --wip=FALSE --approaches="Conventional,Weighted GPD,Cluster maxima (POT)" --seed=4026' 
    wildcards: cell=dp0.1_k-0.3_n2000_rauto
    threads: 4
    resources: tmpdir=/tmp

Select jobs to execute...
[Fri Aug 28 20:54:22 2026]
Finished jobid: 35 (Rule: run_cell)
13 of 79 steps (16%) done
Execute 1 jobs...
[Fri Aug 28 20:54:22 2026]
localrule run_cell:
    output: results/bias_sensitivity/raw/dp0.8_k0.3_n4000_rauto.rds
    log: logs/bias_sensitivity/run_dp0.8_k0.3_n4000_rauto.log
    jobid: 65
    reason: Missing output files: results/bias_sensitivity/raw/dp0.8_k0.3_n4000_rauto.rds; Params have changed since last execution: Union of exclusive params before and now across all output: before: '--dep_type=log --dep_par=0.8 --k=0.3 --n=4000 --r=auto --n_rep=5000 --sigma=1.0 --p_thresh=0.95 --threshold=empirical --m_ret=5000 --coverage=TRUE --cred_mass=0.95 --interval=eti --n_draws=10000 --n_grid=50 --min_grid_pts=100 --wip=FALSE --approaches="Conventional,Weighted GPD,Cluster maxima (POT)" --seed=3026' now: '--dep_type=log --dep_par=0.8 --k=0.3 --n=4000 --r=auto --n_rep=5000 --sigma=1.0 --p_thresh=0.95 --threshold=empirical --m_ret=1000 --coverage=TRUE --cred_mass=0.95 --interval=eti --n_draws=10000 --n_grid=50 --min_grid_pts=100 --wip=FALSE --approaches="Conventional,Weighted GPD,Cluster maxima (POT)" --seed=4026' 
    wildcards: cell=dp0.8_k0.3_n4000_rauto
    threads: 4
    resources: tmpdir=/tmp

Select jobs to execute...
[Fri Aug 28 20:55:27 2026]
Finished jobid: 66 (Rule: run_cell)
14 of 79 steps (18%) done
Execute 1 jobs...
[Fri Aug 28 20:55:27 2026]
localrule run_cell:
    output: results/bias_sensitivity/raw/dp0.75_k-0.3_n4000_rauto.rds
    log: logs/bias_sensitivity/run_dp0.75_k-0.3_n4000_rauto.log
    jobid: 51
    reason: Missing output files: results/bias_sensitivity/raw/dp0.75_k-0.3_n4000_rauto.rds; Params have changed since last execution: Union of exclusive params before and now across all output: before: '--dep_type=log --dep_par=0.75 --k=-0.3 --n=4000 --r=auto --n_rep=5000 --sigma=1.0 --p_thresh=0.95 --threshold=empirical --m_ret=5000 --coverage=TRUE --cred_mass=0.95 --interval=eti --n_draws=10000 --n_grid=50 --min_grid_pts=100 --wip=FALSE --approaches="Conventional,Weighted GPD,Cluster maxima (POT)" --seed=3026' now: '--dep_type=log --dep_par=0.75 --k=-0.3 --n=4000 --r=auto --n_rep=5000 --sigma=1.0 --p_thresh=0.95 --threshold=empirical --m_ret=1000 --coverage=TRUE --cred_mass=0.95 --interval=eti --n_draws=10000 --n_grid=50 --min_grid_pts=100 --wip=FALSE --approaches="Conventional,Weighted GPD,Cluster maxima (POT)" --seed=4026' 
    wildcards: cell=dp0.75_k-0.3_n4000_rauto
    threads: 4
    resources: tmpdir=/tmp

Select jobs to execute...
[Fri Aug 28 20:55:31 2026]
Finished jobid: 6 (Rule: run_cell)
15 of 79 steps (19%) done
Execute 1 jobs...
[Fri Aug 28 20:55:32 2026]
localrule run_cell:
    output: results/bias_sensitivity/raw/dp0.35_k0.3_n2000_rauto.rds
    log: logs/bias_sensitivity/run_dp0.35_k0.3_n2000_rauto.log
    jobid: 20
    reason: Missing output files: results/bias_sensitivity/raw/dp0.35_k0.3_n2000_rauto.rds; Params have changed since last execution: Union of exclusive params before and now across all output: before: '--dep_type=log --dep_par=0.35 --k=0.3 --n=2000 --r=auto --n_rep=5000 --sigma=1.0 --p_thresh=0.95 --threshold=empirical --m_ret=5000 --coverage=TRUE --cred_mass=0.95 --interval=eti --n_draws=10000 --n_grid=50 --min_grid_pts=100 --wip=FALSE --approaches="Conventional,Weighted GPD,Cluster maxima (POT)" --seed=3026' now: '--dep_type=log --dep_par=0.35 --k=0.3 --n=2000 --r=auto --n_rep=5000 --sigma=1.0 --p_thresh=0.95 --threshold=empirical --m_ret=1000 --coverage=TRUE --cred_mass=0.95 --interval=eti --n_draws=10000 --n_grid=50 --min_grid_pts=100 --wip=FALSE --approaches="Conventional,Weighted GPD,Cluster maxima (POT)" --seed=4026' 
    wildcards: cell=dp0.35_k0.3_n2000_rauto
    threads: 4
    resources: tmpdir=/tmp

Select jobs to execute...
[Fri Aug 28 20:56:17 2026]
Finished jobid: 5 (Rule: run_cell)
16 of 79 steps (20%) done
Execute 1 jobs...
[Fri Aug 28 20:56:17 2026]
localrule run_cell:
    output: results/bias_sensitivity/raw/dp0.3_k-0.3_n2000_rauto.rds
    log: logs/bias_sensitivity/run_dp0.3_k-0.3_n2000_rauto.log
    jobid: 22
    reason: Missing output files: results/bias_sensitivity/raw/dp0.3_k-0.3_n2000_rauto.rds; Params have changed since last execution: Union of exclusive params before and now across all output: before: '--dep_type=log --dep_par=0.3 --k=-0.3 --n=2000 --r=auto --n_rep=5000 --sigma=1.0 --p_thresh=0.95 --threshold=empirical --m_ret=5000 --coverage=TRUE --cred_mass=0.95 --interval=eti --n_draws=10000 --n_grid=50 --min_grid_pts=100 --wip=FALSE --approaches="Conventional,Weighted GPD,Cluster maxima (POT)" --seed=3026' now: '--dep_type=log --dep_par=0.3 --k=-0.3 --n=2000 --r=auto --n_rep=5000 --sigma=1.0 --p_thresh=0.95 --threshold=empirical --m_ret=1000 --coverage=TRUE --cred_mass=0.95 --interval=eti --n_draws=10000 --n_grid=50 --min_grid_pts=100 --wip=FALSE --approaches="Conventional,Weighted GPD,Cluster maxima (POT)" --seed=4026' 
    wildcards: cell=dp0.3_k-0.3_n2000_rauto
    threads: 4
    resources: tmpdir=/tmp

Select jobs to execute...
[Fri Aug 28 20:57:15 2026]
Finished jobid: 20 (Rule: run_cell)
17 of 79 steps (22%) done
Execute 1 jobs...
[Fri Aug 28 20:57:15 2026]
localrule run_cell:
    output: results/bias_sensitivity/raw/dp1_k-0.3_n4000_rauto.rds
    log: logs/bias_sensitivity/run_dp1_k-0.3_n4000_rauto.log
    jobid: 75
    reason: Missing output files: results/bias_sensitivity/raw/dp1_k-0.3_n4000_rauto.rds; Params have changed since last execution: Union of exclusive params before and now across all output: before: '--dep_type=log --dep_par=1 --k=-0.3 --n=4000 --r=auto --n_rep=5000 --sigma=1.0 --p_thresh=0.95 --threshold=empirical --m_ret=5000 --coverage=TRUE --cred_mass=0.95 --interval=eti --n_draws=10000 --n_grid=50 --min_grid_pts=100 --wip=FALSE --approaches="Conventional,Weighted GPD,Cluster maxima (POT)" --seed=3026' now: '--dep_type=log --dep_par=1 --k=-0.3 --n=4000 --r=auto --n_rep=5000 --sigma=1.0 --p_thresh=0.95 --threshold=empirical --m_ret=1000 --coverage=TRUE --cred_mass=0.95 --interval=eti --n_draws=10000 --n_grid=50 --min_grid_pts=100 --wip=FALSE --approaches="Conventional,Weighted GPD,Cluster maxima (POT)" --seed=4026' 
    wildcards: cell=dp1_k-0.3_n4000_rauto
    threads: 4
    resources: tmpdir=/tmp

Select jobs to execute...
[Fri Aug 28 20:57:29 2026]
Finished jobid: 65 (Rule: run_cell)
18 of 79 steps (23%) done
Execute 1 jobs...
[Fri Aug 28 20:57:29 2026]
localrule run_cell:
    output: results/bias_sensitivity/raw/dp0.55_k0.3_n4000_rauto.rds
    log: logs/bias_sensitivity/run_dp0.55_k0.3_n4000_rauto.log
    jobid: 37
    reason: Missing output files: results/bias_sensitivity/raw/dp0.55_k0.3_n4000_rauto.rds; Params have changed since last execution: Union of exclusive params before and now across all output: before: '--dep_type=log --dep_par=0.55 --k=0.3 --n=4000 --r=auto --n_rep=5000 --sigma=1.0 --p_thresh=0.95 --threshold=empirical --m_ret=5000 --coverage=TRUE --cred_mass=0.95 --interval=eti --n_draws=10000 --n_grid=50 --min_grid_pts=100 --wip=FALSE --approaches="Conventional,Weighted GPD,Cluster maxima (POT)" --seed=3026' now: '--dep_type=log --dep_par=0.55 --k=0.3 --n=4000 --r=auto --n_rep=5000 --sigma=1.0 --p_thresh=0.95 --threshold=empirical --m_ret=1000 --coverage=TRUE --cred_mass=0.95 --interval=eti --n_draws=10000 --n_grid=50 --min_grid_pts=100 --wip=FALSE --approaches="Conventional,Weighted GPD,Cluster maxima (POT)" --seed=4026' 
    wildcards: cell=dp0.55_k0.3_n4000_rauto
    threads: 4
    resources: tmpdir=/tmp

Select jobs to execute...
[Fri Aug 28 20:57:59 2026]
Finished jobid: 22 (Rule: run_cell)
19 of 79 steps (24%) done
Execute 1 jobs...
[Fri Aug 28 20:57:59 2026]
localrule run_cell:
    output: results/bias_sensitivity/raw/dp0.6_k0.3_n4000_rauto.rds
    log: logs/bias_sensitivity/run_dp0.6_k0.3_n4000_rauto.log
    jobid: 49
    reason: Missing output files: results/bias_sensitivity/raw/dp0.6_k0.3_n4000_rauto.rds; Params have changed since last execution: Union of exclusive params before and now across all output: before: '--dep_type=log --dep_par=0.6 --k=0.3 --n=4000 --r=auto --n_rep=5000 --sigma=1.0 --p_thresh=0.95 --threshold=empirical --m_ret=5000 --coverage=TRUE --cred_mass=0.95 --interval=eti --n_draws=10000 --n_grid=50 --min_grid_pts=100 --wip=FALSE --approaches="Conventional,Weighted GPD,Cluster maxima (POT)" --seed=3026' now: '--dep_type=log --dep_par=0.6 --k=0.3 --n=4000 --r=auto --n_rep=5000 --sigma=1.0 --p_thresh=0.95 --threshold=empirical --m_ret=1000 --coverage=TRUE --cred_mass=0.95 --interval=eti --n_draws=10000 --n_grid=50 --min_grid_pts=100 --wip=FALSE --approaches="Conventional,Weighted GPD,Cluster maxima (POT)" --seed=4026' 
    wildcards: cell=dp0.6_k0.3_n4000_rauto
    threads: 4
    resources: tmpdir=/tmp

Select jobs to execute...
[Fri Aug 28 20:58:23 2026]
Finished jobid: 51 (Rule: run_cell)
20 of 79 steps (25%) done
Execute 1 jobs...
[Fri Aug 28 20:58:23 2026]
localrule run_cell:
    output: results/bias_sensitivity/raw/dp0.95_k-0.3_n4000_rauto.rds
    log: logs/bias_sensitivity/run_dp0.95_k-0.3_n4000_rauto.log
    jobid: 67
    reason: Missing output files: results/bias_sensitivity/raw/dp0.95_k-0.3_n4000_rauto.rds; Params have changed since last execution: Union of exclusive params before and now across all output: before: '--dep_type=log --dep_par=0.95 --k=-0.3 --n=4000 --r=auto --n_rep=5000 --sigma=1.0 --p_thresh=0.95 --threshold=empirical --m_ret=5000 --coverage=TRUE --cred_mass=0.95 --interval=eti --n_draws=10000 --n_grid=50 --min_grid_pts=100 --wip=FALSE --approaches="Conventional,Weighted GPD,Cluster maxima (POT)" --seed=3026' now: '--dep_type=log --dep_par=0.95 --k=-0.3 --n=4000 --r=auto --n_rep=5000 --sigma=1.0 --p_thresh=0.95 --threshold=empirical --m_ret=1000 --coverage=TRUE --cred_mass=0.95 --interval=eti --n_draws=10000 --n_grid=50 --min_grid_pts=100 --wip=FALSE --approaches="Conventional,Weighted GPD,Cluster maxima (POT)" --seed=4026' 
    wildcards: cell=dp0.95_k-0.3_n4000_rauto
    threads: 4
    resources: tmpdir=/tmp

Select jobs to execute...
[Fri Aug 28 20:59:57 2026]
Finished jobid: 75 (Rule: run_cell)
21 of 79 steps (27%) done
Execute 1 jobs...
[Fri Aug 28 20:59:57 2026]
localrule run_cell:
    output: results/bias_sensitivity/raw/dp0.15_k0.3_n2000_rauto.rds
    log: logs/bias_sensitivity/run_dp0.15_k0.3_n2000_rauto.log
    jobid: 4
    reason: Missing output files: results/bias_sensitivity/raw/dp0.15_k0.3_n2000_rauto.rds; Params have changed since last execution: Union of exclusive params before and now across all output: before: '--dep_type=log --dep_par=0.15 --k=0.3 --n=2000 --r=auto --n_rep=5000 --sigma=1.0 --p_thresh=0.95 --threshold=empirical --m_ret=5000 --coverage=TRUE --cred_mass=0.95 --interval=eti --n_draws=10000 --n_grid=50 --min_grid_pts=100 --wip=FALSE --approaches="Conventional,Weighted GPD,Cluster maxima (POT)" --seed=3026' now: '--dep_type=log --dep_par=0.15 --k=0.3 --n=2000 --r=auto --n_rep=5000 --sigma=1.0 --p_thresh=0.95 --threshold=empirical --m_ret=1000 --coverage=TRUE --cred_mass=0.95 --interval=eti --n_draws=10000 --n_grid=50 --min_grid_pts=100 --wip=FALSE --approaches="Conventional,Weighted GPD,Cluster maxima (POT)" --seed=4026' 
    wildcards: cell=dp0.15_k0.3_n2000_rauto
    threads: 4
    resources: tmpdir=/tmp

Select jobs to execute...
[Fri Aug 28 21:00:09 2026]
Finished jobid: 37 (Rule: run_cell)
22 of 79 steps (28%) done
Execute 1 jobs...
[Fri Aug 28 21:00:09 2026]
localrule run_cell:
    output: results/bias_sensitivity/raw/dp0.1_k-0.3_n4000_rauto.rds
    log: logs/bias_sensitivity/run_dp0.1_k-0.3_n4000_rauto.log
    jobid: 7
    reason: Missing output files: results/bias_sensitivity/raw/dp0.1_k-0.3_n4000_rauto.rds; Params have changed since last execution: Union of exclusive params before and now across all output: before: '--dep_type=log --dep_par=0.1 --k=-0.3 --n=4000 --r=auto --n_rep=5000 --sigma=1.0 --p_thresh=0.95 --threshold=empirical --m_ret=5000 --coverage=TRUE --cred_mass=0.95 --interval=eti --n_draws=10000 --n_grid=50 --min_grid_pts=100 --wip=FALSE --approaches="Conventional,Weighted GPD,Cluster maxima (POT)" --seed=3026' now: '--dep_type=log --dep_par=0.1 --k=-0.3 --n=4000 --r=auto --n_rep=5000 --sigma=1.0 --p_thresh=0.95 --threshold=empirical --m_ret=1000 --coverage=TRUE --cred_mass=0.95 --interval=eti --n_draws=10000 --n_grid=50 --min_grid_pts=100 --wip=FALSE --approaches="Conventional,Weighted GPD,Cluster maxima (POT)" --seed=4026' 
    wildcards: cell=dp0.1_k-0.3_n4000_rauto
    threads: 4
    resources: tmpdir=/tmp

Select jobs to execute...
[Fri Aug 28 21:00:31 2026]
Finished jobid: 49 (Rule: run_cell)
23 of 79 steps (29%) done
Execute 1 jobs...
[Fri Aug 28 21:00:31 2026]
localrule run_cell:
    output: results/bias_sensitivity/raw/dp0.8_k0.3_n2000_rauto.rds
    log: logs/bias_sensitivity/run_dp0.8_k0.3_n2000_rauto.log
    jobid: 64
    reason: Missing output files: results/bias_sensitivity/raw/dp0.8_k0.3_n2000_rauto.rds; Params have changed since last execution: Union of exclusive params before and now across all output: before: '--dep_type=log --dep_par=0.8 --k=0.3 --n=2000 --r=auto --n_rep=5000 --sigma=1.0 --p_thresh=0.95 --threshold=empirical --m_ret=5000 --coverage=TRUE --cred_mass=0.95 --interval=eti --n_draws=10000 --n_grid=50 --min_grid_pts=100 --wip=FALSE --approaches="Conventional,Weighted GPD,Cluster maxima (POT)" --seed=3026' now: '--dep_type=log --dep_par=0.8 --k=0.3 --n=2000 --r=auto --n_rep=5000 --sigma=1.0 --p_thresh=0.95 --threshold=empirical --m_ret=1000 --coverage=TRUE --cred_mass=0.95 --interval=eti --n_draws=10000 --n_grid=50 --min_grid_pts=100 --wip=FALSE --approaches="Conventional,Weighted GPD,Cluster maxima (POT)" --seed=4026' 
    wildcards: cell=dp0.8_k0.3_n2000_rauto
    threads: 4
    resources: tmpdir=/tmp

Select jobs to execute...
[Fri Aug 28 21:00:59 2026]
Finished jobid: 67 (Rule: run_cell)
24 of 79 steps (30%) done
Execute 1 jobs...
[Fri Aug 28 21:00:59 2026]
localrule run_cell:
    output: results/bias_sensitivity/raw/dp0.45_k0.3_n4000_rauto.rds
    log: logs/bias_sensitivity/run_dp0.45_k0.3_n4000_rauto.log
    jobid: 29
    reason: Missing output files: results/bias_sensitivity/raw/dp0.45_k0.3_n4000_rauto.rds; Params have changed since last execution: Union of exclusive params before and now across all output: before: '--dep_type=log --dep_par=0.45 --k=0.3 --n=4000 --r=auto --n_rep=5000 --sigma=1.0 --p_thresh=0.95 --threshold=empirical --m_ret=5000 --coverage=TRUE --cred_mass=0.95 --interval=eti --n_draws=10000 --n_grid=50 --min_grid_pts=100 --wip=FALSE --approaches="Conventional,Weighted GPD,Cluster maxima (POT)" --seed=3026' now: '--dep_type=log --dep_par=0.45 --k=0.3 --n=4000 --r=auto --n_rep=5000 --sigma=1.0 --p_thresh=0.95 --threshold=empirical --m_ret=1000 --coverage=TRUE --cred_mass=0.95 --interval=eti --n_draws=10000 --n_grid=50 --min_grid_pts=100 --wip=FALSE --approaches="Conventional,Weighted GPD,Cluster maxima (POT)" --seed=4026' 
    wildcards: cell=dp0.45_k0.3_n4000_rauto
    threads: 4
    resources: tmpdir=/tmp

Select jobs to execute...
[Fri Aug 28 21:01:22 2026]
Finished jobid: 4 (Rule: run_cell)
25 of 79 steps (32%) done
Execute 1 jobs...
[Fri Aug 28 21:01:22 2026]
localrule run_cell:
    output: results/bias_sensitivity/raw/dp0.65_k0.3_n2000_rauto.rds
    log: logs/bias_sensitivity/run_dp0.65_k0.3_n2000_rauto.log
    jobid: 44
    reason: Missing output files: results/bias_sensitivity/raw/dp0.65_k0.3_n2000_rauto.rds; Params have changed since last execution: Union of exclusive params before and now across all output: before: '--dep_type=log --dep_par=0.65 --k=0.3 --n=2000 --r=auto --n_rep=5000 --sigma=1.0 --p_thresh=0.95 --threshold=empirical --m_ret=5000 --coverage=TRUE --cred_mass=0.95 --interval=eti --n_draws=10000 --n_grid=50 --min_grid_pts=100 --wip=FALSE --approaches="Conventional,Weighted GPD,Cluster maxima (POT)" --seed=3026' now: '--dep_type=log --dep_par=0.65 --k=0.3 --n=2000 --r=auto --n_rep=5000 --sigma=1.0 --p_thresh=0.95 --threshold=empirical --m_ret=1000 --coverage=TRUE --cred_mass=0.95 --interval=eti --n_draws=10000 --n_grid=50 --min_grid_pts=100 --wip=FALSE --approaches="Conventional,Weighted GPD,Cluster maxima (POT)" --seed=4026' 
    wildcards: cell=dp0.65_k0.3_n2000_rauto
    threads: 4
    resources: tmpdir=/tmp

Select jobs to execute...
[Fri Aug 28 21:02:09 2026]
Finished jobid: 64 (Rule: run_cell)
26 of 79 steps (33%) done
Execute 1 jobs...
[Fri Aug 28 21:02:09 2026]
localrule run_cell:
    output: results/bias_sensitivity/raw/dp0.35_k-0.3_n2000_rauto.rds
    log: logs/bias_sensitivity/run_dp0.35_k-0.3_n2000_rauto.log
    jobid: 18
    reason: Missing output files: results/bias_sensitivity/raw/dp0.35_k-0.3_n2000_rauto.rds; Params have changed since last execution: Union of exclusive params before and now across all output: before: '--dep_type=log --dep_par=0.35 --k=-0.3 --n=2000 --r=auto --n_rep=5000 --sigma=1.0 --p_thresh=0.95 --threshold=empirical --m_ret=5000 --coverage=TRUE --cred_mass=0.95 --interval=eti --n_draws=10000 --n_grid=50 --min_grid_pts=100 --wip=FALSE --approaches="Conventional,Weighted GPD,Cluster maxima (POT)" --seed=3026' now: '--dep_type=log --dep_par=0.35 --k=-0.3 --n=2000 --r=auto --n_rep=5000 --sigma=1.0 --p_thresh=0.95 --threshold=empirical --m_ret=1000 --coverage=TRUE --cred_mass=0.95 --interval=eti --n_draws=10000 --n_grid=50 --min_grid_pts=100 --wip=FALSE --approaches="Conventional,Weighted GPD,Cluster maxima (POT)" --seed=4026' 
    wildcards: cell=dp0.35_k-0.3_n2000_rauto
    threads: 4
    resources: tmpdir=/tmp

Select jobs to execute...
[Fri Aug 28 21:02:20 2026]
Finished jobid: 7 (Rule: run_cell)
27 of 79 steps (34%) done
Execute 1 jobs...
[Fri Aug 28 21:02:20 2026]
localrule run_cell:
    output: results/bias_sensitivity/raw/dp0.4_k0.3_n4000_rauto.rds
    log: logs/bias_sensitivity/run_dp0.4_k0.3_n4000_rauto.log
    jobid: 33
    reason: Missing output files: results/bias_sensitivity/raw/dp0.4_k0.3_n4000_rauto.rds; Params have changed since last execution: Union of exclusive params before and now across all output: before: '--dep_type=log --dep_par=0.4 --k=0.3 --n=4000 --r=auto --n_rep=5000 --sigma=1.0 --p_thresh=0.95 --threshold=empirical --m_ret=5000 --coverage=TRUE --cred_mass=0.95 --interval=eti --n_draws=10000 --n_grid=50 --min_grid_pts=100 --wip=FALSE --approaches="Conventional,Weighted GPD,Cluster maxima (POT)" --seed=3026' now: '--dep_type=log --dep_par=0.4 --k=0.3 --n=4000 --r=auto --n_rep=5000 --sigma=1.0 --p_thresh=0.95 --threshold=empirical --m_ret=1000 --coverage=TRUE --cred_mass=0.95 --interval=eti --n_draws=10000 --n_grid=50 --min_grid_pts=100 --wip=FALSE --approaches="Conventional,Weighted GPD,Cluster maxima (POT)" --seed=4026' 
    wildcards: cell=dp0.4_k0.3_n4000_rauto
    threads: 4
    resources: tmpdir=/tmp

Select jobs to execute...
[Fri Aug 28 21:02:56 2026]
Finished jobid: 44 (Rule: run_cell)
28 of 79 steps (35%) done
Execute 1 jobs...
[Fri Aug 28 21:02:56 2026]
localrule run_cell:
    output: results/bias_sensitivity/raw/dp0.35_k-0.3_n4000_rauto.rds
    log: logs/bias_sensitivity/run_dp0.35_k-0.3_n4000_rauto.log
    jobid: 19
    reason: Missing output files: results/bias_sensitivity/raw/dp0.35_k-0.3_n4000_rauto.rds; Params have changed since last execution: Union of exclusive params before and now across all output: before: '--dep_type=log --dep_par=0.35 --k=-0.3 --n=4000 --r=auto --n_rep=5000 --sigma=1.0 --p_thresh=0.95 --threshold=empirical --m_ret=5000 --coverage=TRUE --cred_mass=0.95 --interval=eti --n_draws=10000 --n_grid=50 --min_grid_pts=100 --wip=FALSE --approaches="Conventional,Weighted GPD,Cluster maxima (POT)" --seed=3026' now: '--dep_type=log --dep_par=0.35 --k=-0.3 --n=4000 --r=auto --n_rep=5000 --sigma=1.0 --p_thresh=0.95 --threshold=empirical --m_ret=1000 --coverage=TRUE --cred_mass=0.95 --interval=eti --n_draws=10000 --n_grid=50 --min_grid_pts=100 --wip=FALSE --approaches="Conventional,Weighted GPD,Cluster maxima (POT)" --seed=4026' 
    wildcards: cell=dp0.35_k-0.3_n4000_rauto
    threads: 4
    resources: tmpdir=/tmp

Select jobs to execute...
[Fri Aug 28 21:03:27 2026]
Finished jobid: 29 (Rule: run_cell)
29 of 79 steps (37%) done
Execute 1 jobs...
[Fri Aug 28 21:03:27 2026]
localrule run_cell:
    output: results/bias_sensitivity/raw/dp0.8_k-0.3_n4000_rauto.rds
    log: logs/bias_sensitivity/run_dp0.8_k-0.3_n4000_rauto.log
    jobid: 63
    reason: Missing output files: results/bias_sensitivity/raw/dp0.8_k-0.3_n4000_rauto.rds; Params have changed since last execution: Union of exclusive params before and now across all output: before: '--dep_type=log --dep_par=0.8 --k=-0.3 --n=4000 --r=auto --n_rep=5000 --sigma=1.0 --p_thresh=0.95 --threshold=empirical --m_ret=5000 --coverage=TRUE --cred_mass=0.95 --interval=eti --n_draws=10000 --n_grid=50 --min_grid_pts=100 --wip=FALSE --approaches="Conventional,Weighted GPD,Cluster maxima (POT)" --seed=3026' now: '--dep_type=log --dep_par=0.8 --k=-0.3 --n=4000 --r=auto --n_rep=5000 --sigma=1.0 --p_thresh=0.95 --threshold=empirical --m_ret=1000 --coverage=TRUE --cred_mass=0.95 --interval=eti --n_draws=10000 --n_grid=50 --min_grid_pts=100 --wip=FALSE --approaches="Conventional,Weighted GPD,Cluster maxima (POT)" --seed=4026' 
    wildcards: cell=dp0.8_k-0.3_n4000_rauto
    threads: 4
    resources: tmpdir=/tmp

Select jobs to execute...
[Fri Aug 28 21:03:37 2026]
Finished jobid: 18 (Rule: run_cell)
30 of 79 steps (38%) done
Execute 1 jobs...
[Fri Aug 28 21:03:37 2026]
localrule run_cell:
    output: results/bias_sensitivity/raw/dp0.75_k0.3_n2000_rauto.rds
    log: logs/bias_sensitivity/run_dp0.75_k0.3_n2000_rauto.log
    jobid: 52
    reason: Missing output files: results/bias_sensitivity/raw/dp0.75_k0.3_n2000_rauto.rds; Params have changed since last execution: Union of exclusive params before and now across all output: before: '--dep_type=log --dep_par=0.75 --k=0.3 --n=2000 --r=auto --n_rep=5000 --sigma=1.0 --p_thresh=0.95 --threshold=empirical --m_ret=5000 --coverage=TRUE --cred_mass=0.95 --interval=eti --n_draws=10000 --n_grid=50 --min_grid_pts=100 --wip=FALSE --approaches="Conventional,Weighted GPD,Cluster maxima (POT)" --seed=3026' now: '--dep_type=log --dep_par=0.75 --k=0.3 --n=2000 --r=auto --n_rep=5000 --sigma=1.0 --p_thresh=0.95 --threshold=empirical --m_ret=1000 --coverage=TRUE --cred_mass=0.95 --interval=eti --n_draws=10000 --n_grid=50 --min_grid_pts=100 --wip=FALSE --approaches="Conventional,Weighted GPD,Cluster maxima (POT)" --seed=4026' 
    wildcards: cell=dp0.75_k0.3_n2000_rauto
    threads: 4
    resources: tmpdir=/tmp

Select jobs to execute...
[Fri Aug 28 21:04:55 2026]
Finished jobid: 33 (Rule: run_cell)
31 of 79 steps (39%) done
Execute 1 jobs...
[Fri Aug 28 21:04:55 2026]
localrule run_cell:
    output: results/bias_sensitivity/raw/dp0.2_k0.3_n4000_rauto.rds
    log: logs/bias_sensitivity/run_dp0.2_k0.3_n4000_rauto.log
    jobid: 17
    reason: Missing output files: results/bias_sensitivity/raw/dp0.2_k0.3_n4000_rauto.rds; Params have changed since last execution: Union of exclusive params before and now across all output: before: '--dep_type=log --dep_par=0.2 --k=0.3 --n=4000 --r=auto --n_rep=5000 --sigma=1.0 --p_thresh=0.95 --threshold=empirical --m_ret=5000 --coverage=TRUE --cred_mass=0.95 --interval=eti --n_draws=10000 --n_grid=50 --min_grid_pts=100 --wip=FALSE --approaches="Conventional,Weighted GPD,Cluster maxima (POT)" --seed=3026' now: '--dep_type=log --dep_par=0.2 --k=0.3 --n=4000 --r=auto --n_rep=5000 --sigma=1.0 --p_thresh=0.95 --threshold=empirical --m_ret=1000 --coverage=TRUE --cred_mass=0.95 --interval=eti --n_draws=10000 --n_grid=50 --min_grid_pts=100 --wip=FALSE --approaches="Conventional,Weighted GPD,Cluster maxima (POT)" --seed=4026' 
    wildcards: cell=dp0.2_k0.3_n4000_rauto
    threads: 4
    resources: tmpdir=/tmp

Select jobs to execute...
[Fri Aug 28 21:05:34 2026]
Finished jobid: 52 (Rule: run_cell)
32 of 79 steps (41%) done
Execute 1 jobs...
[Fri Aug 28 21:05:35 2026]
localrule run_cell:
    output: results/bias_sensitivity/raw/dp0.75_k0.3_n4000_rauto.rds
    log: logs/bias_sensitivity/run_dp0.75_k0.3_n4000_rauto.log
    jobid: 53
    reason: Missing output files: results/bias_sensitivity/raw/dp0.75_k0.3_n4000_rauto.rds; Params have changed since last execution: Union of exclusive params before and now across all output: before: '--dep_type=log --dep_par=0.75 --k=0.3 --n=4000 --r=auto --n_rep=5000 --sigma=1.0 --p_thresh=0.95 --threshold=empirical --m_ret=5000 --coverage=TRUE --cred_mass=0.95 --interval=eti --n_draws=10000 --n_grid=50 --min_grid_pts=100 --wip=FALSE --approaches="Conventional,Weighted GPD,Cluster maxima (POT)" --seed=3026' now: '--dep_type=log --dep_par=0.75 --k=0.3 --n=4000 --r=auto --n_rep=5000 --sigma=1.0 --p_thresh=0.95 --threshold=empirical --m_ret=1000 --coverage=TRUE --cred_mass=0.95 --interval=eti --n_draws=10000 --n_grid=50 --min_grid_pts=100 --wip=FALSE --approaches="Conventional,Weighted GPD,Cluster maxima (POT)" --seed=4026' 
    wildcards: cell=dp0.75_k0.3_n4000_rauto
    threads: 4
    resources: tmpdir=/tmp

Select jobs to execute...
[Fri Aug 28 21:05:37 2026]
Finished jobid: 19 (Rule: run_cell)
33 of 79 steps (42%) done
Execute 1 jobs...
[Fri Aug 28 21:05:37 2026]
localrule run_cell:
    output: results/bias_sensitivity/raw/dp1_k0.3_n4000_rauto.rds
    log: logs/bias_sensitivity/run_dp1_k0.3_n4000_rauto.log
    jobid: 77
    reason: Missing output files: results/bias_sensitivity/raw/dp1_k0.3_n4000_rauto.rds; Params have changed since last execution: Union of exclusive params before and now across all output: before: '--dep_type=log --dep_par=1 --k=0.3 --n=4000 --r=auto --n_rep=5000 --sigma=1.0 --p_thresh=0.95 --threshold=empirical --m_ret=5000 --coverage=TRUE --cred_mass=0.95 --interval=eti --n_draws=10000 --n_grid=50 --min_grid_pts=100 --wip=FALSE --approaches="Conventional,Weighted GPD,Cluster maxima (POT)" --seed=3026' now: '--dep_type=log --dep_par=1 --k=0.3 --n=4000 --r=auto --n_rep=5000 --sigma=1.0 --p_thresh=0.95 --threshold=empirical --m_ret=1000 --coverage=TRUE --cred_mass=0.95 --interval=eti --n_draws=10000 --n_grid=50 --min_grid_pts=100 --wip=FALSE --approaches="Conventional,Weighted GPD,Cluster maxima (POT)" --seed=4026' 
    wildcards: cell=dp1_k0.3_n4000_rauto
    threads: 4
    resources: tmpdir=/tmp

Select jobs to execute...
[Fri Aug 28 21:06:38 2026]
Finished jobid: 63 (Rule: run_cell)
34 of 79 steps (43%) done
Execute 1 jobs...
[Fri Aug 28 21:06:38 2026]
localrule run_cell:
    output: results/bias_sensitivity/raw/dp0.5_k-0.3_n2000_rauto.rds
    log: logs/bias_sensitivity/run_dp0.5_k-0.3_n2000_rauto.log
    jobid: 38
    reason: Missing output files: results/bias_sensitivity/raw/dp0.5_k-0.3_n2000_rauto.rds; Params have changed since last execution: Union of exclusive params before and now across all output: before: '--dep_type=log --dep_par=0.5 --k=-0.3 --n=2000 --r=auto --n_rep=5000 --sigma=1.0 --p_thresh=0.95 --threshold=empirical --m_ret=5000 --coverage=TRUE --cred_mass=0.95 --interval=eti --n_draws=10000 --n_grid=50 --min_grid_pts=100 --wip=FALSE --approaches="Conventional,Weighted GPD,Cluster maxima (POT)" --seed=3026' now: '--dep_type=log --dep_par=0.5 --k=-0.3 --n=2000 --r=auto --n_rep=5000 --sigma=1.0 --p_thresh=0.95 --threshold=empirical --m_ret=1000 --coverage=TRUE --cred_mass=0.95 --interval=eti --n_draws=10000 --n_grid=50 --min_grid_pts=100 --wip=FALSE --approaches="Conventional,Weighted GPD,Cluster maxima (POT)" --seed=4026' 
    wildcards: cell=dp0.5_k-0.3_n2000_rauto
    threads: 4
    resources: tmpdir=/tmp

Select jobs to execute...
[Fri Aug 28 21:07:36 2026]
Finished jobid: 17 (Rule: run_cell)
35 of 79 steps (44%) done
Execute 1 jobs...
[Fri Aug 28 21:07:36 2026]
localrule run_cell:
    output: results/bias_sensitivity/raw/dp0.4_k0.3_n2000_rauto.rds
    log: logs/bias_sensitivity/run_dp0.4_k0.3_n2000_rauto.log
    jobid: 32
    reason: Missing output files: results/bias_sensitivity/raw/dp0.4_k0.3_n2000_rauto.rds; Params have changed since last execution: Union of exclusive params before and now across all output: before: '--dep_type=log --dep_par=0.4 --k=0.3 --n=2000 --r=auto --n_rep=5000 --sigma=1.0 --p_thresh=0.95 --threshold=empirical --m_ret=5000 --coverage=TRUE --cred_mass=0.95 --interval=eti --n_draws=10000 --n_grid=50 --min_grid_pts=100 --wip=FALSE --approaches="Conventional,Weighted GPD,Cluster maxima (POT)" --seed=3026' now: '--dep_type=log --dep_par=0.4 --k=0.3 --n=2000 --r=auto --n_rep=5000 --sigma=1.0 --p_thresh=0.95 --threshold=empirical --m_ret=1000 --coverage=TRUE --cred_mass=0.95 --interval=eti --n_draws=10000 --n_grid=50 --min_grid_pts=100 --wip=FALSE --approaches="Conventional,Weighted GPD,Cluster maxima (POT)" --seed=4026' 
    wildcards: cell=dp0.4_k0.3_n2000_rauto
    threads: 4
    resources: tmpdir=/tmp

Select jobs to execute...
[Fri Aug 28 21:08:18 2026]
Finished jobid: 38 (Rule: run_cell)
36 of 79 steps (46%) done
Execute 1 jobs...
[Fri Aug 28 21:08:18 2026]
localrule run_cell:
    output: results/bias_sensitivity/raw/dp0.3_k-0.3_n4000_rauto.rds
    log: logs/bias_sensitivity/run_dp0.3_k-0.3_n4000_rauto.log
    jobid: 23
    reason: Missing output files: results/bias_sensitivity/raw/dp0.3_k-0.3_n4000_rauto.rds; Params have changed since last execution: Union of exclusive params before and now across all output: before: '--dep_type=log --dep_par=0.3 --k=-0.3 --n=4000 --r=auto --n_rep=5000 --sigma=1.0 --p_thresh=0.95 --threshold=empirical --m_ret=5000 --coverage=TRUE --cred_mass=0.95 --interval=eti --n_draws=10000 --n_grid=50 --min_grid_pts=100 --wip=FALSE --approaches="Conventional,Weighted GPD,Cluster maxima (POT)" --seed=3026' now: '--dep_type=log --dep_par=0.3 --k=-0.3 --n=4000 --r=auto --n_rep=5000 --sigma=1.0 --p_thresh=0.95 --threshold=empirical --m_ret=1000 --coverage=TRUE --cred_mass=0.95 --interval=eti --n_draws=10000 --n_grid=50 --min_grid_pts=100 --wip=FALSE --approaches="Conventional,Weighted GPD,Cluster maxima (POT)" --seed=4026' 
    wildcards: cell=dp0.3_k-0.3_n4000_rauto
    threads: 4
    resources: tmpdir=/tmp

Select jobs to execute...
[Fri Aug 28 21:08:26 2026]
Finished jobid: 77 (Rule: run_cell)
37 of 79 steps (47%) done
Execute 1 jobs...
[Fri Aug 28 21:08:26 2026]
localrule run_cell:
    output: results/bias_sensitivity/raw/dp0.6_k-0.3_n4000_rauto.rds
    log: logs/bias_sensitivity/run_dp0.6_k-0.3_n4000_rauto.log
    jobid: 47
    reason: Missing output files: results/bias_sensitivity/raw/dp0.6_k-0.3_n4000_rauto.rds; Params have changed since last execution: Union of exclusive params before and now across all output: before: '--dep_type=log --dep_par=0.6 --k=-0.3 --n=4000 --r=auto --n_rep=5000 --sigma=1.0 --p_thresh=0.95 --threshold=empirical --m_ret=5000 --coverage=TRUE --cred_mass=0.95 --interval=eti --n_draws=10000 --n_grid=50 --min_grid_pts=100 --wip=FALSE --approaches="Conventional,Weighted GPD,Cluster maxima (POT)" --seed=3026' now: '--dep_type=log --dep_par=0.6 --k=-0.3 --n=4000 --r=auto --n_rep=5000 --sigma=1.0 --p_thresh=0.95 --threshold=empirical --m_ret=1000 --coverage=TRUE --cred_mass=0.95 --interval=eti --n_draws=10000 --n_grid=50 --min_grid_pts=100 --wip=FALSE --approaches="Conventional,Weighted GPD,Cluster maxima (POT)" --seed=4026' 
    wildcards: cell=dp0.6_k-0.3_n4000_rauto
    threads: 4
    resources: tmpdir=/tmp

Select jobs to execute...
[Fri Aug 28 21:08:39 2026]
Finished jobid: 53 (Rule: run_cell)
38 of 79 steps (48%) done
Execute 1 jobs...
[Fri Aug 28 21:08:39 2026]
localrule run_cell:
    output: results/bias_sensitivity/raw/dp0.95_k0.3_n2000_rauto.rds
    log: logs/bias_sensitivity/run_dp0.95_k0.3_n2000_rauto.log
    jobid: 68
    reason: Missing output files: results/bias_sensitivity/raw/dp0.95_k0.3_n2000_rauto.rds; Params have changed since last execution: Union of exclusive params before and now across all output: before: '--dep_type=log --dep_par=0.95 --k=0.3 --n=2000 --r=auto --n_rep=5000 --sigma=1.0 --p_thresh=0.95 --threshold=empirical --m_ret=5000 --coverage=TRUE --cred_mass=0.95 --interval=eti --n_draws=10000 --n_grid=50 --min_grid_pts=100 --wip=FALSE --approaches="Conventional,Weighted GPD,Cluster maxima (POT)" --seed=3026' now: '--dep_type=log --dep_par=0.95 --k=0.3 --n=2000 --r=auto --n_rep=5000 --sigma=1.0 --p_thresh=0.95 --threshold=empirical --m_ret=1000 --coverage=TRUE --cred_mass=0.95 --interval=eti --n_draws=10000 --n_grid=50 --min_grid_pts=100 --wip=FALSE --approaches="Conventional,Weighted GPD,Cluster maxima (POT)" --seed=4026' 
    wildcards: cell=dp0.95_k0.3_n2000_rauto
    threads: 4
    resources: tmpdir=/tmp

Select jobs to execute...
[Fri Aug 28 21:09:13 2026]
Finished jobid: 32 (Rule: run_cell)
39 of 79 steps (49%) done
Execute 1 jobs...
[Fri Aug 28 21:09:13 2026]
localrule run_cell:
    output: results/bias_sensitivity/raw/dp0.15_k-0.3_n2000_rauto.rds
    log: logs/bias_sensitivity/run_dp0.15_k-0.3_n2000_rauto.log
    jobid: 2
    reason: Missing output files: results/bias_sensitivity/raw/dp0.15_k-0.3_n2000_rauto.rds; Params have changed since last execution: Union of exclusive params before and now across all output: before: '--dep_type=log --dep_par=0.15 --k=-0.3 --n=2000 --r=auto --n_rep=5000 --sigma=1.0 --p_thresh=0.95 --threshold=empirical --m_ret=5000 --coverage=TRUE --cred_mass=0.95 --interval=eti --n_draws=10000 --n_grid=50 --min_grid_pts=100 --wip=FALSE --approaches="Conventional,Weighted GPD,Cluster maxima (POT)" --seed=3026' now: '--dep_type=log --dep_par=0.15 --k=-0.3 --n=2000 --r=auto --n_rep=5000 --sigma=1.0 --p_thresh=0.95 --threshold=empirical --m_ret=1000 --coverage=TRUE --cred_mass=0.95 --interval=eti --n_draws=10000 --n_grid=50 --min_grid_pts=100 --wip=FALSE --approaches="Conventional,Weighted GPD,Cluster maxima (POT)" --seed=4026' 
    wildcards: cell=dp0.15_k-0.3_n2000_rauto
    threads: 4
    resources: tmpdir=/tmp

Select jobs to execute...
[Fri Aug 28 21:10:17 2026]
Finished jobid: 68 (Rule: run_cell)
40 of 79 steps (51%) done
Execute 1 jobs...
[Fri Aug 28 21:10:17 2026]
localrule run_cell:
    output: results/bias_sensitivity/raw/dp0.2_k-0.3_n2000_rauto.rds
    log: logs/bias_sensitivity/run_dp0.2_k-0.3_n2000_rauto.log
    jobid: 14
    reason: Missing output files: results/bias_sensitivity/raw/dp0.2_k-0.3_n2000_rauto.rds; Params have changed since last execution: Union of exclusive params before and now across all output: before: '--dep_type=log --dep_par=0.2 --k=-0.3 --n=2000 --r=auto --n_rep=5000 --sigma=1.0 --p_thresh=0.95 --threshold=empirical --m_ret=5000 --coverage=TRUE --cred_mass=0.95 --interval=eti --n_draws=10000 --n_grid=50 --min_grid_pts=100 --wip=FALSE --approaches="Conventional,Weighted GPD,Cluster maxima (POT)" --seed=3026' now: '--dep_type=log --dep_par=0.2 --k=-0.3 --n=2000 --r=auto --n_rep=5000 --sigma=1.0 --p_thresh=0.95 --threshold=empirical --m_ret=1000 --coverage=TRUE --cred_mass=0.95 --interval=eti --n_draws=10000 --n_grid=50 --min_grid_pts=100 --wip=FALSE --approaches="Conventional,Weighted GPD,Cluster maxima (POT)" --seed=4026' 
    wildcards: cell=dp0.2_k-0.3_n2000_rauto
    threads: 4
    resources: tmpdir=/tmp

Select jobs to execute...
[Fri Aug 28 21:10:39 2026]
Finished jobid: 2 (Rule: run_cell)
41 of 79 steps (52%) done
Execute 1 jobs...
[Fri Aug 28 21:10:39 2026]
localrule run_cell:
    output: results/bias_sensitivity/raw/dp1_k-0.3_n2000_rauto.rds
    log: logs/bias_sensitivity/run_dp1_k-0.3_n2000_rauto.log
    jobid: 74
    reason: Missing output files: results/bias_sensitivity/raw/dp1_k-0.3_n2000_rauto.rds; Params have changed since last execution: Union of exclusive params before and now across all output: before: '--dep_type=log --dep_par=1 --k=-0.3 --n=2000 --r=auto --n_rep=5000 --sigma=1.0 --p_thresh=0.95 --threshold=empirical --m_ret=5000 --coverage=TRUE --cred_mass=0.95 --interval=eti --n_draws=10000 --n_grid=50 --min_grid_pts=100 --wip=FALSE --approaches="Conventional,Weighted GPD,Cluster maxima (POT)" --seed=3026' now: '--dep_type=log --dep_par=1 --k=-0.3 --n=2000 --r=auto --n_rep=5000 --sigma=1.0 --p_thresh=0.95 --threshold=empirical --m_ret=1000 --coverage=TRUE --cred_mass=0.95 --interval=eti --n_draws=10000 --n_grid=50 --min_grid_pts=100 --wip=FALSE --approaches="Conventional,Weighted GPD,Cluster maxima (POT)" --seed=4026' 
    wildcards: cell=dp1_k-0.3_n2000_rauto
    threads: 4
    resources: tmpdir=/tmp

Select jobs to execute...
[Fri Aug 28 21:10:45 2026]
Finished jobid: 23 (Rule: run_cell)
42 of 79 steps (53%) done
Execute 1 jobs...
[Fri Aug 28 21:10:45 2026]
localrule run_cell:
    output: results/bias_sensitivity/raw/dp0.65_k-0.3_n4000_rauto.rds
    log: logs/bias_sensitivity/run_dp0.65_k-0.3_n4000_rauto.log
    jobid: 43
    reason: Missing output files: results/bias_sensitivity/raw/dp0.65_k-0.3_n4000_rauto.rds; Params have changed since last execution: Union of exclusive params before and now across all output: before: '--dep_type=log --dep_par=0.65 --k=-0.3 --n=4000 --r=auto --n_rep=5000 --sigma=1.0 --p_thresh=0.95 --threshold=empirical --m_ret=5000 --coverage=TRUE --cred_mass=0.95 --interval=eti --n_draws=10000 --n_grid=50 --min_grid_pts=100 --wip=FALSE --approaches="Conventional,Weighted GPD,Cluster maxima (POT)" --seed=3026' now: '--dep_type=log --dep_par=0.65 --k=-0.3 --n=4000 --r=auto --n_rep=5000 --sigma=1.0 --p_thresh=0.95 --threshold=empirical --m_ret=1000 --coverage=TRUE --cred_mass=0.95 --interval=eti --n_draws=10000 --n_grid=50 --min_grid_pts=100 --wip=FALSE --approaches="Conventional,Weighted GPD,Cluster maxima (POT)" --seed=4026' 
    wildcards: cell=dp0.65_k-0.3_n4000_rauto
    threads: 4
    resources: tmpdir=/tmp

Select jobs to execute...
[Fri Aug 28 21:10:59 2026]
Finished jobid: 47 (Rule: run_cell)
43 of 79 steps (54%) done
Execute 1 jobs...
[Fri Aug 28 21:10:59 2026]
localrule run_cell:
    output: results/bias_sensitivity/raw/dp0.25_k0.3_n4000_rauto.rds
    log: logs/bias_sensitivity/run_dp0.25_k0.3_n4000_rauto.log
    jobid: 13
    reason: Missing output files: results/bias_sensitivity/raw/dp0.25_k0.3_n4000_rauto.rds; Params have changed since last execution: Union of exclusive params before and now across all output: before: '--dep_type=log --dep_par=0.25 --k=0.3 --n=4000 --r=auto --n_rep=5000 --sigma=1.0 --p_thresh=0.95 --threshold=empirical --m_ret=5000 --coverage=TRUE --cred_mass=0.95 --interval=eti --n_draws=10000 --n_grid=50 --min_grid_pts=100 --wip=FALSE --approaches="Conventional,Weighted GPD,Cluster maxima (POT)" --seed=3026' now: '--dep_type=log --dep_par=0.25 --k=0.3 --n=4000 --r=auto --n_rep=5000 --sigma=1.0 --p_thresh=0.95 --threshold=empirical --m_ret=1000 --coverage=TRUE --cred_mass=0.95 --interval=eti --n_draws=10000 --n_grid=50 --min_grid_pts=100 --wip=FALSE --approaches="Conventional,Weighted GPD,Cluster maxima (POT)" --seed=4026' 
    wildcards: cell=dp0.25_k0.3_n4000_rauto
    threads: 4
    resources: tmpdir=/tmp

Select jobs to execute...
[Fri Aug 28 21:11:43 2026]
Finished jobid: 14 (Rule: run_cell)
44 of 79 steps (56%) done
Execute 1 jobs...
[Fri Aug 28 21:11:43 2026]
localrule run_cell:
    output: results/bias_sensitivity/raw/dp0.9_k0.3_n4000_rauto.rds
    log: logs/bias_sensitivity/run_dp0.9_k0.3_n4000_rauto.log
    jobid: 73
    reason: Missing output files: results/bias_sensitivity/raw/dp0.9_k0.3_n4000_rauto.rds; Params have changed since last execution: Union of exclusive params before and now across all output: before: '--dep_type=log --dep_par=0.9 --k=0.3 --n=4000 --r=auto --n_rep=5000 --sigma=1.0 --p_thresh=0.95 --threshold=empirical --m_ret=5000 --coverage=TRUE --cred_mass=0.95 --interval=eti --n_draws=10000 --n_grid=50 --min_grid_pts=100 --wip=FALSE --approaches="Conventional,Weighted GPD,Cluster maxima (POT)" --seed=3026' now: '--dep_type=log --dep_par=0.9 --k=0.3 --n=4000 --r=auto --n_rep=5000 --sigma=1.0 --p_thresh=0.95 --threshold=empirical --m_ret=1000 --coverage=TRUE --cred_mass=0.95 --interval=eti --n_draws=10000 --n_grid=50 --min_grid_pts=100 --wip=FALSE --approaches="Conventional,Weighted GPD,Cluster maxima (POT)" --seed=4026' 
    wildcards: cell=dp0.9_k0.3_n4000_rauto
    threads: 4
    resources: tmpdir=/tmp

Select jobs to execute...
[Fri Aug 28 21:12:13 2026]
Finished jobid: 74 (Rule: run_cell)
45 of 79 steps (57%) done
Execute 1 jobs...
[Fri Aug 28 21:12:13 2026]
localrule run_cell:
    output: results/bias_sensitivity/raw/dp0.45_k0.3_n2000_rauto.rds
    log: logs/bias_sensitivity/run_dp0.45_k0.3_n2000_rauto.log
    jobid: 28
    reason: Missing output files: results/bias_sensitivity/raw/dp0.45_k0.3_n2000_rauto.rds; Params have changed since last execution: Union of exclusive params before and now across all output: before: '--dep_type=log --dep_par=0.45 --k=0.3 --n=2000 --r=auto --n_rep=5000 --sigma=1.0 --p_thresh=0.95 --threshold=empirical --m_ret=5000 --coverage=TRUE --cred_mass=0.95 --interval=eti --n_draws=10000 --n_grid=50 --min_grid_pts=100 --wip=FALSE --approaches="Conventional,Weighted GPD,Cluster maxima (POT)" --seed=3026' now: '--dep_type=log --dep_par=0.45 --k=0.3 --n=2000 --r=auto --n_rep=5000 --sigma=1.0 --p_thresh=0.95 --threshold=empirical --m_ret=1000 --coverage=TRUE --cred_mass=0.95 --interval=eti --n_draws=10000 --n_grid=50 --min_grid_pts=100 --wip=FALSE --approaches="Conventional,Weighted GPD,Cluster maxima (POT)" --seed=4026' 
    wildcards: cell=dp0.45_k0.3_n2000_rauto
    threads: 4
    resources: tmpdir=/tmp

Select jobs to execute...
[Fri Aug 28 21:13:18 2026]
Finished jobid: 13 (Rule: run_cell)
46 of 79 steps (58%) done
Execute 1 jobs...
[Fri Aug 28 21:13:18 2026]
localrule run_cell:
    output: results/bias_sensitivity/raw/dp0.65_k-0.3_n2000_rauto.rds
    log: logs/bias_sensitivity/run_dp0.65_k-0.3_n2000_rauto.log
    jobid: 42
    reason: Missing output files: results/bias_sensitivity/raw/dp0.65_k-0.3_n2000_rauto.rds; Params have changed since last execution: Union of exclusive params before and now across all output: before: '--dep_type=log --dep_par=0.65 --k=-0.3 --n=2000 --r=auto --n_rep=5000 --sigma=1.0 --p_thresh=0.95 --threshold=empirical --m_ret=5000 --coverage=TRUE --cred_mass=0.95 --interval=eti --n_draws=10000 --n_grid=50 --min_grid_pts=100 --wip=FALSE --approaches="Conventional,Weighted GPD,Cluster maxima (POT)" --seed=3026' now: '--dep_type=log --dep_par=0.65 --k=-0.3 --n=2000 --r=auto --n_rep=5000 --sigma=1.0 --p_thresh=0.95 --threshold=empirical --m_ret=1000 --coverage=TRUE --cred_mass=0.95 --interval=eti --n_draws=10000 --n_grid=50 --min_grid_pts=100 --wip=FALSE --approaches="Conventional,Weighted GPD,Cluster maxima (POT)" --seed=4026' 
    wildcards: cell=dp0.65_k-0.3_n2000_rauto
    threads: 4
    resources: tmpdir=/tmp

Select jobs to execute...
[Fri Aug 28 21:13:21 2026]
Finished jobid: 43 (Rule: run_cell)
47 of 79 steps (59%) done
Execute 1 jobs...
[Fri Aug 28 21:13:21 2026]
localrule run_cell:
    output: results/bias_sensitivity/raw/dp0.7_k0.3_n4000_rauto.rds
    log: logs/bias_sensitivity/run_dp0.7_k0.3_n4000_rauto.log
    jobid: 57
    reason: Missing output files: results/bias_sensitivity/raw/dp0.7_k0.3_n4000_rauto.rds; Params have changed since last execution: Union of exclusive params before and now across all output: before: '--dep_type=log --dep_par=0.7 --k=0.3 --n=4000 --r=auto --n_rep=5000 --sigma=1.0 --p_thresh=0.95 --threshold=empirical --m_ret=5000 --coverage=TRUE --cred_mass=0.95 --interval=eti --n_draws=10000 --n_grid=50 --min_grid_pts=100 --wip=FALSE --approaches="Conventional,Weighted GPD,Cluster maxima (POT)" --seed=3026' now: '--dep_type=log --dep_par=0.7 --k=0.3 --n=4000 --r=auto --n_rep=5000 --sigma=1.0 --p_thresh=0.95 --threshold=empirical --m_ret=1000 --coverage=TRUE --cred_mass=0.95 --interval=eti --n_draws=10000 --n_grid=50 --min_grid_pts=100 --wip=FALSE --approaches="Conventional,Weighted GPD,Cluster maxima (POT)" --seed=4026' 
    wildcards: cell=dp0.7_k0.3_n4000_rauto
    threads: 4
    resources: tmpdir=/tmp

Select jobs to execute...
[Fri Aug 28 21:13:42 2026]
Finished jobid: 28 (Rule: run_cell)
48 of 79 steps (61%) done
Execute 1 jobs...
[Fri Aug 28 21:13:42 2026]
localrule run_cell:
    output: results/bias_sensitivity/raw/dp0.25_k0.3_n2000_rauto.rds
    log: logs/bias_sensitivity/run_dp0.25_k0.3_n2000_rauto.log
    jobid: 12
    reason: Missing output files: results/bias_sensitivity/raw/dp0.25_k0.3_n2000_rauto.rds; Params have changed since last execution: Union of exclusive params before and now across all output: before: '--dep_type=log --dep_par=0.25 --k=0.3 --n=2000 --r=auto --n_rep=5000 --sigma=1.0 --p_thresh=0.95 --threshold=empirical --m_ret=5000 --coverage=TRUE --cred_mass=0.95 --interval=eti --n_draws=10000 --n_grid=50 --min_grid_pts=100 --wip=FALSE --approaches="Conventional,Weighted GPD,Cluster maxima (POT)" --seed=3026' now: '--dep_type=log --dep_par=0.25 --k=0.3 --n=2000 --r=auto --n_rep=5000 --sigma=1.0 --p_thresh=0.95 --threshold=empirical --m_ret=1000 --coverage=TRUE --cred_mass=0.95 --interval=eti --n_draws=10000 --n_grid=50 --min_grid_pts=100 --wip=FALSE --approaches="Conventional,Weighted GPD,Cluster maxima (POT)" --seed=4026' 
    wildcards: cell=dp0.25_k0.3_n2000_rauto
    threads: 4
    resources: tmpdir=/tmp

Select jobs to execute...
[Fri Aug 28 21:14:25 2026]
Finished jobid: 73 (Rule: run_cell)
49 of 79 steps (62%) done
Execute 1 jobs...
[Fri Aug 28 21:14:25 2026]
localrule run_cell:
    output: results/bias_sensitivity/raw/dp0.9_k0.3_n2000_rauto.rds
    log: logs/bias_sensitivity/run_dp0.9_k0.3_n2000_rauto.log
    jobid: 72
    reason: Missing output files: results/bias_sensitivity/raw/dp0.9_k0.3_n2000_rauto.rds; Params have changed since last execution: Union of exclusive params before and now across all output: before: '--dep_type=log --dep_par=0.9 --k=0.3 --n=2000 --r=auto --n_rep=5000 --sigma=1.0 --p_thresh=0.95 --threshold=empirical --m_ret=5000 --coverage=TRUE --cred_mass=0.95 --interval=eti --n_draws=10000 --n_grid=50 --min_grid_pts=100 --wip=FALSE --approaches="Conventional,Weighted GPD,Cluster maxima (POT)" --seed=3026' now: '--dep_type=log --dep_par=0.9 --k=0.3 --n=2000 --r=auto --n_rep=5000 --sigma=1.0 --p_thresh=0.95 --threshold=empirical --m_ret=1000 --coverage=TRUE --cred_mass=0.95 --interval=eti --n_draws=10000 --n_grid=50 --min_grid_pts=100 --wip=FALSE --approaches="Conventional,Weighted GPD,Cluster maxima (POT)" --seed=4026' 
    wildcards: cell=dp0.9_k0.3_n2000_rauto
    threads: 4
    resources: tmpdir=/tmp

Select jobs to execute...
[Fri Aug 28 21:14:55 2026]
Finished jobid: 42 (Rule: run_cell)
50 of 79 steps (63%) done
Execute 1 jobs...
[Fri Aug 28 21:14:55 2026]
localrule run_cell:
    output: results/bias_sensitivity/raw/dp0.45_k-0.3_n4000_rauto.rds
    log: logs/bias_sensitivity/run_dp0.45_k-0.3_n4000_rauto.log
    jobid: 27
    reason: Missing output files: results/bias_sensitivity/raw/dp0.45_k-0.3_n4000_rauto.rds; Params have changed since last execution: Union of exclusive params before and now across all output: before: '--dep_type=log --dep_par=0.45 --k=-0.3 --n=4000 --r=auto --n_rep=5000 --sigma=1.0 --p_thresh=0.95 --threshold=empirical --m_ret=5000 --coverage=TRUE --cred_mass=0.95 --interval=eti --n_draws=10000 --n_grid=50 --min_grid_pts=100 --wip=FALSE --approaches="Conventional,Weighted GPD,Cluster maxima (POT)" --seed=3026' now: '--dep_type=log --dep_par=0.45 --k=-0.3 --n=4000 --r=auto --n_rep=5000 --sigma=1.0 --p_thresh=0.95 --threshold=empirical --m_ret=1000 --coverage=TRUE --cred_mass=0.95 --interval=eti --n_draws=10000 --n_grid=50 --min_grid_pts=100 --wip=FALSE --approaches="Conventional,Weighted GPD,Cluster maxima (POT)" --seed=4026' 
    wildcards: cell=dp0.45_k-0.3_n4000_rauto
    threads: 4
    resources: tmpdir=/tmp

Select jobs to execute...
[Fri Aug 28 21:15:08 2026]
Finished jobid: 12 (Rule: run_cell)
51 of 79 steps (65%) done
Execute 1 jobs...
[Fri Aug 28 21:15:08 2026]
localrule run_cell:
    output: results/bias_sensitivity/raw/dp0.45_k-0.3_n2000_rauto.rds
    log: logs/bias_sensitivity/run_dp0.45_k-0.3_n2000_rauto.log
    jobid: 26
    reason: Missing output files: results/bias_sensitivity/raw/dp0.45_k-0.3_n2000_rauto.rds; Params have changed since last execution: Union of exclusive params before and now across all output: before: '--dep_type=log --dep_par=0.45 --k=-0.3 --n=2000 --r=auto --n_rep=5000 --sigma=1.0 --p_thresh=0.95 --threshold=empirical --m_ret=5000 --coverage=TRUE --cred_mass=0.95 --interval=eti --n_draws=10000 --n_grid=50 --min_grid_pts=100 --wip=FALSE --approaches="Conventional,Weighted GPD,Cluster maxima (POT)" --seed=3026' now: '--dep_type=log --dep_par=0.45 --k=-0.3 --n=2000 --r=auto --n_rep=5000 --sigma=1.0 --p_thresh=0.95 --threshold=empirical --m_ret=1000 --coverage=TRUE --cred_mass=0.95 --interval=eti --n_draws=10000 --n_grid=50 --min_grid_pts=100 --wip=FALSE --approaches="Conventional,Weighted GPD,Cluster maxima (POT)" --seed=4026' 
    wildcards: cell=dp0.45_k-0.3_n2000_rauto
    threads: 4
    resources: tmpdir=/tmp

Select jobs to execute...
[Fri Aug 28 21:16:06 2026]
Finished jobid: 72 (Rule: run_cell)
52 of 79 steps (66%) done
Execute 1 jobs...
[Fri Aug 28 21:16:06 2026]
localrule run_cell:
    output: results/bias_sensitivity/raw/dp0.5_k0.3_n4000_rauto.rds
    log: logs/bias_sensitivity/run_dp0.5_k0.3_n4000_rauto.log
    jobid: 41
    reason: Missing output files: results/bias_sensitivity/raw/dp0.5_k0.3_n4000_rauto.rds; Params have changed since last execution: Union of exclusive params before and now across all output: before: '--dep_type=log --dep_par=0.5 --k=0.3 --n=4000 --r=auto --n_rep=5000 --sigma=1.0 --p_thresh=0.95 --threshold=empirical --m_ret=5000 --coverage=TRUE --cred_mass=0.95 --interval=eti --n_draws=10000 --n_grid=50 --min_grid_pts=100 --wip=FALSE --approaches="Conventional,Weighted GPD,Cluster maxima (POT)" --seed=3026' now: '--dep_type=log --dep_par=0.5 --k=0.3 --n=4000 --r=auto --n_rep=5000 --sigma=1.0 --p_thresh=0.95 --threshold=empirical --m_ret=1000 --coverage=TRUE --cred_mass=0.95 --interval=eti --n_draws=10000 --n_grid=50 --min_grid_pts=100 --wip=FALSE --approaches="Conventional,Weighted GPD,Cluster maxima (POT)" --seed=4026' 
    wildcards: cell=dp0.5_k0.3_n4000_rauto
    threads: 4
    resources: tmpdir=/tmp

Select jobs to execute...
[Fri Aug 28 21:16:06 2026]
Finished jobid: 57 (Rule: run_cell)
53 of 79 steps (67%) done
Execute 1 jobs...
[Fri Aug 28 21:16:07 2026]
localrule run_cell:
    output: results/bias_sensitivity/raw/dp0.7_k0.3_n2000_rauto.rds
    log: logs/bias_sensitivity/run_dp0.7_k0.3_n2000_rauto.log
    jobid: 56
    reason: Missing output files: results/bias_sensitivity/raw/dp0.7_k0.3_n2000_rauto.rds; Params have changed since last execution: Union of exclusive params before and now across all output: before: '--dep_type=log --dep_par=0.7 --k=0.3 --n=2000 --r=auto --n_rep=5000 --sigma=1.0 --p_thresh=0.95 --threshold=empirical --m_ret=5000 --coverage=TRUE --cred_mass=0.95 --interval=eti --n_draws=10000 --n_grid=50 --min_grid_pts=100 --wip=FALSE --approaches="Conventional,Weighted GPD,Cluster maxima (POT)" --seed=3026' now: '--dep_type=log --dep_par=0.7 --k=0.3 --n=2000 --r=auto --n_rep=5000 --sigma=1.0 --p_thresh=0.95 --threshold=empirical --m_ret=1000 --coverage=TRUE --cred_mass=0.95 --interval=eti --n_draws=10000 --n_grid=50 --min_grid_pts=100 --wip=FALSE --approaches="Conventional,Weighted GPD,Cluster maxima (POT)" --seed=4026' 
    wildcards: cell=dp0.7_k0.3_n2000_rauto
    threads: 4
    resources: tmpdir=/tmp

Select jobs to execute...
[Fri Aug 28 21:16:44 2026]
Finished jobid: 26 (Rule: run_cell)
54 of 79 steps (68%) done
Execute 1 jobs...
[Fri Aug 28 21:16:44 2026]
localrule run_cell:
    output: results/bias_sensitivity/raw/dp0.9_k-0.3_n4000_rauto.rds
    log: logs/bias_sensitivity/run_dp0.9_k-0.3_n4000_rauto.log
    jobid: 71
    reason: Missing output files: results/bias_sensitivity/raw/dp0.9_k-0.3_n4000_rauto.rds; Params have changed since last execution: Union of exclusive params before and now across all output: before: '--dep_type=log --dep_par=0.9 --k=-0.3 --n=4000 --r=auto --n_rep=5000 --sigma=1.0 --p_thresh=0.95 --threshold=empirical --m_ret=5000 --coverage=TRUE --cred_mass=0.95 --interval=eti --n_draws=10000 --n_grid=50 --min_grid_pts=100 --wip=FALSE --approaches="Conventional,Weighted GPD,Cluster maxima (POT)" --seed=3026' now: '--dep_type=log --dep_par=0.9 --k=-0.3 --n=4000 --r=auto --n_rep=5000 --sigma=1.0 --p_thresh=0.95 --threshold=empirical --m_ret=1000 --coverage=TRUE --cred_mass=0.95 --interval=eti --n_draws=10000 --n_grid=50 --min_grid_pts=100 --wip=FALSE --approaches="Conventional,Weighted GPD,Cluster maxima (POT)" --seed=4026' 
    wildcards: cell=dp0.9_k-0.3_n4000_rauto
    threads: 4
    resources: tmpdir=/tmp

Select jobs to execute...
[Fri Aug 28 21:17:16 2026]
Finished jobid: 27 (Rule: run_cell)
55 of 79 steps (70%) done
Execute 1 jobs...
[Fri Aug 28 21:17:16 2026]
localrule run_cell:
    output: results/bias_sensitivity/raw/dp0.3_k0.3_n4000_rauto.rds
    log: logs/bias_sensitivity/run_dp0.3_k0.3_n4000_rauto.log
    jobid: 25
    reason: Missing output files: results/bias_sensitivity/raw/dp0.3_k0.3_n4000_rauto.rds; Params have changed since last execution: Union of exclusive params before and now across all output: before: '--dep_type=log --dep_par=0.3 --k=0.3 --n=4000 --r=auto --n_rep=5000 --sigma=1.0 --p_thresh=0.95 --threshold=empirical --m_ret=5000 --coverage=TRUE --cred_mass=0.95 --interval=eti --n_draws=10000 --n_grid=50 --min_grid_pts=100 --wip=FALSE --approaches="Conventional,Weighted GPD,Cluster maxima (POT)" --seed=3026' now: '--dep_type=log --dep_par=0.3 --k=0.3 --n=4000 --r=auto --n_rep=5000 --sigma=1.0 --p_thresh=0.95 --threshold=empirical --m_ret=1000 --coverage=TRUE --cred_mass=0.95 --interval=eti --n_draws=10000 --n_grid=50 --min_grid_pts=100 --wip=FALSE --approaches="Conventional,Weighted GPD,Cluster maxima (POT)" --seed=4026' 
    wildcards: cell=dp0.3_k0.3_n4000_rauto
    threads: 4
    resources: tmpdir=/tmp

Select jobs to execute...
[Fri Aug 28 21:17:44 2026]
Finished jobid: 56 (Rule: run_cell)
56 of 79 steps (71%) done
Execute 1 jobs...
[Fri Aug 28 21:17:44 2026]
localrule run_cell:
    output: results/bias_sensitivity/raw/dp0.5_k0.3_n2000_rauto.rds
    log: logs/bias_sensitivity/run_dp0.5_k0.3_n2000_rauto.log
    jobid: 40
    reason: Missing output files: results/bias_sensitivity/raw/dp0.5_k0.3_n2000_rauto.rds; Params have changed since last execution: Union of exclusive params before and now across all output: before: '--dep_type=log --dep_par=0.5 --k=0.3 --n=2000 --r=auto --n_rep=5000 --sigma=1.0 --p_thresh=0.95 --threshold=empirical --m_ret=5000 --coverage=TRUE --cred_mass=0.95 --interval=eti --n_draws=10000 --n_grid=50 --min_grid_pts=100 --wip=FALSE --approaches="Conventional,Weighted GPD,Cluster maxima (POT)" --seed=3026' now: '--dep_type=log --dep_par=0.5 --k=0.3 --n=2000 --r=auto --n_rep=5000 --sigma=1.0 --p_thresh=0.95 --threshold=empirical --m_ret=1000 --coverage=TRUE --cred_mass=0.95 --interval=eti --n_draws=10000 --n_grid=50 --min_grid_pts=100 --wip=FALSE --approaches="Conventional,Weighted GPD,Cluster maxima (POT)" --seed=4026' 
    wildcards: cell=dp0.5_k0.3_n2000_rauto
    threads: 4
    resources: tmpdir=/tmp

Select jobs to execute...
[Fri Aug 28 21:18:29 2026]
Finished jobid: 41 (Rule: run_cell)
57 of 79 steps (72%) done
Execute 1 jobs...
[Fri Aug 28 21:18:29 2026]
localrule run_cell:
    output: results/bias_sensitivity/raw/dp0.6_k-0.3_n2000_rauto.rds
    log: logs/bias_sensitivity/run_dp0.6_k-0.3_n2000_rauto.log
    jobid: 46
    reason: Missing output files: results/bias_sensitivity/raw/dp0.6_k-0.3_n2000_rauto.rds; Params have changed since last execution: Union of exclusive params before and now across all output: before: '--dep_type=log --dep_par=0.6 --k=-0.3 --n=2000 --r=auto --n_rep=5000 --sigma=1.0 --p_thresh=0.95 --threshold=empirical --m_ret=5000 --coverage=TRUE --cred_mass=0.95 --interval=eti --n_draws=10000 --n_grid=50 --min_grid_pts=100 --wip=FALSE --approaches="Conventional,Weighted GPD,Cluster maxima (POT)" --seed=3026' now: '--dep_type=log --dep_par=0.6 --k=-0.3 --n=2000 --r=auto --n_rep=5000 --sigma=1.0 --p_thresh=0.95 --threshold=empirical --m_ret=1000 --coverage=TRUE --cred_mass=0.95 --interval=eti --n_draws=10000 --n_grid=50 --min_grid_pts=100 --wip=FALSE --approaches="Conventional,Weighted GPD,Cluster maxima (POT)" --seed=4026' 
    wildcards: cell=dp0.6_k-0.3_n2000_rauto
    threads: 4
    resources: tmpdir=/tmp

Select jobs to execute...
[Fri Aug 28 21:19:09 2026]
Finished jobid: 40 (Rule: run_cell)
58 of 79 steps (73%) done
Execute 1 jobs...
[Fri Aug 28 21:19:10 2026]
localrule run_cell:
    output: results/bias_sensitivity/raw/dp0.4_k-0.3_n4000_rauto.rds
    log: logs/bias_sensitivity/run_dp0.4_k-0.3_n4000_rauto.log
    jobid: 31
    reason: Missing output files: results/bias_sensitivity/raw/dp0.4_k-0.3_n4000_rauto.rds; Params have changed since last execution: Union of exclusive params before and now across all output: before: '--dep_type=log --dep_par=0.4 --k=-0.3 --n=4000 --r=auto --n_rep=5000 --sigma=1.0 --p_thresh=0.95 --threshold=empirical --m_ret=5000 --coverage=TRUE --cred_mass=0.95 --interval=eti --n_draws=10000 --n_grid=50 --min_grid_pts=100 --wip=FALSE --approaches="Conventional,Weighted GPD,Cluster maxima (POT)" --seed=3026' now: '--dep_type=log --dep_par=0.4 --k=-0.3 --n=4000 --r=auto --n_rep=5000 --sigma=1.0 --p_thresh=0.95 --threshold=empirical --m_ret=1000 --coverage=TRUE --cred_mass=0.95 --interval=eti --n_draws=10000 --n_grid=50 --min_grid_pts=100 --wip=FALSE --approaches="Conventional,Weighted GPD,Cluster maxima (POT)" --seed=4026' 
    wildcards: cell=dp0.4_k-0.3_n4000_rauto
    threads: 4
    resources: tmpdir=/tmp

Select jobs to execute...
[Fri Aug 28 21:19:14 2026]
Finished jobid: 71 (Rule: run_cell)
59 of 79 steps (75%) done
Execute 1 jobs...
[Fri Aug 28 21:19:14 2026]
localrule run_cell:
    output: results/bias_sensitivity/raw/dp0.85_k0.3_n2000_rauto.rds
    log: logs/bias_sensitivity/run_dp0.85_k0.3_n2000_rauto.log
    jobid: 60
    reason: Missing output files: results/bias_sensitivity/raw/dp0.85_k0.3_n2000_rauto.rds; Params have changed since last execution: Union of exclusive params before and now across all output: before: '--dep_type=log --dep_par=0.85 --k=0.3 --n=2000 --r=auto --n_rep=5000 --sigma=1.0 --p_thresh=0.95 --threshold=empirical --m_ret=5000 --coverage=TRUE --cred_mass=0.95 --interval=eti --n_draws=10000 --n_grid=50 --min_grid_pts=100 --wip=FALSE --approaches="Conventional,Weighted GPD,Cluster maxima (POT)" --seed=3026' now: '--dep_type=log --dep_par=0.85 --k=0.3 --n=2000 --r=auto --n_rep=5000 --sigma=1.0 --p_thresh=0.95 --threshold=empirical --m_ret=1000 --coverage=TRUE --cred_mass=0.95 --interval=eti --n_draws=10000 --n_grid=50 --min_grid_pts=100 --wip=FALSE --approaches="Conventional,Weighted GPD,Cluster maxima (POT)" --seed=4026' 
    wildcards: cell=dp0.85_k0.3_n2000_rauto
    threads: 4
    resources: tmpdir=/tmp

Select jobs to execute...
[Fri Aug 28 21:19:31 2026]
Finished jobid: 25 (Rule: run_cell)
60 of 79 steps (76%) done
Execute 1 jobs...
[Fri Aug 28 21:19:31 2026]
localrule run_cell:
    output: results/bias_sensitivity/raw/dp0.2_k-0.3_n4000_rauto.rds
    log: logs/bias_sensitivity/run_dp0.2_k-0.3_n4000_rauto.log
    jobid: 15
    reason: Missing output files: results/bias_sensitivity/raw/dp0.2_k-0.3_n4000_rauto.rds; Params have changed since last execution: Union of exclusive params before and now across all output: before: '--dep_type=log --dep_par=0.2 --k=-0.3 --n=4000 --r=auto --n_rep=5000 --sigma=1.0 --p_thresh=0.95 --threshold=empirical --m_ret=5000 --coverage=TRUE --cred_mass=0.95 --interval=eti --n_draws=10000 --n_grid=50 --min_grid_pts=100 --wip=FALSE --approaches="Conventional,Weighted GPD,Cluster maxima (POT)" --seed=3026' now: '--dep_type=log --dep_par=0.2 --k=-0.3 --n=4000 --r=auto --n_rep=5000 --sigma=1.0 --p_thresh=0.95 --threshold=empirical --m_ret=1000 --coverage=TRUE --cred_mass=0.95 --interval=eti --n_draws=10000 --n_grid=50 --min_grid_pts=100 --wip=FALSE --approaches="Conventional,Weighted GPD,Cluster maxima (POT)" --seed=4026' 
    wildcards: cell=dp0.2_k-0.3_n4000_rauto
    threads: 4
    resources: tmpdir=/tmp

Select jobs to execute...
[Fri Aug 28 21:19:57 2026]
Finished jobid: 46 (Rule: run_cell)
61 of 79 steps (77%) done
Execute 1 jobs...
[Fri Aug 28 21:19:57 2026]
localrule run_cell:
    output: results/bias_sensitivity/raw/dp0.4_k-0.3_n2000_rauto.rds
    log: logs/bias_sensitivity/run_dp0.4_k-0.3_n2000_rauto.log
    jobid: 30
    reason: Missing output files: results/bias_sensitivity/raw/dp0.4_k-0.3_n2000_rauto.rds; Params have changed since last execution: Union of exclusive params before and now across all output: before: '--dep_type=log --dep_par=0.4 --k=-0.3 --n=2000 --r=auto --n_rep=5000 --sigma=1.0 --p_thresh=0.95 --threshold=empirical --m_ret=5000 --coverage=TRUE --cred_mass=0.95 --interval=eti --n_draws=10000 --n_grid=50 --min_grid_pts=100 --wip=FALSE --approaches="Conventional,Weighted GPD,Cluster maxima (POT)" --seed=3026' now: '--dep_type=log --dep_par=0.4 --k=-0.3 --n=2000 --r=auto --n_rep=5000 --sigma=1.0 --p_thresh=0.95 --threshold=empirical --m_ret=1000 --coverage=TRUE --cred_mass=0.95 --interval=eti --n_draws=10000 --n_grid=50 --min_grid_pts=100 --wip=FALSE --approaches="Conventional,Weighted GPD,Cluster maxima (POT)" --seed=4026' 
    wildcards: cell=dp0.4_k-0.3_n2000_rauto
    threads: 4
    resources: tmpdir=/tmp

Select jobs to execute...
[Fri Aug 28 21:20:45 2026]
Finished jobid: 60 (Rule: run_cell)
62 of 79 steps (78%) done
Execute 1 jobs...
[Fri Aug 28 21:20:45 2026]
localrule run_cell:
    output: results/bias_sensitivity/raw/dp0.65_k0.3_n4000_rauto.rds
    log: logs/bias_sensitivity/run_dp0.65_k0.3_n4000_rauto.log
    jobid: 45
    reason: Missing output files: results/bias_sensitivity/raw/dp0.65_k0.3_n4000_rauto.rds; Params have changed since last execution: Union of exclusive params before and now across all output: before: '--dep_type=log --dep_par=0.65 --k=0.3 --n=4000 --r=auto --n_rep=5000 --sigma=1.0 --p_thresh=0.95 --threshold=empirical --m_ret=5000 --coverage=TRUE --cred_mass=0.95 --interval=eti --n_draws=10000 --n_grid=50 --min_grid_pts=100 --wip=FALSE --approaches="Conventional,Weighted GPD,Cluster maxima (POT)" --seed=3026' now: '--dep_type=log --dep_par=0.65 --k=0.3 --n=4000 --r=auto --n_rep=5000 --sigma=1.0 --p_thresh=0.95 --threshold=empirical --m_ret=1000 --coverage=TRUE --cred_mass=0.95 --interval=eti --n_draws=10000 --n_grid=50 --min_grid_pts=100 --wip=FALSE --approaches="Conventional,Weighted GPD,Cluster maxima (POT)" --seed=4026' 
    wildcards: cell=dp0.65_k0.3_n4000_rauto
    threads: 4
    resources: tmpdir=/tmp

Select jobs to execute...
[Fri Aug 28 21:21:23 2026]
Finished jobid: 30 (Rule: run_cell)
63 of 79 steps (80%) done
Execute 1 jobs...
[Fri Aug 28 21:21:23 2026]
localrule run_cell:
    output: results/bias_sensitivity/raw/dp0.25_k-0.3_n4000_rauto.rds
    log: logs/bias_sensitivity/run_dp0.25_k-0.3_n4000_rauto.log
    jobid: 11
    reason: Missing output files: results/bias_sensitivity/raw/dp0.25_k-0.3_n4000_rauto.rds; Params have changed since last execution: Union of exclusive params before and now across all output: before: '--dep_type=log --dep_par=0.25 --k=-0.3 --n=4000 --r=auto --n_rep=5000 --sigma=1.0 --p_thresh=0.95 --threshold=empirical --m_ret=5000 --coverage=TRUE --cred_mass=0.95 --interval=eti --n_draws=10000 --n_grid=50 --min_grid_pts=100 --wip=FALSE --approaches="Conventional,Weighted GPD,Cluster maxima (POT)" --seed=3026' now: '--dep_type=log --dep_par=0.25 --k=-0.3 --n=4000 --r=auto --n_rep=5000 --sigma=1.0 --p_thresh=0.95 --threshold=empirical --m_ret=1000 --coverage=TRUE --cred_mass=0.95 --interval=eti --n_draws=10000 --n_grid=50 --min_grid_pts=100 --wip=FALSE --approaches="Conventional,Weighted GPD,Cluster maxima (POT)" --seed=4026' 
    wildcards: cell=dp0.25_k-0.3_n4000_rauto
    threads: 4
    resources: tmpdir=/tmp

Select jobs to execute...
[Fri Aug 28 21:21:30 2026]
Finished jobid: 31 (Rule: run_cell)
64 of 79 steps (81%) done
Execute 1 jobs...
[Fri Aug 28 21:21:30 2026]
localrule run_cell:
    output: results/bias_sensitivity/raw/dp1_k0.3_n2000_rauto.rds
    log: logs/bias_sensitivity/run_dp1_k0.3_n2000_rauto.log
    jobid: 76
    reason: Missing output files: results/bias_sensitivity/raw/dp1_k0.3_n2000_rauto.rds; Params have changed since last execution: Union of exclusive params before and now across all output: before: '--dep_type=log --dep_par=1 --k=0.3 --n=2000 --r=auto --n_rep=5000 --sigma=1.0 --p_thresh=0.95 --threshold=empirical --m_ret=5000 --coverage=TRUE --cred_mass=0.95 --interval=eti --n_draws=10000 --n_grid=50 --min_grid_pts=100 --wip=FALSE --approaches="Conventional,Weighted GPD,Cluster maxima (POT)" --seed=3026' now: '--dep_type=log --dep_par=1 --k=0.3 --n=2000 --r=auto --n_rep=5000 --sigma=1.0 --p_thresh=0.95 --threshold=empirical --m_ret=1000 --coverage=TRUE --cred_mass=0.95 --interval=eti --n_draws=10000 --n_grid=50 --min_grid_pts=100 --wip=FALSE --approaches="Conventional,Weighted GPD,Cluster maxima (POT)" --seed=4026' 
    wildcards: cell=dp1_k0.3_n2000_rauto
    threads: 4
    resources: tmpdir=/tmp

Select jobs to execute...
[Fri Aug 28 21:21:33 2026]
Finished jobid: 15 (Rule: run_cell)
65 of 79 steps (82%) done
Execute 1 jobs...
[Fri Aug 28 21:21:33 2026]
localrule run_cell:
    output: results/bias_sensitivity/raw/dp0.2_k0.3_n2000_rauto.rds
    log: logs/bias_sensitivity/run_dp0.2_k0.3_n2000_rauto.log
    jobid: 16
    reason: Missing output files: results/bias_sensitivity/raw/dp0.2_k0.3_n2000_rauto.rds; Params have changed since last execution: Union of exclusive params before and now across all output: before: '--dep_type=log --dep_par=0.2 --k=0.3 --n=2000 --r=auto --n_rep=5000 --sigma=1.0 --p_thresh=0.95 --threshold=empirical --m_ret=5000 --coverage=TRUE --cred_mass=0.95 --interval=eti --n_draws=10000 --n_grid=50 --min_grid_pts=100 --wip=FALSE --approaches="Conventional,Weighted GPD,Cluster maxima (POT)" --seed=3026' now: '--dep_type=log --dep_par=0.2 --k=0.3 --n=2000 --r=auto --n_rep=5000 --sigma=1.0 --p_thresh=0.95 --threshold=empirical --m_ret=1000 --coverage=TRUE --cred_mass=0.95 --interval=eti --n_draws=10000 --n_grid=50 --min_grid_pts=100 --wip=FALSE --approaches="Conventional,Weighted GPD,Cluster maxima (POT)" --seed=4026' 
    wildcards: cell=dp0.2_k0.3_n2000_rauto
    threads: 4
    resources: tmpdir=/tmp

Select jobs to execute...
[Fri Aug 28 21:22:56 2026]
Finished jobid: 16 (Rule: run_cell)
66 of 79 steps (84%) done
Execute 1 jobs...
[Fri Aug 28 21:22:56 2026]
localrule run_cell:
    output: results/bias_sensitivity/raw/dp0.85_k0.3_n4000_rauto.rds
    log: logs/bias_sensitivity/run_dp0.85_k0.3_n4000_rauto.log
    jobid: 61
    reason: Missing output files: results/bias_sensitivity/raw/dp0.85_k0.3_n4000_rauto.rds; Params have changed since last execution: Union of exclusive params before and now across all output: before: '--dep_type=log --dep_par=0.85 --k=0.3 --n=4000 --r=auto --n_rep=5000 --sigma=1.0 --p_thresh=0.95 --threshold=empirical --m_ret=5000 --coverage=TRUE --cred_mass=0.95 --interval=eti --n_draws=10000 --n_grid=50 --min_grid_pts=100 --wip=FALSE --approaches="Conventional,Weighted GPD,Cluster maxima (POT)" --seed=3026' now: '--dep_type=log --dep_par=0.85 --k=0.3 --n=4000 --r=auto --n_rep=5000 --sigma=1.0 --p_thresh=0.95 --threshold=empirical --m_ret=1000 --coverage=TRUE --cred_mass=0.95 --interval=eti --n_draws=10000 --n_grid=50 --min_grid_pts=100 --wip=FALSE --approaches="Conventional,Weighted GPD,Cluster maxima (POT)" --seed=4026' 
    wildcards: cell=dp0.85_k0.3_n4000_rauto
    threads: 4
    resources: tmpdir=/tmp

Select jobs to execute...
[Fri Aug 28 21:22:59 2026]
Finished jobid: 76 (Rule: run_cell)
67 of 79 steps (85%) done
Execute 1 jobs...
[Fri Aug 28 21:22:59 2026]
localrule run_cell:
    output: results/bias_sensitivity/raw/dp0.1_k0.3_n4000_rauto.rds
    log: logs/bias_sensitivity/run_dp0.1_k0.3_n4000_rauto.log
    jobid: 9
    reason: Missing output files: results/bias_sensitivity/raw/dp0.1_k0.3_n4000_rauto.rds; Params have changed since last execution: Union of exclusive params before and now across all output: before: '--dep_type=log --dep_par=0.1 --k=0.3 --n=4000 --r=auto --n_rep=5000 --sigma=1.0 --p_thresh=0.95 --threshold=empirical --m_ret=5000 --coverage=TRUE --cred_mass=0.95 --interval=eti --n_draws=10000 --n_grid=50 --min_grid_pts=100 --wip=FALSE --approaches="Conventional,Weighted GPD,Cluster maxima (POT)" --seed=3026' now: '--dep_type=log --dep_par=0.1 --k=0.3 --n=4000 --r=auto --n_rep=5000 --sigma=1.0 --p_thresh=0.95 --threshold=empirical --m_ret=1000 --coverage=TRUE --cred_mass=0.95 --interval=eti --n_draws=10000 --n_grid=50 --min_grid_pts=100 --wip=FALSE --approaches="Conventional,Weighted GPD,Cluster maxima (POT)" --seed=4026' 
    wildcards: cell=dp0.1_k0.3_n4000_rauto
    threads: 4
    resources: tmpdir=/tmp

Select jobs to execute...
[Fri Aug 28 21:23:16 2026]
Finished jobid: 45 (Rule: run_cell)
68 of 79 steps (86%) done
Execute 1 jobs...
[Fri Aug 28 21:23:16 2026]
localrule run_cell:
    output: results/bias_sensitivity/raw/dp0.8_k-0.3_n2000_rauto.rds
    log: logs/bias_sensitivity/run_dp0.8_k-0.3_n2000_rauto.log
    jobid: 62
    reason: Missing output files: results/bias_sensitivity/raw/dp0.8_k-0.3_n2000_rauto.rds; Params have changed since last execution: Union of exclusive params before and now across all output: before: '--dep_type=log --dep_par=0.8 --k=-0.3 --n=2000 --r=auto --n_rep=5000 --sigma=1.0 --p_thresh=0.95 --threshold=empirical --m_ret=5000 --coverage=TRUE --cred_mass=0.95 --interval=eti --n_draws=10000 --n_grid=50 --min_grid_pts=100 --wip=FALSE --approaches="Conventional,Weighted GPD,Cluster maxima (POT)" --seed=3026' now: '--dep_type=log --dep_par=0.8 --k=-0.3 --n=2000 --r=auto --n_rep=5000 --sigma=1.0 --p_thresh=0.95 --threshold=empirical --m_ret=1000 --coverage=TRUE --cred_mass=0.95 --interval=eti --n_draws=10000 --n_grid=50 --min_grid_pts=100 --wip=FALSE --approaches="Conventional,Weighted GPD,Cluster maxima (POT)" --seed=4026' 
    wildcards: cell=dp0.8_k-0.3_n2000_rauto
    threads: 4
    resources: tmpdir=/tmp

Select jobs to execute...
[Fri Aug 28 21:23:28 2026]
Finished jobid: 11 (Rule: run_cell)
69 of 79 steps (87%) done
Execute 1 jobs...
[Fri Aug 28 21:23:28 2026]
localrule run_cell:
    output: results/bias_sensitivity/raw/dp0.25_k-0.3_n2000_rauto.rds
    log: logs/bias_sensitivity/run_dp0.25_k-0.3_n2000_rauto.log
    jobid: 10
    reason: Missing output files: results/bias_sensitivity/raw/dp0.25_k-0.3_n2000_rauto.rds; Params have changed since last execution: Union of exclusive params before and now across all output: before: '--dep_type=log --dep_par=0.25 --k=-0.3 --n=2000 --r=auto --n_rep=5000 --sigma=1.0 --p_thresh=0.95 --threshold=empirical --m_ret=5000 --coverage=TRUE --cred_mass=0.95 --interval=eti --n_draws=10000 --n_grid=50 --min_grid_pts=100 --wip=FALSE --approaches="Conventional,Weighted GPD,Cluster maxima (POT)" --seed=3026' now: '--dep_type=log --dep_par=0.25 --k=-0.3 --n=2000 --r=auto --n_rep=5000 --sigma=1.0 --p_thresh=0.95 --threshold=empirical --m_ret=1000 --coverage=TRUE --cred_mass=0.95 --interval=eti --n_draws=10000 --n_grid=50 --min_grid_pts=100 --wip=FALSE --approaches="Conventional,Weighted GPD,Cluster maxima (POT)" --seed=4026' 
    wildcards: cell=dp0.25_k-0.3_n2000_rauto
    threads: 4
    resources: tmpdir=/tmp

Select jobs to execute...
[Fri Aug 28 21:24:47 2026]
Finished jobid: 10 (Rule: run_cell)
70 of 79 steps (89%) done
Execute 1 jobs...
[Fri Aug 28 21:24:47 2026]
localrule run_cell:
    output: results/bias_sensitivity/raw/dp0.9_k-0.3_n2000_rauto.rds
    log: logs/bias_sensitivity/run_dp0.9_k-0.3_n2000_rauto.log
    jobid: 70
    reason: Missing output files: results/bias_sensitivity/raw/dp0.9_k-0.3_n2000_rauto.rds; Params have changed since last execution: Union of exclusive params before and now across all output: before: '--dep_type=log --dep_par=0.9 --k=-0.3 --n=2000 --r=auto --n_rep=5000 --sigma=1.0 --p_thresh=0.95 --threshold=empirical --m_ret=5000 --coverage=TRUE --cred_mass=0.95 --interval=eti --n_draws=10000 --n_grid=50 --min_grid_pts=100 --wip=FALSE --approaches="Conventional,Weighted GPD,Cluster maxima (POT)" --seed=3026' now: '--dep_type=log --dep_par=0.9 --k=-0.3 --n=2000 --r=auto --n_rep=5000 --sigma=1.0 --p_thresh=0.95 --threshold=empirical --m_ret=1000 --coverage=TRUE --cred_mass=0.95 --interval=eti --n_draws=10000 --n_grid=50 --min_grid_pts=100 --wip=FALSE --approaches="Conventional,Weighted GPD,Cluster maxima (POT)" --seed=4026' 
    wildcards: cell=dp0.9_k-0.3_n2000_rauto
    threads: 4
    resources: tmpdir=/tmp

Select jobs to execute...
[Fri Aug 28 21:24:49 2026]
Finished jobid: 62 (Rule: run_cell)
71 of 79 steps (90%) done
Execute 1 jobs...
[Fri Aug 28 21:24:49 2026]
localrule run_cell:
    output: results/bias_sensitivity/raw/dp0.85_k-0.3_n4000_rauto.rds
    log: logs/bias_sensitivity/run_dp0.85_k-0.3_n4000_rauto.log
    jobid: 59
    reason: Missing output files: results/bias_sensitivity/raw/dp0.85_k-0.3_n4000_rauto.rds; Params have changed since last execution: Union of exclusive params before and now across all output: before: '--dep_type=log --dep_par=0.85 --k=-0.3 --n=4000 --r=auto --n_rep=5000 --sigma=1.0 --p_thresh=0.95 --threshold=empirical --m_ret=5000 --coverage=TRUE --cred_mass=0.95 --interval=eti --n_draws=10000 --n_grid=50 --min_grid_pts=100 --wip=FALSE --approaches="Conventional,Weighted GPD,Cluster maxima (POT)" --seed=3026' now: '--dep_type=log --dep_par=0.85 --k=-0.3 --n=4000 --r=auto --n_rep=5000 --sigma=1.0 --p_thresh=0.95 --threshold=empirical --m_ret=1000 --coverage=TRUE --cred_mass=0.95 --interval=eti --n_draws=10000 --n_grid=50 --min_grid_pts=100 --wip=FALSE --approaches="Conventional,Weighted GPD,Cluster maxima (POT)" --seed=4026' 
    wildcards: cell=dp0.85_k-0.3_n4000_rauto
    threads: 4
    resources: tmpdir=/tmp

Select jobs to execute...
[Fri Aug 28 21:25:03 2026]
Finished jobid: 9 (Rule: run_cell)
72 of 79 steps (91%) done
Execute 1 jobs...
[Fri Aug 28 21:25:03 2026]
localrule run_cell:
    output: results/bias_sensitivity/raw/dp0.7_k-0.3_n4000_rauto.rds
    log: logs/bias_sensitivity/run_dp0.7_k-0.3_n4000_rauto.log
    jobid: 55
    reason: Missing output files: results/bias_sensitivity/raw/dp0.7_k-0.3_n4000_rauto.rds; Params have changed since last execution: Union of exclusive params before and now across all output: before: '--dep_type=log --dep_par=0.7 --k=-0.3 --n=4000 --r=auto --n_rep=5000 --sigma=1.0 --p_thresh=0.95 --threshold=empirical --m_ret=5000 --coverage=TRUE --cred_mass=0.95 --interval=eti --n_draws=10000 --n_grid=50 --min_grid_pts=100 --wip=FALSE --approaches="Conventional,Weighted GPD,Cluster maxima (POT)" --seed=3026' now: '--dep_type=log --dep_par=0.7 --k=-0.3 --n=4000 --r=auto --n_rep=5000 --sigma=1.0 --p_thresh=0.95 --threshold=empirical --m_ret=1000 --coverage=TRUE --cred_mass=0.95 --interval=eti --n_draws=10000 --n_grid=50 --min_grid_pts=100 --wip=FALSE --approaches="Conventional,Weighted GPD,Cluster maxima (POT)" --seed=4026' 
    wildcards: cell=dp0.7_k-0.3_n4000_rauto
    threads: 4
    resources: tmpdir=/tmp

[Fri Aug 28 21:25:25 2026]
Finished jobid: 61 (Rule: run_cell)
73 of 79 steps (92%) done
[Fri Aug 28 21:26:16 2026]
Finished jobid: 70 (Rule: run_cell)
74 of 79 steps (94%) done
[Fri Aug 28 21:26:53 2026]
Finished jobid: 59 (Rule: run_cell)
75 of 79 steps (95%) done
[Fri Aug 28 21:26:58 2026]
Finished jobid: 55 (Rule: run_cell)
76 of 79 steps (96%) done
Select jobs to execute...
Execute 1 jobs...
[Fri Aug 28 21:26:58 2026]
localrule combine:
    input: results/bias_sensitivity/raw/dp0.15_k-0.3_n2000_rauto.rds, results/bias_sensitivity/raw/dp0.15_k-0.3_n4000_rauto.rds, results/bias_sensitivity/raw/dp0.15_k0.3_n2000_rauto.rds, results/bias_sensitivity/raw/dp0.15_k0.3_n4000_rauto.rds, results/bias_sensitivity/raw/dp0.1_k-0.3_n2000_rauto.rds, results/bias_sensitivity/raw/dp0.1_k-0.3_n4000_rauto.rds, results/bias_sensitivity/raw/dp0.1_k0.3_n2000_rauto.rds, results/bias_sensitivity/raw/dp0.1_k0.3_n4000_rauto.rds, results/bias_sensitivity/raw/dp0.25_k-0.3_n2000_rauto.rds, results/bias_sensitivity/raw/dp0.25_k-0.3_n4000_rauto.rds, results/bias_sensitivity/raw/dp0.25_k0.3_n2000_rauto.rds, results/bias_sensitivity/raw/dp0.25_k0.3_n4000_rauto.rds, results/bias_sensitivity/raw/dp0.2_k-0.3_n2000_rauto.rds, results/bias_sensitivity/raw/dp0.2_k-0.3_n4000_rauto.rds, results/bias_sensitivity/raw/dp0.2_k0.3_n2000_rauto.rds, results/bias_sensitivity/raw/dp0.2_k0.3_n4000_rauto.rds, results/bias_sensitivity/raw/dp0.35_k-0.3_n2000_rauto.rds, results/bias_sensitivity/raw/dp0.35_k-0.3_n4000_rauto.rds, results/bias_sensitivity/raw/dp0.35_k0.3_n2000_rauto.rds, results/bias_sensitivity/raw/dp0.35_k0.3_n4000_rauto.rds, results/bias_sensitivity/raw/dp0.3_k-0.3_n2000_rauto.rds, results/bias_sensitivity/raw/dp0.3_k-0.3_n4000_rauto.rds, results/bias_sensitivity/raw/dp0.3_k0.3_n2000_rauto.rds, results/bias_sensitivity/raw/dp0.3_k0.3_n4000_rauto.rds, results/bias_sensitivity/raw/dp0.45_k-0.3_n2000_rauto.rds, results/bias_sensitivity/raw/dp0.45_k-0.3_n4000_rauto.rds, results/bias_sensitivity/raw/dp0.45_k0.3_n2000_rauto.rds, results/bias_sensitivity/raw/dp0.45_k0.3_n4000_rauto.rds, results/bias_sensitivity/raw/dp0.4_k-0.3_n2000_rauto.rds, results/bias_sensitivity/raw/dp0.4_k-0.3_n4000_rauto.rds, results/bias_sensitivity/raw/dp0.4_k0.3_n2000_rauto.rds, results/bias_sensitivity/raw/dp0.4_k0.3_n4000_rauto.rds, results/bias_sensitivity/raw/dp0.55_k-0.3_n2000_rauto.rds, results/bias_sensitivity/raw/dp0.55_k-0.3_n4000_rauto.rds, results/bias_sensitivity/raw/dp0.55_k0.3_n2000_rauto.rds, results/bias_sensitivity/raw/dp0.55_k0.3_n4000_rauto.rds, results/bias_sensitivity/raw/dp0.5_k-0.3_n2000_rauto.rds, results/bias_sensitivity/raw/dp0.5_k-0.3_n4000_rauto.rds, results/bias_sensitivity/raw/dp0.5_k0.3_n2000_rauto.rds, results/bias_sensitivity/raw/dp0.5_k0.3_n4000_rauto.rds, results/bias_sensitivity/raw/dp0.65_k-0.3_n2000_rauto.rds, results/bias_sensitivity/raw/dp0.65_k-0.3_n4000_rauto.rds, results/bias_sensitivity/raw/dp0.65_k0.3_n2000_rauto.rds, results/bias_sensitivity/raw/dp0.65_k0.3_n4000_rauto.rds, results/bias_sensitivity/raw/dp0.6_k-0.3_n2000_rauto.rds, results/bias_sensitivity/raw/dp0.6_k-0.3_n4000_rauto.rds, results/bias_sensitivity/raw/dp0.6_k0.3_n2000_rauto.rds, results/bias_sensitivity/raw/dp0.6_k0.3_n4000_rauto.rds, results/bias_sensitivity/raw/dp0.75_k-0.3_n2000_rauto.rds, results/bias_sensitivity/raw/dp0.75_k-0.3_n4000_rauto.rds, results/bias_sensitivity/raw/dp0.75_k0.3_n2000_rauto.rds, results/bias_sensitivity/raw/dp0.75_k0.3_n4000_rauto.rds, results/bias_sensitivity/raw/dp0.7_k-0.3_n2000_rauto.rds, results/bias_sensitivity/raw/dp0.7_k-0.3_n4000_rauto.rds, results/bias_sensitivity/raw/dp0.7_k0.3_n2000_rauto.rds, results/bias_sensitivity/raw/dp0.7_k0.3_n4000_rauto.rds, results/bias_sensitivity/raw/dp0.85_k-0.3_n2000_rauto.rds, results/bias_sensitivity/raw/dp0.85_k-0.3_n4000_rauto.rds, results/bias_sensitivity/raw/dp0.85_k0.3_n2000_rauto.rds, results/bias_sensitivity/raw/dp0.85_k0.3_n4000_rauto.rds, results/bias_sensitivity/raw/dp0.8_k-0.3_n2000_rauto.rds, results/bias_sensitivity/raw/dp0.8_k-0.3_n4000_rauto.rds, results/bias_sensitivity/raw/dp0.8_k0.3_n2000_rauto.rds, results/bias_sensitivity/raw/dp0.8_k0.3_n4000_rauto.rds, results/bias_sensitivity/raw/dp0.95_k-0.3_n2000_rauto.rds, results/bias_sensitivity/raw/dp0.95_k-0.3_n4000_rauto.rds, results/bias_sensitivity/raw/dp0.95_k0.3_n2000_rauto.rds, results/bias_sensitivity/raw/dp0.95_k0.3_n4000_rauto.rds, results/bias_sensitivity/raw/dp0.9_k-0.3_n2000_rauto.rds, results/bias_sensitivity/raw/dp0.9_k-0.3_n4000_rauto.rds, results/bias_sensitivity/raw/dp0.9_k0.3_n2000_rauto.rds, results/bias_sensitivity/raw/dp0.9_k0.3_n4000_rauto.rds, results/bias_sensitivity/raw/dp1_k-0.3_n2000_rauto.rds, results/bias_sensitivity/raw/dp1_k-0.3_n4000_rauto.rds, results/bias_sensitivity/raw/dp1_k0.3_n2000_rauto.rds, results/bias_sensitivity/raw/dp1_k0.3_n4000_rauto.rds
    output: results/bias_sensitivity/bias_results.rds, results/bias_sensitivity/bias_results.csv
    log: logs/bias_sensitivity/combine.log
    jobid: 1
    reason: Missing output files: results/bias_sensitivity/bias_results.rds, results/bias_sensitivity/bias_results.csv; Input files updated by another job: results/bias_sensitivity/raw/dp0.25_k-0.3_n4000_rauto.rds, results/bias_sensitivity/raw/dp0.5_k-0.3_n4000_rauto.rds, results/bias_sensitivity/raw/dp0.7_k-0.3_n2000_rauto.rds, results/bias_sensitivity/raw/dp0.15_k0.3_n4000_rauto.rds, results/bias_sensitivity/raw/dp0.8_k-0.3_n2000_rauto.rds, results/bias_sensitivity/raw/dp0.3_k-0.3_n4000_rauto.rds, results/bias_sensitivity/raw/dp0.3_k-0.3_n2000_rauto.rds, results/bias_sensitivity/raw/dp0.2_k-0.3_n4000_rauto.rds, results/bias_sensitivity/raw/dp0.2_k0.3_n2000_rauto.rds, results/bias_sensitivity/raw/dp1_k0.3_n4000_rauto.rds, results/bias_sensitivity/raw/dp0.65_k0.3_n4000_rauto.rds, results/bias_sensitivity/raw/dp0.95_k0.3_n4000_rauto.rds, results/bias_sensitivity/raw/dp0.4_k0.3_n2000_rauto.rds, results/bias_sensitivity/raw/dp0.7_k-0.3_n4000_rauto.rds, results/bias_sensitivity/raw/dp0.9_k-0.3_n2000_rauto.rds, results/bias_sensitivity/raw/dp0.5_k-0.3_n2000_rauto.rds, results/bias_sensitivity/raw/dp0.35_k0.3_n2000_rauto.rds, results/bias_sensitivity/raw/dp0.15_k0.3_n2000_rauto.rds, results/bias_sensitivity/raw/dp0.85_k0.3_n4000_rauto.rds, results/bias_sensitivity/raw/dp1_k-0.3_n2000_rauto.rds, results/bias_sensitivity/raw/dp0.3_k0.3_n2000_rauto.rds, results/bias_sensitivity/raw/dp0.95_k-0.3_n2000_rauto.rds, results/bias_sensitivity/raw/dp0.6_k0.3_n2000_rauto.rds, results/bias_sensitivity/raw/dp0.55_k-0.3_n2000_rauto.rds, results/bias_sensitivity/raw/dp0.8_k-0.3_n4000_rauto.rds, results/bias_sensitivity/raw/dp0.75_k-0.3_n4000_rauto.rds, results/bias_sensitivity/raw/dp0.35_k0.3_n4000_rauto.rds, results/bias_sensitivity/raw/dp0.9_k-0.3_n4000_rauto.rds, results/bias_sensitivity/raw/dp0.6_k-0.3_n2000_rauto.rds, results/bias_sensitivity/raw/dp0.5_k0.3_n4000_rauto.rds, results/bias_sensitivity/raw/dp0.45_k0.3_n2000_rauto.rds, results/bias_sensitivity/raw/dp0.2_k0.3_n4000_rauto.rds, results/bias_sensitivity/raw/dp0.8_k0.3_n2000_rauto.rds, results/bias_sensitivity/raw/dp0.95_k0.3_n2000_rauto.rds, results/bias_sensitivity/raw/dp0.45_k-0.3_n4000_rauto.rds, results/bias_sensitivity/raw/dp0.9_k0.3_n4000_rauto.rds, results/bias_sensitivity/raw/dp0.7_k0.3_n4000_rauto.rds, results/bias_sensitivity/raw/dp0.1_k0.3_n2000_rauto.rds, results/bias_sensitivity/raw/dp0.45_k-0.3_n2000_rauto.rds, results/bias_sensitivity/raw/dp0.55_k-0.3_n4000_rauto.rds, results/bias_sensitivity/raw/dp0.75_k0.3_n2000_rauto.rds, results/bias_sensitivity/raw/dp0.2_k-0.3_n2000_rauto.rds, results/bias_sensitivity/raw/dp0.15_k-0.3_n4000_rauto.rds, results/bias_sensitivity/raw/dp0.85_k-0.3_n2000_rauto.rds, results/bias_sensitivity/raw/dp0.95_k-0.3_n4000_rauto.rds, results/bias_sensitivity/raw/dp0.15_k-0.3_n2000_rauto.rds, results/bias_sensitivity/raw/dp0.9_k0.3_n2000_rauto.rds, results/bias_sensitivity/raw/dp0.4_k-0.3_n4000_rauto.rds, results/bias_sensitivity/raw/dp0.65_k0.3_n2000_rauto.rds, results/bias_sensitivity/raw/dp0.75_k-0.3_n2000_rauto.rds, results/bias_sensitivity/raw/dp0.7_k0.3_n2000_rauto.rds, results/bias_sensitivity/raw/dp0.35_k-0.3_n2000_rauto.rds, results/bias_sensitivity/raw/dp0.55_k0.3_n2000_rauto.rds, results/bias_sensitivity/raw/dp0.4_k0.3_n4000_rauto.rds, results/bias_sensitivity/raw/dp0.85_k-0.3_n4000_rauto.rds, results/bias_sensitivity/raw/dp0.65_k-0.3_n2000_rauto.rds, results/bias_sensitivity/raw/dp0.6_k-0.3_n4000_rauto.rds, results/bias_sensitivity/raw/dp0.6_k0.3_n4000_rauto.rds, results/bias_sensitivity/raw/dp0.45_k0.3_n4000_rauto.rds, results/bias_sensitivity/raw/dp0.4_k-0.3_n2000_rauto.rds, results/bias_sensitivity/raw/dp0.25_k-0.3_n2000_rauto.rds, results/bias_sensitivity/raw/dp1_k0.3_n2000_rauto.rds, results/bias_sensitivity/raw/dp0.55_k0.3_n4000_rauto.rds, results/bias_sensitivity/raw/dp0.25_k0.3_n2000_rauto.rds, results/bias_sensitivity/raw/dp0.1_k-0.3_n4000_rauto.rds, results/bias_sensitivity/raw/dp0.25_k0.3_n4000_rauto.rds, results/bias_sensitivity/raw/dp0.35_k-0.3_n4000_rauto.rds, results/bias_sensitivity/raw/dp0.1_k-0.3_n2000_rauto.rds, results/bias_sensitivity/raw/dp0.85_k0.3_n2000_rauto.rds, results/bias_sensitivity/raw/dp0.3_k0.3_n4000_rauto.rds, results/bias_sensitivity/raw/dp0.8_k0.3_n4000_rauto.rds, results/bias_sensitivity/raw/dp0.1_k0.3_n4000_rauto.rds, results/bias_sensitivity/raw/dp0.5_k0.3_n2000_rauto.rds, results/bias_sensitivity/raw/dp1_k-0.3_n4000_rauto.rds, results/bias_sensitivity/raw/dp0.65_k-0.3_n4000_rauto.rds, results/bias_sensitivity/raw/dp0.75_k0.3_n4000_rauto.rds
    resources: tmpdir=/tmp

[Fri Aug 28 21:26:58 2026]
Finished jobid: 1 (Rule: combine)
77 of 79 steps (97%) done
Select jobs to execute...
Execute 1 jobs...
[Fri Aug 28 21:26:58 2026]
localrule figures:
    input: results/bias_sensitivity/bias_results.rds
    output: results/bias_sensitivity/.figures.done
    log: logs/bias_sensitivity/plot.log
    jobid: 78
    reason: Input files updated by another job: results/bias_sensitivity/bias_results.rds
    resources: tmpdir=/tmp

Touching output file results/bias_sensitivity/.figures.done.
[Fri Aug 28 21:27:06 2026]
Finished jobid: 78 (Rule: figures)
78 of 79 steps (99%) done
Select jobs to execute...
Execute 1 jobs...
[Fri Aug 28 21:27:06 2026]
localrule all:
    input: results/bias_sensitivity/bias_results.csv, results/bias_sensitivity/.figures.done
    jobid: 0
    reason: Input files updated by another job: results/bias_sensitivity/bias_results.csv, results/bias_sensitivity/.figures.done
    resources: tmpdir=/tmp

[Fri Aug 28 21:27:06 2026]
Finished jobid: 0 (Rule: all)
79 of 79 steps (100%) done
Complete log(s): /u/84/tessoh1/data/Desktop/Git Repositories/dependent-extremes/.snakemake/log/2026-08-28T204612.230146.snakemake.log
