Assuming unrestricted shared filesystem usage.
Building DAG of jobs...
Using shell: /usr/bin/bash
Provided cores: 80
Rules claiming more threads will be scaled down.
Job stats:
job         count
--------  -------
all             1
combine         1
figures         1
run_cell      480
total         483

Select jobs to execute...
Execute 20 jobs...

[Sun Aug 30 17:56:43 2026]
localrule run_cell:
    output: results/bias_sensitivity/raw/dp0.65_k-0.3_n10000_rauto_m4000.rds
    log: logs/bias_sensitivity/run_dp0.65_k-0.3_n10000_rauto_m4000.log
    jobid: 267
    reason: Missing output files: results/bias_sensitivity/raw/dp0.65_k-0.3_n10000_rauto_m4000.rds
    wildcards: cell=dp0.65_k-0.3_n10000_rauto_m4000
    threads: 4
    resources: tmpdir=/tmp


[Sun Aug 30 17:56:43 2026]
localrule run_cell:
    output: results/bias_sensitivity/raw/dp0.9_k0.3_n10000_rauto_m4000.rds
    log: logs/bias_sensitivity/run_dp0.9_k0.3_n10000_rauto_m4000.log
    jobid: 447
    reason: Missing output files: results/bias_sensitivity/raw/dp0.9_k0.3_n10000_rauto_m4000.rds
    wildcards: cell=dp0.9_k0.3_n10000_rauto_m4000
    threads: 4
    resources: tmpdir=/tmp


[Sun Aug 30 17:56:43 2026]
localrule run_cell:
    output: results/bias_sensitivity/raw/dp0.8_k-0.3_n10000_rauto_m4000.rds
    log: logs/bias_sensitivity/run_dp0.8_k-0.3_n10000_rauto_m4000.log
    jobid: 387
    reason: Missing output files: results/bias_sensitivity/raw/dp0.8_k-0.3_n10000_rauto_m4000.rds
    wildcards: cell=dp0.8_k-0.3_n10000_rauto_m4000
    threads: 4
    resources: tmpdir=/tmp


[Sun Aug 30 17:56:43 2026]
localrule run_cell:
    output: results/bias_sensitivity/raw/dp0.25_k0.3_n10000_rauto_m4000.rds
    log: logs/bias_sensitivity/run_dp0.25_k0.3_n10000_rauto_m4000.log
    jobid: 87
    reason: Missing output files: results/bias_sensitivity/raw/dp0.25_k0.3_n10000_rauto_m4000.rds
    wildcards: cell=dp0.25_k0.3_n10000_rauto_m4000
    threads: 4
    resources: tmpdir=/tmp


[Sun Aug 30 17:56:43 2026]
localrule run_cell:
    output: results/bias_sensitivity/raw/dp0.15_k-0.3_n10000_rauto_m4000.rds
    log: logs/bias_sensitivity/run_dp0.15_k-0.3_n10000_rauto_m4000.log
    jobid: 27
    reason: Missing output files: results/bias_sensitivity/raw/dp0.15_k-0.3_n10000_rauto_m4000.rds
    wildcards: cell=dp0.15_k-0.3_n10000_rauto_m4000
    threads: 4
    resources: tmpdir=/tmp


[Sun Aug 30 17:56:43 2026]
localrule run_cell:
    output: results/bias_sensitivity/raw/dp0.35_k-0.3_n6000_rauto_m2000.rds
    log: logs/bias_sensitivity/run_dp0.35_k-0.3_n6000_rauto_m2000.log
    jobid: 130
    reason: Missing output files: results/bias_sensitivity/raw/dp0.35_k-0.3_n6000_rauto_m2000.rds
    wildcards: cell=dp0.35_k-0.3_n6000_rauto_m2000
    threads: 4
    resources: tmpdir=/tmp


[Sun Aug 30 17:56:43 2026]
localrule run_cell:
    output: results/bias_sensitivity/raw/dp0.45_k0.3_n6000_rauto_m2000.rds
    log: logs/bias_sensitivity/run_dp0.45_k0.3_n6000_rauto_m2000.log
    jobid: 190
    reason: Missing output files: results/bias_sensitivity/raw/dp0.45_k0.3_n6000_rauto_m2000.rds
    wildcards: cell=dp0.45_k0.3_n6000_rauto_m2000
    threads: 4
    resources: tmpdir=/tmp


[Sun Aug 30 17:56:43 2026]
localrule run_cell:
    output: results/bias_sensitivity/raw/dp0.85_k-0.3_n6000_rauto_m2000.rds
    log: logs/bias_sensitivity/run_dp0.85_k-0.3_n6000_rauto_m2000.log
    jobid: 370
    reason: Missing output files: results/bias_sensitivity/raw/dp0.85_k-0.3_n6000_rauto_m2000.rds
    wildcards: cell=dp0.85_k-0.3_n6000_rauto_m2000
    threads: 4
    resources: tmpdir=/tmp


[Sun Aug 30 17:56:43 2026]
localrule run_cell:
    output: results/bias_sensitivity/raw/dp0.1_k-0.3_n1000_rauto_m4000.rds
    log: logs/bias_sensitivity/run_dp0.1_k-0.3_n1000_rauto_m4000.log
    jobid: 53
    reason: Missing output files: results/bias_sensitivity/raw/dp0.1_k-0.3_n1000_rauto_m4000.rds
    wildcards: cell=dp0.1_k-0.3_n1000_rauto_m4000
    threads: 4
    resources: tmpdir=/tmp


[Sun Aug 30 17:56:43 2026]
localrule run_cell:
    output: results/bias_sensitivity/raw/dp0.55_k0.3_n1000_rauto_m4000.rds
    log: logs/bias_sensitivity/run_dp0.55_k0.3_n1000_rauto_m4000.log
    jobid: 233
    reason: Missing output files: results/bias_sensitivity/raw/dp0.55_k0.3_n1000_rauto_m4000.rds
    wildcards: cell=dp0.55_k0.3_n1000_rauto_m4000
    threads: 4
    resources: tmpdir=/tmp


[Sun Aug 30 17:56:43 2026]
localrule run_cell:
    output: results/bias_sensitivity/raw/dp0.7_k0.3_n1000_rauto_m4000.rds
    log: logs/bias_sensitivity/run_dp0.7_k0.3_n1000_rauto_m4000.log
    jobid: 353
    reason: Missing output files: results/bias_sensitivity/raw/dp0.7_k0.3_n1000_rauto_m4000.rds
    wildcards: cell=dp0.7_k0.3_n1000_rauto_m4000
    threads: 4
    resources: tmpdir=/tmp


[Sun Aug 30 17:56:43 2026]
localrule run_cell:
    output: results/bias_sensitivity/raw/dp0.65_k-0.3_n8000_rauto_m2000.rds
    log: logs/bias_sensitivity/run_dp0.65_k-0.3_n8000_rauto_m2000.log
    jobid: 276
    reason: Missing output files: results/bias_sensitivity/raw/dp0.65_k-0.3_n8000_rauto_m2000.rds
    wildcards: cell=dp0.65_k-0.3_n8000_rauto_m2000
    threads: 4
    resources: tmpdir=/tmp


[Sun Aug 30 17:56:43 2026]
localrule run_cell:
    output: results/bias_sensitivity/raw/dp0.3_k-0.3_n8000_rauto_m2000.rds
    log: logs/bias_sensitivity/run_dp0.3_k-0.3_n8000_rauto_m2000.log
    jobid: 156
    reason: Missing output files: results/bias_sensitivity/raw/dp0.3_k-0.3_n8000_rauto_m2000.rds
    wildcards: cell=dp0.3_k-0.3_n8000_rauto_m2000
    threads: 4
    resources: tmpdir=/tmp


[Sun Aug 30 17:56:43 2026]
localrule run_cell:
    output: results/bias_sensitivity/raw/dp0.75_k0.3_n8000_rauto_m2000.rds
    log: logs/bias_sensitivity/run_dp0.75_k0.3_n8000_rauto_m2000.log
    jobid: 336
    reason: Missing output files: results/bias_sensitivity/raw/dp0.75_k0.3_n8000_rauto_m2000.rds
    wildcards: cell=dp0.75_k0.3_n8000_rauto_m2000
    threads: 4
    resources: tmpdir=/tmp


[Sun Aug 30 17:56:43 2026]
localrule run_cell:
    output: results/bias_sensitivity/raw/dp0.15_k-0.3_n8000_rauto_m2000.rds
    log: logs/bias_sensitivity/run_dp0.15_k-0.3_n8000_rauto_m2000.log
    jobid: 36
    reason: Missing output files: results/bias_sensitivity/raw/dp0.15_k-0.3_n8000_rauto_m2000.rds
    wildcards: cell=dp0.15_k-0.3_n8000_rauto_m2000
    threads: 4
    resources: tmpdir=/tmp


[Sun Aug 30 17:56:43 2026]
localrule run_cell:
    output: results/bias_sensitivity/raw/dp0.25_k0.3_n8000_rauto_m2000.rds
    log: logs/bias_sensitivity/run_dp0.25_k0.3_n8000_rauto_m2000.log
    jobid: 96
    reason: Missing output files: results/bias_sensitivity/raw/dp0.25_k0.3_n8000_rauto_m2000.rds
    wildcards: cell=dp0.25_k0.3_n8000_rauto_m2000
    threads: 4
    resources: tmpdir=/tmp


[Sun Aug 30 17:56:43 2026]
localrule run_cell:
    output: results/bias_sensitivity/raw/dp0.05_k0.3_n2000_rauto_m4000.rds
    log: logs/bias_sensitivity/run_dp0.05_k0.3_n2000_rauto_m4000.log
    jobid: 19
    reason: Missing output files: results/bias_sensitivity/raw/dp0.05_k0.3_n2000_rauto_m4000.rds
    wildcards: cell=dp0.05_k0.3_n2000_rauto_m4000
    threads: 4
    resources: tmpdir=/tmp


[Sun Aug 30 17:56:43 2026]
localrule run_cell:
    output: results/bias_sensitivity/raw/dp0.35_k0.3_n2000_rauto_m4000.rds
    log: logs/bias_sensitivity/run_dp0.35_k0.3_n2000_rauto_m4000.log
    jobid: 139
    reason: Missing output files: results/bias_sensitivity/raw/dp0.35_k0.3_n2000_rauto_m4000.rds
    wildcards: cell=dp0.35_k0.3_n2000_rauto_m4000
    threads: 4
    resources: tmpdir=/tmp


[Sun Aug 30 17:56:43 2026]
localrule run_cell:
    output: results/bias_sensitivity/raw/dp0.4_k-0.3_n2000_rauto_m4000.rds
    log: logs/bias_sensitivity/run_dp0.4_k-0.3_n2000_rauto_m4000.log
    jobid: 199
    reason: Missing output files: results/bias_sensitivity/raw/dp0.4_k-0.3_n2000_rauto_m4000.rds
    wildcards: cell=dp0.4_k-0.3_n2000_rauto_m4000
    threads: 4
    resources: tmpdir=/tmp


[Sun Aug 30 17:56:43 2026]
localrule run_cell:
    output: results/bias_sensitivity/raw/dp0.9_k-0.3_n2000_rauto_m4000.rds
    log: logs/bias_sensitivity/run_dp0.9_k-0.3_n2000_rauto_m4000.log
    jobid: 439
    reason: Missing output files: results/bias_sensitivity/raw/dp0.9_k-0.3_n2000_rauto_m4000.rds
    wildcards: cell=dp0.9_k-0.3_n2000_rauto_m4000
    threads: 4
    resources: tmpdir=/tmp

[Sun Aug 30 17:58:49 2026]
Finished job 233.
1 of 483 steps (0.2%) done
Select jobs to execute...
Execute 1 jobs...

[Sun Aug 30 17:58:49 2026]
localrule run_cell:
    output: results/bias_sensitivity/raw/dp0.6_k0.3_n10000_rauto_m2000.rds
    log: logs/bias_sensitivity/run_dp0.6_k0.3_n10000_rauto_m2000.log
    jobid: 302
    reason: Missing output files: results/bias_sensitivity/raw/dp0.6_k0.3_n10000_rauto_m2000.rds
    wildcards: cell=dp0.6_k0.3_n10000_rauto_m2000
    threads: 4
    resources: tmpdir=/tmp

[Sun Aug 30 17:59:04 2026]
Finished job 353.
2 of 483 steps (0.4%) done
Select jobs to execute...
Execute 1 jobs...

[Sun Aug 30 17:59:04 2026]
localrule run_cell:
    output: results/bias_sensitivity/raw/dp0.85_k-0.3_n10000_rauto_m2000.rds
    log: logs/bias_sensitivity/run_dp0.85_k-0.3_n10000_rauto_m2000.log
    jobid: 362
    reason: Missing output files: results/bias_sensitivity/raw/dp0.85_k-0.3_n10000_rauto_m2000.rds
    wildcards: cell=dp0.85_k-0.3_n10000_rauto_m2000
    threads: 4
    resources: tmpdir=/tmp

[Sun Aug 30 17:59:36 2026]
Finished job 53.
3 of 483 steps (1%) done
Select jobs to execute...
Execute 1 jobs...

[Sun Aug 30 17:59:36 2026]
localrule run_cell:
    output: results/bias_sensitivity/raw/dp0.05_k-0.3_n10000_rauto_m2000.rds
    log: logs/bias_sensitivity/run_dp0.05_k-0.3_n10000_rauto_m2000.log
    jobid: 2
    reason: Missing output files: results/bias_sensitivity/raw/dp0.05_k-0.3_n10000_rauto_m2000.rds
    wildcards: cell=dp0.05_k-0.3_n10000_rauto_m2000
    threads: 4
    resources: tmpdir=/tmp

[Sun Aug 30 18:04:23 2026]
Finished job 19.
4 of 483 steps (1%) done
Select jobs to execute...
Execute 1 jobs...

[Sun Aug 30 18:04:23 2026]
localrule run_cell:
    output: results/bias_sensitivity/raw/dp0.55_k-0.3_n4000_rauto_m4000.rds
    log: logs/bias_sensitivity/run_dp0.55_k-0.3_n4000_rauto_m4000.log
    jobid: 225
    reason: Missing output files: results/bias_sensitivity/raw/dp0.55_k-0.3_n4000_rauto_m4000.rds
    wildcards: cell=dp0.55_k-0.3_n4000_rauto_m4000
    threads: 4
    resources: tmpdir=/tmp

[Sun Aug 30 18:04:36 2026]
Finished job 139.
5 of 483 steps (1%) done
Select jobs to execute...
Execute 1 jobs...

[Sun Aug 30 18:04:36 2026]
localrule run_cell:
    output: results/bias_sensitivity/raw/dp0.65_k0.3_n4000_rauto_m4000.rds
    log: logs/bias_sensitivity/run_dp0.65_k0.3_n4000_rauto_m4000.log
    jobid: 285
    reason: Missing output files: results/bias_sensitivity/raw/dp0.65_k0.3_n4000_rauto_m4000.rds
    wildcards: cell=dp0.65_k0.3_n4000_rauto_m4000
    threads: 4
    resources: tmpdir=/tmp

[Sun Aug 30 18:05:14 2026]
Finished job 199.
6 of 483 steps (1%) done
Select jobs to execute...
Execute 1 jobs...

[Sun Aug 30 18:05:14 2026]
localrule run_cell:
    output: results/bias_sensitivity/raw/dp0.15_k0.3_n4000_rauto_m4000.rds
    log: logs/bias_sensitivity/run_dp0.15_k0.3_n4000_rauto_m4000.log
    jobid: 45
    reason: Missing output files: results/bias_sensitivity/raw/dp0.15_k0.3_n4000_rauto_m4000.rds
    wildcards: cell=dp0.15_k0.3_n4000_rauto_m4000
    threads: 4
    resources: tmpdir=/tmp

[Sun Aug 30 18:07:24 2026]
Finished job 439.
7 of 483 steps (1%) done
Select jobs to execute...
Execute 1 jobs...

[Sun Aug 30 18:07:24 2026]
localrule run_cell:
    output: results/bias_sensitivity/raw/dp0.2_k-0.3_n4000_rauto_m4000.rds
    log: logs/bias_sensitivity/run_dp0.2_k-0.3_n4000_rauto_m4000.log
    jobid: 105
    reason: Missing output files: results/bias_sensitivity/raw/dp0.2_k-0.3_n4000_rauto_m4000.rds
    wildcards: cell=dp0.2_k-0.3_n4000_rauto_m4000
    threads: 4
    resources: tmpdir=/tmp

[Sun Aug 30 18:12:10 2026]
Finished job 225.
8 of 483 steps (2%) done
Select jobs to execute...
Execute 1 jobs...

[Sun Aug 30 18:12:10 2026]
localrule run_cell:
    output: results/bias_sensitivity/raw/dp0.9_k0.3_n1000_rauto_m2000.rds
    log: logs/bias_sensitivity/run_dp0.9_k0.3_n1000_rauto_m2000.log
    jobid: 448
    reason: Missing output files: results/bias_sensitivity/raw/dp0.9_k0.3_n1000_rauto_m2000.rds
    wildcards: cell=dp0.9_k0.3_n1000_rauto_m2000
    threads: 4
    resources: tmpdir=/tmp

[Sun Aug 30 18:13:02 2026]
Finished job 45.
9 of 483 steps (2%) done
Select jobs to execute...
Execute 1 jobs...

[Sun Aug 30 18:13:02 2026]
localrule run_cell:
    output: results/bias_sensitivity/raw/dp0.25_k0.3_n1000_rauto_m2000.rds
    log: logs/bias_sensitivity/run_dp0.25_k0.3_n1000_rauto_m2000.log
    jobid: 88
    reason: Missing output files: results/bias_sensitivity/raw/dp0.25_k0.3_n1000_rauto_m2000.rds
    wildcards: cell=dp0.25_k0.3_n1000_rauto_m2000
    threads: 4
    resources: tmpdir=/tmp

[Sun Aug 30 18:13:31 2026]
Finished job 285.
10 of 483 steps (2%) done
Select jobs to execute...
Execute 1 jobs...

[Sun Aug 30 18:13:31 2026]
localrule run_cell:
    output: results/bias_sensitivity/raw/dp0.8_k-0.3_n1000_rauto_m2000.rds
    log: logs/bias_sensitivity/run_dp0.8_k-0.3_n1000_rauto_m2000.log
    jobid: 388
    reason: Missing output files: results/bias_sensitivity/raw/dp0.8_k-0.3_n1000_rauto_m2000.rds
    wildcards: cell=dp0.8_k-0.3_n1000_rauto_m2000
    threads: 4
    resources: tmpdir=/tmp

[Sun Aug 30 18:13:56 2026]
Finished job 448.
11 of 483 steps (2%) done
Select jobs to execute...
Execute 1 jobs...

[Sun Aug 30 18:13:56 2026]
localrule run_cell:
    output: results/bias_sensitivity/raw/dp0.15_k-0.3_n1000_rauto_m2000.rds
    log: logs/bias_sensitivity/run_dp0.15_k-0.3_n1000_rauto_m2000.log
    jobid: 28
    reason: Missing output files: results/bias_sensitivity/raw/dp0.15_k-0.3_n1000_rauto_m2000.rds
    wildcards: cell=dp0.15_k-0.3_n1000_rauto_m2000
    threads: 4
    resources: tmpdir=/tmp

[Sun Aug 30 18:14:40 2026]
Finished job 88.
12 of 483 steps (2%) done
Select jobs to execute...
Execute 1 jobs...

[Sun Aug 30 18:14:40 2026]
localrule run_cell:
    output: results/bias_sensitivity/raw/dp0.65_k-0.3_n1000_rauto_m2000.rds
    log: logs/bias_sensitivity/run_dp0.65_k-0.3_n1000_rauto_m2000.log
    jobid: 268
    reason: Missing output files: results/bias_sensitivity/raw/dp0.65_k-0.3_n1000_rauto_m2000.rds
    wildcards: cell=dp0.65_k-0.3_n1000_rauto_m2000
    threads: 4
    resources: tmpdir=/tmp

[Sun Aug 30 18:15:30 2026]
Finished job 388.
13 of 483 steps (3%) done
Select jobs to execute...
Execute 1 jobs...

[Sun Aug 30 18:15:30 2026]
localrule run_cell:
    output: results/bias_sensitivity/raw/dp0.85_k-0.3_n6000_rauto_m4000.rds
    log: logs/bias_sensitivity/run_dp0.85_k-0.3_n6000_rauto_m4000.log
    jobid: 371
    reason: Missing output files: results/bias_sensitivity/raw/dp0.85_k-0.3_n6000_rauto_m4000.rds
    wildcards: cell=dp0.85_k-0.3_n6000_rauto_m4000
    threads: 4
    resources: tmpdir=/tmp

[Sun Aug 30 18:15:43 2026]
Finished job 28.
14 of 483 steps (3%) done
Select jobs to execute...
Execute 1 jobs...

[Sun Aug 30 18:15:43 2026]
localrule run_cell:
    output: results/bias_sensitivity/raw/dp0.35_k-0.3_n6000_rauto_m4000.rds
    log: logs/bias_sensitivity/run_dp0.35_k-0.3_n6000_rauto_m4000.log
    jobid: 131
    reason: Missing output files: results/bias_sensitivity/raw/dp0.35_k-0.3_n6000_rauto_m4000.rds
    wildcards: cell=dp0.35_k-0.3_n6000_rauto_m4000
    threads: 4
    resources: tmpdir=/tmp

[Sun Aug 30 18:15:46 2026]
Finished job 105.
15 of 483 steps (3%) done
Select jobs to execute...
Execute 1 jobs...

[Sun Aug 30 18:15:46 2026]
localrule run_cell:
    output: results/bias_sensitivity/raw/dp0.45_k0.3_n6000_rauto_m4000.rds
    log: logs/bias_sensitivity/run_dp0.45_k0.3_n6000_rauto_m4000.log
    jobid: 191
    reason: Missing output files: results/bias_sensitivity/raw/dp0.45_k0.3_n6000_rauto_m4000.rds
    wildcards: cell=dp0.45_k0.3_n6000_rauto_m4000
    threads: 4
    resources: tmpdir=/tmp

[Sun Aug 30 18:16:30 2026]
Finished job 268.
16 of 483 steps (3%) done
Select jobs to execute...
Execute 1 jobs...

[Sun Aug 30 18:16:30 2026]
localrule run_cell:
    output: results/bias_sensitivity/raw/dp0.1_k-0.3_n2000_rauto_m2000.rds
    log: logs/bias_sensitivity/run_dp0.1_k-0.3_n2000_rauto_m2000.log
    jobid: 54
    reason: Missing output files: results/bias_sensitivity/raw/dp0.1_k-0.3_n2000_rauto_m2000.rds
    wildcards: cell=dp0.1_k-0.3_n2000_rauto_m2000
    threads: 4
    resources: tmpdir=/tmp

[Sun Aug 30 18:21:18 2026]
Finished job 54.
17 of 483 steps (4%) done
Select jobs to execute...
Execute 1 jobs...

[Sun Aug 30 18:21:18 2026]
localrule run_cell:
    output: results/bias_sensitivity/raw/dp0.55_k0.3_n2000_rauto_m2000.rds
    log: logs/bias_sensitivity/run_dp0.55_k0.3_n2000_rauto_m2000.log
    jobid: 234
    reason: Missing output files: results/bias_sensitivity/raw/dp0.55_k0.3_n2000_rauto_m2000.rds
    wildcards: cell=dp0.55_k0.3_n2000_rauto_m2000
    threads: 4
    resources: tmpdir=/tmp

[Sun Aug 30 18:26:51 2026]
Finished job 234.
18 of 483 steps (4%) done
Select jobs to execute...
Execute 1 jobs...

[Sun Aug 30 18:26:51 2026]
localrule run_cell:
    output: results/bias_sensitivity/raw/dp0.7_k0.3_n2000_rauto_m2000.rds
    log: logs/bias_sensitivity/run_dp0.7_k0.3_n2000_rauto_m2000.log
    jobid: 354
    reason: Missing output files: results/bias_sensitivity/raw/dp0.7_k0.3_n2000_rauto_m2000.rds
    wildcards: cell=dp0.7_k0.3_n2000_rauto_m2000
    threads: 4
    resources: tmpdir=/tmp

[Sun Aug 30 18:32:19 2026]
Finished job 354.
19 of 483 steps (4%) done
Select jobs to execute...
Execute 1 jobs...

[Sun Aug 30 18:32:19 2026]
localrule run_cell:
    output: results/bias_sensitivity/raw/dp0.65_k-0.3_n8000_rauto_m4000.rds
    log: logs/bias_sensitivity/run_dp0.65_k-0.3_n8000_rauto_m4000.log
    jobid: 277
    reason: Missing output files: results/bias_sensitivity/raw/dp0.65_k-0.3_n8000_rauto_m4000.rds
    wildcards: cell=dp0.65_k-0.3_n8000_rauto_m4000
    threads: 4
    resources: tmpdir=/tmp

[Sun Aug 30 18:45:09 2026]
Finished job 370.
20 of 483 steps (4%) done
Select jobs to execute...
Execute 1 jobs...

[Sun Aug 30 18:45:09 2026]
localrule run_cell:
    output: results/bias_sensitivity/raw/dp0.25_k0.3_n8000_rauto_m4000.rds
    log: logs/bias_sensitivity/run_dp0.25_k0.3_n8000_rauto_m4000.log
    jobid: 97
    reason: Missing output files: results/bias_sensitivity/raw/dp0.25_k0.3_n8000_rauto_m4000.rds
    wildcards: cell=dp0.25_k0.3_n8000_rauto_m4000
    threads: 4
    resources: tmpdir=/tmp

[Sun Aug 30 18:48:47 2026]
Finished job 362.
21 of 483 steps (4%) done
Select jobs to execute...
Execute 1 jobs...

[Sun Aug 30 18:48:47 2026]
localrule run_cell:
    output: results/bias_sensitivity/raw/dp0.3_k-0.3_n8000_rauto_m4000.rds
    log: logs/bias_sensitivity/run_dp0.3_k-0.3_n8000_rauto_m4000.log
    jobid: 157
    reason: Missing output files: results/bias_sensitivity/raw/dp0.3_k-0.3_n8000_rauto_m4000.rds
    wildcards: cell=dp0.3_k-0.3_n8000_rauto_m4000
    threads: 4
    resources: tmpdir=/tmp

[Sun Aug 30 18:48:54 2026]
Finished job 191.
22 of 483 steps (5%) done
Select jobs to execute...
Execute 1 jobs...

[Sun Aug 30 18:48:54 2026]
localrule run_cell:
    output: results/bias_sensitivity/raw/dp0.75_k0.3_n8000_rauto_m4000.rds
    log: logs/bias_sensitivity/run_dp0.75_k0.3_n8000_rauto_m4000.log
    jobid: 337
    reason: Missing output files: results/bias_sensitivity/raw/dp0.75_k0.3_n8000_rauto_m4000.rds
    wildcards: cell=dp0.75_k0.3_n8000_rauto_m4000
    threads: 4
    resources: tmpdir=/tmp

[Sun Aug 30 18:49:52 2026]
Finished job 131.
23 of 483 steps (5%) done
Select jobs to execute...
Execute 1 jobs...

[Sun Aug 30 18:49:52 2026]
localrule run_cell:
    output: results/bias_sensitivity/raw/dp0.15_k-0.3_n8000_rauto_m4000.rds
    log: logs/bias_sensitivity/run_dp0.15_k-0.3_n8000_rauto_m4000.log
    jobid: 37
    reason: Missing output files: results/bias_sensitivity/raw/dp0.15_k-0.3_n8000_rauto_m4000.rds
    wildcards: cell=dp0.15_k-0.3_n8000_rauto_m4000
    threads: 4
    resources: tmpdir=/tmp

[Sun Aug 30 18:55:58 2026]
Finished job 96.
24 of 483 steps (5%) done
Select jobs to execute...
Execute 1 jobs...

[Sun Aug 30 18:55:58 2026]
localrule run_cell:
    output: results/bias_sensitivity/raw/dp0.05_k0.3_n4000_rauto_m2000.rds
    log: logs/bias_sensitivity/run_dp0.05_k0.3_n4000_rauto_m2000.log
    jobid: 20
    reason: Missing output files: results/bias_sensitivity/raw/dp0.05_k0.3_n4000_rauto_m2000.rds
    wildcards: cell=dp0.05_k0.3_n4000_rauto_m2000
    threads: 4
    resources: tmpdir=/tmp

[Sun Aug 30 18:57:06 2026]
Finished job 157.
25 of 483 steps (5%) done
Select jobs to execute...
Execute 1 jobs...

[Sun Aug 30 18:57:06 2026]
localrule run_cell:
    output: results/bias_sensitivity/raw/dp0.35_k0.3_n4000_rauto_m2000.rds
    log: logs/bias_sensitivity/run_dp0.35_k0.3_n4000_rauto_m2000.log
    jobid: 140
    reason: Missing output files: results/bias_sensitivity/raw/dp0.35_k0.3_n4000_rauto_m2000.rds
    wildcards: cell=dp0.35_k0.3_n4000_rauto_m2000
    threads: 4
    resources: tmpdir=/tmp

[Sun Aug 30 18:57:13 2026]
Finished job 130.
26 of 483 steps (5%) done
Select jobs to execute...
Execute 1 jobs...

[Sun Aug 30 18:57:13 2026]
localrule run_cell:
    output: results/bias_sensitivity/raw/dp0.4_k-0.3_n4000_rauto_m2000.rds
    log: logs/bias_sensitivity/run_dp0.4_k-0.3_n4000_rauto_m2000.log
    jobid: 200
    reason: Missing output files: results/bias_sensitivity/raw/dp0.4_k-0.3_n4000_rauto_m2000.rds
    wildcards: cell=dp0.4_k-0.3_n4000_rauto_m2000
    threads: 4
    resources: tmpdir=/tmp

[Sun Aug 30 18:59:13 2026]
Finished job 337.
27 of 483 steps (6%) done
Select jobs to execute...
Execute 1 jobs...

[Sun Aug 30 18:59:13 2026]
localrule run_cell:
    output: results/bias_sensitivity/raw/dp0.9_k-0.3_n4000_rauto_m2000.rds
    log: logs/bias_sensitivity/run_dp0.9_k-0.3_n4000_rauto_m2000.log
    jobid: 440
    reason: Missing output files: results/bias_sensitivity/raw/dp0.9_k-0.3_n4000_rauto_m2000.rds
    wildcards: cell=dp0.9_k-0.3_n4000_rauto_m2000
    threads: 4
    resources: tmpdir=/tmp

[Sun Aug 30 19:00:57 2026]
Finished job 140.
28 of 483 steps (6%) done
Select jobs to execute...
Execute 1 jobs...

[Sun Aug 30 19:00:57 2026]
localrule run_cell:
    output: results/bias_sensitivity/raw/dp0.05_k-0.3_n10000_rauto_m4000.rds
    log: logs/bias_sensitivity/run_dp0.05_k-0.3_n10000_rauto_m4000.log
    jobid: 3
    reason: Missing output files: results/bias_sensitivity/raw/dp0.05_k-0.3_n10000_rauto_m4000.rds
    wildcards: cell=dp0.05_k-0.3_n10000_rauto_m4000
    threads: 4
    resources: tmpdir=/tmp

[Sun Aug 30 19:01:00 2026]
Finished job 36.
29 of 483 steps (6%) done
Select jobs to execute...
Execute 1 jobs...

[Sun Aug 30 19:01:00 2026]
localrule run_cell:
    output: results/bias_sensitivity/raw/dp0.6_k0.3_n10000_rauto_m4000.rds
    log: logs/bias_sensitivity/run_dp0.6_k0.3_n10000_rauto_m4000.log
    jobid: 303
    reason: Missing output files: results/bias_sensitivity/raw/dp0.6_k0.3_n10000_rauto_m4000.rds
    wildcards: cell=dp0.6_k0.3_n10000_rauto_m4000
    threads: 4
    resources: tmpdir=/tmp

[Sun Aug 30 19:01:04 2026]
Finished job 200.
30 of 483 steps (6%) done
Select jobs to execute...
Execute 1 jobs...

[Sun Aug 30 19:01:04 2026]
localrule run_cell:
    output: results/bias_sensitivity/raw/dp0.85_k-0.3_n10000_rauto_m4000.rds
    log: logs/bias_sensitivity/run_dp0.85_k-0.3_n10000_rauto_m4000.log
    jobid: 363
    reason: Missing output files: results/bias_sensitivity/raw/dp0.85_k-0.3_n10000_rauto_m4000.rds
    wildcards: cell=dp0.85_k-0.3_n10000_rauto_m4000
    threads: 4
    resources: tmpdir=/tmp

[Sun Aug 30 19:01:21 2026]
Finished job 20.
31 of 483 steps (6%) done
Select jobs to execute...
Execute 1 jobs...

[Sun Aug 30 19:01:21 2026]
localrule run_cell:
    output: results/bias_sensitivity/raw/dp0.2_k-0.3_n6000_rauto_m2000.rds
    log: logs/bias_sensitivity/run_dp0.2_k-0.3_n6000_rauto_m2000.log
    jobid: 106
    reason: Missing output files: results/bias_sensitivity/raw/dp0.2_k-0.3_n6000_rauto_m2000.rds
    wildcards: cell=dp0.2_k-0.3_n6000_rauto_m2000
    threads: 4
    resources: tmpdir=/tmp

[Sun Aug 30 19:01:45 2026]
Finished job 336.
32 of 483 steps (7%) done
Select jobs to execute...
Execute 1 jobs...

[Sun Aug 30 19:01:45 2026]
localrule run_cell:
    output: results/bias_sensitivity/raw/dp0.15_k0.3_n6000_rauto_m2000.rds
    log: logs/bias_sensitivity/run_dp0.15_k0.3_n6000_rauto_m2000.log
    jobid: 46
    reason: Missing output files: results/bias_sensitivity/raw/dp0.15_k0.3_n6000_rauto_m2000.rds
    wildcards: cell=dp0.15_k0.3_n6000_rauto_m2000
    threads: 4
    resources: tmpdir=/tmp

[Sun Aug 30 19:01:45 2026]
Finished job 190.
33 of 483 steps (7%) done
Select jobs to execute...
Execute 1 jobs...

[Sun Aug 30 19:01:45 2026]
localrule run_cell:
    output: results/bias_sensitivity/raw/dp0.55_k-0.3_n6000_rauto_m2000.rds
    log: logs/bias_sensitivity/run_dp0.55_k-0.3_n6000_rauto_m2000.log
    jobid: 226
    reason: Missing output files: results/bias_sensitivity/raw/dp0.55_k-0.3_n6000_rauto_m2000.rds
    wildcards: cell=dp0.55_k-0.3_n6000_rauto_m2000
    threads: 4
    resources: tmpdir=/tmp

[Sun Aug 30 19:02:48 2026]
Finished job 87.
34 of 483 steps (7%) done
Select jobs to execute...
Execute 1 jobs...

[Sun Aug 30 19:02:48 2026]
localrule run_cell:
    output: results/bias_sensitivity/raw/dp0.65_k0.3_n6000_rauto_m2000.rds
    log: logs/bias_sensitivity/run_dp0.65_k0.3_n6000_rauto_m2000.log
    jobid: 286
    reason: Missing output files: results/bias_sensitivity/raw/dp0.65_k0.3_n6000_rauto_m2000.rds
    wildcards: cell=dp0.65_k0.3_n6000_rauto_m2000
    threads: 4
    resources: tmpdir=/tmp

[Sun Aug 30 19:04:28 2026]
Finished job 440.
35 of 483 steps (7%) done
Select jobs to execute...
Execute 1 jobs...

[Sun Aug 30 19:04:28 2026]
localrule run_cell:
    output: results/bias_sensitivity/raw/dp0.9_k0.3_n1000_rauto_m4000.rds
    log: logs/bias_sensitivity/run_dp0.9_k0.3_n1000_rauto_m4000.log
    jobid: 449
    reason: Missing output files: results/bias_sensitivity/raw/dp0.9_k0.3_n1000_rauto_m4000.rds
    wildcards: cell=dp0.9_k0.3_n1000_rauto_m4000
    threads: 4
    resources: tmpdir=/tmp

[Sun Aug 30 19:04:31 2026]
Finished job 156.
36 of 483 steps (7%) done
Select jobs to execute...
Execute 1 jobs...

[Sun Aug 30 19:04:31 2026]
localrule run_cell:
    output: results/bias_sensitivity/raw/dp0.15_k-0.3_n1000_rauto_m4000.rds
    log: logs/bias_sensitivity/run_dp0.15_k-0.3_n1000_rauto_m4000.log
    jobid: 29
    reason: Missing output files: results/bias_sensitivity/raw/dp0.15_k-0.3_n1000_rauto_m4000.rds
    wildcards: cell=dp0.15_k-0.3_n1000_rauto_m4000
    threads: 4
    resources: tmpdir=/tmp

[Sun Aug 30 19:04:44 2026]
Finished job 276.
37 of 483 steps (8%) done
Select jobs to execute...
Execute 1 jobs...

[Sun Aug 30 19:04:44 2026]
localrule run_cell:
    output: results/bias_sensitivity/raw/dp0.25_k0.3_n1000_rauto_m4000.rds
    log: logs/bias_sensitivity/run_dp0.25_k0.3_n1000_rauto_m4000.log
    jobid: 89
    reason: Missing output files: results/bias_sensitivity/raw/dp0.25_k0.3_n1000_rauto_m4000.rds
    wildcards: cell=dp0.25_k0.3_n1000_rauto_m4000
    threads: 4
    resources: tmpdir=/tmp

[Sun Aug 30 19:05:02 2026]
Finished job 302.
38 of 483 steps (8%) done
Select jobs to execute...
Execute 1 jobs...

[Sun Aug 30 19:05:02 2026]
localrule run_cell:
    output: results/bias_sensitivity/raw/dp0.65_k-0.3_n1000_rauto_m4000.rds
    log: logs/bias_sensitivity/run_dp0.65_k-0.3_n1000_rauto_m4000.log
    jobid: 269
    reason: Missing output files: results/bias_sensitivity/raw/dp0.65_k-0.3_n1000_rauto_m4000.rds
    wildcards: cell=dp0.65_k-0.3_n1000_rauto_m4000
    threads: 4
    resources: tmpdir=/tmp

[Sun Aug 30 19:05:13 2026]
Finished job 447.
39 of 483 steps (8%) done
Select jobs to execute...
Execute 1 jobs...

[Sun Aug 30 19:05:13 2026]
localrule run_cell:
    output: results/bias_sensitivity/raw/dp0.8_k-0.3_n1000_rauto_m4000.rds
    log: logs/bias_sensitivity/run_dp0.8_k-0.3_n1000_rauto_m4000.log
    jobid: 389
    reason: Missing output files: results/bias_sensitivity/raw/dp0.8_k-0.3_n1000_rauto_m4000.rds
    wildcards: cell=dp0.8_k-0.3_n1000_rauto_m4000
    threads: 4
    resources: tmpdir=/tmp

[Sun Aug 30 19:06:11 2026]
Finished job 29.
40 of 483 steps (8%) done
Select jobs to execute...
Execute 1 jobs...

[Sun Aug 30 19:06:11 2026]
localrule run_cell:
    output: results/bias_sensitivity/raw/dp0.85_k-0.3_n8000_rauto_m2000.rds
    log: logs/bias_sensitivity/run_dp0.85_k-0.3_n8000_rauto_m2000.log
    jobid: 372
    reason: Missing output files: results/bias_sensitivity/raw/dp0.85_k-0.3_n8000_rauto_m2000.rds
    wildcards: cell=dp0.85_k-0.3_n8000_rauto_m2000
    threads: 4
    resources: tmpdir=/tmp

[Sun Aug 30 19:06:19 2026]
Finished job 449.
41 of 483 steps (8%) done
Select jobs to execute...
Execute 1 jobs...

[Sun Aug 30 19:06:19 2026]
localrule run_cell:
    output: results/bias_sensitivity/raw/dp0.35_k-0.3_n8000_rauto_m2000.rds
    log: logs/bias_sensitivity/run_dp0.35_k-0.3_n8000_rauto_m2000.log
    jobid: 132
    reason: Missing output files: results/bias_sensitivity/raw/dp0.35_k-0.3_n8000_rauto_m2000.rds
    wildcards: cell=dp0.35_k-0.3_n8000_rauto_m2000
    threads: 4
    resources: tmpdir=/tmp

[Sun Aug 30 19:06:21 2026]
Finished job 89.
42 of 483 steps (9%) done
Select jobs to execute...
Execute 1 jobs...

[Sun Aug 30 19:06:21 2026]
localrule run_cell:
    output: results/bias_sensitivity/raw/dp0.45_k0.3_n8000_rauto_m2000.rds
    log: logs/bias_sensitivity/run_dp0.45_k0.3_n8000_rauto_m2000.log
    jobid: 192
    reason: Missing output files: results/bias_sensitivity/raw/dp0.45_k0.3_n8000_rauto_m2000.rds
    wildcards: cell=dp0.45_k0.3_n8000_rauto_m2000
    threads: 4
    resources: tmpdir=/tmp

[Sun Aug 30 19:06:32 2026]
Finished job 267.
43 of 483 steps (9%) done
Select jobs to execute...
Execute 1 jobs...

[Sun Aug 30 19:06:32 2026]
localrule run_cell:
    output: results/bias_sensitivity/raw/dp0.55_k0.3_n2000_rauto_m4000.rds
    log: logs/bias_sensitivity/run_dp0.55_k0.3_n2000_rauto_m4000.log
    jobid: 235
    reason: Missing output files: results/bias_sensitivity/raw/dp0.55_k0.3_n2000_rauto_m4000.rds
    wildcards: cell=dp0.55_k0.3_n2000_rauto_m4000
    threads: 4
    resources: tmpdir=/tmp

[Sun Aug 30 19:06:52 2026]
Finished job 269.
44 of 483 steps (9%) done
Select jobs to execute...
Execute 1 jobs...

[Sun Aug 30 19:06:52 2026]
localrule run_cell:
    output: results/bias_sensitivity/raw/dp0.7_k0.3_n2000_rauto_m4000.rds
    log: logs/bias_sensitivity/run_dp0.7_k0.3_n2000_rauto_m4000.log
    jobid: 355
    reason: Missing output files: results/bias_sensitivity/raw/dp0.7_k0.3_n2000_rauto_m4000.rds
    wildcards: cell=dp0.7_k0.3_n2000_rauto_m4000
    threads: 4
    resources: tmpdir=/tmp

[Sun Aug 30 19:07:21 2026]
Finished job 389.
45 of 483 steps (9%) done
Select jobs to execute...
Execute 1 jobs...

[Sun Aug 30 19:07:21 2026]
localrule run_cell:
    output: results/bias_sensitivity/raw/dp0.1_k-0.3_n2000_rauto_m4000.rds
    log: logs/bias_sensitivity/run_dp0.1_k-0.3_n2000_rauto_m4000.log
    jobid: 55
    reason: Missing output files: results/bias_sensitivity/raw/dp0.1_k-0.3_n2000_rauto_m4000.rds
    wildcards: cell=dp0.1_k-0.3_n2000_rauto_m4000
    threads: 4
    resources: tmpdir=/tmp

[Sun Aug 30 19:07:37 2026]
Finished job 27.
46 of 483 steps (10%) done
Select jobs to execute...
Execute 1 jobs...

[Sun Aug 30 19:07:37 2026]
localrule run_cell:
    output: results/bias_sensitivity/raw/dp0.2_k-0.3_n10000_rauto_m2000.rds
    log: logs/bias_sensitivity/run_dp0.2_k-0.3_n10000_rauto_m2000.log
    jobid: 98
    reason: Missing output files: results/bias_sensitivity/raw/dp0.2_k-0.3_n10000_rauto_m2000.rds
    wildcards: cell=dp0.2_k-0.3_n10000_rauto_m2000
    threads: 4
    resources: tmpdir=/tmp

[Sun Aug 30 19:12:03 2026]
Finished job 2.
47 of 483 steps (10%) done
Select jobs to execute...
Execute 1 jobs...

[Sun Aug 30 19:12:03 2026]
localrule run_cell:
    output: results/bias_sensitivity/raw/dp0.3_k0.3_n10000_rauto_m2000.rds
    log: logs/bias_sensitivity/run_dp0.3_k0.3_n10000_rauto_m2000.log
    jobid: 158
    reason: Missing output files: results/bias_sensitivity/raw/dp0.3_k0.3_n10000_rauto_m2000.rds
    wildcards: cell=dp0.3_k0.3_n10000_rauto_m2000
    threads: 4
    resources: tmpdir=/tmp

[Sun Aug 30 19:12:54 2026]
Finished job 371.
48 of 483 steps (10%) done
Select jobs to execute...
Execute 1 jobs...

[Sun Aug 30 19:12:54 2026]
localrule run_cell:
    output: results/bias_sensitivity/raw/dp0.65_k0.3_n10000_rauto_m2000.rds
    log: logs/bias_sensitivity/run_dp0.65_k0.3_n10000_rauto_m2000.log
    jobid: 278
    reason: Missing output files: results/bias_sensitivity/raw/dp0.65_k0.3_n10000_rauto_m2000.rds
    wildcards: cell=dp0.65_k0.3_n10000_rauto_m2000
    threads: 4
    resources: tmpdir=/tmp

[Sun Aug 30 19:13:30 2026]
Finished job 387.
49 of 483 steps (10%) done
Select jobs to execute...
Execute 1 jobs...

[Sun Aug 30 19:13:30 2026]
localrule run_cell:
    output: results/bias_sensitivity/raw/dp0.7_k-0.3_n10000_rauto_m2000.rds
    log: logs/bias_sensitivity/run_dp0.7_k-0.3_n10000_rauto_m2000.log
    jobid: 338
    reason: Missing output files: results/bias_sensitivity/raw/dp0.7_k-0.3_n10000_rauto_m2000.rds
    wildcards: cell=dp0.7_k-0.3_n10000_rauto_m2000
    threads: 4
    resources: tmpdir=/tmp

[Sun Aug 30 19:14:05 2026]
Finished job 55.
50 of 483 steps (10%) done
Select jobs to execute...
Execute 1 jobs...

[Sun Aug 30 19:14:05 2026]
localrule run_cell:
    output: results/bias_sensitivity/raw/dp0.15_k0.3_n10000_rauto_m2000.rds
    log: logs/bias_sensitivity/run_dp0.15_k0.3_n10000_rauto_m2000.log
    jobid: 38
    reason: Missing output files: results/bias_sensitivity/raw/dp0.15_k0.3_n10000_rauto_m2000.rds
    wildcards: cell=dp0.15_k0.3_n10000_rauto_m2000
    threads: 4
    resources: tmpdir=/tmp

[Sun Aug 30 19:14:30 2026]
Finished job 235.
51 of 483 steps (11%) done
Select jobs to execute...
Execute 1 jobs...

[Sun Aug 30 19:14:30 2026]
localrule run_cell:
    output: results/bias_sensitivity/raw/dp0.05_k0.3_n4000_rauto_m4000.rds
    log: logs/bias_sensitivity/run_dp0.05_k0.3_n4000_rauto_m4000.log
    jobid: 21
    reason: Missing output files: results/bias_sensitivity/raw/dp0.05_k0.3_n4000_rauto_m4000.rds
    wildcards: cell=dp0.05_k0.3_n4000_rauto_m4000
    threads: 4
    resources: tmpdir=/tmp

[Sun Aug 30 19:15:02 2026]
Finished job 355.
52 of 483 steps (11%) done
Select jobs to execute...
Execute 1 jobs...

[Sun Aug 30 19:15:02 2026]
localrule run_cell:
    output: results/bias_sensitivity/raw/dp0.35_k0.3_n4000_rauto_m4000.rds
    log: logs/bias_sensitivity/run_dp0.35_k0.3_n4000_rauto_m4000.log
    jobid: 141
    reason: Missing output files: results/bias_sensitivity/raw/dp0.35_k0.3_n4000_rauto_m4000.rds
    wildcards: cell=dp0.35_k0.3_n4000_rauto_m4000
    threads: 4
    resources: tmpdir=/tmp

[Sun Aug 30 19:19:55 2026]
Finished job 3.
53 of 483 steps (11%) done
Select jobs to execute...
Execute 1 jobs...

[Sun Aug 30 19:19:55 2026]
localrule run_cell:
    output: results/bias_sensitivity/raw/dp0.9_k-0.3_n4000_rauto_m4000.rds
    log: logs/bias_sensitivity/run_dp0.9_k-0.3_n4000_rauto_m4000.log
    jobid: 441
    reason: Missing output files: results/bias_sensitivity/raw/dp0.9_k-0.3_n4000_rauto_m4000.rds
    wildcards: cell=dp0.9_k-0.3_n4000_rauto_m4000
    threads: 4
    resources: tmpdir=/tmp

[Sun Aug 30 19:20:58 2026]
Finished job 303.
54 of 483 steps (11%) done
Select jobs to execute...
Execute 1 jobs...

[Sun Aug 30 19:20:58 2026]
localrule run_cell:
    output: results/bias_sensitivity/raw/dp0.4_k-0.3_n4000_rauto_m4000.rds
    log: logs/bias_sensitivity/run_dp0.4_k-0.3_n4000_rauto_m4000.log
    jobid: 201
    reason: Missing output files: results/bias_sensitivity/raw/dp0.4_k-0.3_n4000_rauto_m4000.rds
    wildcards: cell=dp0.4_k-0.3_n4000_rauto_m4000
    threads: 4
    resources: tmpdir=/tmp

[Sun Aug 30 19:23:02 2026]
Finished job 21.
55 of 483 steps (11%) done
Select jobs to execute...
Execute 1 jobs...

[Sun Aug 30 19:23:02 2026]
localrule run_cell:
    output: results/bias_sensitivity/raw/dp0.05_k-0.3_n1000_rauto_m2000.rds
    log: logs/bias_sensitivity/run_dp0.05_k-0.3_n1000_rauto_m2000.log
    jobid: 4
    reason: Missing output files: results/bias_sensitivity/raw/dp0.05_k-0.3_n1000_rauto_m2000.rds
    wildcards: cell=dp0.05_k-0.3_n1000_rauto_m2000
    threads: 4
    resources: tmpdir=/tmp

[Sun Aug 30 19:24:09 2026]
Finished job 141.
56 of 483 steps (12%) done
Select jobs to execute...
Execute 1 jobs...

[Sun Aug 30 19:24:09 2026]
localrule run_cell:
    output: results/bias_sensitivity/raw/dp0.6_k0.3_n1000_rauto_m2000.rds
    log: logs/bias_sensitivity/run_dp0.6_k0.3_n1000_rauto_m2000.log
    jobid: 304
    reason: Missing output files: results/bias_sensitivity/raw/dp0.6_k0.3_n1000_rauto_m2000.rds
    wildcards: cell=dp0.6_k0.3_n1000_rauto_m2000
    threads: 4
    resources: tmpdir=/tmp

[Sun Aug 30 19:24:35 2026]
Finished job 4.
57 of 483 steps (12%) done
Select jobs to execute...
Execute 1 jobs...

[Sun Aug 30 19:24:35 2026]
localrule run_cell:
    output: results/bias_sensitivity/raw/dp0.85_k-0.3_n1000_rauto_m2000.rds
    log: logs/bias_sensitivity/run_dp0.85_k-0.3_n1000_rauto_m2000.log
    jobid: 364
    reason: Missing output files: results/bias_sensitivity/raw/dp0.85_k-0.3_n1000_rauto_m2000.rds
    wildcards: cell=dp0.85_k-0.3_n1000_rauto_m2000
    threads: 4
    resources: tmpdir=/tmp

[Sun Aug 30 19:25:16 2026]
Finished job 441.
58 of 483 steps (12%) done
Select jobs to execute...
Execute 1 jobs...

[Sun Aug 30 19:25:16 2026]
localrule run_cell:
    output: results/bias_sensitivity/raw/dp0.15_k0.3_n6000_rauto_m4000.rds
    log: logs/bias_sensitivity/run_dp0.15_k0.3_n6000_rauto_m4000.log
    jobid: 47
    reason: Missing output files: results/bias_sensitivity/raw/dp0.15_k0.3_n6000_rauto_m4000.rds
    wildcards: cell=dp0.15_k0.3_n6000_rauto_m4000
    threads: 4
    resources: tmpdir=/tmp

[Sun Aug 30 19:25:51 2026]
Finished job 304.
59 of 483 steps (12%) done
Select jobs to execute...
Execute 1 jobs...

[Sun Aug 30 19:25:51 2026]
localrule run_cell:
    output: results/bias_sensitivity/raw/dp0.2_k-0.3_n6000_rauto_m4000.rds
    log: logs/bias_sensitivity/run_dp0.2_k-0.3_n6000_rauto_m4000.log
    jobid: 107
    reason: Missing output files: results/bias_sensitivity/raw/dp0.2_k-0.3_n6000_rauto_m4000.rds
    wildcards: cell=dp0.2_k-0.3_n6000_rauto_m4000
    threads: 4
    resources: tmpdir=/tmp

[Sun Aug 30 19:26:23 2026]
Finished job 364.
60 of 483 steps (12%) done
Select jobs to execute...
Execute 1 jobs...

[Sun Aug 30 19:26:23 2026]
localrule run_cell:
    output: results/bias_sensitivity/raw/dp0.55_k-0.3_n6000_rauto_m4000.rds
    log: logs/bias_sensitivity/run_dp0.55_k-0.3_n6000_rauto_m4000.log
    jobid: 227
    reason: Missing output files: results/bias_sensitivity/raw/dp0.55_k-0.3_n6000_rauto_m4000.rds
    wildcards: cell=dp0.55_k-0.3_n6000_rauto_m4000
    threads: 4
    resources: tmpdir=/tmp

[Sun Aug 30 19:27:33 2026]
Finished job 201.
61 of 483 steps (13%) done
Select jobs to execute...
Execute 1 jobs...

[Sun Aug 30 19:27:33 2026]
localrule run_cell:
    output: results/bias_sensitivity/raw/dp0.65_k0.3_n6000_rauto_m4000.rds
    log: logs/bias_sensitivity/run_dp0.65_k0.3_n6000_rauto_m4000.log
    jobid: 287
    reason: Missing output files: results/bias_sensitivity/raw/dp0.65_k0.3_n6000_rauto_m4000.rds
    wildcards: cell=dp0.65_k0.3_n6000_rauto_m4000
    threads: 4
    resources: tmpdir=/tmp

[Sun Aug 30 19:33:48 2026]
Finished job 107.
62 of 483 steps (13%) done
Select jobs to execute...
Execute 1 jobs...

[Sun Aug 30 19:33:48 2026]
localrule run_cell:
    output: results/bias_sensitivity/raw/dp0.9_k0.3_n2000_rauto_m2000.rds
    log: logs/bias_sensitivity/run_dp0.9_k0.3_n2000_rauto_m2000.log
    jobid: 450
    reason: Missing output files: results/bias_sensitivity/raw/dp0.9_k0.3_n2000_rauto_m2000.rds
    wildcards: cell=dp0.9_k0.3_n2000_rauto_m2000
    threads: 4
    resources: tmpdir=/tmp

[Sun Aug 30 19:35:40 2026]
Finished job 277.
63 of 483 steps (13%) done
Select jobs to execute...
Execute 1 jobs...

[Sun Aug 30 19:35:40 2026]
localrule run_cell:
    output: results/bias_sensitivity/raw/dp0.8_k-0.3_n2000_rauto_m2000.rds
    log: logs/bias_sensitivity/run_dp0.8_k-0.3_n2000_rauto_m2000.log
    jobid: 390
    reason: Missing output files: results/bias_sensitivity/raw/dp0.8_k-0.3_n2000_rauto_m2000.rds
    wildcards: cell=dp0.8_k-0.3_n2000_rauto_m2000
    threads: 4
    resources: tmpdir=/tmp

[Sun Aug 30 19:37:11 2026]
Finished job 450.
64 of 483 steps (13%) done
Select jobs to execute...
Execute 1 jobs...

[Sun Aug 30 19:37:11 2026]
localrule run_cell:
    output: results/bias_sensitivity/raw/dp0.15_k-0.3_n2000_rauto_m2000.rds
    log: logs/bias_sensitivity/run_dp0.15_k-0.3_n2000_rauto_m2000.log
    jobid: 30
    reason: Missing output files: results/bias_sensitivity/raw/dp0.15_k-0.3_n2000_rauto_m2000.rds
    wildcards: cell=dp0.15_k-0.3_n2000_rauto_m2000
    threads: 4
    resources: tmpdir=/tmp

[Sun Aug 30 19:37:50 2026]
Finished job 37.
65 of 483 steps (13%) done
Select jobs to execute...
Execute 1 jobs...

[Sun Aug 30 19:37:50 2026]
localrule run_cell:
    output: results/bias_sensitivity/raw/dp0.25_k0.3_n2000_rauto_m2000.rds
    log: logs/bias_sensitivity/run_dp0.25_k0.3_n2000_rauto_m2000.log
    jobid: 90
    reason: Missing output files: results/bias_sensitivity/raw/dp0.25_k0.3_n2000_rauto_m2000.rds
    wildcards: cell=dp0.25_k0.3_n2000_rauto_m2000
    threads: 4
    resources: tmpdir=/tmp

[Sun Aug 30 19:38:55 2026]
Finished job 227.
66 of 483 steps (14%) done
Select jobs to execute...
Execute 1 jobs...

[Sun Aug 30 19:38:55 2026]
localrule run_cell:
    output: results/bias_sensitivity/raw/dp0.65_k-0.3_n2000_rauto_m2000.rds
    log: logs/bias_sensitivity/run_dp0.65_k-0.3_n2000_rauto_m2000.log
    jobid: 270
    reason: Missing output files: results/bias_sensitivity/raw/dp0.65_k-0.3_n2000_rauto_m2000.rds
    wildcards: cell=dp0.65_k-0.3_n2000_rauto_m2000
    threads: 4
    resources: tmpdir=/tmp

[Sun Aug 30 19:40:03 2026]
Finished job 390.
67 of 483 steps (14%) done
Select jobs to execute...
Execute 1 jobs...

[Sun Aug 30 19:40:03 2026]
localrule run_cell:
    output: results/bias_sensitivity/raw/dp0.85_k-0.3_n8000_rauto_m4000.rds
    log: logs/bias_sensitivity/run_dp0.85_k-0.3_n8000_rauto_m4000.log
    jobid: 373
    reason: Missing output files: results/bias_sensitivity/raw/dp0.85_k-0.3_n8000_rauto_m4000.rds
    wildcards: cell=dp0.85_k-0.3_n8000_rauto_m4000
    threads: 4
    resources: tmpdir=/tmp

[Sun Aug 30 19:40:12 2026]
Finished job 30.
68 of 483 steps (14%) done
Select jobs to execute...
Execute 1 jobs...

[Sun Aug 30 19:40:12 2026]
localrule run_cell:
    output: results/bias_sensitivity/raw/dp0.45_k0.3_n8000_rauto_m4000.rds
    log: logs/bias_sensitivity/run_dp0.45_k0.3_n8000_rauto_m4000.log
    jobid: 193
    reason: Missing output files: results/bias_sensitivity/raw/dp0.45_k0.3_n8000_rauto_m4000.rds
    wildcards: cell=dp0.45_k0.3_n8000_rauto_m4000
    threads: 4
    resources: tmpdir=/tmp

[Sun Aug 30 19:40:53 2026]
Finished job 90.
69 of 483 steps (14%) done
Select jobs to execute...
Execute 1 jobs...

[Sun Aug 30 19:40:53 2026]
localrule run_cell:
    output: results/bias_sensitivity/raw/dp0.35_k-0.3_n8000_rauto_m4000.rds
    log: logs/bias_sensitivity/run_dp0.35_k-0.3_n8000_rauto_m4000.log
    jobid: 133
    reason: Missing output files: results/bias_sensitivity/raw/dp0.35_k-0.3_n8000_rauto_m4000.rds
    wildcards: cell=dp0.35_k-0.3_n8000_rauto_m4000
    threads: 4
    resources: tmpdir=/tmp

[Sun Aug 30 19:42:06 2026]
Finished job 97.
70 of 483 steps (14%) done
Select jobs to execute...
Execute 1 jobs...

[Sun Aug 30 19:42:06 2026]
localrule run_cell:
    output: results/bias_sensitivity/raw/dp0.55_k0.3_n4000_rauto_m2000.rds
    log: logs/bias_sensitivity/run_dp0.55_k0.3_n4000_rauto_m2000.log
    jobid: 236
    reason: Missing output files: results/bias_sensitivity/raw/dp0.55_k0.3_n4000_rauto_m2000.rds
    wildcards: cell=dp0.55_k0.3_n4000_rauto_m2000
    threads: 4
    resources: tmpdir=/tmp

[Sun Aug 30 19:42:17 2026]
Finished job 270.
71 of 483 steps (15%) done
Select jobs to execute...
Execute 1 jobs...

[Sun Aug 30 19:42:17 2026]
localrule run_cell:
    output: results/bias_sensitivity/raw/dp0.7_k0.3_n4000_rauto_m2000.rds
    log: logs/bias_sensitivity/run_dp0.7_k0.3_n4000_rauto_m2000.log
    jobid: 356
    reason: Missing output files: results/bias_sensitivity/raw/dp0.7_k0.3_n4000_rauto_m2000.rds
    wildcards: cell=dp0.7_k0.3_n4000_rauto_m2000
    threads: 4
    resources: tmpdir=/tmp

[Sun Aug 30 19:47:00 2026]
Finished job 236.
72 of 483 steps (15%) done
Select jobs to execute...
Execute 1 jobs...

[Sun Aug 30 19:47:00 2026]
localrule run_cell:
    output: results/bias_sensitivity/raw/dp0.1_k-0.3_n4000_rauto_m2000.rds
    log: logs/bias_sensitivity/run_dp0.1_k-0.3_n4000_rauto_m2000.log
    jobid: 56
    reason: Missing output files: results/bias_sensitivity/raw/dp0.1_k-0.3_n4000_rauto_m2000.rds
    wildcards: cell=dp0.1_k-0.3_n4000_rauto_m2000
    threads: 4
    resources: tmpdir=/tmp

[Sun Aug 30 19:48:56 2026]
Finished job 286.
73 of 483 steps (15%) done
Select jobs to execute...
Execute 1 jobs...

[Sun Aug 30 19:48:56 2026]
localrule run_cell:
    output: results/bias_sensitivity/raw/dp0.3_k0.3_n10000_rauto_m4000.rds
    log: logs/bias_sensitivity/run_dp0.3_k0.3_n10000_rauto_m4000.log
    jobid: 159
    reason: Missing output files: results/bias_sensitivity/raw/dp0.3_k0.3_n10000_rauto_m4000.rds
    wildcards: cell=dp0.3_k0.3_n10000_rauto_m4000
    threads: 4
    resources: tmpdir=/tmp

[Sun Aug 30 19:50:48 2026]
Finished job 106.
74 of 483 steps (15%) done
Select jobs to execute...
Execute 1 jobs...

[Sun Aug 30 19:50:48 2026]
localrule run_cell:
    output: results/bias_sensitivity/raw/dp0.2_k-0.3_n10000_rauto_m4000.rds
    log: logs/bias_sensitivity/run_dp0.2_k-0.3_n10000_rauto_m4000.log
    jobid: 99
    reason: Missing output files: results/bias_sensitivity/raw/dp0.2_k-0.3_n10000_rauto_m4000.rds
    wildcards: cell=dp0.2_k-0.3_n10000_rauto_m4000
    threads: 4
    resources: tmpdir=/tmp

[Sun Aug 30 19:51:01 2026]
Finished job 356.
75 of 483 steps (16%) done
Select jobs to execute...
Execute 1 jobs...

[Sun Aug 30 19:51:01 2026]
localrule run_cell:
    output: results/bias_sensitivity/raw/dp0.65_k0.3_n10000_rauto_m4000.rds
    log: logs/bias_sensitivity/run_dp0.65_k0.3_n10000_rauto_m4000.log
    jobid: 279
    reason: Missing output files: results/bias_sensitivity/raw/dp0.65_k0.3_n10000_rauto_m4000.rds
    wildcards: cell=dp0.65_k0.3_n10000_rauto_m4000
    threads: 4
    resources: tmpdir=/tmp

[Sun Aug 30 19:51:31 2026]
Finished job 363.
76 of 483 steps (16%) done
Select jobs to execute...
Execute 1 jobs...

[Sun Aug 30 19:51:31 2026]
localrule run_cell:
    output: results/bias_sensitivity/raw/dp0.15_k0.3_n10000_rauto_m4000.rds
    log: logs/bias_sensitivity/run_dp0.15_k0.3_n10000_rauto_m4000.log
    jobid: 39
    reason: Missing output files: results/bias_sensitivity/raw/dp0.15_k0.3_n10000_rauto_m4000.rds
    wildcards: cell=dp0.15_k0.3_n10000_rauto_m4000
    threads: 4
    resources: tmpdir=/tmp

[Sun Aug 30 19:53:09 2026]
Finished job 56.
77 of 483 steps (16%) done
Select jobs to execute...
Execute 1 jobs...

[Sun Aug 30 19:53:09 2026]
localrule run_cell:
    output: results/bias_sensitivity/raw/dp0.7_k-0.3_n10000_rauto_m4000.rds
    log: logs/bias_sensitivity/run_dp0.7_k-0.3_n10000_rauto_m4000.log
    jobid: 339
    reason: Missing output files: results/bias_sensitivity/raw/dp0.7_k-0.3_n10000_rauto_m4000.rds
    wildcards: cell=dp0.7_k-0.3_n10000_rauto_m4000
    threads: 4
    resources: tmpdir=/tmp

[Sun Aug 30 19:56:13 2026]
Finished job 226.
78 of 483 steps (16%) done
Select jobs to execute...
Execute 1 jobs...

[Sun Aug 30 19:56:13 2026]
localrule run_cell:
    output: results/bias_sensitivity/raw/dp0.4_k-0.3_n6000_rauto_m2000.rds
    log: logs/bias_sensitivity/run_dp0.4_k-0.3_n6000_rauto_m2000.log
    jobid: 202
    reason: Missing output files: results/bias_sensitivity/raw/dp0.4_k-0.3_n6000_rauto_m2000.rds
    wildcards: cell=dp0.4_k-0.3_n6000_rauto_m2000
    threads: 4
    resources: tmpdir=/tmp

[Sun Aug 30 20:00:04 2026]
Finished job 46.
79 of 483 steps (16%) done
Select jobs to execute...
Execute 1 jobs...

[Sun Aug 30 20:00:04 2026]
localrule run_cell:
    output: results/bias_sensitivity/raw/dp0.35_k0.3_n6000_rauto_m2000.rds
    log: logs/bias_sensitivity/run_dp0.35_k0.3_n6000_rauto_m2000.log
    jobid: 142
    reason: Missing output files: results/bias_sensitivity/raw/dp0.35_k0.3_n6000_rauto_m2000.rds
    wildcards: cell=dp0.35_k0.3_n6000_rauto_m2000
    threads: 4
    resources: tmpdir=/tmp

[Sun Aug 30 20:00:36 2026]
Finished job 159.
80 of 483 steps (17%) done
Select jobs to execute...
Execute 1 jobs...

[Sun Aug 30 20:00:36 2026]
localrule run_cell:
    output: results/bias_sensitivity/raw/dp0.9_k-0.3_n6000_rauto_m2000.rds
    log: logs/bias_sensitivity/run_dp0.9_k-0.3_n6000_rauto_m2000.log
    jobid: 442
    reason: Missing output files: results/bias_sensitivity/raw/dp0.9_k-0.3_n6000_rauto_m2000.rds
    wildcards: cell=dp0.9_k-0.3_n6000_rauto_m2000
    threads: 4
    resources: tmpdir=/tmp

[Sun Aug 30 20:02:09 2026]
Finished job 99.
81 of 483 steps (17%) done
Select jobs to execute...
Execute 1 jobs...

[Sun Aug 30 20:02:09 2026]
localrule run_cell:
    output: results/bias_sensitivity/raw/dp0.05_k0.3_n6000_rauto_m2000.rds
    log: logs/bias_sensitivity/run_dp0.05_k0.3_n6000_rauto_m2000.log
    jobid: 22
    reason: Missing output files: results/bias_sensitivity/raw/dp0.05_k0.3_n6000_rauto_m2000.rds
    wildcards: cell=dp0.05_k0.3_n6000_rauto_m2000
    threads: 4
    resources: tmpdir=/tmp

[Sun Aug 30 20:02:46 2026]
Finished job 287.
82 of 483 steps (17%) done
Select jobs to execute...
Execute 1 jobs...

[Sun Aug 30 20:02:46 2026]
localrule run_cell:
    output: results/bias_sensitivity/raw/dp0.85_k-0.3_n1000_rauto_m4000.rds
    log: logs/bias_sensitivity/run_dp0.85_k-0.3_n1000_rauto_m4000.log
    jobid: 365
    reason: Missing output files: results/bias_sensitivity/raw/dp0.85_k-0.3_n1000_rauto_m4000.rds
    wildcards: cell=dp0.85_k-0.3_n1000_rauto_m4000
    threads: 4
    resources: tmpdir=/tmp

[Sun Aug 30 20:04:40 2026]
Finished job 365.
83 of 483 steps (17%) done
Select jobs to execute...
Execute 1 jobs...

[Sun Aug 30 20:04:40 2026]
localrule run_cell:
    output: results/bias_sensitivity/raw/dp0.05_k-0.3_n1000_rauto_m4000.rds
    log: logs/bias_sensitivity/run_dp0.05_k-0.3_n1000_rauto_m4000.log
    jobid: 5
    reason: Missing output files: results/bias_sensitivity/raw/dp0.05_k-0.3_n1000_rauto_m4000.rds
    wildcards: cell=dp0.05_k-0.3_n1000_rauto_m4000
    threads: 4
    resources: tmpdir=/tmp

[Sun Aug 30 20:06:11 2026]
Finished job 5.
84 of 483 steps (17%) done
Select jobs to execute...
Execute 1 jobs...

[Sun Aug 30 20:06:11 2026]
localrule run_cell:
    output: results/bias_sensitivity/raw/dp0.6_k0.3_n1000_rauto_m4000.rds
    log: logs/bias_sensitivity/run_dp0.6_k0.3_n1000_rauto_m4000.log
    jobid: 305
    reason: Missing output files: results/bias_sensitivity/raw/dp0.6_k0.3_n1000_rauto_m4000.rds
    wildcards: cell=dp0.6_k0.3_n1000_rauto_m4000
    threads: 4
    resources: tmpdir=/tmp

[Sun Aug 30 20:07:32 2026]
Finished job 192.
85 of 483 steps (18%) done
Select jobs to execute...
Execute 1 jobs...

[Sun Aug 30 20:07:32 2026]
localrule run_cell:
    output: results/bias_sensitivity/raw/dp0.15_k0.3_n8000_rauto_m2000.rds
    log: logs/bias_sensitivity/run_dp0.15_k0.3_n8000_rauto_m2000.log
    jobid: 48
    reason: Missing output files: results/bias_sensitivity/raw/dp0.15_k0.3_n8000_rauto_m2000.rds
    wildcards: cell=dp0.15_k0.3_n8000_rauto_m2000
    threads: 4
    resources: tmpdir=/tmp

[Sun Aug 30 20:07:47 2026]
Finished job 305.
86 of 483 steps (18%) done
Select jobs to execute...
Execute 1 jobs...

[Sun Aug 30 20:07:47 2026]
localrule run_cell:
    output: results/bias_sensitivity/raw/dp0.2_k-0.3_n8000_rauto_m2000.rds
    log: logs/bias_sensitivity/run_dp0.2_k-0.3_n8000_rauto_m2000.log
    jobid: 108
    reason: Missing output files: results/bias_sensitivity/raw/dp0.2_k-0.3_n8000_rauto_m2000.rds
    wildcards: cell=dp0.2_k-0.3_n8000_rauto_m2000
    threads: 4
    resources: tmpdir=/tmp

[Sun Aug 30 20:08:13 2026]
Finished job 133.
87 of 483 steps (18%) done
Select jobs to execute...
Execute 1 jobs...

[Sun Aug 30 20:08:13 2026]
localrule run_cell:
    output: results/bias_sensitivity/raw/dp0.55_k-0.3_n8000_rauto_m2000.rds
    log: logs/bias_sensitivity/run_dp0.55_k-0.3_n8000_rauto_m2000.log
    jobid: 228
    reason: Missing output files: results/bias_sensitivity/raw/dp0.55_k-0.3_n8000_rauto_m2000.rds
    wildcards: cell=dp0.55_k-0.3_n8000_rauto_m2000
    threads: 4
    resources: tmpdir=/tmp

[Sun Aug 30 20:09:12 2026]
Finished job 38.
88 of 483 steps (18%) done
Select jobs to execute...
Execute 1 jobs...

[Sun Aug 30 20:09:12 2026]
localrule run_cell:
    output: results/bias_sensitivity/raw/dp0.65_k0.3_n8000_rauto_m2000.rds
    log: logs/bias_sensitivity/run_dp0.65_k0.3_n8000_rauto_m2000.log
    jobid: 288
    reason: Missing output files: results/bias_sensitivity/raw/dp0.65_k0.3_n8000_rauto_m2000.rds
    wildcards: cell=dp0.65_k0.3_n8000_rauto_m2000
    threads: 4
    resources: tmpdir=/tmp

[Sun Aug 30 20:09:20 2026]
Finished job 132.
89 of 483 steps (18%) done
Select jobs to execute...
Execute 1 jobs...

[Sun Aug 30 20:09:20 2026]
localrule run_cell:
    output: results/bias_sensitivity/raw/dp0.15_k-0.3_n2000_rauto_m4000.rds
    log: logs/bias_sensitivity/run_dp0.15_k-0.3_n2000_rauto_m4000.log
    jobid: 31
    reason: Missing output files: results/bias_sensitivity/raw/dp0.15_k-0.3_n2000_rauto_m4000.rds
    wildcards: cell=dp0.15_k-0.3_n2000_rauto_m4000
    threads: 4
    resources: tmpdir=/tmp

[Sun Aug 30 20:10:30 2026]
Finished job 372.
90 of 483 steps (19%) done
Select jobs to execute...
Execute 1 jobs...

[Sun Aug 30 20:10:30 2026]
localrule run_cell:
    output: results/bias_sensitivity/raw/dp0.25_k0.3_n2000_rauto_m4000.rds
    log: logs/bias_sensitivity/run_dp0.25_k0.3_n2000_rauto_m4000.log
    jobid: 91
    reason: Missing output files: results/bias_sensitivity/raw/dp0.25_k0.3_n2000_rauto_m4000.rds
    wildcards: cell=dp0.25_k0.3_n2000_rauto_m4000
    threads: 4
    resources: tmpdir=/tmp

[Sun Aug 30 20:11:36 2026]
Finished job 338.
91 of 483 steps (19%) done
Select jobs to execute...
Execute 1 jobs...

[Sun Aug 30 20:11:36 2026]
localrule run_cell:
    output: results/bias_sensitivity/raw/dp0.65_k-0.3_n2000_rauto_m4000.rds
    log: logs/bias_sensitivity/run_dp0.65_k-0.3_n2000_rauto_m4000.log
    jobid: 271
    reason: Missing output files: results/bias_sensitivity/raw/dp0.65_k-0.3_n2000_rauto_m4000.rds
    wildcards: cell=dp0.65_k-0.3_n2000_rauto_m4000
    threads: 4
    resources: tmpdir=/tmp

[Sun Aug 30 20:12:37 2026]
Finished job 98.
92 of 483 steps (19%) done
Select jobs to execute...
Execute 1 jobs...

[Sun Aug 30 20:12:37 2026]
localrule run_cell:
    output: results/bias_sensitivity/raw/dp0.8_k-0.3_n2000_rauto_m4000.rds
    log: logs/bias_sensitivity/run_dp0.8_k-0.3_n2000_rauto_m4000.log
    jobid: 391
    reason: Missing output files: results/bias_sensitivity/raw/dp0.8_k-0.3_n2000_rauto_m4000.rds
    wildcards: cell=dp0.8_k-0.3_n2000_rauto_m4000
    threads: 4
    resources: tmpdir=/tmp

[Sun Aug 30 20:13:20 2026]
Finished job 193.
93 of 483 steps (19%) done
Select jobs to execute...
Execute 1 jobs...

[Sun Aug 30 20:13:20 2026]
localrule run_cell:
    output: results/bias_sensitivity/raw/dp0.9_k0.3_n2000_rauto_m4000.rds
    log: logs/bias_sensitivity/run_dp0.9_k0.3_n2000_rauto_m4000.log
    jobid: 451
    reason: Missing output files: results/bias_sensitivity/raw/dp0.9_k0.3_n2000_rauto_m4000.rds
    wildcards: cell=dp0.9_k0.3_n2000_rauto_m4000
    threads: 4
    resources: tmpdir=/tmp

[Sun Aug 30 20:14:13 2026]
Finished job 47.
94 of 483 steps (19%) done
Select jobs to execute...
Execute 1 jobs...

[Sun Aug 30 20:14:13 2026]
localrule run_cell:
    output: results/bias_sensitivity/raw/dp0.35_k0.3_n10000_rauto_m2000.rds
    log: logs/bias_sensitivity/run_dp0.35_k0.3_n10000_rauto_m2000.log
    jobid: 134
    reason: Missing output files: results/bias_sensitivity/raw/dp0.35_k0.3_n10000_rauto_m2000.rds
    wildcards: cell=dp0.35_k0.3_n10000_rauto_m2000
    threads: 4
    resources: tmpdir=/tmp

[Sun Aug 30 20:14:21 2026]
Finished job 31.
95 of 483 steps (20%) done
Select jobs to execute...
Execute 1 jobs...

[Sun Aug 30 20:14:21 2026]
localrule run_cell:
    output: results/bias_sensitivity/raw/dp0.4_k-0.3_n10000_rauto_m2000.rds
    log: logs/bias_sensitivity/run_dp0.4_k-0.3_n10000_rauto_m2000.log
    jobid: 194
    reason: Missing output files: results/bias_sensitivity/raw/dp0.4_k-0.3_n10000_rauto_m2000.rds
    wildcards: cell=dp0.4_k-0.3_n10000_rauto_m2000
    threads: 4
    resources: tmpdir=/tmp

[Sun Aug 30 20:16:21 2026]
Finished job 373.
96 of 483 steps (20%) done
Select jobs to execute...
Execute 1 jobs...

[Sun Aug 30 20:16:21 2026]
localrule run_cell:
    output: results/bias_sensitivity/raw/dp0.85_k0.3_n10000_rauto_m2000.rds
    log: logs/bias_sensitivity/run_dp0.85_k0.3_n10000_rauto_m2000.log
    jobid: 374
    reason: Missing output files: results/bias_sensitivity/raw/dp0.85_k0.3_n10000_rauto_m2000.rds
    wildcards: cell=dp0.85_k0.3_n10000_rauto_m2000
    threads: 4
    resources: tmpdir=/tmp

[Sun Aug 30 20:16:50 2026]
Finished job 91.
97 of 483 steps (20%) done
Select jobs to execute...
Execute 1 jobs...

[Sun Aug 30 20:16:50 2026]
localrule run_cell:
    output: results/bias_sensitivity/raw/dp0.55_k0.3_n4000_rauto_m4000.rds
    log: logs/bias_sensitivity/run_dp0.55_k0.3_n4000_rauto_m4000.log
    jobid: 237
    reason: Missing output files: results/bias_sensitivity/raw/dp0.55_k0.3_n4000_rauto_m4000.rds
    wildcards: cell=dp0.55_k0.3_n4000_rauto_m4000
    threads: 4
    resources: tmpdir=/tmp

[Sun Aug 30 20:17:32 2026]
Finished job 39.
98 of 483 steps (20%) done
Select jobs to execute...
Execute 1 jobs...

[Sun Aug 30 20:17:32 2026]
localrule run_cell:
    output: results/bias_sensitivity/raw/dp0.7_k0.3_n4000_rauto_m4000.rds
    log: logs/bias_sensitivity/run_dp0.7_k0.3_n4000_rauto_m4000.log
    jobid: 357
    reason: Missing output files: results/bias_sensitivity/raw/dp0.7_k0.3_n4000_rauto_m4000.rds
    wildcards: cell=dp0.7_k0.3_n4000_rauto_m4000
    threads: 4
    resources: tmpdir=/tmp

[Sun Aug 30 20:17:54 2026]
Finished job 142.
99 of 483 steps (20%) done
Select jobs to execute...
Execute 1 jobs...

[Sun Aug 30 20:17:54 2026]
localrule run_cell:
    output: results/bias_sensitivity/raw/dp0.1_k-0.3_n4000_rauto_m4000.rds
    log: logs/bias_sensitivity/run_dp0.1_k-0.3_n4000_rauto_m4000.log
    jobid: 57
    reason: Missing output files: results/bias_sensitivity/raw/dp0.1_k-0.3_n4000_rauto_m4000.rds
    wildcards: cell=dp0.1_k-0.3_n4000_rauto_m4000
    threads: 4
    resources: tmpdir=/tmp

[Sun Aug 30 20:18:13 2026]
Finished job 158.
100 of 483 steps (21%) done
Select jobs to execute...
Execute 1 jobs...

[Sun Aug 30 20:18:13 2026]
localrule run_cell:
    output: results/bias_sensitivity/raw/dp0.7_k-0.3_n1000_rauto_m2000.rds
    log: logs/bias_sensitivity/run_dp0.7_k-0.3_n1000_rauto_m2000.log
    jobid: 340
    reason: Missing output files: results/bias_sensitivity/raw/dp0.7_k-0.3_n1000_rauto_m2000.rds
    wildcards: cell=dp0.7_k-0.3_n1000_rauto_m2000
    threads: 4
    resources: tmpdir=/tmp

[Sun Aug 30 20:18:33 2026]
Finished job 279.
101 of 483 steps (21%) done
Select jobs to execute...
Execute 1 jobs...

[Sun Aug 30 20:18:33 2026]
localrule run_cell:
    output: results/bias_sensitivity/raw/dp0.65_k0.3_n1000_rauto_m2000.rds
    log: logs/bias_sensitivity/run_dp0.65_k0.3_n1000_rauto_m2000.log
    jobid: 280
    reason: Missing output files: results/bias_sensitivity/raw/dp0.65_k0.3_n1000_rauto_m2000.rds
    wildcards: cell=dp0.65_k0.3_n1000_rauto_m2000
    threads: 4
    resources: tmpdir=/tmp

[Sun Aug 30 20:18:38 2026]
Finished job 271.
102 of 483 steps (21%) done
Select jobs to execute...
Execute 1 jobs...

[Sun Aug 30 20:18:38 2026]
localrule run_cell:
    output: results/bias_sensitivity/raw/dp0.15_k0.3_n1000_rauto_m2000.rds
    log: logs/bias_sensitivity/run_dp0.15_k0.3_n1000_rauto_m2000.log
    jobid: 40
    reason: Missing output files: results/bias_sensitivity/raw/dp0.15_k0.3_n1000_rauto_m2000.rds
    wildcards: cell=dp0.15_k0.3_n1000_rauto_m2000
    threads: 4
    resources: tmpdir=/tmp

[Sun Aug 30 20:19:52 2026]
Finished job 340.
103 of 483 steps (21%) done
Select jobs to execute...
Execute 1 jobs...

[Sun Aug 30 20:19:52 2026]
localrule run_cell:
    output: results/bias_sensitivity/raw/dp0.2_k-0.3_n1000_rauto_m2000.rds
    log: logs/bias_sensitivity/run_dp0.2_k-0.3_n1000_rauto_m2000.log
    jobid: 100
    reason: Missing output files: results/bias_sensitivity/raw/dp0.2_k-0.3_n1000_rauto_m2000.rds
    wildcards: cell=dp0.2_k-0.3_n1000_rauto_m2000
    threads: 4
    resources: tmpdir=/tmp

[Sun Aug 30 20:20:21 2026]
Finished job 451.
104 of 483 steps (22%) done
Select jobs to execute...
Execute 1 jobs...

[Sun Aug 30 20:20:21 2026]
localrule run_cell:
    output: results/bias_sensitivity/raw/dp0.3_k0.3_n1000_rauto_m2000.rds
    log: logs/bias_sensitivity/run_dp0.3_k0.3_n1000_rauto_m2000.log
    jobid: 160
    reason: Missing output files: results/bias_sensitivity/raw/dp0.3_k0.3_n1000_rauto_m2000.rds
    wildcards: cell=dp0.3_k0.3_n1000_rauto_m2000
    threads: 4
    resources: tmpdir=/tmp

[Sun Aug 30 20:20:23 2026]
Finished job 40.
105 of 483 steps (22%) done
Select jobs to execute...
Execute 1 jobs...

[Sun Aug 30 20:20:23 2026]
localrule run_cell:
    output: results/bias_sensitivity/raw/dp0.9_k-0.3_n6000_rauto_m4000.rds
    log: logs/bias_sensitivity/run_dp0.9_k-0.3_n6000_rauto_m4000.log
    jobid: 443
    reason: Missing output files: results/bias_sensitivity/raw/dp0.9_k-0.3_n6000_rauto_m4000.rds
    wildcards: cell=dp0.9_k-0.3_n6000_rauto_m4000
    threads: 4
    resources: tmpdir=/tmp

[Sun Aug 30 20:20:30 2026]
Finished job 391.
106 of 483 steps (22%) done
Select jobs to execute...
Execute 1 jobs...

[Sun Aug 30 20:20:30 2026]
localrule run_cell:
    output: results/bias_sensitivity/raw/dp0.35_k0.3_n6000_rauto_m4000.rds
    log: logs/bias_sensitivity/run_dp0.35_k0.3_n6000_rauto_m4000.log
    jobid: 143
    reason: Missing output files: results/bias_sensitivity/raw/dp0.35_k0.3_n6000_rauto_m4000.rds
    wildcards: cell=dp0.35_k0.3_n6000_rauto_m4000
    threads: 4
    resources: tmpdir=/tmp

[Sun Aug 30 20:20:32 2026]
Finished job 280.
107 of 483 steps (22%) done
Select jobs to execute...
Execute 1 jobs...

[Sun Aug 30 20:20:32 2026]
localrule run_cell:
    output: results/bias_sensitivity/raw/dp0.4_k-0.3_n6000_rauto_m4000.rds
    log: logs/bias_sensitivity/run_dp0.4_k-0.3_n6000_rauto_m4000.log
    jobid: 203
    reason: Missing output files: results/bias_sensitivity/raw/dp0.4_k-0.3_n6000_rauto_m4000.rds
    wildcards: cell=dp0.4_k-0.3_n6000_rauto_m4000
    threads: 4
    resources: tmpdir=/tmp

[Sun Aug 30 20:21:29 2026]
Finished job 100.
108 of 483 steps (22%) done
Select jobs to execute...
Execute 1 jobs...

[Sun Aug 30 20:21:29 2026]
localrule run_cell:
    output: results/bias_sensitivity/raw/dp0.05_k0.3_n6000_rauto_m4000.rds
    log: logs/bias_sensitivity/run_dp0.05_k0.3_n6000_rauto_m4000.log
    jobid: 23
    reason: Missing output files: results/bias_sensitivity/raw/dp0.05_k0.3_n6000_rauto_m4000.rds
    wildcards: cell=dp0.05_k0.3_n6000_rauto_m4000
    threads: 4
    resources: tmpdir=/tmp

[Sun Aug 30 20:21:59 2026]
Finished job 160.
109 of 483 steps (23%) done
Select jobs to execute...
Execute 1 jobs...

[Sun Aug 30 20:21:59 2026]
localrule run_cell:
    output: results/bias_sensitivity/raw/dp0.6_k0.3_n2000_rauto_m2000.rds
    log: logs/bias_sensitivity/run_dp0.6_k0.3_n2000_rauto_m2000.log
    jobid: 306
    reason: Missing output files: results/bias_sensitivity/raw/dp0.6_k0.3_n2000_rauto_m2000.rds
    wildcards: cell=dp0.6_k0.3_n2000_rauto_m2000
    threads: 4
    resources: tmpdir=/tmp

[Sun Aug 30 20:22:51 2026]
Finished job 202.
110 of 483 steps (23%) done
Select jobs to execute...
Execute 1 jobs...

[Sun Aug 30 20:22:51 2026]
localrule run_cell:
    output: results/bias_sensitivity/raw/dp0.85_k-0.3_n2000_rauto_m2000.rds
    log: logs/bias_sensitivity/run_dp0.85_k-0.3_n2000_rauto_m2000.log
    jobid: 366
    reason: Missing output files: results/bias_sensitivity/raw/dp0.85_k-0.3_n2000_rauto_m2000.rds
    wildcards: cell=dp0.85_k-0.3_n2000_rauto_m2000
    threads: 4
    resources: tmpdir=/tmp

[Sun Aug 30 20:23:49 2026]
Finished job 278.
111 of 483 steps (23%) done
Select jobs to execute...
Execute 1 jobs...

[Sun Aug 30 20:23:49 2026]
localrule run_cell:
    output: results/bias_sensitivity/raw/dp0.05_k-0.3_n2000_rauto_m2000.rds
    log: logs/bias_sensitivity/run_dp0.05_k-0.3_n2000_rauto_m2000.log
    jobid: 6
    reason: Missing output files: results/bias_sensitivity/raw/dp0.05_k-0.3_n2000_rauto_m2000.rds
    wildcards: cell=dp0.05_k-0.3_n2000_rauto_m2000
    threads: 4
    resources: tmpdir=/tmp

[Sun Aug 30 20:25:46 2026]
Finished job 57.
112 of 483 steps (23%) done
Select jobs to execute...
Execute 1 jobs...

[Sun Aug 30 20:25:46 2026]
localrule run_cell:
    output: results/bias_sensitivity/raw/dp0.65_k0.3_n8000_rauto_m4000.rds
    log: logs/bias_sensitivity/run_dp0.65_k0.3_n8000_rauto_m4000.log
    jobid: 289
    reason: Missing output files: results/bias_sensitivity/raw/dp0.65_k0.3_n8000_rauto_m4000.rds
    wildcards: cell=dp0.65_k0.3_n8000_rauto_m4000
    threads: 4
    resources: tmpdir=/tmp

[Sun Aug 30 20:26:40 2026]
Finished job 237.
113 of 483 steps (23%) done
Select jobs to execute...
Execute 1 jobs...

[Sun Aug 30 20:26:40 2026]
localrule run_cell:
    output: results/bias_sensitivity/raw/dp0.55_k-0.3_n8000_rauto_m4000.rds
    log: logs/bias_sensitivity/run_dp0.55_k-0.3_n8000_rauto_m4000.log
    jobid: 229
    reason: Missing output files: results/bias_sensitivity/raw/dp0.55_k-0.3_n8000_rauto_m4000.rds
    wildcards: cell=dp0.55_k-0.3_n8000_rauto_m4000
    threads: 4
    resources: tmpdir=/tmp

[Sun Aug 30 20:26:56 2026]
Finished job 357.
114 of 483 steps (24%) done
Select jobs to execute...
Execute 1 jobs...

[Sun Aug 30 20:26:56 2026]
localrule run_cell:
    output: results/bias_sensitivity/raw/dp0.2_k-0.3_n8000_rauto_m4000.rds
    log: logs/bias_sensitivity/run_dp0.2_k-0.3_n8000_rauto_m4000.log
    jobid: 109
    reason: Missing output files: results/bias_sensitivity/raw/dp0.2_k-0.3_n8000_rauto_m4000.rds
    wildcards: cell=dp0.2_k-0.3_n8000_rauto_m4000
    threads: 4
    resources: tmpdir=/tmp

[Sun Aug 30 20:27:32 2026]
Finished job 339.
115 of 483 steps (24%) done
Select jobs to execute...
Execute 1 jobs...

[Sun Aug 30 20:27:32 2026]
localrule run_cell:
    output: results/bias_sensitivity/raw/dp0.15_k0.3_n8000_rauto_m4000.rds
    log: logs/bias_sensitivity/run_dp0.15_k0.3_n8000_rauto_m4000.log
    jobid: 49
    reason: Missing output files: results/bias_sensitivity/raw/dp0.15_k0.3_n8000_rauto_m4000.rds
    wildcards: cell=dp0.15_k0.3_n8000_rauto_m4000
    threads: 4
    resources: tmpdir=/tmp

[Sun Aug 30 20:29:35 2026]
Finished job 306.
116 of 483 steps (24%) done
Select jobs to execute...
Execute 1 jobs...

[Sun Aug 30 20:29:35 2026]
localrule run_cell:
    output: results/bias_sensitivity/raw/dp0.8_k-0.3_n4000_rauto_m2000.rds
    log: logs/bias_sensitivity/run_dp0.8_k-0.3_n4000_rauto_m2000.log
    jobid: 392
    reason: Missing output files: results/bias_sensitivity/raw/dp0.8_k-0.3_n4000_rauto_m2000.rds
    wildcards: cell=dp0.8_k-0.3_n4000_rauto_m2000
    threads: 4
    resources: tmpdir=/tmp

[Sun Aug 30 20:30:01 2026]
Finished job 366.
117 of 483 steps (24%) done
Select jobs to execute...
Execute 1 jobs...

[Sun Aug 30 20:30:01 2026]
localrule run_cell:
    output: results/bias_sensitivity/raw/dp0.9_k0.3_n4000_rauto_m2000.rds
    log: logs/bias_sensitivity/run_dp0.9_k0.3_n4000_rauto_m2000.log
    jobid: 452
    reason: Missing output files: results/bias_sensitivity/raw/dp0.9_k0.3_n4000_rauto_m2000.rds
    wildcards: cell=dp0.9_k0.3_n4000_rauto_m2000
    threads: 4
    resources: tmpdir=/tmp

[Sun Aug 30 20:31:33 2026]
Finished job 6.
118 of 483 steps (24%) done
Select jobs to execute...
Execute 1 jobs...

[Sun Aug 30 20:31:33 2026]
localrule run_cell:
    output: results/bias_sensitivity/raw/dp0.25_k0.3_n4000_rauto_m2000.rds
    log: logs/bias_sensitivity/run_dp0.25_k0.3_n4000_rauto_m2000.log
    jobid: 92
    reason: Missing output files: results/bias_sensitivity/raw/dp0.25_k0.3_n4000_rauto_m2000.rds
    wildcards: cell=dp0.25_k0.3_n4000_rauto_m2000
    threads: 4
    resources: tmpdir=/tmp

[Sun Aug 30 20:35:40 2026]
Finished job 452.
119 of 483 steps (25%) done
Select jobs to execute...
Execute 1 jobs...

[Sun Aug 30 20:35:40 2026]
localrule run_cell:
    output: results/bias_sensitivity/raw/dp0.65_k-0.3_n4000_rauto_m2000.rds
    log: logs/bias_sensitivity/run_dp0.65_k-0.3_n4000_rauto_m2000.log
    jobid: 272
    reason: Missing output files: results/bias_sensitivity/raw/dp0.65_k-0.3_n4000_rauto_m2000.rds
    wildcards: cell=dp0.65_k-0.3_n4000_rauto_m2000
    threads: 4
    resources: tmpdir=/tmp

[Sun Aug 30 20:39:01 2026]
Finished job 392.
120 of 483 steps (25%) done
Select jobs to execute...
Execute 1 jobs...

[Sun Aug 30 20:39:01 2026]
localrule run_cell:
    output: results/bias_sensitivity/raw/dp0.15_k-0.3_n4000_rauto_m2000.rds
    log: logs/bias_sensitivity/run_dp0.15_k-0.3_n4000_rauto_m2000.log
    jobid: 32
    reason: Missing output files: results/bias_sensitivity/raw/dp0.15_k-0.3_n4000_rauto_m2000.rds
    wildcards: cell=dp0.15_k-0.3_n4000_rauto_m2000
    threads: 4
    resources: tmpdir=/tmp

[Sun Aug 30 20:39:55 2026]
Finished job 92.
121 of 483 steps (25%) done
Select jobs to execute...
Execute 1 jobs...

[Sun Aug 30 20:39:55 2026]
localrule run_cell:
    output: results/bias_sensitivity/raw/dp0.4_k-0.3_n10000_rauto_m4000.rds
    log: logs/bias_sensitivity/run_dp0.4_k-0.3_n10000_rauto_m4000.log
    jobid: 195
    reason: Missing output files: results/bias_sensitivity/raw/dp0.4_k-0.3_n10000_rauto_m4000.rds
    wildcards: cell=dp0.4_k-0.3_n10000_rauto_m4000
    threads: 4
    resources: tmpdir=/tmp

[Sun Aug 30 20:40:40 2026]
Finished job 272.
122 of 483 steps (25%) done
Select jobs to execute...
Execute 1 jobs...

[Sun Aug 30 20:40:40 2026]
localrule run_cell:
    output: results/bias_sensitivity/raw/dp0.85_k0.3_n10000_rauto_m4000.rds
    log: logs/bias_sensitivity/run_dp0.85_k0.3_n10000_rauto_m4000.log
    jobid: 375
    reason: Missing output files: results/bias_sensitivity/raw/dp0.85_k0.3_n10000_rauto_m4000.rds
    wildcards: cell=dp0.85_k0.3_n10000_rauto_m4000
    threads: 4
    resources: tmpdir=/tmp

[Sun Aug 30 20:42:42 2026]
Finished job 289.
123 of 483 steps (25%) done
Select jobs to execute...
Execute 1 jobs...

[Sun Aug 30 20:42:42 2026]
localrule run_cell:
    output: results/bias_sensitivity/raw/dp0.35_k0.3_n10000_rauto_m4000.rds
    log: logs/bias_sensitivity/run_dp0.35_k0.3_n10000_rauto_m4000.log
    jobid: 135
    reason: Missing output files: results/bias_sensitivity/raw/dp0.35_k0.3_n10000_rauto_m4000.rds
    wildcards: cell=dp0.35_k0.3_n10000_rauto_m4000
    threads: 4
    resources: tmpdir=/tmp

[Sun Aug 30 20:44:14 2026]
Finished job 32.
124 of 483 steps (26%) done
Select jobs to execute...
Execute 1 jobs...

[Sun Aug 30 20:44:14 2026]
localrule run_cell:
    output: results/bias_sensitivity/raw/dp0.55_k0.3_n6000_rauto_m2000.rds
    log: logs/bias_sensitivity/run_dp0.55_k0.3_n6000_rauto_m2000.log
    jobid: 238
    reason: Missing output files: results/bias_sensitivity/raw/dp0.55_k0.3_n6000_rauto_m2000.rds
    wildcards: cell=dp0.55_k0.3_n6000_rauto_m2000
    threads: 4
    resources: tmpdir=/tmp

[Sun Aug 30 20:50:21 2026]
Finished job 22.
125 of 483 steps (26%) done
Select jobs to execute...
Execute 1 jobs...

[Sun Aug 30 20:50:21 2026]
localrule run_cell:
    output: results/bias_sensitivity/raw/dp0.1_k-0.3_n6000_rauto_m2000.rds
    log: logs/bias_sensitivity/run_dp0.1_k-0.3_n6000_rauto_m2000.log
    jobid: 58
    reason: Missing output files: results/bias_sensitivity/raw/dp0.1_k-0.3_n6000_rauto_m2000.rds
    wildcards: cell=dp0.1_k-0.3_n6000_rauto_m2000
    threads: 4
    resources: tmpdir=/tmp

[Sun Aug 30 20:50:28 2026]
Finished job 442.
126 of 483 steps (26%) done
Select jobs to execute...
Execute 1 jobs...

[Sun Aug 30 20:50:28 2026]
localrule run_cell:
    output: results/bias_sensitivity/raw/dp0.7_k0.3_n6000_rauto_m2000.rds
    log: logs/bias_sensitivity/run_dp0.7_k0.3_n6000_rauto_m2000.log
    jobid: 358
    reason: Missing output files: results/bias_sensitivity/raw/dp0.7_k0.3_n6000_rauto_m2000.rds
    wildcards: cell=dp0.7_k0.3_n6000_rauto_m2000
    threads: 4
    resources: tmpdir=/tmp

[Sun Aug 30 20:57:49 2026]
Finished job 375.
127 of 483 steps (26%) done
Select jobs to execute...
Execute 1 jobs...

[Sun Aug 30 20:57:49 2026]
localrule run_cell:
    output: results/bias_sensitivity/raw/dp0.7_k-0.3_n1000_rauto_m4000.rds
    log: logs/bias_sensitivity/run_dp0.7_k-0.3_n1000_rauto_m4000.log
    jobid: 341
    reason: Missing output files: results/bias_sensitivity/raw/dp0.7_k-0.3_n1000_rauto_m4000.rds
    wildcards: cell=dp0.7_k-0.3_n1000_rauto_m4000
    threads: 4
    resources: tmpdir=/tmp

[Sun Aug 30 20:57:57 2026]
Finished job 143.
128 of 483 steps (27%) done
Select jobs to execute...
Execute 1 jobs...

[Sun Aug 30 20:57:57 2026]
localrule run_cell:
    output: results/bias_sensitivity/raw/dp0.3_k0.3_n1000_rauto_m4000.rds
    log: logs/bias_sensitivity/run_dp0.3_k0.3_n1000_rauto_m4000.log
    jobid: 161
    reason: Missing output files: results/bias_sensitivity/raw/dp0.3_k0.3_n1000_rauto_m4000.rds
    wildcards: cell=dp0.3_k0.3_n1000_rauto_m4000
    threads: 4
    resources: tmpdir=/tmp

[Sun Aug 30 20:57:57 2026]
Finished job 108.
129 of 483 steps (27%) done
Select jobs to execute...
Execute 1 jobs...

[Sun Aug 30 20:57:57 2026]
localrule run_cell:
    output: results/bias_sensitivity/raw/dp0.15_k0.3_n1000_rauto_m4000.rds
    log: logs/bias_sensitivity/run_dp0.15_k0.3_n1000_rauto_m4000.log
    jobid: 41
    reason: Missing output files: results/bias_sensitivity/raw/dp0.15_k0.3_n1000_rauto_m4000.rds
    wildcards: cell=dp0.15_k0.3_n1000_rauto_m4000
    threads: 4
    resources: tmpdir=/tmp

[Sun Aug 30 20:58:56 2026]
Finished job 48.
130 of 483 steps (27%) done
Select jobs to execute...
Execute 1 jobs...

[Sun Aug 30 20:58:56 2026]
localrule run_cell:
    output: results/bias_sensitivity/raw/dp0.2_k-0.3_n1000_rauto_m4000.rds
    log: logs/bias_sensitivity/run_dp0.2_k-0.3_n1000_rauto_m4000.log
    jobid: 101
    reason: Missing output files: results/bias_sensitivity/raw/dp0.2_k-0.3_n1000_rauto_m4000.rds
    wildcards: cell=dp0.2_k-0.3_n1000_rauto_m4000
    threads: 4
    resources: tmpdir=/tmp

[Sun Aug 30 20:59:34 2026]
Finished job 41.
131 of 483 steps (27%) done
Select jobs to execute...
Execute 1 jobs...

[Sun Aug 30 20:59:34 2026]
localrule run_cell:
    output: results/bias_sensitivity/raw/dp0.65_k0.3_n1000_rauto_m4000.rds
    log: logs/bias_sensitivity/run_dp0.65_k0.3_n1000_rauto_m4000.log
    jobid: 281
    reason: Missing output files: results/bias_sensitivity/raw/dp0.65_k0.3_n1000_rauto_m4000.rds
    wildcards: cell=dp0.65_k0.3_n1000_rauto_m4000
    threads: 4
    resources: tmpdir=/tmp

[Sun Aug 30 20:59:37 2026]
Finished job 161.
132 of 483 steps (27%) done
Select jobs to execute...
Execute 1 jobs...

[Sun Aug 30 20:59:37 2026]
localrule run_cell:
    output: results/bias_sensitivity/raw/dp0.4_k-0.3_n8000_rauto_m2000.rds
    log: logs/bias_sensitivity/run_dp0.4_k-0.3_n8000_rauto_m2000.log
    jobid: 204
    reason: Missing output files: results/bias_sensitivity/raw/dp0.4_k-0.3_n8000_rauto_m2000.rds
    wildcards: cell=dp0.4_k-0.3_n8000_rauto_m2000
    threads: 4
    resources: tmpdir=/tmp

[Sun Aug 30 20:59:37 2026]
Finished job 203.
133 of 483 steps (28%) done
Select jobs to execute...
Execute 1 jobs...

[Sun Aug 30 20:59:37 2026]
localrule run_cell:
    output: results/bias_sensitivity/raw/dp0.05_k0.3_n8000_rauto_m2000.rds
    log: logs/bias_sensitivity/run_dp0.05_k0.3_n8000_rauto_m2000.log
    jobid: 24
    reason: Missing output files: results/bias_sensitivity/raw/dp0.05_k0.3_n8000_rauto_m2000.rds
    wildcards: cell=dp0.05_k0.3_n8000_rauto_m2000
    threads: 4
    resources: tmpdir=/tmp

[Sun Aug 30 20:59:37 2026]
Finished job 341.
134 of 483 steps (28%) done
Select jobs to execute...
Execute 1 jobs...

[Sun Aug 30 20:59:37 2026]
localrule run_cell:
    output: results/bias_sensitivity/raw/dp0.35_k0.3_n8000_rauto_m2000.rds
    log: logs/bias_sensitivity/run_dp0.35_k0.3_n8000_rauto_m2000.log
    jobid: 144
    reason: Missing output files: results/bias_sensitivity/raw/dp0.35_k0.3_n8000_rauto_m2000.rds
    wildcards: cell=dp0.35_k0.3_n8000_rauto_m2000
    threads: 4
    resources: tmpdir=/tmp

[Sun Aug 30 21:00:00 2026]
Finished job 195.
135 of 483 steps (28%) done
Select jobs to execute...
Execute 1 jobs...

[Sun Aug 30 21:00:00 2026]
localrule run_cell:
    output: results/bias_sensitivity/raw/dp0.9_k-0.3_n8000_rauto_m2000.rds
    log: logs/bias_sensitivity/run_dp0.9_k-0.3_n8000_rauto_m2000.log
    jobid: 444
    reason: Missing output files: results/bias_sensitivity/raw/dp0.9_k-0.3_n8000_rauto_m2000.rds
    wildcards: cell=dp0.9_k-0.3_n8000_rauto_m2000
    threads: 4
    resources: tmpdir=/tmp

[Sun Aug 30 21:00:29 2026]
Finished job 101.
136 of 483 steps (28%) done
Select jobs to execute...
Execute 1 jobs...

[Sun Aug 30 21:00:29 2026]
localrule run_cell:
    output: results/bias_sensitivity/raw/dp0.85_k-0.3_n2000_rauto_m4000.rds
    log: logs/bias_sensitivity/run_dp0.85_k-0.3_n2000_rauto_m4000.log
    jobid: 367
    reason: Missing output files: results/bias_sensitivity/raw/dp0.85_k-0.3_n2000_rauto_m4000.rds
    wildcards: cell=dp0.85_k-0.3_n2000_rauto_m4000
    threads: 4
    resources: tmpdir=/tmp

[Sun Aug 30 21:01:13 2026]
Finished job 281.
137 of 483 steps (28%) done
Select jobs to execute...
Execute 1 jobs...

[Sun Aug 30 21:01:13 2026]
localrule run_cell:
    output: results/bias_sensitivity/raw/dp0.05_k-0.3_n2000_rauto_m4000.rds
    log: logs/bias_sensitivity/run_dp0.05_k-0.3_n2000_rauto_m4000.log
    jobid: 7
    reason: Missing output files: results/bias_sensitivity/raw/dp0.05_k-0.3_n2000_rauto_m4000.rds
    wildcards: cell=dp0.05_k-0.3_n2000_rauto_m4000
    threads: 4
    resources: tmpdir=/tmp

[Sun Aug 30 21:01:47 2026]
Finished job 23.
138 of 483 steps (29%) done
Select jobs to execute...
Execute 1 jobs...

[Sun Aug 30 21:01:47 2026]
localrule run_cell:
    output: results/bias_sensitivity/raw/dp0.6_k0.3_n2000_rauto_m4000.rds
    log: logs/bias_sensitivity/run_dp0.6_k0.3_n2000_rauto_m4000.log
    jobid: 307
    reason: Missing output files: results/bias_sensitivity/raw/dp0.6_k0.3_n2000_rauto_m4000.rds
    wildcards: cell=dp0.6_k0.3_n2000_rauto_m4000
    threads: 4
    resources: tmpdir=/tmp

[Sun Aug 30 21:03:07 2026]
Finished job 228.
139 of 483 steps (29%) done
Select jobs to execute...
Execute 1 jobs...

[Sun Aug 30 21:03:07 2026]
localrule run_cell:
    output: results/bias_sensitivity/raw/dp0.55_k0.3_n10000_rauto_m2000.rds
    log: logs/bias_sensitivity/run_dp0.55_k0.3_n10000_rauto_m2000.log
    jobid: 230
    reason: Missing output files: results/bias_sensitivity/raw/dp0.55_k0.3_n10000_rauto_m2000.rds
    wildcards: cell=dp0.55_k0.3_n10000_rauto_m2000
    threads: 4
    resources: tmpdir=/tmp

[Sun Aug 30 21:03:53 2026]
Finished job 109.
140 of 483 steps (29%) done
Select jobs to execute...
Execute 1 jobs...

[Sun Aug 30 21:03:53 2026]
localrule run_cell:
    output: results/bias_sensitivity/raw/dp0.6_k-0.3_n10000_rauto_m2000.rds
    log: logs/bias_sensitivity/run_dp0.6_k-0.3_n10000_rauto_m2000.log
    jobid: 290
    reason: Missing output files: results/bias_sensitivity/raw/dp0.6_k-0.3_n10000_rauto_m2000.rds
    wildcards: cell=dp0.6_k-0.3_n10000_rauto_m2000
    threads: 4
    resources: tmpdir=/tmp

[Sun Aug 30 21:04:47 2026]
Finished job 7.
141 of 483 steps (29%) done
Select jobs to execute...
Execute 1 jobs...

[Sun Aug 30 21:04:47 2026]
localrule run_cell:
    output: results/bias_sensitivity/raw/dp0.1_k-0.3_n10000_rauto_m2000.rds
    log: logs/bias_sensitivity/run_dp0.1_k-0.3_n10000_rauto_m2000.log
    jobid: 50
    reason: Missing output files: results/bias_sensitivity/raw/dp0.1_k-0.3_n10000_rauto_m2000.rds
    wildcards: cell=dp0.1_k-0.3_n10000_rauto_m2000
    threads: 4
    resources: tmpdir=/tmp

[Sun Aug 30 21:05:39 2026]
Finished job 367.
142 of 483 steps (29%) done
Select jobs to execute...
Execute 1 jobs...

[Sun Aug 30 21:05:39 2026]
localrule run_cell:
    output: results/bias_sensitivity/raw/dp0.2_k0.3_n10000_rauto_m2000.rds
    log: logs/bias_sensitivity/run_dp0.2_k0.3_n10000_rauto_m2000.log
    jobid: 110
    reason: Missing output files: results/bias_sensitivity/raw/dp0.2_k0.3_n10000_rauto_m2000.rds
    wildcards: cell=dp0.2_k0.3_n10000_rauto_m2000
    threads: 4
    resources: tmpdir=/tmp

[Sun Aug 30 21:06:36 2026]
Finished job 307.
143 of 483 steps (30%) done
Select jobs to execute...
Execute 1 jobs...

[Sun Aug 30 21:06:36 2026]
localrule run_cell:
    output: results/bias_sensitivity/raw/dp0.25_k0.3_n4000_rauto_m4000.rds
    log: logs/bias_sensitivity/run_dp0.25_k0.3_n4000_rauto_m4000.log
    jobid: 93
    reason: Missing output files: results/bias_sensitivity/raw/dp0.25_k0.3_n4000_rauto_m4000.rds
    wildcards: cell=dp0.25_k0.3_n4000_rauto_m4000
    threads: 4
    resources: tmpdir=/tmp

[Sun Aug 30 21:06:54 2026]
Finished job 194.
144 of 483 steps (30%) done
Select jobs to execute...
Execute 1 jobs...

[Sun Aug 30 21:06:54 2026]
localrule run_cell:
    output: results/bias_sensitivity/raw/dp0.65_k-0.3_n4000_rauto_m4000.rds
    log: logs/bias_sensitivity/run_dp0.65_k-0.3_n4000_rauto_m4000.log
    jobid: 273
    reason: Missing output files: results/bias_sensitivity/raw/dp0.65_k-0.3_n4000_rauto_m4000.rds
    wildcards: cell=dp0.65_k-0.3_n4000_rauto_m4000
    threads: 4
    resources: tmpdir=/tmp

[Sun Aug 30 21:08:38 2026]
Finished job 134.
145 of 483 steps (30%) done
Select jobs to execute...
Execute 1 jobs...

[Sun Aug 30 21:08:38 2026]
localrule run_cell:
    output: results/bias_sensitivity/raw/dp0.8_k-0.3_n4000_rauto_m4000.rds
    log: logs/bias_sensitivity/run_dp0.8_k-0.3_n4000_rauto_m4000.log
    jobid: 393
    reason: Missing output files: results/bias_sensitivity/raw/dp0.8_k-0.3_n4000_rauto_m4000.rds
    wildcards: cell=dp0.8_k-0.3_n4000_rauto_m4000
    threads: 4
    resources: tmpdir=/tmp

[Sun Aug 30 21:09:40 2026]
Finished job 288.
146 of 483 steps (30%) done
Select jobs to execute...
Execute 1 jobs...

[Sun Aug 30 21:09:40 2026]
localrule run_cell:
    output: results/bias_sensitivity/raw/dp0.9_k0.3_n4000_rauto_m4000.rds
    log: logs/bias_sensitivity/run_dp0.9_k0.3_n4000_rauto_m4000.log
    jobid: 453
    reason: Missing output files: results/bias_sensitivity/raw/dp0.9_k0.3_n4000_rauto_m4000.rds
    wildcards: cell=dp0.9_k0.3_n4000_rauto_m4000
    threads: 4
    resources: tmpdir=/tmp

[Sun Aug 30 21:11:04 2026]
Finished job 443.
147 of 483 steps (30%) done
Select jobs to execute...
Execute 1 jobs...

[Sun Aug 30 21:11:04 2026]
localrule run_cell:
    output: results/bias_sensitivity/raw/dp0.15_k-0.3_n4000_rauto_m4000.rds
    log: logs/bias_sensitivity/run_dp0.15_k-0.3_n4000_rauto_m4000.log
    jobid: 33
    reason: Missing output files: results/bias_sensitivity/raw/dp0.15_k-0.3_n4000_rauto_m4000.rds
    wildcards: cell=dp0.15_k-0.3_n4000_rauto_m4000
    threads: 4
    resources: tmpdir=/tmp

[Sun Aug 30 21:13:05 2026]
Finished job 144.
148 of 483 steps (31%) done
Select jobs to execute...
Execute 1 jobs...

[Sun Aug 30 21:13:05 2026]
localrule run_cell:
    output: results/bias_sensitivity/raw/dp0.35_k0.3_n1000_rauto_m2000.rds
    log: logs/bias_sensitivity/run_dp0.35_k0.3_n1000_rauto_m2000.log
    jobid: 136
    reason: Missing output files: results/bias_sensitivity/raw/dp0.35_k0.3_n1000_rauto_m2000.rds
    wildcards: cell=dp0.35_k0.3_n1000_rauto_m2000
    threads: 4
    resources: tmpdir=/tmp

[Sun Aug 30 21:14:45 2026]
Finished job 136.
149 of 483 steps (31%) done
Select jobs to execute...
Execute 1 jobs...

[Sun Aug 30 21:14:45 2026]
localrule run_cell:
    output: results/bias_sensitivity/raw/dp0.4_k-0.3_n1000_rauto_m2000.rds
    log: logs/bias_sensitivity/run_dp0.4_k-0.3_n1000_rauto_m2000.log
    jobid: 196
    reason: Missing output files: results/bias_sensitivity/raw/dp0.4_k-0.3_n1000_rauto_m2000.rds
    wildcards: cell=dp0.4_k-0.3_n1000_rauto_m2000
    threads: 4
    resources: tmpdir=/tmp

[Sun Aug 30 21:15:16 2026]
Finished job 273.
150 of 483 steps (31%) done
Select jobs to execute...
Execute 1 jobs...

[Sun Aug 30 21:15:16 2026]
localrule run_cell:
    output: results/bias_sensitivity/raw/dp0.85_k0.3_n1000_rauto_m2000.rds
    log: logs/bias_sensitivity/run_dp0.85_k0.3_n1000_rauto_m2000.log
    jobid: 376
    reason: Missing output files: results/bias_sensitivity/raw/dp0.85_k0.3_n1000_rauto_m2000.rds
    wildcards: cell=dp0.85_k0.3_n1000_rauto_m2000
    threads: 4
    resources: tmpdir=/tmp

[Sun Aug 30 21:15:23 2026]
Finished job 49.
151 of 483 steps (31%) done
Select jobs to execute...
Execute 1 jobs...

[Sun Aug 30 21:15:23 2026]
localrule run_cell:
    output: results/bias_sensitivity/raw/dp0.1_k-0.3_n6000_rauto_m4000.rds
    log: logs/bias_sensitivity/run_dp0.1_k-0.3_n6000_rauto_m4000.log
    jobid: 59
    reason: Missing output files: results/bias_sensitivity/raw/dp0.1_k-0.3_n6000_rauto_m4000.rds
    wildcards: cell=dp0.1_k-0.3_n6000_rauto_m4000
    threads: 4
    resources: tmpdir=/tmp

[Sun Aug 30 21:16:27 2026]
Finished job 196.
152 of 483 steps (31%) done
Select jobs to execute...
Execute 1 jobs...

[Sun Aug 30 21:16:27 2026]
localrule run_cell:
    output: results/bias_sensitivity/raw/dp0.55_k0.3_n6000_rauto_m4000.rds
    log: logs/bias_sensitivity/run_dp0.55_k0.3_n6000_rauto_m4000.log
    jobid: 239
    reason: Missing output files: results/bias_sensitivity/raw/dp0.55_k0.3_n6000_rauto_m4000.rds
    wildcards: cell=dp0.55_k0.3_n6000_rauto_m4000
    threads: 4
    resources: tmpdir=/tmp

[Sun Aug 30 21:16:38 2026]
Finished job 93.
153 of 483 steps (32%) done
Select jobs to execute...
Execute 1 jobs...

[Sun Aug 30 21:16:38 2026]
localrule run_cell:
    output: results/bias_sensitivity/raw/dp0.7_k0.3_n6000_rauto_m4000.rds
    log: logs/bias_sensitivity/run_dp0.7_k0.3_n6000_rauto_m4000.log
    jobid: 359
    reason: Missing output files: results/bias_sensitivity/raw/dp0.7_k0.3_n6000_rauto_m4000.rds
    wildcards: cell=dp0.7_k0.3_n6000_rauto_m4000
    threads: 4
    resources: tmpdir=/tmp

[Sun Aug 30 21:17:08 2026]
Finished job 376.
154 of 483 steps (32%) done
Select jobs to execute...
Execute 1 jobs...

[Sun Aug 30 21:17:08 2026]
localrule run_cell:
    output: results/bias_sensitivity/raw/dp0.65_k0.3_n2000_rauto_m2000.rds
    log: logs/bias_sensitivity/run_dp0.65_k0.3_n2000_rauto_m2000.log
    jobid: 282
    reason: Missing output files: results/bias_sensitivity/raw/dp0.65_k0.3_n2000_rauto_m2000.rds
    wildcards: cell=dp0.65_k0.3_n2000_rauto_m2000
    threads: 4
    resources: tmpdir=/tmp

[Sun Aug 30 21:17:18 2026]
Finished job 393.
155 of 483 steps (32%) done
Select jobs to execute...
Execute 1 jobs...

[Sun Aug 30 21:17:18 2026]
localrule run_cell:
    output: results/bias_sensitivity/raw/dp0.2_k0.3_n4000_rauto_m4000.rds
    log: logs/bias_sensitivity/run_dp0.2_k0.3_n4000_rauto_m4000.log
    jobid: 117
    reason: Missing output files: results/bias_sensitivity/raw/dp0.2_k0.3_n4000_rauto_m4000.rds
    wildcards: cell=dp0.2_k0.3_n4000_rauto_m4000
    threads: 4
    resources: tmpdir=/tmp

[Sun Aug 30 21:17:57 2026]
Finished job 453.
156 of 483 steps (32%) done
Select jobs to execute...
Execute 1 jobs...

[Sun Aug 30 21:17:57 2026]
localrule run_cell:
    output: results/bias_sensitivity/raw/dp0.45_k-0.3_n4000_rauto_m4000.rds
    log: logs/bias_sensitivity/run_dp0.45_k-0.3_n4000_rauto_m4000.log
    jobid: 177
    reason: Missing output files: results/bias_sensitivity/raw/dp0.45_k-0.3_n4000_rauto_m4000.rds
    wildcards: cell=dp0.45_k-0.3_n4000_rauto_m4000
    threads: 4
    resources: tmpdir=/tmp

[Sun Aug 30 21:18:50 2026]
Finished job 229.
157 of 483 steps (33%) done
Select jobs to execute...
Execute 1 jobs...

[Sun Aug 30 21:18:50 2026]
localrule run_cell:
    output: results/bias_sensitivity/raw/dp0.6_k-0.3_n4000_rauto_m4000.rds
    log: logs/bias_sensitivity/run_dp0.6_k-0.3_n4000_rauto_m4000.log
    jobid: 297
    reason: Missing output files: results/bias_sensitivity/raw/dp0.6_k-0.3_n4000_rauto_m4000.rds
    wildcards: cell=dp0.6_k-0.3_n4000_rauto_m4000
    threads: 4
    resources: tmpdir=/tmp

[Sun Aug 30 21:19:21 2026]
Finished job 33.
158 of 483 steps (33%) done
Select jobs to execute...
Execute 1 jobs...

[Sun Aug 30 21:19:21 2026]
localrule run_cell:
    output: results/bias_sensitivity/raw/dp0.95_k-0.3_n4000_rauto_m4000.rds
    log: logs/bias_sensitivity/run_dp0.95_k-0.3_n4000_rauto_m4000.log
    jobid: 417
    reason: Missing output files: results/bias_sensitivity/raw/dp0.95_k-0.3_n4000_rauto_m4000.rds
    wildcards: cell=dp0.95_k-0.3_n4000_rauto_m4000
    threads: 4
    resources: tmpdir=/tmp

[Sun Aug 30 21:19:41 2026]
Finished job 58.
159 of 483 steps (33%) done
Select jobs to execute...
Execute 1 jobs...

[Sun Aug 30 21:19:41 2026]
localrule run_cell:
    output: results/bias_sensitivity/raw/dp1_k0.3_n4000_rauto_m4000.rds
    log: logs/bias_sensitivity/run_dp1_k0.3_n4000_rauto_m4000.log
    jobid: 477
    reason: Missing output files: results/bias_sensitivity/raw/dp1_k0.3_n4000_rauto_m4000.rds
    wildcards: cell=dp1_k0.3_n4000_rauto_m4000
    threads: 4
    resources: tmpdir=/tmp

[Sun Aug 30 21:19:48 2026]
Finished job 238.
160 of 483 steps (33%) done
Select jobs to execute...
Execute 1 jobs...

[Sun Aug 30 21:19:48 2026]
localrule run_cell:
    output: results/bias_sensitivity/raw/dp1_k0.3_n8000_rauto_m2000.rds
    log: logs/bias_sensitivity/run_dp1_k0.3_n8000_rauto_m2000.log
    jobid: 480
    reason: Missing output files: results/bias_sensitivity/raw/dp1_k0.3_n8000_rauto_m2000.rds
    wildcards: cell=dp1_k0.3_n8000_rauto_m2000
    threads: 4
    resources: tmpdir=/tmp

[Sun Aug 30 21:23:42 2026]
Finished job 282.
161 of 483 steps (33%) done
Select jobs to execute...
Execute 1 jobs...

[Sun Aug 30 21:23:42 2026]
localrule run_cell:
    output: results/bias_sensitivity/raw/dp0.95_k0.3_n4000_rauto_m4000.rds
    log: logs/bias_sensitivity/run_dp0.95_k0.3_n4000_rauto_m4000.log
    jobid: 429
    reason: Missing output files: results/bias_sensitivity/raw/dp0.95_k0.3_n4000_rauto_m4000.rds
    wildcards: cell=dp0.95_k0.3_n4000_rauto_m4000
    threads: 4
    resources: tmpdir=/tmp

[Sun Aug 30 21:24:39 2026]
Finished job 117.
162 of 483 steps (34%) done
Select jobs to execute...
Execute 1 jobs...

[Sun Aug 30 21:24:39 2026]
localrule run_cell:
    output: results/bias_sensitivity/raw/dp0.3_k-0.3_n10000_rauto_m4000.rds
    log: logs/bias_sensitivity/run_dp0.3_k-0.3_n10000_rauto_m4000.log
    jobid: 147
    reason: Missing output files: results/bias_sensitivity/raw/dp0.3_k-0.3_n10000_rauto_m4000.rds
    wildcards: cell=dp0.3_k-0.3_n10000_rauto_m4000
    threads: 4
    resources: tmpdir=/tmp

[Sun Aug 30 21:25:09 2026]
Finished job 177.
163 of 483 steps (34%) done
Select jobs to execute...
Execute 1 jobs...

[Sun Aug 30 21:25:09 2026]
localrule run_cell:
    output: results/bias_sensitivity/raw/dp0.4_k0.3_n10000_rauto_m4000.rds
    log: logs/bias_sensitivity/run_dp0.4_k0.3_n10000_rauto_m4000.log
    jobid: 207
    reason: Missing output files: results/bias_sensitivity/raw/dp0.4_k0.3_n10000_rauto_m4000.rds
    wildcards: cell=dp0.4_k0.3_n10000_rauto_m4000
    threads: 4
    resources: tmpdir=/tmp

[Sun Aug 30 21:26:49 2026]
Finished job 297.
164 of 483 steps (34%) done
Select jobs to execute...
Execute 1 jobs...

[Sun Aug 30 21:26:49 2026]
localrule run_cell:
    output: results/bias_sensitivity/raw/dp0.75_k0.3_n10000_rauto_m4000.rds
    log: logs/bias_sensitivity/run_dp0.75_k0.3_n10000_rauto_m4000.log
    jobid: 327
    reason: Missing output files: results/bias_sensitivity/raw/dp0.75_k0.3_n10000_rauto_m4000.rds
    wildcards: cell=dp0.75_k0.3_n10000_rauto_m4000
    threads: 4
    resources: tmpdir=/tmp

[Sun Aug 30 21:26:51 2026]
Finished job 417.
165 of 483 steps (34%) done
Select jobs to execute...
Execute 1 jobs...

[Sun Aug 30 21:26:51 2026]
localrule run_cell:
    output: results/bias_sensitivity/raw/dp0.55_k-0.3_n1000_rauto_m2000.rds
    log: logs/bias_sensitivity/run_dp0.55_k-0.3_n1000_rauto_m2000.log
    jobid: 220
    reason: Missing output files: results/bias_sensitivity/raw/dp0.55_k-0.3_n1000_rauto_m2000.rds
    wildcards: cell=dp0.55_k-0.3_n1000_rauto_m2000
    threads: 4
    resources: tmpdir=/tmp

[Sun Aug 30 21:27:58 2026]
Finished job 477.
166 of 483 steps (34%) done
Select jobs to execute...
Execute 1 jobs...

[Sun Aug 30 21:27:58 2026]
localrule run_cell:
    output: results/bias_sensitivity/raw/dp0.8_k0.3_n1000_rauto_m2000.rds
    log: logs/bias_sensitivity/run_dp0.8_k0.3_n1000_rauto_m2000.log
    jobid: 400
    reason: Missing output files: results/bias_sensitivity/raw/dp0.8_k0.3_n1000_rauto_m2000.rds
    wildcards: cell=dp0.8_k0.3_n1000_rauto_m2000
    threads: 4
    resources: tmpdir=/tmp

[Sun Aug 30 21:28:27 2026]
Finished job 220.
167 of 483 steps (35%) done
Select jobs to execute...
Execute 1 jobs...

[Sun Aug 30 21:28:27 2026]
localrule run_cell:
    output: results/bias_sensitivity/raw/dp1_k-0.3_n1000_rauto_m2000.rds
    log: logs/bias_sensitivity/run_dp1_k-0.3_n1000_rauto_m2000.log
    jobid: 460
    reason: Missing output files: results/bias_sensitivity/raw/dp1_k-0.3_n1000_rauto_m2000.rds
    wildcards: cell=dp1_k-0.3_n1000_rauto_m2000
    threads: 4
    resources: tmpdir=/tmp

[Sun Aug 30 21:29:38 2026]
Finished job 135.
168 of 483 steps (35%) done
Select jobs to execute...
Execute 1 jobs...

[Sun Aug 30 21:29:38 2026]
localrule run_cell:
    output: results/bias_sensitivity/raw/dp0.05_k-0.3_n6000_rauto_m2000.rds
    log: logs/bias_sensitivity/run_dp0.05_k-0.3_n6000_rauto_m2000.log
    jobid: 10
    reason: Missing output files: results/bias_sensitivity/raw/dp0.05_k-0.3_n6000_rauto_m2000.rds
    wildcards: cell=dp0.05_k-0.3_n6000_rauto_m2000
    threads: 4
    resources: tmpdir=/tmp

[Sun Aug 30 21:29:38 2026]
Finished job 400.
169 of 483 steps (35%) done
Select jobs to execute...
Execute 1 jobs...

[Sun Aug 30 21:29:38 2026]
localrule run_cell:
    output: results/bias_sensitivity/raw/dp0.1_k0.3_n6000_rauto_m2000.rds
    log: logs/bias_sensitivity/run_dp0.1_k0.3_n6000_rauto_m2000.log
    jobid: 70
    reason: Missing output files: results/bias_sensitivity/raw/dp0.1_k0.3_n6000_rauto_m2000.rds
    wildcards: cell=dp0.1_k0.3_n6000_rauto_m2000
    threads: 4
    resources: tmpdir=/tmp

[Sun Aug 30 21:30:08 2026]
Finished job 460.
170 of 483 steps (35%) done
Select jobs to execute...
Execute 1 jobs...

[Sun Aug 30 21:30:08 2026]
localrule run_cell:
    output: results/bias_sensitivity/raw/dp0.5_k-0.3_n6000_rauto_m2000.rds
    log: logs/bias_sensitivity/run_dp0.5_k-0.3_n6000_rauto_m2000.log
    jobid: 250
    reason: Missing output files: results/bias_sensitivity/raw/dp0.5_k-0.3_n6000_rauto_m2000.rds
    wildcards: cell=dp0.5_k-0.3_n6000_rauto_m2000
    threads: 4
    resources: tmpdir=/tmp

[Sun Aug 30 21:30:17 2026]
Finished job 429.
171 of 483 steps (35%) done
Select jobs to execute...
Execute 1 jobs...

[Sun Aug 30 21:30:17 2026]
localrule run_cell:
    output: results/bias_sensitivity/raw/dp0.6_k0.3_n6000_rauto_m2000.rds
    log: logs/bias_sensitivity/run_dp0.6_k0.3_n6000_rauto_m2000.log
    jobid: 310
    reason: Missing output files: results/bias_sensitivity/raw/dp0.6_k0.3_n6000_rauto_m2000.rds
    wildcards: cell=dp0.6_k0.3_n6000_rauto_m2000
    threads: 4
    resources: tmpdir=/tmp

[Sun Aug 30 21:30:35 2026]
Finished job 358.
172 of 483 steps (36%) done
Select jobs to execute...
Execute 1 jobs...

[Sun Aug 30 21:30:35 2026]
localrule run_cell:
    output: results/bias_sensitivity/raw/dp0.95_k0.3_n6000_rauto_m2000.rds
    log: logs/bias_sensitivity/run_dp0.95_k0.3_n6000_rauto_m2000.log
    jobid: 430
    reason: Missing output files: results/bias_sensitivity/raw/dp0.95_k0.3_n6000_rauto_m2000.rds
    wildcards: cell=dp0.95_k0.3_n6000_rauto_m2000
    threads: 4
    resources: tmpdir=/tmp

[Sun Aug 30 21:33:31 2026]
Finished job 374.
173 of 483 steps (36%) done
Select jobs to execute...
Execute 1 jobs...

[Sun Aug 30 21:33:31 2026]
localrule run_cell:
    output: results/bias_sensitivity/raw/dp0.75_k-0.3_n8000_rauto_m4000.rds
    log: logs/bias_sensitivity/run_dp0.75_k-0.3_n8000_rauto_m4000.log
    jobid: 325
    reason: Missing output files: results/bias_sensitivity/raw/dp0.75_k-0.3_n8000_rauto_m4000.rds
    wildcards: cell=dp0.75_k-0.3_n8000_rauto_m4000
    threads: 4
    resources: tmpdir=/tmp

[Sun Aug 30 21:44:07 2026]
Finished job 50.
174 of 483 steps (36%) done
Select jobs to execute...
Execute 1 jobs...

[Sun Aug 30 21:44:07 2026]
localrule run_cell:
    output: results/bias_sensitivity/raw/dp0.8_k0.3_n2000_rauto_m4000.rds
    log: logs/bias_sensitivity/run_dp0.8_k0.3_n2000_rauto_m4000.log
    jobid: 403
    reason: Missing output files: results/bias_sensitivity/raw/dp0.8_k0.3_n2000_rauto_m4000.rds
    wildcards: cell=dp0.8_k0.3_n2000_rauto_m4000
    threads: 4
    resources: tmpdir=/tmp

[Sun Aug 30 21:44:07 2026]
Finished job 204.
175 of 483 steps (36%) done
Select jobs to execute...
Execute 1 jobs...

[Sun Aug 30 21:44:07 2026]
localrule run_cell:
    output: results/bias_sensitivity/raw/dp0.25_k-0.3_n6000_rauto_m4000.rds
    log: logs/bias_sensitivity/run_dp0.25_k-0.3_n6000_rauto_m4000.log
    jobid: 83
    reason: Missing output files: results/bias_sensitivity/raw/dp0.25_k-0.3_n6000_rauto_m4000.rds
    wildcards: cell=dp0.25_k-0.3_n6000_rauto_m4000
    threads: 4
    resources: tmpdir=/tmp

[Sun Aug 30 21:44:31 2026]
Finished job 24.
176 of 483 steps (36%) done
Select jobs to execute...
Execute 1 jobs...

[Sun Aug 30 21:44:31 2026]
localrule run_cell:
    output: results/bias_sensitivity/raw/dp0.5_k0.3_n6000_rauto_m4000.rds
    log: logs/bias_sensitivity/run_dp0.5_k0.3_n6000_rauto_m4000.log
    jobid: 263
    reason: Missing output files: results/bias_sensitivity/raw/dp0.5_k0.3_n6000_rauto_m4000.rds
    wildcards: cell=dp0.5_k0.3_n6000_rauto_m4000
    threads: 4
    resources: tmpdir=/tmp

[Sun Aug 30 21:48:23 2026]
Finished job 403.
177 of 483 steps (37%) done
Select jobs to execute...
Execute 1 jobs...

[Sun Aug 30 21:48:23 2026]
localrule run_cell:
    output: results/bias_sensitivity/raw/dp0.75_k-0.3_n6000_rauto_m4000.rds
    log: logs/bias_sensitivity/run_dp0.75_k-0.3_n6000_rauto_m4000.log
    jobid: 323
    reason: Missing output files: results/bias_sensitivity/raw/dp0.75_k-0.3_n6000_rauto_m4000.rds
    wildcards: cell=dp0.75_k-0.3_n6000_rauto_m4000
    threads: 4
    resources: tmpdir=/tmp

[Sun Aug 30 21:49:47 2026]
Finished job 110.
178 of 483 steps (37%) done
Select jobs to execute...
Execute 1 jobs...

[Sun Aug 30 21:49:47 2026]
localrule run_cell:
    output: results/bias_sensitivity/raw/dp0.85_k0.3_n6000_rauto_m4000.rds
    log: logs/bias_sensitivity/run_dp0.85_k0.3_n6000_rauto_m4000.log
    jobid: 383
    reason: Missing output files: results/bias_sensitivity/raw/dp0.85_k0.3_n6000_rauto_m4000.rds
    wildcards: cell=dp0.85_k0.3_n6000_rauto_m4000
    threads: 4
    resources: tmpdir=/tmp

[Sun Aug 30 21:50:55 2026]
Finished job 444.
179 of 483 steps (37%) done
Select jobs to execute...
Execute 1 jobs...

[Sun Aug 30 21:50:55 2026]
localrule run_cell:
    output: results/bias_sensitivity/raw/dp0.2_k0.3_n1000_rauto_m4000.rds
    log: logs/bias_sensitivity/run_dp0.2_k0.3_n1000_rauto_m4000.log
    jobid: 113
    reason: Missing output files: results/bias_sensitivity/raw/dp0.2_k0.3_n1000_rauto_m4000.rds
    wildcards: cell=dp0.2_k0.3_n1000_rauto_m4000
    threads: 4
    resources: tmpdir=/tmp

[Sun Aug 30 21:51:40 2026]
Finished job 325.
180 of 483 steps (37%) done
Select jobs to execute...
Execute 1 jobs...

[Sun Aug 30 21:51:40 2026]
localrule run_cell:
    output: results/bias_sensitivity/raw/dp0.45_k-0.3_n1000_rauto_m4000.rds
    log: logs/bias_sensitivity/run_dp0.45_k-0.3_n1000_rauto_m4000.log
    jobid: 173
    reason: Missing output files: results/bias_sensitivity/raw/dp0.45_k-0.3_n1000_rauto_m4000.rds
    wildcards: cell=dp0.45_k-0.3_n1000_rauto_m4000
    threads: 4
    resources: tmpdir=/tmp

[Sun Aug 30 21:52:15 2026]
Finished job 59.
181 of 483 steps (37%) done
Select jobs to execute...
Execute 1 jobs...

[Sun Aug 30 21:52:15 2026]
localrule run_cell:
    output: results/bias_sensitivity/raw/dp0.6_k-0.3_n1000_rauto_m4000.rds
    log: logs/bias_sensitivity/run_dp0.6_k-0.3_n1000_rauto_m4000.log
    jobid: 293
    reason: Missing output files: results/bias_sensitivity/raw/dp0.6_k-0.3_n1000_rauto_m4000.rds
    wildcards: cell=dp0.6_k-0.3_n1000_rauto_m4000
    threads: 4
    resources: tmpdir=/tmp

[Sun Aug 30 21:52:25 2026]
Finished job 113.
182 of 483 steps (38%) done
Select jobs to execute...
Execute 1 jobs...

[Sun Aug 30 21:52:25 2026]
localrule run_cell:
    output: results/bias_sensitivity/raw/dp0.95_k-0.3_n1000_rauto_m4000.rds
    log: logs/bias_sensitivity/run_dp0.95_k-0.3_n1000_rauto_m4000.log
    jobid: 413
    reason: Missing output files: results/bias_sensitivity/raw/dp0.95_k-0.3_n1000_rauto_m4000.rds
    wildcards: cell=dp0.95_k-0.3_n1000_rauto_m4000
    threads: 4
    resources: tmpdir=/tmp

[Sun Aug 30 21:53:03 2026]
Finished job 239.
183 of 483 steps (38%) done
Select jobs to execute...
Execute 1 jobs...

[Sun Aug 30 21:53:03 2026]
localrule run_cell:
    output: results/bias_sensitivity/raw/dp1_k0.3_n1000_rauto_m4000.rds
    log: logs/bias_sensitivity/run_dp1_k0.3_n1000_rauto_m4000.log
    jobid: 473
    reason: Missing output files: results/bias_sensitivity/raw/dp1_k0.3_n1000_rauto_m4000.rds
    wildcards: cell=dp1_k0.3_n1000_rauto_m4000
    threads: 4
    resources: tmpdir=/tmp

[Sun Aug 30 21:53:18 2026]
Finished job 173.
184 of 483 steps (38%) done
Select jobs to execute...
Execute 1 jobs...

[Sun Aug 30 21:53:18 2026]
localrule run_cell:
    output: results/bias_sensitivity/raw/dp0.1_k0.3_n2000_rauto_m2000.rds
    log: logs/bias_sensitivity/run_dp0.1_k0.3_n2000_rauto_m2000.log
    jobid: 66
    reason: Missing output files: results/bias_sensitivity/raw/dp0.1_k0.3_n2000_rauto_m2000.rds
    wildcards: cell=dp0.1_k0.3_n2000_rauto_m2000
    threads: 4
    resources: tmpdir=/tmp

[Sun Aug 30 21:53:48 2026]
Finished job 147.
185 of 483 steps (38%) done
Select jobs to execute...
Execute 1 jobs...

[Sun Aug 30 21:53:48 2026]
localrule run_cell:
    output: results/bias_sensitivity/raw/dp0.35_k-0.3_n2000_rauto_m2000.rds
    log: logs/bias_sensitivity/run_dp0.35_k-0.3_n2000_rauto_m2000.log
    jobid: 126
    reason: Missing output files: results/bias_sensitivity/raw/dp0.35_k-0.3_n2000_rauto_m2000.rds
    wildcards: cell=dp0.35_k-0.3_n2000_rauto_m2000
    threads: 4
    resources: tmpdir=/tmp

[Sun Aug 30 21:53:54 2026]
Finished job 293.
186 of 483 steps (39%) done
Select jobs to execute...
Execute 1 jobs...

[Sun Aug 30 21:53:54 2026]
localrule run_cell:
    output: results/bias_sensitivity/raw/dp0.45_k0.3_n2000_rauto_m2000.rds
    log: logs/bias_sensitivity/run_dp0.45_k0.3_n2000_rauto_m2000.log
    jobid: 186
    reason: Missing output files: results/bias_sensitivity/raw/dp0.45_k0.3_n2000_rauto_m2000.rds
    wildcards: cell=dp0.45_k0.3_n2000_rauto_m2000
    threads: 4
    resources: tmpdir=/tmp

[Sun Aug 30 21:53:55 2026]
Finished job 323.
187 of 483 steps (39%) done
Select jobs to execute...
Execute 1 jobs...

[Sun Aug 30 21:53:55 2026]
localrule run_cell:
    output: results/bias_sensitivity/raw/dp0.5_k-0.3_n2000_rauto_m2000.rds
    log: logs/bias_sensitivity/run_dp0.5_k-0.3_n2000_rauto_m2000.log
    jobid: 246
    reason: Missing output files: results/bias_sensitivity/raw/dp0.5_k-0.3_n2000_rauto_m2000.rds
    wildcards: cell=dp0.5_k-0.3_n2000_rauto_m2000
    threads: 4
    resources: tmpdir=/tmp

[Sun Aug 30 21:54:06 2026]
Finished job 413.
188 of 483 steps (39%) done
Select jobs to execute...
Execute 1 jobs...

[Sun Aug 30 21:54:06 2026]
localrule run_cell:
    output: results/bias_sensitivity/raw/dp0.95_k0.3_n2000_rauto_m2000.rds
    log: logs/bias_sensitivity/run_dp0.95_k0.3_n2000_rauto_m2000.log
    jobid: 426
    reason: Missing output files: results/bias_sensitivity/raw/dp0.95_k0.3_n2000_rauto_m2000.rds
    wildcards: cell=dp0.95_k0.3_n2000_rauto_m2000
    threads: 4
    resources: tmpdir=/tmp

[Sun Aug 30 21:54:42 2026]
Finished job 473.
189 of 483 steps (39%) done
Select jobs to execute...
Execute 1 jobs...

[Sun Aug 30 21:54:42 2026]
localrule run_cell:
    output: results/bias_sensitivity/raw/dp0.4_k0.3_n8000_rauto_m2000.rds
    log: logs/bias_sensitivity/run_dp0.4_k0.3_n8000_rauto_m2000.log
    jobid: 216
    reason: Missing output files: results/bias_sensitivity/raw/dp0.4_k0.3_n8000_rauto_m2000.rds
    wildcards: cell=dp0.4_k0.3_n8000_rauto_m2000
    threads: 4
    resources: tmpdir=/tmp

[Sun Aug 30 21:56:11 2026]
Finished job 430.
190 of 483 steps (39%) done
Select jobs to execute...
Execute 1 jobs...

[Sun Aug 30 21:56:11 2026]
localrule run_cell:
    output: results/bias_sensitivity/raw/dp0.8_k-0.3_n8000_rauto_m2000.rds
    log: logs/bias_sensitivity/run_dp0.8_k-0.3_n8000_rauto_m2000.log
    jobid: 396
    reason: Missing output files: results/bias_sensitivity/raw/dp0.8_k-0.3_n8000_rauto_m2000.rds
    wildcards: cell=dp0.8_k-0.3_n8000_rauto_m2000
    threads: 4
    resources: tmpdir=/tmp

[Sun Aug 30 21:57:20 2026]
Finished job 66.
191 of 483 steps (40%) done
Select jobs to execute...
Execute 1 jobs...

[Sun Aug 30 21:57:20 2026]
localrule run_cell:
    output: results/bias_sensitivity/raw/dp0.9_k0.3_n8000_rauto_m2000.rds
    log: logs/bias_sensitivity/run_dp0.9_k0.3_n8000_rauto_m2000.log
    jobid: 456
    reason: Missing output files: results/bias_sensitivity/raw/dp0.9_k0.3_n8000_rauto_m2000.rds
    wildcards: cell=dp0.9_k0.3_n8000_rauto_m2000
    threads: 4
    resources: tmpdir=/tmp

[Sun Aug 30 21:58:09 2026]
Finished job 250.
192 of 483 steps (40%) done
Select jobs to execute...
Execute 1 jobs...

[Sun Aug 30 21:58:09 2026]
localrule run_cell:
    output: results/bias_sensitivity/raw/dp0.3_k0.3_n8000_rauto_m4000.rds
    log: logs/bias_sensitivity/run_dp0.3_k0.3_n8000_rauto_m4000.log
    jobid: 169
    reason: Missing output files: results/bias_sensitivity/raw/dp0.3_k0.3_n8000_rauto_m4000.rds
    wildcards: cell=dp0.3_k0.3_n8000_rauto_m4000
    threads: 4
    resources: tmpdir=/tmp

[Sun Aug 30 21:58:09 2026]
Finished job 480.
193 of 483 steps (40%) done
Select jobs to execute...
Execute 1 jobs...

[Sun Aug 30 21:58:09 2026]
localrule run_cell:
    output: results/bias_sensitivity/raw/dp0.7_k-0.3_n8000_rauto_m4000.rds
    log: logs/bias_sensitivity/run_dp0.7_k-0.3_n8000_rauto_m4000.log
    jobid: 349
    reason: Missing output files: results/bias_sensitivity/raw/dp0.7_k-0.3_n8000_rauto_m4000.rds
    wildcards: cell=dp0.7_k-0.3_n8000_rauto_m4000
    threads: 4
    resources: tmpdir=/tmp

[Sun Aug 30 21:58:40 2026]
Finished job 207.
194 of 483 steps (40%) done
Select jobs to execute...
Execute 1 jobs...

[Sun Aug 30 21:58:40 2026]
localrule run_cell:
    output: results/bias_sensitivity/raw/dp0.8_k0.3_n8000_rauto_m4000.rds
    log: logs/bias_sensitivity/run_dp0.8_k0.3_n8000_rauto_m4000.log
    jobid: 409
    reason: Missing output files: results/bias_sensitivity/raw/dp0.8_k0.3_n8000_rauto_m4000.rds
    wildcards: cell=dp0.8_k0.3_n8000_rauto_m4000
    threads: 4
    resources: tmpdir=/tmp

[Sun Aug 30 21:58:54 2026]
Finished job 186.
195 of 483 steps (40%) done
Select jobs to execute...
Execute 1 jobs...

[Sun Aug 30 21:58:54 2026]
localrule run_cell:
    output: results/bias_sensitivity/raw/dp1_k-0.3_n8000_rauto_m4000.rds
    log: logs/bias_sensitivity/run_dp1_k-0.3_n8000_rauto_m4000.log
    jobid: 469
    reason: Missing output files: results/bias_sensitivity/raw/dp1_k-0.3_n8000_rauto_m4000.rds
    wildcards: cell=dp1_k-0.3_n8000_rauto_m4000
    threads: 4
    resources: tmpdir=/tmp

[Sun Aug 30 21:58:55 2026]
Finished job 426.
196 of 483 steps (41%) done
Select jobs to execute...
Execute 1 jobs...

[Sun Aug 30 21:58:55 2026]
localrule run_cell:
    output: results/bias_sensitivity/raw/dp0.25_k-0.3_n2000_rauto_m4000.rds
    log: logs/bias_sensitivity/run_dp0.25_k-0.3_n2000_rauto_m4000.log
    jobid: 79
    reason: Missing output files: results/bias_sensitivity/raw/dp0.25_k-0.3_n2000_rauto_m4000.rds
    wildcards: cell=dp0.25_k-0.3_n2000_rauto_m4000
    threads: 4
    resources: tmpdir=/tmp

[Sun Aug 30 21:59:03 2026]
Finished job 126.
197 of 483 steps (41%) done
Select jobs to execute...
Execute 1 jobs...

[Sun Aug 30 21:59:03 2026]
localrule run_cell:
    output: results/bias_sensitivity/raw/dp0.5_k0.3_n2000_rauto_m4000.rds
    log: logs/bias_sensitivity/run_dp0.5_k0.3_n2000_rauto_m4000.log
    jobid: 259
    reason: Missing output files: results/bias_sensitivity/raw/dp0.5_k0.3_n2000_rauto_m4000.rds
    wildcards: cell=dp0.5_k0.3_n2000_rauto_m4000
    threads: 4
    resources: tmpdir=/tmp

[Sun Aug 30 22:01:17 2026]
Finished job 246.
198 of 483 steps (41%) done
Select jobs to execute...
Execute 1 jobs...

[Sun Aug 30 22:01:17 2026]
localrule run_cell:
    output: results/bias_sensitivity/raw/dp0.75_k-0.3_n2000_rauto_m4000.rds
    log: logs/bias_sensitivity/run_dp0.75_k-0.3_n2000_rauto_m4000.log
    jobid: 319
    reason: Missing output files: results/bias_sensitivity/raw/dp0.75_k-0.3_n2000_rauto_m4000.rds
    wildcards: cell=dp0.75_k-0.3_n2000_rauto_m4000
    threads: 4
    resources: tmpdir=/tmp

[Sun Aug 30 22:01:47 2026]
Finished job 290.
199 of 483 steps (41%) done
Select jobs to execute...
Execute 1 jobs...

[Sun Aug 30 22:01:47 2026]
localrule run_cell:
    output: results/bias_sensitivity/raw/dp0.85_k0.3_n2000_rauto_m4000.rds
    log: logs/bias_sensitivity/run_dp0.85_k0.3_n2000_rauto_m4000.log
    jobid: 379
    reason: Missing output files: results/bias_sensitivity/raw/dp0.85_k0.3_n2000_rauto_m4000.rds
    wildcards: cell=dp0.85_k0.3_n2000_rauto_m4000
    threads: 4
    resources: tmpdir=/tmp

[Sun Aug 30 22:03:26 2026]
Finished job 396.
200 of 483 steps (41%) done
Select jobs to execute...
Execute 1 jobs...

[Sun Aug 30 22:03:26 2026]
localrule run_cell:
    output: results/bias_sensitivity/raw/dp0.3_k-0.3_n4000_rauto_m2000.rds
    log: logs/bias_sensitivity/run_dp0.3_k-0.3_n4000_rauto_m2000.log
    jobid: 152
    reason: Missing output files: results/bias_sensitivity/raw/dp0.3_k-0.3_n4000_rauto_m2000.rds
    wildcards: cell=dp0.3_k-0.3_n4000_rauto_m2000
    threads: 4
    resources: tmpdir=/tmp

[Sun Aug 30 22:04:59 2026]
Finished job 359.
201 of 483 steps (42%) done
Select jobs to execute...
Execute 1 jobs...

[Sun Aug 30 22:04:59 2026]
localrule run_cell:
    output: results/bias_sensitivity/raw/dp0.4_k0.3_n4000_rauto_m2000.rds
    log: logs/bias_sensitivity/run_dp0.4_k0.3_n4000_rauto_m2000.log
    jobid: 212
    reason: Missing output files: results/bias_sensitivity/raw/dp0.4_k0.3_n4000_rauto_m2000.rds
    wildcards: cell=dp0.4_k0.3_n4000_rauto_m2000
    threads: 4
    resources: tmpdir=/tmp

[Sun Aug 30 22:05:45 2026]
Finished job 70.
202 of 483 steps (42%) done
Select jobs to execute...
Execute 1 jobs...

[Sun Aug 30 22:05:45 2026]
localrule run_cell:
    output: results/bias_sensitivity/raw/dp0.75_k0.3_n4000_rauto_m2000.rds
    log: logs/bias_sensitivity/run_dp0.75_k0.3_n4000_rauto_m2000.log
    jobid: 332
    reason: Missing output files: results/bias_sensitivity/raw/dp0.75_k0.3_n4000_rauto_m2000.rds
    wildcards: cell=dp0.75_k0.3_n4000_rauto_m2000
    threads: 4
    resources: tmpdir=/tmp

[Sun Aug 30 22:06:02 2026]
Finished job 259.
203 of 483 steps (42%) done
Select jobs to execute...
Execute 1 jobs...

[Sun Aug 30 22:06:02 2026]
localrule run_cell:
    output: results/bias_sensitivity/raw/dp0.1_k0.3_n10000_rauto_m2000.rds
    log: logs/bias_sensitivity/run_dp0.1_k0.3_n10000_rauto_m2000.log
    jobid: 62
    reason: Missing output files: results/bias_sensitivity/raw/dp0.1_k0.3_n10000_rauto_m2000.rds
    wildcards: cell=dp0.1_k0.3_n10000_rauto_m2000
    threads: 4
    resources: tmpdir=/tmp

[Sun Aug 30 22:06:21 2026]
Finished job 230.
204 of 483 steps (42%) done
Select jobs to execute...
Execute 1 jobs...

[Sun Aug 30 22:06:21 2026]
localrule run_cell:
    output: results/bias_sensitivity/raw/dp0.35_k-0.3_n10000_rauto_m2000.rds
    log: logs/bias_sensitivity/run_dp0.35_k-0.3_n10000_rauto_m2000.log
    jobid: 122
    reason: Missing output files: results/bias_sensitivity/raw/dp0.35_k-0.3_n10000_rauto_m2000.rds
    wildcards: cell=dp0.35_k-0.3_n10000_rauto_m2000
    threads: 4
    resources: tmpdir=/tmp

[Sun Aug 30 22:06:28 2026]
Finished job 79.
205 of 483 steps (42%) done
Select jobs to execute...
Execute 1 jobs...

[Sun Aug 30 22:06:28 2026]
localrule run_cell:
    output: results/bias_sensitivity/raw/dp0.45_k0.3_n10000_rauto_m2000.rds
    log: logs/bias_sensitivity/run_dp0.45_k0.3_n10000_rauto_m2000.log
    jobid: 182
    reason: Missing output files: results/bias_sensitivity/raw/dp0.45_k0.3_n10000_rauto_m2000.rds
    wildcards: cell=dp0.45_k0.3_n10000_rauto_m2000
    threads: 4
    resources: tmpdir=/tmp

[Sun Aug 30 22:08:28 2026]
Finished job 319.
206 of 483 steps (43%) done
Select jobs to execute...
Execute 1 jobs...

[Sun Aug 30 22:08:28 2026]
localrule run_cell:
    output: results/bias_sensitivity/raw/dp0.5_k-0.3_n10000_rauto_m2000.rds
    log: logs/bias_sensitivity/run_dp0.5_k-0.3_n10000_rauto_m2000.log
    jobid: 242
    reason: Missing output files: results/bias_sensitivity/raw/dp0.5_k-0.3_n10000_rauto_m2000.rds
    wildcards: cell=dp0.5_k-0.3_n10000_rauto_m2000
    threads: 4
    resources: tmpdir=/tmp

[Sun Aug 30 22:08:33 2026]
Finished job 379.
207 of 483 steps (43%) done
Select jobs to execute...
Execute 1 jobs...

[Sun Aug 30 22:08:33 2026]
localrule run_cell:
    output: results/bias_sensitivity/raw/dp0.95_k0.3_n10000_rauto_m2000.rds
    log: logs/bias_sensitivity/run_dp0.95_k0.3_n10000_rauto_m2000.log
    jobid: 422
    reason: Missing output files: results/bias_sensitivity/raw/dp0.95_k0.3_n10000_rauto_m2000.rds
    wildcards: cell=dp0.95_k0.3_n10000_rauto_m2000
    threads: 4
    resources: tmpdir=/tmp

[Sun Aug 30 22:09:26 2026]
Finished job 10.
208 of 483 steps (43%) done
Select jobs to execute...
Execute 1 jobs...

[Sun Aug 30 22:09:26 2026]
localrule run_cell:
    output: results/bias_sensitivity/raw/dp0.7_k0.3_n1000_rauto_m2000.rds
    log: logs/bias_sensitivity/run_dp0.7_k0.3_n1000_rauto_m2000.log
    jobid: 352
    reason: Missing output files: results/bias_sensitivity/raw/dp0.7_k0.3_n1000_rauto_m2000.rds
    wildcards: cell=dp0.7_k0.3_n1000_rauto_m2000
    threads: 4
    resources: tmpdir=/tmp

[Sun Aug 30 22:09:58 2026]
Finished job 152.
209 of 483 steps (43%) done
Select jobs to execute...
Execute 1 jobs...

[Sun Aug 30 22:09:58 2026]
localrule run_cell:
    output: results/bias_sensitivity/raw/dp1_k0.3_n8000_rauto_m4000.rds
    log: logs/bias_sensitivity/run_dp1_k0.3_n8000_rauto_m4000.log
    jobid: 481
    reason: Missing output files: results/bias_sensitivity/raw/dp1_k0.3_n8000_rauto_m4000.rds
    wildcards: cell=dp1_k0.3_n8000_rauto_m4000
    threads: 4
    resources: tmpdir=/tmp

[Sun Aug 30 22:11:07 2026]
Finished job 352.
210 of 483 steps (43%) done
Select jobs to execute...
Execute 1 jobs...

[Sun Aug 30 22:11:07 2026]
localrule run_cell:
    output: results/bias_sensitivity/raw/dp0.05_k0.3_n10000_rauto_m4000.rds
    log: logs/bias_sensitivity/run_dp0.05_k0.3_n10000_rauto_m4000.log
    jobid: 15
    reason: Missing output files: results/bias_sensitivity/raw/dp0.05_k0.3_n10000_rauto_m4000.rds
    wildcards: cell=dp0.05_k0.3_n10000_rauto_m4000
    threads: 4
    resources: tmpdir=/tmp

[Sun Aug 30 22:12:15 2026]
Finished job 332.
211 of 483 steps (44%) done
Select jobs to execute...
Execute 1 jobs...

[Sun Aug 30 22:12:15 2026]
localrule run_cell:
    output: results/bias_sensitivity/raw/dp0.25_k-0.3_n10000_rauto_m4000.rds
    log: logs/bias_sensitivity/run_dp0.25_k-0.3_n10000_rauto_m4000.log
    jobid: 75
    reason: Missing output files: results/bias_sensitivity/raw/dp0.25_k-0.3_n10000_rauto_m4000.rds
    wildcards: cell=dp0.25_k-0.3_n10000_rauto_m4000
    threads: 4
    resources: tmpdir=/tmp

[Sun Aug 30 22:13:07 2026]
Finished job 310.
212 of 483 steps (44%) done
Select jobs to execute...
Execute 1 jobs...

[Sun Aug 30 22:13:07 2026]
localrule run_cell:
    output: results/bias_sensitivity/raw/dp0.5_k0.3_n10000_rauto_m4000.rds
    log: logs/bias_sensitivity/run_dp0.5_k0.3_n10000_rauto_m4000.log
    jobid: 255
    reason: Missing output files: results/bias_sensitivity/raw/dp0.5_k0.3_n10000_rauto_m4000.rds
    wildcards: cell=dp0.5_k0.3_n10000_rauto_m4000
    threads: 4
    resources: tmpdir=/tmp

[Sun Aug 30 22:13:23 2026]
Finished job 212.
213 of 483 steps (44%) done
Select jobs to execute...
Execute 1 jobs...

[Sun Aug 30 22:13:24 2026]
localrule run_cell:
    output: results/bias_sensitivity/raw/dp0.75_k-0.3_n10000_rauto_m4000.rds
    log: logs/bias_sensitivity/run_dp0.75_k-0.3_n10000_rauto_m4000.log
    jobid: 315
    reason: Missing output files: results/bias_sensitivity/raw/dp0.75_k-0.3_n10000_rauto_m4000.rds
    wildcards: cell=dp0.75_k-0.3_n10000_rauto_m4000
    threads: 4
    resources: tmpdir=/tmp

[Sun Aug 30 22:16:55 2026]
Finished job 83.
214 of 483 steps (44%) done
Select jobs to execute...
Execute 1 jobs...

[Sun Aug 30 22:16:55 2026]
localrule run_cell:
    output: results/bias_sensitivity/raw/dp0.9_k-0.3_n10000_rauto_m4000.rds
    log: logs/bias_sensitivity/run_dp0.9_k-0.3_n10000_rauto_m4000.log
    jobid: 435
    reason: Missing output files: results/bias_sensitivity/raw/dp0.9_k-0.3_n10000_rauto_m4000.rds
    wildcards: cell=dp0.9_k-0.3_n10000_rauto_m4000
    threads: 4
    resources: tmpdir=/tmp

[Sun Aug 30 22:17:01 2026]
Finished job 327.
215 of 483 steps (45%) done
Select jobs to execute...
Execute 1 jobs...

[Sun Aug 30 22:17:01 2026]
localrule run_cell:
    output: results/bias_sensitivity/raw/dp0.3_k0.3_n4000_rauto_m4000.rds
    log: logs/bias_sensitivity/run_dp0.3_k0.3_n4000_rauto_m4000.log
    jobid: 165
    reason: Missing output files: results/bias_sensitivity/raw/dp0.3_k0.3_n4000_rauto_m4000.rds
    wildcards: cell=dp0.3_k0.3_n4000_rauto_m4000
    threads: 4
    resources: tmpdir=/tmp

[Sun Aug 30 22:21:22 2026]
Finished job 481.
216 of 483 steps (45%) done
Select jobs to execute...
Execute 1 jobs...

[Sun Aug 30 22:21:22 2026]
localrule run_cell:
    output: results/bias_sensitivity/raw/dp0.7_k-0.3_n4000_rauto_m4000.rds
    log: logs/bias_sensitivity/run_dp0.7_k-0.3_n4000_rauto_m4000.log
    jobid: 345
    reason: Missing output files: results/bias_sensitivity/raw/dp0.7_k-0.3_n4000_rauto_m4000.rds
    wildcards: cell=dp0.7_k-0.3_n4000_rauto_m4000
    threads: 4
    resources: tmpdir=/tmp

[Sun Aug 30 22:22:23 2026]
Finished job 15.
217 of 483 steps (45%) done
Select jobs to execute...
Execute 1 jobs...

[Sun Aug 30 22:22:23 2026]
localrule run_cell:
    output: results/bias_sensitivity/raw/dp0.8_k0.3_n4000_rauto_m4000.rds
    log: logs/bias_sensitivity/run_dp0.8_k0.3_n4000_rauto_m4000.log
    jobid: 405
    reason: Missing output files: results/bias_sensitivity/raw/dp0.8_k0.3_n4000_rauto_m4000.rds
    wildcards: cell=dp0.8_k0.3_n4000_rauto_m4000
    threads: 4
    resources: tmpdir=/tmp

[Sun Aug 30 22:24:01 2026]
Finished job 165.
218 of 483 steps (45%) done
Select jobs to execute...
Execute 1 jobs...

[Sun Aug 30 22:24:01 2026]
localrule run_cell:
    output: results/bias_sensitivity/raw/dp1_k-0.3_n4000_rauto_m4000.rds
    log: logs/bias_sensitivity/run_dp1_k-0.3_n4000_rauto_m4000.log
    jobid: 465
    reason: Missing output files: results/bias_sensitivity/raw/dp1_k-0.3_n4000_rauto_m4000.rds
    wildcards: cell=dp1_k-0.3_n4000_rauto_m4000
    threads: 4
    resources: tmpdir=/tmp

[Sun Aug 30 22:27:33 2026]
Finished job 263.
219 of 483 steps (45%) done
Select jobs to execute...
Execute 1 jobs...

[Sun Aug 30 22:27:33 2026]
localrule run_cell:
    output: results/bias_sensitivity/raw/dp0.75_k0.3_n10000_rauto_m2000.rds
    log: logs/bias_sensitivity/run_dp0.75_k0.3_n10000_rauto_m2000.log
    jobid: 326
    reason: Missing output files: results/bias_sensitivity/raw/dp0.75_k0.3_n10000_rauto_m2000.rds
    wildcards: cell=dp0.75_k0.3_n10000_rauto_m2000
    threads: 4
    resources: tmpdir=/tmp

[Sun Aug 30 22:27:49 2026]
Finished job 345.
220 of 483 steps (46%) done
Select jobs to execute...
Execute 1 jobs...

[Sun Aug 30 22:27:49 2026]
localrule run_cell:
    output: results/bias_sensitivity/raw/dp0.8_k0.3_n4000_rauto_m2000.rds
    log: logs/bias_sensitivity/run_dp0.8_k0.3_n4000_rauto_m2000.log
    jobid: 404
    reason: Missing output files: results/bias_sensitivity/raw/dp0.8_k0.3_n4000_rauto_m2000.rds
    wildcards: cell=dp0.8_k0.3_n4000_rauto_m2000
    threads: 4
    resources: tmpdir=/tmp

[Sun Aug 30 22:28:53 2026]
Finished job 405.
221 of 483 steps (46%) done
Select jobs to execute...
Execute 1 jobs...

[Sun Aug 30 22:28:53 2026]
localrule run_cell:
    output: results/bias_sensitivity/raw/dp0.2_k0.3_n6000_rauto_m2000.rds
    log: logs/bias_sensitivity/run_dp0.2_k0.3_n6000_rauto_m2000.log
    jobid: 118
    reason: Missing output files: results/bias_sensitivity/raw/dp0.2_k0.3_n6000_rauto_m2000.rds
    wildcards: cell=dp0.2_k0.3_n6000_rauto_m2000
    threads: 4
    resources: tmpdir=/tmp

[Sun Aug 30 22:30:11 2026]
Finished job 465.
222 of 483 steps (46%) done
Select jobs to execute...
Execute 1 jobs...

[Sun Aug 30 22:30:11 2026]
localrule run_cell:
    output: results/bias_sensitivity/raw/dp0.45_k-0.3_n6000_rauto_m2000.rds
    log: logs/bias_sensitivity/run_dp0.45_k-0.3_n6000_rauto_m2000.log
    jobid: 178
    reason: Missing output files: results/bias_sensitivity/raw/dp0.45_k-0.3_n6000_rauto_m2000.rds
    wildcards: cell=dp0.45_k-0.3_n6000_rauto_m2000
    threads: 4
    resources: tmpdir=/tmp

[Sun Aug 30 22:34:26 2026]
Finished job 404.
223 of 483 steps (46%) done
Select jobs to execute...
Execute 1 jobs...

[Sun Aug 30 22:34:26 2026]
localrule run_cell:
    output: results/bias_sensitivity/raw/dp0.6_k-0.3_n6000_rauto_m2000.rds
    log: logs/bias_sensitivity/run_dp0.6_k-0.3_n6000_rauto_m2000.log
    jobid: 298
    reason: Missing output files: results/bias_sensitivity/raw/dp0.6_k-0.3_n6000_rauto_m2000.rds
    wildcards: cell=dp0.6_k-0.3_n6000_rauto_m2000
    threads: 4
    resources: tmpdir=/tmp

[Sun Aug 30 22:36:53 2026]
Finished job 383.
224 of 483 steps (46%) done
Select jobs to execute...
Execute 1 jobs...

[Sun Aug 30 22:36:53 2026]
localrule run_cell:
    output: results/bias_sensitivity/raw/dp0.95_k-0.3_n6000_rauto_m2000.rds
    log: logs/bias_sensitivity/run_dp0.95_k-0.3_n6000_rauto_m2000.log
    jobid: 418
    reason: Missing output files: results/bias_sensitivity/raw/dp0.95_k-0.3_n6000_rauto_m2000.rds
    wildcards: cell=dp0.95_k-0.3_n6000_rauto_m2000
    threads: 4
    resources: tmpdir=/tmp

[Sun Aug 30 22:47:20 2026]
Finished job 62.
225 of 483 steps (47%) done
Select jobs to execute...
Execute 1 jobs...

[Sun Aug 30 22:47:20 2026]
localrule run_cell:
    output: results/bias_sensitivity/raw/dp1_k0.3_n6000_rauto_m2000.rds
    log: logs/bias_sensitivity/run_dp1_k0.3_n6000_rauto_m2000.log
    jobid: 478
    reason: Missing output files: results/bias_sensitivity/raw/dp1_k0.3_n6000_rauto_m2000.rds
    wildcards: cell=dp1_k0.3_n6000_rauto_m2000
    threads: 4
    resources: tmpdir=/tmp

[Sun Aug 30 22:47:57 2026]
Finished job 216.
226 of 483 steps (47%) done
Select jobs to execute...
Execute 1 jobs...

[Sun Aug 30 22:47:57 2026]
localrule run_cell:
    output: results/bias_sensitivity/raw/dp0.4_k0.3_n1000_rauto_m2000.rds
    log: logs/bias_sensitivity/run_dp0.4_k0.3_n1000_rauto_m2000.log
    jobid: 208
    reason: Missing output files: results/bias_sensitivity/raw/dp0.4_k0.3_n1000_rauto_m2000.rds
    wildcards: cell=dp0.4_k0.3_n1000_rauto_m2000
    threads: 4
    resources: tmpdir=/tmp

[Sun Aug 30 22:49:03 2026]
Finished job 169.
227 of 483 steps (47%) done
Select jobs to execute...
Execute 1 jobs...

[Sun Aug 30 22:49:03 2026]
localrule run_cell:
    output: results/bias_sensitivity/raw/dp0.75_k0.3_n1000_rauto_m2000.rds
    log: logs/bias_sensitivity/run_dp0.75_k0.3_n1000_rauto_m2000.log
    jobid: 328
    reason: Missing output files: results/bias_sensitivity/raw/dp0.75_k0.3_n1000_rauto_m2000.rds
    wildcards: cell=dp0.75_k0.3_n1000_rauto_m2000
    threads: 4
    resources: tmpdir=/tmp

[Sun Aug 30 22:49:32 2026]
Finished job 208.
228 of 483 steps (47%) done
Select jobs to execute...
Execute 1 jobs...

[Sun Aug 30 22:49:32 2026]
localrule run_cell:
    output: results/bias_sensitivity/raw/dp0.3_k-0.3_n1000_rauto_m2000.rds
    log: logs/bias_sensitivity/run_dp0.3_k-0.3_n1000_rauto_m2000.log
    jobid: 148
    reason: Missing output files: results/bias_sensitivity/raw/dp0.3_k-0.3_n1000_rauto_m2000.rds
    wildcards: cell=dp0.3_k-0.3_n1000_rauto_m2000
    threads: 4
    resources: tmpdir=/tmp

[Sun Aug 30 22:50:41 2026]
Finished job 328.
229 of 483 steps (47%) done
Select jobs to execute...
Execute 1 jobs...

[Sun Aug 30 22:50:41 2026]
localrule run_cell:
    output: results/bias_sensitivity/raw/dp1_k0.3_n10000_rauto_m4000.rds
    log: logs/bias_sensitivity/run_dp1_k0.3_n10000_rauto_m4000.log
    jobid: 471
    reason: Missing output files: results/bias_sensitivity/raw/dp1_k0.3_n10000_rauto_m4000.rds
    wildcards: cell=dp1_k0.3_n10000_rauto_m4000
    threads: 4
    resources: tmpdir=/tmp

[Sun Aug 30 22:51:02 2026]
Finished job 148.
230 of 483 steps (48%) done
Select jobs to execute...
Execute 1 jobs...

[Sun Aug 30 22:51:02 2026]
localrule run_cell:
    output: results/bias_sensitivity/raw/dp0.55_k-0.3_n1000_rauto_m4000.rds
    log: logs/bias_sensitivity/run_dp0.55_k-0.3_n1000_rauto_m4000.log
    jobid: 221
    reason: Missing output files: results/bias_sensitivity/raw/dp0.55_k-0.3_n1000_rauto_m4000.rds
    wildcards: cell=dp0.55_k-0.3_n1000_rauto_m4000
    threads: 4
    resources: tmpdir=/tmp

[Sun Aug 30 22:52:34 2026]
Finished job 221.
231 of 483 steps (48%) done
Select jobs to execute...
Execute 1 jobs...

[Sun Aug 30 22:52:34 2026]
localrule run_cell:
    output: results/bias_sensitivity/raw/dp0.8_k0.3_n1000_rauto_m4000.rds
    log: logs/bias_sensitivity/run_dp0.8_k0.3_n1000_rauto_m4000.log
    jobid: 401
    reason: Missing output files: results/bias_sensitivity/raw/dp0.8_k0.3_n1000_rauto_m4000.rds
    wildcards: cell=dp0.8_k0.3_n1000_rauto_m4000
    threads: 4
    resources: tmpdir=/tmp

[Sun Aug 30 22:53:04 2026]
Finished job 409.
232 of 483 steps (48%) done
Select jobs to execute...
Execute 1 jobs...

[Sun Aug 30 22:53:04 2026]
localrule run_cell:
    output: results/bias_sensitivity/raw/dp1_k-0.3_n1000_rauto_m4000.rds
    log: logs/bias_sensitivity/run_dp1_k-0.3_n1000_rauto_m4000.log
    jobid: 461
    reason: Missing output files: results/bias_sensitivity/raw/dp1_k-0.3_n1000_rauto_m4000.rds
    wildcards: cell=dp1_k-0.3_n1000_rauto_m4000
    threads: 4
    resources: tmpdir=/tmp

[Sun Aug 30 22:53:54 2026]
Finished job 242.
233 of 483 steps (48%) done
Select jobs to execute...
Execute 1 jobs...

[Sun Aug 30 22:53:54 2026]
localrule run_cell:
    output: results/bias_sensitivity/raw/dp0.05_k-0.3_n6000_rauto_m4000.rds
    log: logs/bias_sensitivity/run_dp0.05_k-0.3_n6000_rauto_m4000.log
    jobid: 11
    reason: Missing output files: results/bias_sensitivity/raw/dp0.05_k-0.3_n6000_rauto_m4000.rds
    wildcards: cell=dp0.05_k-0.3_n6000_rauto_m4000
    threads: 4
    resources: tmpdir=/tmp

[Sun Aug 30 22:54:17 2026]
Finished job 401.
234 of 483 steps (48%) done
Select jobs to execute...
Execute 1 jobs...

[Sun Aug 30 22:54:17 2026]
localrule run_cell:
    output: results/bias_sensitivity/raw/dp0.1_k0.3_n6000_rauto_m4000.rds
    log: logs/bias_sensitivity/run_dp0.1_k0.3_n6000_rauto_m4000.log
    jobid: 71
    reason: Missing output files: results/bias_sensitivity/raw/dp0.1_k0.3_n6000_rauto_m4000.rds
    wildcards: cell=dp0.1_k0.3_n6000_rauto_m4000
    threads: 4
    resources: tmpdir=/tmp

[Sun Aug 30 22:54:38 2026]
Finished job 461.
235 of 483 steps (49%) done
Select jobs to execute...
Execute 1 jobs...

[Sun Aug 30 22:54:38 2026]
localrule run_cell:
    output: results/bias_sensitivity/raw/dp0.5_k-0.3_n6000_rauto_m4000.rds
    log: logs/bias_sensitivity/run_dp0.5_k-0.3_n6000_rauto_m4000.log
    jobid: 251
    reason: Missing output files: results/bias_sensitivity/raw/dp0.5_k-0.3_n6000_rauto_m4000.rds
    wildcards: cell=dp0.5_k-0.3_n6000_rauto_m4000
    threads: 4
    resources: tmpdir=/tmp

[Sun Aug 30 22:54:49 2026]
Finished job 75.
236 of 483 steps (49%) done
Select jobs to execute...
Execute 1 jobs...

[Sun Aug 30 22:54:49 2026]
localrule run_cell:
    output: results/bias_sensitivity/raw/dp0.6_k0.3_n6000_rauto_m4000.rds
    log: logs/bias_sensitivity/run_dp0.6_k0.3_n6000_rauto_m4000.log
    jobid: 311
    reason: Missing output files: results/bias_sensitivity/raw/dp0.6_k0.3_n6000_rauto_m4000.rds
    wildcards: cell=dp0.6_k0.3_n6000_rauto_m4000
    threads: 4
    resources: tmpdir=/tmp

[Sun Aug 30 22:56:15 2026]
Finished job 418.
237 of 483 steps (49%) done
Select jobs to execute...
Execute 1 jobs...

[Sun Aug 30 22:56:15 2026]
localrule run_cell:
    output: results/bias_sensitivity/raw/dp0.95_k0.3_n6000_rauto_m4000.rds
    log: logs/bias_sensitivity/run_dp0.95_k0.3_n6000_rauto_m4000.log
    jobid: 431
    reason: Missing output files: results/bias_sensitivity/raw/dp0.95_k0.3_n6000_rauto_m4000.rds
    wildcards: cell=dp0.95_k0.3_n6000_rauto_m4000
    threads: 4
    resources: tmpdir=/tmp

[Sun Aug 30 22:57:06 2026]
Finished job 456.
238 of 483 steps (49%) done
Select jobs to execute...
Execute 1 jobs...

[Sun Aug 30 22:57:06 2026]
localrule run_cell:
    output: results/bias_sensitivity/raw/dp0.3_k-0.3_n6000_rauto_m2000.rds
    log: logs/bias_sensitivity/run_dp0.3_k-0.3_n6000_rauto_m2000.log
    jobid: 154
    reason: Missing output files: results/bias_sensitivity/raw/dp0.3_k-0.3_n6000_rauto_m2000.rds
    wildcards: cell=dp0.3_k-0.3_n6000_rauto_m2000
    threads: 4
    resources: tmpdir=/tmp

[Sun Aug 30 22:57:41 2026]
Finished job 349.
239 of 483 steps (49%) done
Select jobs to execute...
Execute 1 jobs...

[Sun Aug 30 22:57:41 2026]
localrule run_cell:
    output: results/bias_sensitivity/raw/dp0.25_k-0.3_n8000_rauto_m2000.rds
    log: logs/bias_sensitivity/run_dp0.25_k-0.3_n8000_rauto_m2000.log
    jobid: 84
    reason: Missing output files: results/bias_sensitivity/raw/dp0.25_k-0.3_n8000_rauto_m2000.rds
    wildcards: cell=dp0.25_k-0.3_n8000_rauto_m2000
    threads: 4
    resources: tmpdir=/tmp

[Sun Aug 30 22:57:59 2026]
Finished job 315.
240 of 483 steps (50%) done
Select jobs to execute...
Execute 1 jobs...

[Sun Aug 30 22:57:59 2026]
localrule run_cell:
    output: results/bias_sensitivity/raw/dp0.5_k0.3_n8000_rauto_m2000.rds
    log: logs/bias_sensitivity/run_dp0.5_k0.3_n8000_rauto_m2000.log
    jobid: 264
    reason: Missing output files: results/bias_sensitivity/raw/dp0.5_k0.3_n8000_rauto_m2000.rds
    wildcards: cell=dp0.5_k0.3_n8000_rauto_m2000
    threads: 4
    resources: tmpdir=/tmp

[Sun Aug 30 22:59:15 2026]
Finished job 11.
241 of 483 steps (50%) done
Select jobs to execute...
Execute 1 jobs...

[Sun Aug 30 22:59:15 2026]
localrule run_cell:
    output: results/bias_sensitivity/raw/dp0.75_k-0.3_n8000_rauto_m2000.rds
    log: logs/bias_sensitivity/run_dp0.75_k-0.3_n8000_rauto_m2000.log
    jobid: 324
    reason: Missing output files: results/bias_sensitivity/raw/dp0.75_k-0.3_n8000_rauto_m2000.rds
    wildcards: cell=dp0.75_k-0.3_n8000_rauto_m2000
    threads: 4
    resources: tmpdir=/tmp

[Sun Aug 30 23:01:48 2026]
Finished job 469.
242 of 483 steps (50%) done
Select jobs to execute...
Execute 1 jobs...

[Sun Aug 30 23:01:48 2026]
localrule run_cell:
    output: results/bias_sensitivity/raw/dp0.85_k0.3_n8000_rauto_m2000.rds
    log: logs/bias_sensitivity/run_dp0.85_k0.3_n8000_rauto_m2000.log
    jobid: 384
    reason: Missing output files: results/bias_sensitivity/raw/dp0.85_k0.3_n8000_rauto_m2000.rds
    wildcards: cell=dp0.85_k0.3_n8000_rauto_m2000
    threads: 4
    resources: tmpdir=/tmp

[Sun Aug 30 23:04:26 2026]
Finished job 422.
243 of 483 steps (50%) done
Select jobs to execute...
Execute 1 jobs...

[Sun Aug 30 23:04:26 2026]
localrule run_cell:
    output: results/bias_sensitivity/raw/dp0.2_k0.3_n2000_rauto_m2000.rds
    log: logs/bias_sensitivity/run_dp0.2_k0.3_n2000_rauto_m2000.log
    jobid: 114
    reason: Missing output files: results/bias_sensitivity/raw/dp0.2_k0.3_n2000_rauto_m2000.rds
    wildcards: cell=dp0.2_k0.3_n2000_rauto_m2000
    threads: 4
    resources: tmpdir=/tmp

[Sun Aug 30 23:05:05 2026]
Finished job 298.
244 of 483 steps (51%) done
Select jobs to execute...
Execute 1 jobs...

[Sun Aug 30 23:05:05 2026]
localrule run_cell:
    output: results/bias_sensitivity/raw/dp0.45_k-0.3_n2000_rauto_m2000.rds
    log: logs/bias_sensitivity/run_dp0.45_k-0.3_n2000_rauto_m2000.log
    jobid: 174
    reason: Missing output files: results/bias_sensitivity/raw/dp0.45_k-0.3_n2000_rauto_m2000.rds
    wildcards: cell=dp0.45_k-0.3_n2000_rauto_m2000
    threads: 4
    resources: tmpdir=/tmp

[Sun Aug 30 23:05:39 2026]
Finished job 326.
245 of 483 steps (51%) done
Select jobs to execute...
Execute 1 jobs...

[Sun Aug 30 23:05:39 2026]
localrule run_cell:
    output: results/bias_sensitivity/raw/dp0.6_k-0.3_n2000_rauto_m2000.rds
    log: logs/bias_sensitivity/run_dp0.6_k-0.3_n2000_rauto_m2000.log
    jobid: 294
    reason: Missing output files: results/bias_sensitivity/raw/dp0.6_k-0.3_n2000_rauto_m2000.rds
    wildcards: cell=dp0.6_k-0.3_n2000_rauto_m2000
    threads: 4
    resources: tmpdir=/tmp

[Sun Aug 30 23:07:09 2026]
Finished job 478.
246 of 483 steps (51%) done
Select jobs to execute...
Execute 1 jobs...

[Sun Aug 30 23:07:09 2026]
localrule run_cell:
    output: results/bias_sensitivity/raw/dp0.95_k-0.3_n2000_rauto_m2000.rds
    log: logs/bias_sensitivity/run_dp0.95_k-0.3_n2000_rauto_m2000.log
    jobid: 414
    reason: Missing output files: results/bias_sensitivity/raw/dp0.95_k-0.3_n2000_rauto_m2000.rds
    wildcards: cell=dp0.95_k-0.3_n2000_rauto_m2000
    threads: 4
    resources: tmpdir=/tmp

[Sun Aug 30 23:07:23 2026]
Finished job 118.
247 of 483 steps (51%) done
Select jobs to execute...
Execute 1 jobs...

[Sun Aug 30 23:07:23 2026]
localrule run_cell:
    output: results/bias_sensitivity/raw/dp1_k0.3_n2000_rauto_m2000.rds
    log: logs/bias_sensitivity/run_dp1_k0.3_n2000_rauto_m2000.log
    jobid: 474
    reason: Missing output files: results/bias_sensitivity/raw/dp1_k0.3_n2000_rauto_m2000.rds
    wildcards: cell=dp1_k0.3_n2000_rauto_m2000
    threads: 4
    resources: tmpdir=/tmp

[Sun Aug 30 23:08:13 2026]
Finished job 182.
248 of 483 steps (51%) done
Select jobs to execute...
Execute 1 jobs...

[Sun Aug 30 23:08:13 2026]
localrule run_cell:
    output: results/bias_sensitivity/raw/dp0.1_k0.3_n2000_rauto_m4000.rds
    log: logs/bias_sensitivity/run_dp0.1_k0.3_n2000_rauto_m4000.log
    jobid: 67
    reason: Missing output files: results/bias_sensitivity/raw/dp0.1_k0.3_n2000_rauto_m4000.rds
    wildcards: cell=dp0.1_k0.3_n2000_rauto_m4000
    threads: 4
    resources: tmpdir=/tmp

[Sun Aug 30 23:08:46 2026]
Finished job 384.
249 of 483 steps (52%) done
Select jobs to execute...
Execute 1 jobs...

[Sun Aug 30 23:08:46 2026]
localrule run_cell:
    output: results/bias_sensitivity/raw/dp0.35_k-0.3_n2000_rauto_m4000.rds
    log: logs/bias_sensitivity/run_dp0.35_k-0.3_n2000_rauto_m4000.log
    jobid: 127
    reason: Missing output files: results/bias_sensitivity/raw/dp0.35_k-0.3_n2000_rauto_m4000.rds
    wildcards: cell=dp0.35_k-0.3_n2000_rauto_m4000
    threads: 4
    resources: tmpdir=/tmp

[Sun Aug 30 23:09:14 2026]
Finished job 114.
250 of 483 steps (52%) done
Select jobs to execute...
Execute 1 jobs...

[Sun Aug 30 23:09:14 2026]
localrule run_cell:
    output: results/bias_sensitivity/raw/dp0.45_k0.3_n2000_rauto_m4000.rds
    log: logs/bias_sensitivity/run_dp0.45_k0.3_n2000_rauto_m4000.log
    jobid: 187
    reason: Missing output files: results/bias_sensitivity/raw/dp0.45_k0.3_n2000_rauto_m4000.rds
    wildcards: cell=dp0.45_k0.3_n2000_rauto_m4000
    threads: 4
    resources: tmpdir=/tmp

[Sun Aug 30 23:09:57 2026]
Finished job 174.
251 of 483 steps (52%) done
Select jobs to execute...
Execute 1 jobs...

[Sun Aug 30 23:09:57 2026]
localrule run_cell:
    output: results/bias_sensitivity/raw/dp0.5_k-0.3_n2000_rauto_m4000.rds
    log: logs/bias_sensitivity/run_dp0.5_k-0.3_n2000_rauto_m4000.log
    jobid: 247
    reason: Missing output files: results/bias_sensitivity/raw/dp0.5_k-0.3_n2000_rauto_m4000.rds
    wildcards: cell=dp0.5_k-0.3_n2000_rauto_m4000
    threads: 4
    resources: tmpdir=/tmp

[Sun Aug 30 23:10:15 2026]
Finished job 122.
252 of 483 steps (52%) done
Select jobs to execute...
Execute 1 jobs...

[Sun Aug 30 23:10:15 2026]
localrule run_cell:
    output: results/bias_sensitivity/raw/dp0.95_k0.3_n2000_rauto_m4000.rds
    log: logs/bias_sensitivity/run_dp0.95_k0.3_n2000_rauto_m4000.log
    jobid: 427
    reason: Missing output files: results/bias_sensitivity/raw/dp0.95_k0.3_n2000_rauto_m4000.rds
    wildcards: cell=dp0.95_k0.3_n2000_rauto_m4000
    threads: 4
    resources: tmpdir=/tmp

[Sun Aug 30 23:11:14 2026]
Finished job 294.
253 of 483 steps (52%) done
Select jobs to execute...
Execute 1 jobs...

[Sun Aug 30 23:11:14 2026]
localrule run_cell:
    output: results/bias_sensitivity/raw/dp0.4_k0.3_n8000_rauto_m4000.rds
    log: logs/bias_sensitivity/run_dp0.4_k0.3_n8000_rauto_m4000.log
    jobid: 217
    reason: Missing output files: results/bias_sensitivity/raw/dp0.4_k0.3_n8000_rauto_m4000.rds
    wildcards: cell=dp0.4_k0.3_n8000_rauto_m4000
    threads: 4
    resources: tmpdir=/tmp

[Sun Aug 30 23:12:04 2026]
Finished job 255.
254 of 483 steps (53%) done
Select jobs to execute...
Execute 1 jobs...

[Sun Aug 30 23:12:04 2026]
localrule run_cell:
    output: results/bias_sensitivity/raw/dp0.8_k-0.3_n8000_rauto_m4000.rds
    log: logs/bias_sensitivity/run_dp0.8_k-0.3_n8000_rauto_m4000.log
    jobid: 397
    reason: Missing output files: results/bias_sensitivity/raw/dp0.8_k-0.3_n8000_rauto_m4000.rds
    wildcards: cell=dp0.8_k-0.3_n8000_rauto_m4000
    threads: 4
    resources: tmpdir=/tmp

[Sun Aug 30 23:12:31 2026]
Finished job 67.
255 of 483 steps (53%) done
Select jobs to execute...
Execute 1 jobs...

[Sun Aug 30 23:12:31 2026]
localrule run_cell:
    output: results/bias_sensitivity/raw/dp0.9_k0.3_n8000_rauto_m4000.rds
    log: logs/bias_sensitivity/run_dp0.9_k0.3_n8000_rauto_m4000.log
    jobid: 457
    reason: Missing output files: results/bias_sensitivity/raw/dp0.9_k0.3_n8000_rauto_m4000.rds
    wildcards: cell=dp0.9_k0.3_n8000_rauto_m4000
    threads: 4
    resources: tmpdir=/tmp

[Sun Aug 30 23:12:38 2026]
Finished job 427.
256 of 483 steps (53%) done
Select jobs to execute...
Execute 1 jobs...

[Sun Aug 30 23:12:38 2026]
localrule run_cell:
    output: results/bias_sensitivity/raw/dp0.45_k-0.3_n10000_rauto_m2000.rds
    log: logs/bias_sensitivity/run_dp0.45_k-0.3_n10000_rauto_m2000.log
    jobid: 170
    reason: Missing output files: results/bias_sensitivity/raw/dp0.45_k-0.3_n10000_rauto_m2000.rds
    wildcards: cell=dp0.45_k-0.3_n10000_rauto_m2000
    threads: 4
    resources: tmpdir=/tmp

[Sun Aug 30 23:13:06 2026]
Finished job 178.
257 of 483 steps (53%) done
Select jobs to execute...
Execute 1 jobs...

[Sun Aug 30 23:13:06 2026]
localrule run_cell:
    output: results/bias_sensitivity/raw/dp0.7_k0.3_n10000_rauto_m2000.rds
    log: logs/bias_sensitivity/run_dp0.7_k0.3_n10000_rauto_m2000.log
    jobid: 350
    reason: Missing output files: results/bias_sensitivity/raw/dp0.7_k0.3_n10000_rauto_m2000.rds
    wildcards: cell=dp0.7_k0.3_n10000_rauto_m2000
    threads: 4
    resources: tmpdir=/tmp

[Sun Aug 30 23:13:30 2026]
Finished job 127.
258 of 483 steps (53%) done
Select jobs to execute...
Execute 1 jobs...

[Sun Aug 30 23:13:30 2026]
localrule run_cell:
    output: results/bias_sensitivity/raw/dp0.95_k-0.3_n10000_rauto_m2000.rds
    log: logs/bias_sensitivity/run_dp0.95_k-0.3_n10000_rauto_m2000.log
    jobid: 410
    reason: Missing output files: results/bias_sensitivity/raw/dp0.95_k-0.3_n10000_rauto_m2000.rds
    wildcards: cell=dp0.95_k-0.3_n10000_rauto_m2000
    threads: 4
    resources: tmpdir=/tmp

[Sun Aug 30 23:13:31 2026]
Finished job 414.
259 of 483 steps (54%) done
Select jobs to execute...
Execute 1 jobs...

[Sun Aug 30 23:13:31 2026]
localrule run_cell:
    output: results/bias_sensitivity/raw/dp1_k0.3_n10000_rauto_m2000.rds
    log: logs/bias_sensitivity/run_dp1_k0.3_n10000_rauto_m2000.log
    jobid: 470
    reason: Missing output files: results/bias_sensitivity/raw/dp1_k0.3_n10000_rauto_m2000.rds
    wildcards: cell=dp1_k0.3_n10000_rauto_m2000
    threads: 4
    resources: tmpdir=/tmp

[Sun Aug 30 23:14:39 2026]
Finished job 247.
260 of 483 steps (54%) done
Select jobs to execute...
Execute 1 jobs...

[Sun Aug 30 23:14:39 2026]
localrule run_cell:
    output: results/bias_sensitivity/raw/dp0.25_k-0.3_n4000_rauto_m2000.rds
    log: logs/bias_sensitivity/run_dp0.25_k-0.3_n4000_rauto_m2000.log
    jobid: 80
    reason: Missing output files: results/bias_sensitivity/raw/dp0.25_k-0.3_n4000_rauto_m2000.rds
    wildcards: cell=dp0.25_k-0.3_n4000_rauto_m2000
    threads: 4
    resources: tmpdir=/tmp

[Sun Aug 30 23:14:42 2026]
Finished job 435.
261 of 483 steps (54%) done
Select jobs to execute...
Execute 1 jobs...

[Sun Aug 30 23:14:42 2026]
localrule run_cell:
    output: results/bias_sensitivity/raw/dp0.5_k0.3_n4000_rauto_m2000.rds
    log: logs/bias_sensitivity/run_dp0.5_k0.3_n4000_rauto_m2000.log
    jobid: 260
    reason: Missing output files: results/bias_sensitivity/raw/dp0.5_k0.3_n4000_rauto_m2000.rds
    wildcards: cell=dp0.5_k0.3_n4000_rauto_m2000
    threads: 4
    resources: tmpdir=/tmp

[Sun Aug 30 23:15:12 2026]
Finished job 474.
262 of 483 steps (54%) done
Select jobs to execute...
Execute 1 jobs...

[Sun Aug 30 23:15:12 2026]
localrule run_cell:
    output: results/bias_sensitivity/raw/dp0.75_k-0.3_n4000_rauto_m2000.rds
    log: logs/bias_sensitivity/run_dp0.75_k-0.3_n4000_rauto_m2000.log
    jobid: 320
    reason: Missing output files: results/bias_sensitivity/raw/dp0.75_k-0.3_n4000_rauto_m2000.rds
    wildcards: cell=dp0.75_k-0.3_n4000_rauto_m2000
    threads: 4
    resources: tmpdir=/tmp

[Sun Aug 30 23:15:24 2026]
Finished job 187.
263 of 483 steps (54%) done
Select jobs to execute...
Execute 1 jobs...

[Sun Aug 30 23:15:24 2026]
localrule run_cell:
    output: results/bias_sensitivity/raw/dp0.85_k0.3_n4000_rauto_m2000.rds
    log: logs/bias_sensitivity/run_dp0.85_k0.3_n4000_rauto_m2000.log
    jobid: 380
    reason: Missing output files: results/bias_sensitivity/raw/dp0.85_k0.3_n4000_rauto_m2000.rds
    wildcards: cell=dp0.85_k0.3_n4000_rauto_m2000
    threads: 4
    resources: tmpdir=/tmp

[Sun Aug 30 23:22:39 2026]
Finished job 170.
264 of 483 steps (55%) done
Select jobs to execute...
Execute 1 jobs...

[Sun Aug 30 23:22:39 2026]
localrule run_cell:
    output: results/bias_sensitivity/raw/dp1_k-0.3_n2000_rauto_m2000.rds
    log: logs/bias_sensitivity/run_dp1_k-0.3_n2000_rauto_m2000.log
    jobid: 462
    reason: Missing output files: results/bias_sensitivity/raw/dp1_k-0.3_n2000_rauto_m2000.rds
    wildcards: cell=dp1_k-0.3_n2000_rauto_m2000
    threads: 4
    resources: tmpdir=/tmp

[Sun Aug 30 23:23:21 2026]
Finished job 320.
265 of 483 steps (55%) done
Select jobs to execute...
Execute 1 jobs...

[Sun Aug 30 23:23:21 2026]
localrule run_cell:
    output: results/bias_sensitivity/raw/dp0.3_k-0.3_n4000_rauto_m4000.rds
    log: logs/bias_sensitivity/run_dp0.3_k-0.3_n4000_rauto_m4000.log
    jobid: 153
    reason: Missing output files: results/bias_sensitivity/raw/dp0.3_k-0.3_n4000_rauto_m4000.rds
    wildcards: cell=dp0.3_k-0.3_n4000_rauto_m4000
    threads: 4
    resources: tmpdir=/tmp

[Sun Aug 30 23:23:22 2026]
Finished job 380.
266 of 483 steps (55%) done
Select jobs to execute...
Execute 1 jobs...

[Sun Aug 30 23:23:22 2026]
localrule run_cell:
    output: results/bias_sensitivity/raw/dp0.4_k0.3_n4000_rauto_m4000.rds
    log: logs/bias_sensitivity/run_dp0.4_k0.3_n4000_rauto_m4000.log
    jobid: 213
    reason: Missing output files: results/bias_sensitivity/raw/dp0.4_k0.3_n4000_rauto_m4000.rds
    wildcards: cell=dp0.4_k0.3_n4000_rauto_m4000
    threads: 4
    resources: tmpdir=/tmp

[Sun Aug 30 23:23:30 2026]
Finished job 80.
267 of 483 steps (55%) done
Select jobs to execute...
Execute 1 jobs...

[Sun Aug 30 23:23:30 2026]
localrule run_cell:
    output: results/bias_sensitivity/raw/dp0.75_k0.3_n4000_rauto_m4000.rds
    log: logs/bias_sensitivity/run_dp0.75_k0.3_n4000_rauto_m4000.log
    jobid: 333
    reason: Missing output files: results/bias_sensitivity/raw/dp0.75_k0.3_n4000_rauto_m4000.rds
    wildcards: cell=dp0.75_k0.3_n4000_rauto_m4000
    threads: 4
    resources: tmpdir=/tmp

[Sun Aug 30 23:24:18 2026]
Finished job 260.
268 of 483 steps (55%) done
Select jobs to execute...
Execute 1 jobs...

[Sun Aug 30 23:24:18 2026]
localrule run_cell:
    output: results/bias_sensitivity/raw/dp0.1_k0.3_n10000_rauto_m4000.rds
    log: logs/bias_sensitivity/run_dp0.1_k0.3_n10000_rauto_m4000.log
    jobid: 63
    reason: Missing output files: results/bias_sensitivity/raw/dp0.1_k0.3_n10000_rauto_m4000.rds
    wildcards: cell=dp0.1_k0.3_n10000_rauto_m4000
    threads: 4
    resources: tmpdir=/tmp

[Sun Aug 30 23:26:48 2026]
Finished job 462.
269 of 483 steps (56%) done
Select jobs to execute...
Execute 1 jobs...

[Sun Aug 30 23:26:48 2026]
localrule run_cell:
    output: results/bias_sensitivity/raw/dp0.35_k-0.3_n10000_rauto_m4000.rds
    log: logs/bias_sensitivity/run_dp0.35_k-0.3_n10000_rauto_m4000.log
    jobid: 123
    reason: Missing output files: results/bias_sensitivity/raw/dp0.35_k-0.3_n10000_rauto_m4000.rds
    wildcards: cell=dp0.35_k-0.3_n10000_rauto_m4000
    threads: 4
    resources: tmpdir=/tmp

[Sun Aug 30 23:29:26 2026]
Finished job 333.
270 of 483 steps (56%) done
Select jobs to execute...
Execute 1 jobs...

[Sun Aug 30 23:29:26 2026]
localrule run_cell:
    output: results/bias_sensitivity/raw/dp0.45_k0.3_n10000_rauto_m4000.rds
    log: logs/bias_sensitivity/run_dp0.45_k0.3_n10000_rauto_m4000.log
    jobid: 183
    reason: Missing output files: results/bias_sensitivity/raw/dp0.45_k0.3_n10000_rauto_m4000.rds
    wildcards: cell=dp0.45_k0.3_n10000_rauto_m4000
    threads: 4
    resources: tmpdir=/tmp

[Sun Aug 30 23:30:52 2026]
Finished job 153.
271 of 483 steps (56%) done
Select jobs to execute...
Execute 1 jobs...

[Sun Aug 30 23:30:52 2026]
localrule run_cell:
    output: results/bias_sensitivity/raw/dp0.5_k-0.3_n10000_rauto_m4000.rds
    log: logs/bias_sensitivity/run_dp0.5_k-0.3_n10000_rauto_m4000.log
    jobid: 243
    reason: Missing output files: results/bias_sensitivity/raw/dp0.5_k-0.3_n10000_rauto_m4000.rds
    wildcards: cell=dp0.5_k-0.3_n10000_rauto_m4000
    threads: 4
    resources: tmpdir=/tmp

[Sun Aug 30 23:31:10 2026]
Finished job 213.
272 of 483 steps (56%) done
Select jobs to execute...
Execute 1 jobs...

[Sun Aug 30 23:31:10 2026]
localrule run_cell:
    output: results/bias_sensitivity/raw/dp0.95_k0.3_n10000_rauto_m4000.rds
    log: logs/bias_sensitivity/run_dp0.95_k0.3_n10000_rauto_m4000.log
    jobid: 423
    reason: Missing output files: results/bias_sensitivity/raw/dp0.95_k0.3_n10000_rauto_m4000.rds
    wildcards: cell=dp0.95_k0.3_n10000_rauto_m4000
    threads: 4
    resources: tmpdir=/tmp

[Sun Aug 30 23:33:32 2026]
Finished job 311.
273 of 483 steps (57%) done
Select jobs to execute...
Execute 1 jobs...

[Sun Aug 30 23:33:32 2026]
localrule run_cell:
    output: results/bias_sensitivity/raw/dp1_k0.3_n1000_rauto_m2000.rds
    log: logs/bias_sensitivity/run_dp1_k0.3_n1000_rauto_m2000.log
    jobid: 472
    reason: Missing output files: results/bias_sensitivity/raw/dp1_k0.3_n1000_rauto_m2000.rds
    wildcards: cell=dp1_k0.3_n1000_rauto_m2000
    threads: 4
    resources: tmpdir=/tmp

[Sun Aug 30 23:33:56 2026]
Finished job 63.
274 of 483 steps (57%) done
Select jobs to execute...
Execute 1 jobs...

[Sun Aug 30 23:33:56 2026]
localrule run_cell:
    output: results/bias_sensitivity/raw/dp0.05_k0.3_n1000_rauto_m2000.rds
    log: logs/bias_sensitivity/run_dp0.05_k0.3_n1000_rauto_m2000.log
    jobid: 16
    reason: Missing output files: results/bias_sensitivity/raw/dp0.05_k0.3_n1000_rauto_m2000.rds
    wildcards: cell=dp0.05_k0.3_n1000_rauto_m2000
    threads: 4
    resources: tmpdir=/tmp

[Sun Aug 30 23:35:05 2026]
Finished job 71.
275 of 483 steps (57%) done
Select jobs to execute...
Execute 1 jobs...

[Sun Aug 30 23:35:05 2026]
localrule run_cell:
    output: results/bias_sensitivity/raw/dp0.25_k-0.3_n1000_rauto_m2000.rds
    log: logs/bias_sensitivity/run_dp0.25_k-0.3_n1000_rauto_m2000.log
    jobid: 76
    reason: Missing output files: results/bias_sensitivity/raw/dp0.25_k-0.3_n1000_rauto_m2000.rds
    wildcards: cell=dp0.25_k-0.3_n1000_rauto_m2000
    threads: 4
    resources: tmpdir=/tmp

[Sun Aug 30 23:35:10 2026]
Finished job 472.
276 of 483 steps (57%) done
Select jobs to execute...
Execute 1 jobs...

[Sun Aug 30 23:35:10 2026]
localrule run_cell:
    output: results/bias_sensitivity/raw/dp0.5_k0.3_n1000_rauto_m2000.rds
    log: logs/bias_sensitivity/run_dp0.5_k0.3_n1000_rauto_m2000.log
    jobid: 256
    reason: Missing output files: results/bias_sensitivity/raw/dp0.5_k0.3_n1000_rauto_m2000.rds
    wildcards: cell=dp0.5_k0.3_n1000_rauto_m2000
    threads: 4
    resources: tmpdir=/tmp

[Sun Aug 30 23:35:33 2026]
Finished job 16.
277 of 483 steps (57%) done
Select jobs to execute...
Execute 1 jobs...

[Sun Aug 30 23:35:33 2026]
localrule run_cell:
    output: results/bias_sensitivity/raw/dp0.75_k-0.3_n1000_rauto_m2000.rds
    log: logs/bias_sensitivity/run_dp0.75_k-0.3_n1000_rauto_m2000.log
    jobid: 316
    reason: Missing output files: results/bias_sensitivity/raw/dp0.75_k-0.3_n1000_rauto_m2000.rds
    wildcards: cell=dp0.75_k-0.3_n1000_rauto_m2000
    threads: 4
    resources: tmpdir=/tmp

[Sun Aug 30 23:36:37 2026]
Finished job 76.
278 of 483 steps (58%) done
Select jobs to execute...
Execute 1 jobs...

[Sun Aug 30 23:36:37 2026]
localrule run_cell:
    output: results/bias_sensitivity/raw/dp0.9_k-0.3_n1000_rauto_m2000.rds
    log: logs/bias_sensitivity/run_dp0.9_k-0.3_n1000_rauto_m2000.log
    jobid: 436
    reason: Missing output files: results/bias_sensitivity/raw/dp0.9_k-0.3_n1000_rauto_m2000.rds
    wildcards: cell=dp0.9_k-0.3_n1000_rauto_m2000
    threads: 4
    resources: tmpdir=/tmp

[Sun Aug 30 23:36:44 2026]
Finished job 256.
279 of 483 steps (58%) done
Select jobs to execute...
Execute 1 jobs...

[Sun Aug 30 23:36:44 2026]
localrule run_cell:
    output: results/bias_sensitivity/raw/dp0.3_k0.3_n6000_rauto_m2000.rds
    log: logs/bias_sensitivity/run_dp0.3_k0.3_n6000_rauto_m2000.log
    jobid: 166
    reason: Missing output files: results/bias_sensitivity/raw/dp0.3_k0.3_n6000_rauto_m2000.rds
    wildcards: cell=dp0.3_k0.3_n6000_rauto_m2000
    threads: 4
    resources: tmpdir=/tmp

[Sun Aug 30 23:37:17 2026]
Finished job 316.
280 of 483 steps (58%) done
Select jobs to execute...
Execute 1 jobs...

[Sun Aug 30 23:37:17 2026]
localrule run_cell:
    output: results/bias_sensitivity/raw/dp0.7_k-0.3_n6000_rauto_m2000.rds
    log: logs/bias_sensitivity/run_dp0.7_k-0.3_n6000_rauto_m2000.log
    jobid: 346
    reason: Missing output files: results/bias_sensitivity/raw/dp0.7_k-0.3_n6000_rauto_m2000.rds
    wildcards: cell=dp0.7_k-0.3_n6000_rauto_m2000
    threads: 4
    resources: tmpdir=/tmp

[Sun Aug 30 23:38:18 2026]
Finished job 436.
281 of 483 steps (58%) done
Select jobs to execute...
Execute 1 jobs...

[Sun Aug 30 23:38:18 2026]
localrule run_cell:
    output: results/bias_sensitivity/raw/dp0.8_k0.3_n6000_rauto_m2000.rds
    log: logs/bias_sensitivity/run_dp0.8_k0.3_n6000_rauto_m2000.log
    jobid: 406
    reason: Missing output files: results/bias_sensitivity/raw/dp0.8_k0.3_n6000_rauto_m2000.rds
    wildcards: cell=dp0.8_k0.3_n6000_rauto_m2000
    threads: 4
    resources: tmpdir=/tmp

[Sun Aug 30 23:40:46 2026]
Finished job 471.
282 of 483 steps (58%) done
Select jobs to execute...
Execute 1 jobs...

[Sun Aug 30 23:40:46 2026]
localrule run_cell:
    output: results/bias_sensitivity/raw/dp1_k-0.3_n6000_rauto_m2000.rds
    log: logs/bias_sensitivity/run_dp1_k-0.3_n6000_rauto_m2000.log
    jobid: 466
    reason: Missing output files: results/bias_sensitivity/raw/dp1_k-0.3_n6000_rauto_m2000.rds
    wildcards: cell=dp1_k-0.3_n6000_rauto_m2000
    threads: 4
    resources: tmpdir=/tmp

[Sun Aug 30 23:45:11 2026]
Finished job 166.
283 of 483 steps (59%) done
Select jobs to execute...
Execute 1 jobs...

[Sun Aug 30 23:45:11 2026]
localrule run_cell:
    output: results/bias_sensitivity/raw/dp0.3_k-0.3_n6000_rauto_m4000.rds
    log: logs/bias_sensitivity/run_dp0.3_k-0.3_n6000_rauto_m4000.log
    jobid: 155
    reason: Missing output files: results/bias_sensitivity/raw/dp0.3_k-0.3_n6000_rauto_m4000.rds
    wildcards: cell=dp0.3_k-0.3_n6000_rauto_m4000
    threads: 4
    resources: tmpdir=/tmp

[Sun Aug 30 23:46:19 2026]
Finished job 324.
284 of 483 steps (59%) done
Select jobs to execute...
Execute 1 jobs...

[Sun Aug 30 23:46:19 2026]
localrule run_cell:
    output: results/bias_sensitivity/raw/dp0.2_k0.3_n6000_rauto_m4000.rds
    log: logs/bias_sensitivity/run_dp0.2_k0.3_n6000_rauto_m4000.log
    jobid: 119
    reason: Missing output files: results/bias_sensitivity/raw/dp0.2_k0.3_n6000_rauto_m4000.rds
    wildcards: cell=dp0.2_k0.3_n6000_rauto_m4000
    threads: 4
    resources: tmpdir=/tmp

[Sun Aug 30 23:47:02 2026]
Finished job 406.
285 of 483 steps (59%) done
Select jobs to execute...
Execute 1 jobs...

[Sun Aug 30 23:47:02 2026]
localrule run_cell:
    output: results/bias_sensitivity/raw/dp0.45_k-0.3_n6000_rauto_m4000.rds
    log: logs/bias_sensitivity/run_dp0.45_k-0.3_n6000_rauto_m4000.log
    jobid: 179
    reason: Missing output files: results/bias_sensitivity/raw/dp0.45_k-0.3_n6000_rauto_m4000.rds
    wildcards: cell=dp0.45_k-0.3_n6000_rauto_m4000
    threads: 4
    resources: tmpdir=/tmp

[Sun Aug 30 23:47:03 2026]
Finished job 217.
286 of 483 steps (59%) done
Select jobs to execute...
Execute 1 jobs...

[Sun Aug 30 23:47:03 2026]
localrule run_cell:
    output: results/bias_sensitivity/raw/dp0.6_k-0.3_n6000_rauto_m4000.rds
    log: logs/bias_sensitivity/run_dp0.6_k-0.3_n6000_rauto_m4000.log
    jobid: 299
    reason: Missing output files: results/bias_sensitivity/raw/dp0.6_k-0.3_n6000_rauto_m4000.rds
    wildcards: cell=dp0.6_k-0.3_n6000_rauto_m4000
    threads: 4
    resources: tmpdir=/tmp

[Sun Aug 30 23:49:53 2026]
Finished job 251.
287 of 483 steps (59%) done
Select jobs to execute...
Execute 1 jobs...

[Sun Aug 30 23:49:53 2026]
localrule run_cell:
    output: results/bias_sensitivity/raw/dp0.95_k-0.3_n6000_rauto_m4000.rds
    log: logs/bias_sensitivity/run_dp0.95_k-0.3_n6000_rauto_m4000.log
    jobid: 419
    reason: Missing output files: results/bias_sensitivity/raw/dp0.95_k-0.3_n6000_rauto_m4000.rds
    wildcards: cell=dp0.95_k-0.3_n6000_rauto_m4000
    threads: 4
    resources: tmpdir=/tmp

[Sun Aug 30 23:50:35 2026]
Finished job 431.
288 of 483 steps (60%) done
Select jobs to execute...
Execute 1 jobs...

[Sun Aug 30 23:50:35 2026]
localrule run_cell:
    output: results/bias_sensitivity/raw/dp1_k0.3_n6000_rauto_m4000.rds
    log: logs/bias_sensitivity/run_dp1_k0.3_n6000_rauto_m4000.log
    jobid: 479
    reason: Missing output files: results/bias_sensitivity/raw/dp1_k0.3_n6000_rauto_m4000.rds
    wildcards: cell=dp1_k0.3_n6000_rauto_m4000
    threads: 4
    resources: tmpdir=/tmp

[Sun Aug 30 23:50:58 2026]
Finished job 154.
289 of 483 steps (60%) done
Select jobs to execute...
Execute 1 jobs...

[Sun Aug 30 23:50:58 2026]
localrule run_cell:
    output: results/bias_sensitivity/raw/dp0.3_k-0.3_n1000_rauto_m4000.rds
    log: logs/bias_sensitivity/run_dp0.3_k-0.3_n1000_rauto_m4000.log
    jobid: 149
    reason: Missing output files: results/bias_sensitivity/raw/dp0.3_k-0.3_n1000_rauto_m4000.rds
    wildcards: cell=dp0.3_k-0.3_n1000_rauto_m4000
    threads: 4
    resources: tmpdir=/tmp

[Sun Aug 30 23:52:33 2026]
Finished job 149.
290 of 483 steps (60%) done
Select jobs to execute...
Execute 1 jobs...

[Sun Aug 30 23:52:33 2026]
localrule run_cell:
    output: results/bias_sensitivity/raw/dp0.4_k0.3_n1000_rauto_m4000.rds
    log: logs/bias_sensitivity/run_dp0.4_k0.3_n1000_rauto_m4000.log
    jobid: 209
    reason: Missing output files: results/bias_sensitivity/raw/dp0.4_k0.3_n1000_rauto_m4000.rds
    wildcards: cell=dp0.4_k0.3_n1000_rauto_m4000
    threads: 4
    resources: tmpdir=/tmp

[Sun Aug 30 23:54:11 2026]
Finished job 209.
291 of 483 steps (60%) done
Select jobs to execute...
Execute 1 jobs...

[Sun Aug 30 23:54:11 2026]
localrule run_cell:
    output: results/bias_sensitivity/raw/dp0.75_k0.3_n1000_rauto_m4000.rds
    log: logs/bias_sensitivity/run_dp0.75_k0.3_n1000_rauto_m4000.log
    jobid: 329
    reason: Missing output files: results/bias_sensitivity/raw/dp0.75_k0.3_n1000_rauto_m4000.rds
    wildcards: cell=dp0.75_k0.3_n1000_rauto_m4000
    threads: 4
    resources: tmpdir=/tmp

[Sun Aug 30 23:54:45 2026]
Finished job 264.
292 of 483 steps (60%) done
Select jobs to execute...
Execute 1 jobs...

[Sun Aug 30 23:54:45 2026]
localrule run_cell:
    output: results/bias_sensitivity/raw/dp0.15_k0.3_n2000_rauto_m2000.rds
    log: logs/bias_sensitivity/run_dp0.15_k0.3_n2000_rauto_m2000.log
    jobid: 42
    reason: Missing output files: results/bias_sensitivity/raw/dp0.15_k0.3_n2000_rauto_m2000.rds
    wildcards: cell=dp0.15_k0.3_n2000_rauto_m2000
    threads: 4
    resources: tmpdir=/tmp

[Sun Aug 30 23:55:38 2026]
Finished job 84.
293 of 483 steps (61%) done
Select jobs to execute...
Execute 1 jobs...

[Sun Aug 30 23:55:38 2026]
localrule run_cell:
    output: results/bias_sensitivity/raw/dp0.2_k-0.3_n2000_rauto_m2000.rds
    log: logs/bias_sensitivity/run_dp0.2_k-0.3_n2000_rauto_m2000.log
    jobid: 102
    reason: Missing output files: results/bias_sensitivity/raw/dp0.2_k-0.3_n2000_rauto_m2000.rds
    wildcards: cell=dp0.2_k-0.3_n2000_rauto_m2000
    threads: 4
    resources: tmpdir=/tmp

[Sun Aug 30 23:56:32 2026]
Finished job 329.
294 of 483 steps (61%) done
Select jobs to execute...
Execute 1 jobs...

[Sun Aug 30 23:56:32 2026]
localrule run_cell:
    output: results/bias_sensitivity/raw/dp0.3_k0.3_n2000_rauto_m2000.rds
    log: logs/bias_sensitivity/run_dp0.3_k0.3_n2000_rauto_m2000.log
    jobid: 162
    reason: Missing output files: results/bias_sensitivity/raw/dp0.3_k0.3_n2000_rauto_m2000.rds
    wildcards: cell=dp0.3_k0.3_n2000_rauto_m2000
    threads: 4
    resources: tmpdir=/tmp

[Sun Aug 30 23:58:22 2026]
Finished job 42.
295 of 483 steps (61%) done
Select jobs to execute...
Execute 1 jobs...

[Sun Aug 30 23:58:22 2026]
localrule run_cell:
    output: results/bias_sensitivity/raw/dp0.7_k-0.3_n2000_rauto_m2000.rds
    log: logs/bias_sensitivity/run_dp0.7_k-0.3_n2000_rauto_m2000.log
    jobid: 342
    reason: Missing output files: results/bias_sensitivity/raw/dp0.7_k-0.3_n2000_rauto_m2000.rds
    wildcards: cell=dp0.7_k-0.3_n2000_rauto_m2000
    threads: 4
    resources: tmpdir=/tmp

[Sun Aug 30 23:59:33 2026]
Finished job 102.
296 of 483 steps (61%) done
Select jobs to execute...
Execute 1 jobs...

[Sun Aug 30 23:59:33 2026]
localrule run_cell:
    output: results/bias_sensitivity/raw/dp0.55_k-0.3_n2000_rauto_m2000.rds
    log: logs/bias_sensitivity/run_dp0.55_k-0.3_n2000_rauto_m2000.log
    jobid: 222
    reason: Missing output files: results/bias_sensitivity/raw/dp0.55_k-0.3_n2000_rauto_m2000.rds
    wildcards: cell=dp0.55_k-0.3_n2000_rauto_m2000
    threads: 4
    resources: tmpdir=/tmp

[Mon Aug 31 00:00:05 2026]
Finished job 162.
297 of 483 steps (61%) done
Select jobs to execute...
Execute 1 jobs...

[Mon Aug 31 00:00:05 2026]
localrule run_cell:
    output: results/bias_sensitivity/raw/dp0.8_k0.3_n2000_rauto_m2000.rds
    log: logs/bias_sensitivity/run_dp0.8_k0.3_n2000_rauto_m2000.log
    jobid: 402
    reason: Missing output files: results/bias_sensitivity/raw/dp0.8_k0.3_n2000_rauto_m2000.rds
    wildcards: cell=dp0.8_k0.3_n2000_rauto_m2000
    threads: 4
    resources: tmpdir=/tmp

[Mon Aug 31 00:01:26 2026]
Finished job 342.
298 of 483 steps (62%) done
Select jobs to execute...
Execute 1 jobs...

[Mon Aug 31 00:01:26 2026]
localrule run_cell:
    output: results/bias_sensitivity/raw/dp0.05_k-0.3_n8000_rauto_m2000.rds
    log: logs/bias_sensitivity/run_dp0.05_k-0.3_n8000_rauto_m2000.log
    jobid: 12
    reason: Missing output files: results/bias_sensitivity/raw/dp0.05_k-0.3_n8000_rauto_m2000.rds
    wildcards: cell=dp0.05_k-0.3_n8000_rauto_m2000
    threads: 4
    resources: tmpdir=/tmp

[Mon Aug 31 00:03:03 2026]
Finished job 183.
299 of 483 steps (62%) done
Select jobs to execute...
Execute 1 jobs...

[Mon Aug 31 00:03:03 2026]
localrule run_cell:
    output: results/bias_sensitivity/raw/dp0.1_k0.3_n8000_rauto_m2000.rds
    log: logs/bias_sensitivity/run_dp0.1_k0.3_n8000_rauto_m2000.log
    jobid: 72
    reason: Missing output files: results/bias_sensitivity/raw/dp0.1_k0.3_n8000_rauto_m2000.rds
    wildcards: cell=dp0.1_k0.3_n8000_rauto_m2000
    threads: 4
    resources: tmpdir=/tmp

[Mon Aug 31 00:03:14 2026]
Finished job 222.
300 of 483 steps (62%) done
Select jobs to execute...
Execute 1 jobs...

[Mon Aug 31 00:03:14 2026]
localrule run_cell:
    output: results/bias_sensitivity/raw/dp0.5_k-0.3_n8000_rauto_m2000.rds
    log: logs/bias_sensitivity/run_dp0.5_k-0.3_n8000_rauto_m2000.log
    jobid: 252
    reason: Missing output files: results/bias_sensitivity/raw/dp0.5_k-0.3_n8000_rauto_m2000.rds
    wildcards: cell=dp0.5_k-0.3_n8000_rauto_m2000
    threads: 4
    resources: tmpdir=/tmp

[Mon Aug 31 00:03:19 2026]
Finished job 155.
301 of 483 steps (62%) done
Select jobs to execute...
Execute 1 jobs...

[Mon Aug 31 00:03:19 2026]
localrule run_cell:
    output: results/bias_sensitivity/raw/dp0.6_k0.3_n8000_rauto_m2000.rds
    log: logs/bias_sensitivity/run_dp0.6_k0.3_n8000_rauto_m2000.log
    jobid: 312
    reason: Missing output files: results/bias_sensitivity/raw/dp0.6_k0.3_n8000_rauto_m2000.rds
    wildcards: cell=dp0.6_k0.3_n8000_rauto_m2000
    threads: 4
    resources: tmpdir=/tmp

[Mon Aug 31 00:04:17 2026]
Finished job 402.
302 of 483 steps (63%) done
Select jobs to execute...
Execute 1 jobs...

[Mon Aug 31 00:04:17 2026]
localrule run_cell:
    output: results/bias_sensitivity/raw/dp0.95_k0.3_n8000_rauto_m2000.rds
    log: logs/bias_sensitivity/run_dp0.95_k0.3_n8000_rauto_m2000.log
    jobid: 432
    reason: Missing output files: results/bias_sensitivity/raw/dp0.95_k0.3_n8000_rauto_m2000.rds
    wildcards: cell=dp0.95_k0.3_n8000_rauto_m2000
    threads: 4
    resources: tmpdir=/tmp

[Mon Aug 31 00:06:17 2026]
Finished job 479.
303 of 483 steps (63%) done
Select jobs to execute...
Execute 1 jobs...

[Mon Aug 31 00:06:17 2026]
localrule run_cell:
    output: results/bias_sensitivity/raw/dp0.75_k0.3_n6000_rauto_m4000.rds
    log: logs/bias_sensitivity/run_dp0.75_k0.3_n6000_rauto_m4000.log
    jobid: 335
    reason: Missing output files: results/bias_sensitivity/raw/dp0.75_k0.3_n6000_rauto_m4000.rds
    wildcards: cell=dp0.75_k0.3_n6000_rauto_m4000
    threads: 4
    resources: tmpdir=/tmp

[Mon Aug 31 00:07:38 2026]
Finished job 470.
304 of 483 steps (63%) done
Select jobs to execute...
Execute 1 jobs...

[Mon Aug 31 00:07:38 2026]
localrule run_cell:
    output: results/bias_sensitivity/raw/dp0.35_k0.3_n8000_rauto_m4000.rds
    log: logs/bias_sensitivity/run_dp0.35_k0.3_n8000_rauto_m4000.log
    jobid: 145
    reason: Missing output files: results/bias_sensitivity/raw/dp0.35_k0.3_n8000_rauto_m4000.rds
    wildcards: cell=dp0.35_k0.3_n8000_rauto_m4000
    threads: 4
    resources: tmpdir=/tmp

[Mon Aug 31 00:09:28 2026]
Finished job 397.
305 of 483 steps (63%) done
Select jobs to execute...
Execute 1 jobs...

[Mon Aug 31 00:09:28 2026]
localrule run_cell:
    output: results/bias_sensitivity/raw/dp0.4_k-0.3_n8000_rauto_m4000.rds
    log: logs/bias_sensitivity/run_dp0.4_k-0.3_n8000_rauto_m4000.log
    jobid: 205
    reason: Missing output files: results/bias_sensitivity/raw/dp0.4_k-0.3_n8000_rauto_m4000.rds
    wildcards: cell=dp0.4_k-0.3_n8000_rauto_m4000
    threads: 4
    resources: tmpdir=/tmp

[Mon Aug 31 00:10:52 2026]
Finished job 179.
306 of 483 steps (63%) done
Select jobs to execute...
Execute 1 jobs...

[Mon Aug 31 00:10:52 2026]
localrule run_cell:
    output: results/bias_sensitivity/raw/dp0.9_k-0.3_n8000_rauto_m4000.rds
    log: logs/bias_sensitivity/run_dp0.9_k-0.3_n8000_rauto_m4000.log
    jobid: 445
    reason: Missing output files: results/bias_sensitivity/raw/dp0.9_k-0.3_n8000_rauto_m4000.rds
    wildcards: cell=dp0.9_k-0.3_n8000_rauto_m4000
    threads: 4
    resources: tmpdir=/tmp

[Mon Aug 31 00:12:02 2026]
Finished job 243.
307 of 483 steps (64%) done
Select jobs to execute...
Execute 1 jobs...

[Mon Aug 31 00:12:02 2026]
localrule run_cell:
    output: results/bias_sensitivity/raw/dp0.05_k0.3_n8000_rauto_m4000.rds
    log: logs/bias_sensitivity/run_dp0.05_k0.3_n8000_rauto_m4000.log
    jobid: 25
    reason: Missing output files: results/bias_sensitivity/raw/dp0.05_k0.3_n8000_rauto_m4000.rds
    wildcards: cell=dp0.05_k0.3_n8000_rauto_m4000
    threads: 4
    resources: tmpdir=/tmp

[Mon Aug 31 00:12:48 2026]
Finished job 123.
308 of 483 steps (64%) done
Select jobs to execute...
Execute 1 jobs...

[Mon Aug 31 00:12:48 2026]
localrule run_cell:
    output: results/bias_sensitivity/raw/dp0.25_k-0.3_n8000_rauto_m4000.rds
    log: logs/bias_sensitivity/run_dp0.25_k-0.3_n8000_rauto_m4000.log
    jobid: 85
    reason: Missing output files: results/bias_sensitivity/raw/dp0.25_k-0.3_n8000_rauto_m4000.rds
    wildcards: cell=dp0.25_k-0.3_n8000_rauto_m4000
    threads: 4
    resources: tmpdir=/tmp

[Mon Aug 31 00:12:57 2026]
Finished job 312.
309 of 483 steps (64%) done
Select jobs to execute...
Execute 1 jobs...

[Mon Aug 31 00:12:57 2026]
localrule run_cell:
    output: results/bias_sensitivity/raw/dp0.5_k0.3_n8000_rauto_m4000.rds
    log: logs/bias_sensitivity/run_dp0.5_k0.3_n8000_rauto_m4000.log
    jobid: 265
    reason: Missing output files: results/bias_sensitivity/raw/dp0.5_k0.3_n8000_rauto_m4000.rds
    wildcards: cell=dp0.5_k0.3_n8000_rauto_m4000
    threads: 4
    resources: tmpdir=/tmp

[Mon Aug 31 00:13:52 2026]
Finished job 457.
310 of 483 steps (64%) done
Select jobs to execute...
Execute 1 jobs...

[Mon Aug 31 00:13:52 2026]
localrule run_cell:
    output: results/bias_sensitivity/raw/dp0.85_k0.3_n8000_rauto_m4000.rds
    log: logs/bias_sensitivity/run_dp0.85_k0.3_n8000_rauto_m4000.log
    jobid: 385
    reason: Missing output files: results/bias_sensitivity/raw/dp0.85_k0.3_n8000_rauto_m4000.rds
    wildcards: cell=dp0.85_k0.3_n8000_rauto_m4000
    threads: 4
    resources: tmpdir=/tmp

[Mon Aug 31 00:15:12 2026]
Finished job 410.
311 of 483 steps (64%) done
Select jobs to execute...
Execute 1 jobs...

[Mon Aug 31 00:15:12 2026]
localrule run_cell:
    output: results/bias_sensitivity/raw/dp0.2_k0.3_n2000_rauto_m4000.rds
    log: logs/bias_sensitivity/run_dp0.2_k0.3_n2000_rauto_m4000.log
    jobid: 115
    reason: Missing output files: results/bias_sensitivity/raw/dp0.2_k0.3_n2000_rauto_m4000.rds
    wildcards: cell=dp0.2_k0.3_n2000_rauto_m4000
    threads: 4
    resources: tmpdir=/tmp

[Mon Aug 31 00:17:51 2026]
Finished job 346.
312 of 483 steps (65%) done
Select jobs to execute...
Execute 1 jobs...

[Mon Aug 31 00:17:51 2026]
localrule run_cell:
    output: results/bias_sensitivity/raw/dp0.45_k-0.3_n2000_rauto_m4000.rds
    log: logs/bias_sensitivity/run_dp0.45_k-0.3_n2000_rauto_m4000.log
    jobid: 175
    reason: Missing output files: results/bias_sensitivity/raw/dp0.45_k-0.3_n2000_rauto_m4000.rds
    wildcards: cell=dp0.45_k-0.3_n2000_rauto_m4000
    threads: 4
    resources: tmpdir=/tmp

[Mon Aug 31 00:19:33 2026]
Finished job 115.
313 of 483 steps (65%) done
Select jobs to execute...
Execute 1 jobs...

[Mon Aug 31 00:19:33 2026]
localrule run_cell:
    output: results/bias_sensitivity/raw/dp0.6_k-0.3_n2000_rauto_m4000.rds
    log: logs/bias_sensitivity/run_dp0.6_k-0.3_n2000_rauto_m4000.log
    jobid: 295
    reason: Missing output files: results/bias_sensitivity/raw/dp0.6_k-0.3_n2000_rauto_m4000.rds
    wildcards: cell=dp0.6_k-0.3_n2000_rauto_m4000
    threads: 4
    resources: tmpdir=/tmp

[Mon Aug 31 00:20:29 2026]
Finished job 419.
314 of 483 steps (65%) done
Select jobs to execute...
Execute 1 jobs...

[Mon Aug 31 00:20:29 2026]
localrule run_cell:
    output: results/bias_sensitivity/raw/dp0.95_k-0.3_n2000_rauto_m4000.rds
    log: logs/bias_sensitivity/run_dp0.95_k-0.3_n2000_rauto_m4000.log
    jobid: 415
    reason: Missing output files: results/bias_sensitivity/raw/dp0.95_k-0.3_n2000_rauto_m4000.rds
    wildcards: cell=dp0.95_k-0.3_n2000_rauto_m4000
    threads: 4
    resources: tmpdir=/tmp

[Mon Aug 31 00:22:00 2026]
Finished job 175.
315 of 483 steps (65%) done
Select jobs to execute...
Execute 1 jobs...

[Mon Aug 31 00:22:00 2026]
localrule run_cell:
    output: results/bias_sensitivity/raw/dp1_k0.3_n2000_rauto_m4000.rds
    log: logs/bias_sensitivity/run_dp1_k0.3_n2000_rauto_m4000.log
    jobid: 475
    reason: Missing output files: results/bias_sensitivity/raw/dp1_k0.3_n2000_rauto_m4000.rds
    wildcards: cell=dp1_k0.3_n2000_rauto_m4000
    threads: 4
    resources: tmpdir=/tmp

[Mon Aug 31 00:22:44 2026]
Finished job 350.
316 of 483 steps (65%) done
Select jobs to execute...
Execute 1 jobs...

[Mon Aug 31 00:22:44 2026]
localrule run_cell:
    output: results/bias_sensitivity/raw/dp0.55_k-0.3_n2000_rauto_m4000.rds
    log: logs/bias_sensitivity/run_dp0.55_k-0.3_n2000_rauto_m4000.log
    jobid: 223
    reason: Missing output files: results/bias_sensitivity/raw/dp0.55_k-0.3_n2000_rauto_m4000.rds
    wildcards: cell=dp0.55_k-0.3_n2000_rauto_m4000
    threads: 4
    resources: tmpdir=/tmp

[Mon Aug 31 00:23:07 2026]
Finished job 423.
317 of 483 steps (66%) done
Select jobs to execute...
Execute 1 jobs...

[Mon Aug 31 00:23:07 2026]
localrule run_cell:
    output: results/bias_sensitivity/raw/dp1_k-0.3_n2000_rauto_m4000.rds
    log: logs/bias_sensitivity/run_dp1_k-0.3_n2000_rauto_m4000.log
    jobid: 463
    reason: Missing output files: results/bias_sensitivity/raw/dp1_k-0.3_n2000_rauto_m4000.rds
    wildcards: cell=dp1_k-0.3_n2000_rauto_m4000
    threads: 4
    resources: tmpdir=/tmp

[Mon Aug 31 00:23:20 2026]
Finished job 119.
318 of 483 steps (66%) done
Select jobs to execute...
Execute 1 jobs...

[Mon Aug 31 00:23:20 2026]
localrule run_cell:
    output: results/bias_sensitivity/raw/dp0.05_k-0.3_n4000_rauto_m2000.rds
    log: logs/bias_sensitivity/run_dp0.05_k-0.3_n4000_rauto_m2000.log
    jobid: 8
    reason: Missing output files: results/bias_sensitivity/raw/dp0.05_k-0.3_n4000_rauto_m2000.rds
    wildcards: cell=dp0.05_k-0.3_n4000_rauto_m2000
    threads: 4
    resources: tmpdir=/tmp

[Mon Aug 31 00:23:21 2026]
Finished job 466.
319 of 483 steps (66%) done
Select jobs to execute...
Execute 1 jobs...

[Mon Aug 31 00:23:21 2026]
localrule run_cell:
    output: results/bias_sensitivity/raw/dp0.6_k0.3_n4000_rauto_m2000.rds
    log: logs/bias_sensitivity/run_dp0.6_k0.3_n4000_rauto_m2000.log
    jobid: 308
    reason: Missing output files: results/bias_sensitivity/raw/dp0.6_k0.3_n4000_rauto_m2000.rds
    wildcards: cell=dp0.6_k0.3_n4000_rauto_m2000
    threads: 4
    resources: tmpdir=/tmp

[Mon Aug 31 00:23:46 2026]
Finished job 295.
320 of 483 steps (66%) done
Select jobs to execute...
Execute 1 jobs...

[Mon Aug 31 00:23:46 2026]
localrule run_cell:
    output: results/bias_sensitivity/raw/dp0.85_k-0.3_n4000_rauto_m2000.rds
    log: logs/bias_sensitivity/run_dp0.85_k-0.3_n4000_rauto_m2000.log
    jobid: 368
    reason: Missing output files: results/bias_sensitivity/raw/dp0.85_k-0.3_n4000_rauto_m2000.rds
    wildcards: cell=dp0.85_k-0.3_n4000_rauto_m2000
    threads: 4
    resources: tmpdir=/tmp

[Mon Aug 31 00:24:10 2026]
Finished job 299.
321 of 483 steps (66%) done
Select jobs to execute...
Execute 1 jobs...

[Mon Aug 31 00:24:10 2026]
localrule run_cell:
    output: results/bias_sensitivity/raw/dp0.1_k0.3_n4000_rauto_m2000.rds
    log: logs/bias_sensitivity/run_dp0.1_k0.3_n4000_rauto_m2000.log
    jobid: 68
    reason: Missing output files: results/bias_sensitivity/raw/dp0.1_k0.3_n4000_rauto_m2000.rds
    wildcards: cell=dp0.1_k0.3_n4000_rauto_m2000
    threads: 4
    resources: tmpdir=/tmp

[Mon Aug 31 00:24:43 2026]
Finished job 415.
322 of 483 steps (67%) done
Select jobs to execute...
Execute 1 jobs...

[Mon Aug 31 00:24:43 2026]
localrule run_cell:
    output: results/bias_sensitivity/raw/dp0.35_k-0.3_n4000_rauto_m2000.rds
    log: logs/bias_sensitivity/run_dp0.35_k-0.3_n4000_rauto_m2000.log
    jobid: 128
    reason: Missing output files: results/bias_sensitivity/raw/dp0.35_k-0.3_n4000_rauto_m2000.rds
    wildcards: cell=dp0.35_k-0.3_n4000_rauto_m2000
    threads: 4
    resources: tmpdir=/tmp

[Mon Aug 31 00:25:54 2026]
Finished job 475.
323 of 483 steps (67%) done
Select jobs to execute...
Execute 1 jobs...

[Mon Aug 31 00:25:54 2026]
localrule run_cell:
    output: results/bias_sensitivity/raw/dp0.45_k0.3_n4000_rauto_m2000.rds
    log: logs/bias_sensitivity/run_dp0.45_k0.3_n4000_rauto_m2000.log
    jobid: 188
    reason: Missing output files: results/bias_sensitivity/raw/dp0.45_k0.3_n4000_rauto_m2000.rds
    wildcards: cell=dp0.45_k0.3_n4000_rauto_m2000
    threads: 4
    resources: tmpdir=/tmp

[Mon Aug 31 00:26:39 2026]
Finished job 223.
324 of 483 steps (67%) done
Select jobs to execute...
Execute 1 jobs...

[Mon Aug 31 00:26:39 2026]
localrule run_cell:
    output: results/bias_sensitivity/raw/dp0.5_k-0.3_n4000_rauto_m2000.rds
    log: logs/bias_sensitivity/run_dp0.5_k-0.3_n4000_rauto_m2000.log
    jobid: 248
    reason: Missing output files: results/bias_sensitivity/raw/dp0.5_k-0.3_n4000_rauto_m2000.rds
    wildcards: cell=dp0.5_k-0.3_n4000_rauto_m2000
    threads: 4
    resources: tmpdir=/tmp

[Mon Aug 31 00:27:36 2026]
Finished job 463.
325 of 483 steps (67%) done
Select jobs to execute...
Execute 1 jobs...

[Mon Aug 31 00:27:36 2026]
localrule run_cell:
    output: results/bias_sensitivity/raw/dp0.95_k0.3_n4000_rauto_m2000.rds
    log: logs/bias_sensitivity/run_dp0.95_k0.3_n4000_rauto_m2000.log
    jobid: 428
    reason: Missing output files: results/bias_sensitivity/raw/dp0.95_k0.3_n4000_rauto_m2000.rds
    wildcards: cell=dp0.95_k0.3_n4000_rauto_m2000
    threads: 4
    resources: tmpdir=/tmp

[Mon Aug 31 00:28:23 2026]
Finished job 8.
326 of 483 steps (67%) done
Select jobs to execute...
Execute 1 jobs...

[Mon Aug 31 00:28:23 2026]
localrule run_cell:
    output: results/bias_sensitivity/raw/dp0.55_k-0.3_n10000_rauto_m2000.rds
    log: logs/bias_sensitivity/run_dp0.55_k-0.3_n10000_rauto_m2000.log
    jobid: 218
    reason: Missing output files: results/bias_sensitivity/raw/dp0.55_k-0.3_n10000_rauto_m2000.rds
    wildcards: cell=dp0.55_k-0.3_n10000_rauto_m2000
    threads: 4
    resources: tmpdir=/tmp

[Mon Aug 31 00:29:16 2026]
Finished job 308.
327 of 483 steps (68%) done
Select jobs to execute...
Execute 1 jobs...

[Mon Aug 31 00:29:16 2026]
localrule run_cell:
    output: results/bias_sensitivity/raw/dp0.8_k0.3_n10000_rauto_m2000.rds
    log: logs/bias_sensitivity/run_dp0.8_k0.3_n10000_rauto_m2000.log
    jobid: 398
    reason: Missing output files: results/bias_sensitivity/raw/dp0.8_k0.3_n10000_rauto_m2000.rds
    wildcards: cell=dp0.8_k0.3_n10000_rauto_m2000
    threads: 4
    resources: tmpdir=/tmp

[Mon Aug 31 00:29:56 2026]
Finished job 68.
328 of 483 steps (68%) done
Select jobs to execute...
Execute 1 jobs...

[Mon Aug 31 00:29:56 2026]
localrule run_cell:
    output: results/bias_sensitivity/raw/dp1_k-0.3_n10000_rauto_m2000.rds
    log: logs/bias_sensitivity/run_dp1_k-0.3_n10000_rauto_m2000.log
    jobid: 458
    reason: Missing output files: results/bias_sensitivity/raw/dp1_k-0.3_n10000_rauto_m2000.rds
    wildcards: cell=dp1_k-0.3_n10000_rauto_m2000
    threads: 4
    resources: tmpdir=/tmp

[Mon Aug 31 00:31:17 2026]
Finished job 368.
329 of 483 steps (68%) done
Select jobs to execute...
Execute 1 jobs...

[Mon Aug 31 00:31:17 2026]
localrule run_cell:
    output: results/bias_sensitivity/raw/dp0.75_k-0.3_n1000_rauto_m4000.rds
    log: logs/bias_sensitivity/run_dp0.75_k-0.3_n1000_rauto_m4000.log
    jobid: 317
    reason: Missing output files: results/bias_sensitivity/raw/dp0.75_k-0.3_n1000_rauto_m4000.rds
    wildcards: cell=dp0.75_k-0.3_n1000_rauto_m4000
    threads: 4
    resources: tmpdir=/tmp

[Mon Aug 31 00:31:23 2026]
Finished job 128.
330 of 483 steps (68%) done
Select jobs to execute...
Execute 1 jobs...

[Mon Aug 31 00:31:23 2026]
localrule run_cell:
    output: results/bias_sensitivity/raw/dp0.9_k-0.3_n1000_rauto_m4000.rds
    log: logs/bias_sensitivity/run_dp0.9_k-0.3_n1000_rauto_m4000.log
    jobid: 437
    reason: Missing output files: results/bias_sensitivity/raw/dp0.9_k-0.3_n1000_rauto_m4000.rds
    wildcards: cell=dp0.9_k-0.3_n1000_rauto_m4000
    threads: 4
    resources: tmpdir=/tmp

[Mon Aug 31 00:31:47 2026]
Finished job 188.
331 of 483 steps (69%) done
Select jobs to execute...
Execute 1 jobs...

[Mon Aug 31 00:31:47 2026]
localrule run_cell:
    output: results/bias_sensitivity/raw/dp0.55_k0.3_n10000_rauto_m4000.rds
    log: logs/bias_sensitivity/run_dp0.55_k0.3_n10000_rauto_m4000.log
    jobid: 231
    reason: Missing output files: results/bias_sensitivity/raw/dp0.55_k0.3_n10000_rauto_m4000.rds
    wildcards: cell=dp0.55_k0.3_n10000_rauto_m4000
    threads: 4
    resources: tmpdir=/tmp

[Mon Aug 31 00:32:59 2026]
Finished job 317.
332 of 483 steps (69%) done
Select jobs to execute...
Execute 1 jobs...

[Mon Aug 31 00:32:59 2026]
localrule run_cell:
    output: results/bias_sensitivity/raw/dp0.6_k-0.3_n10000_rauto_m4000.rds
    log: logs/bias_sensitivity/run_dp0.6_k-0.3_n10000_rauto_m4000.log
    jobid: 291
    reason: Missing output files: results/bias_sensitivity/raw/dp0.6_k-0.3_n10000_rauto_m4000.rds
    wildcards: cell=dp0.6_k-0.3_n10000_rauto_m4000
    threads: 4
    resources: tmpdir=/tmp

[Mon Aug 31 00:33:05 2026]
Finished job 437.
333 of 483 steps (69%) done
Select jobs to execute...
Execute 1 jobs...

[Mon Aug 31 00:33:05 2026]
localrule run_cell:
    output: results/bias_sensitivity/raw/dp0.2_k0.3_n10000_rauto_m4000.rds
    log: logs/bias_sensitivity/run_dp0.2_k0.3_n10000_rauto_m4000.log
    jobid: 111
    reason: Missing output files: results/bias_sensitivity/raw/dp0.2_k0.3_n10000_rauto_m4000.rds
    wildcards: cell=dp0.2_k0.3_n10000_rauto_m4000
    threads: 4
    resources: tmpdir=/tmp

[Mon Aug 31 00:33:51 2026]
Finished job 248.
334 of 483 steps (69%) done
Select jobs to execute...
Execute 1 jobs...

[Mon Aug 31 00:33:51 2026]
localrule run_cell:
    output: results/bias_sensitivity/raw/dp0.1_k-0.3_n10000_rauto_m4000.rds
    log: logs/bias_sensitivity/run_dp0.1_k-0.3_n10000_rauto_m4000.log
    jobid: 51
    reason: Missing output files: results/bias_sensitivity/raw/dp0.1_k-0.3_n10000_rauto_m4000.rds
    wildcards: cell=dp0.1_k-0.3_n10000_rauto_m4000
    threads: 4
    resources: tmpdir=/tmp

[Mon Aug 31 00:35:00 2026]
Finished job 428.
335 of 483 steps (69%) done
Select jobs to execute...
Execute 1 jobs...

[Mon Aug 31 00:35:00 2026]
localrule run_cell:
    output: results/bias_sensitivity/raw/dp0.45_k-0.3_n10000_rauto_m4000.rds
    log: logs/bias_sensitivity/run_dp0.45_k-0.3_n10000_rauto_m4000.log
    jobid: 171
    reason: Missing output files: results/bias_sensitivity/raw/dp0.45_k-0.3_n10000_rauto_m4000.rds
    wildcards: cell=dp0.45_k-0.3_n10000_rauto_m4000
    threads: 4
    resources: tmpdir=/tmp

[Mon Aug 31 00:37:59 2026]
Finished job 12.
336 of 483 steps (70%) done
Select jobs to execute...
Execute 1 jobs...

[Mon Aug 31 00:37:59 2026]
localrule run_cell:
    output: results/bias_sensitivity/raw/dp0.7_k0.3_n10000_rauto_m4000.rds
    log: logs/bias_sensitivity/run_dp0.7_k0.3_n10000_rauto_m4000.log
    jobid: 351
    reason: Missing output files: results/bias_sensitivity/raw/dp0.7_k0.3_n10000_rauto_m4000.rds
    wildcards: cell=dp0.7_k0.3_n10000_rauto_m4000
    threads: 4
    resources: tmpdir=/tmp

[Mon Aug 31 00:43:33 2026]
Finished job 218.
337 of 483 steps (70%) done
Select jobs to execute...
Execute 1 jobs...

[Mon Aug 31 00:43:33 2026]
localrule run_cell:
    output: results/bias_sensitivity/raw/dp0.95_k-0.3_n10000_rauto_m4000.rds
    log: logs/bias_sensitivity/run_dp0.95_k-0.3_n10000_rauto_m4000.log
    jobid: 411
    reason: Missing output files: results/bias_sensitivity/raw/dp0.95_k-0.3_n10000_rauto_m4000.rds
    wildcards: cell=dp0.95_k-0.3_n10000_rauto_m4000
    threads: 4
    resources: tmpdir=/tmp

[Mon Aug 31 00:45:43 2026]
Finished job 111.
338 of 483 steps (70%) done
Select jobs to execute...
Execute 1 jobs...

[Mon Aug 31 00:45:43 2026]
localrule run_cell:
    output: results/bias_sensitivity/raw/dp0.25_k-0.3_n4000_rauto_m4000.rds
    log: logs/bias_sensitivity/run_dp0.25_k-0.3_n4000_rauto_m4000.log
    jobid: 81
    reason: Missing output files: results/bias_sensitivity/raw/dp0.25_k-0.3_n4000_rauto_m4000.rds
    wildcards: cell=dp0.25_k-0.3_n4000_rauto_m4000
    threads: 4
    resources: tmpdir=/tmp

[Mon Aug 31 00:46:11 2026]
Finished job 252.
339 of 483 steps (70%) done
Select jobs to execute...
Execute 1 jobs...

[Mon Aug 31 00:46:11 2026]
localrule run_cell:
    output: results/bias_sensitivity/raw/dp0.5_k0.3_n4000_rauto_m4000.rds
    log: logs/bias_sensitivity/run_dp0.5_k0.3_n4000_rauto_m4000.log
    jobid: 261
    reason: Missing output files: results/bias_sensitivity/raw/dp0.5_k0.3_n4000_rauto_m4000.rds
    wildcards: cell=dp0.5_k0.3_n4000_rauto_m4000
    threads: 4
    resources: tmpdir=/tmp

[Mon Aug 31 00:48:12 2026]
Finished job 72.
340 of 483 steps (70%) done
Select jobs to execute...
Execute 1 jobs...

[Mon Aug 31 00:48:12 2026]
localrule run_cell:
    output: results/bias_sensitivity/raw/dp0.75_k-0.3_n4000_rauto_m4000.rds
    log: logs/bias_sensitivity/run_dp0.75_k-0.3_n4000_rauto_m4000.log
    jobid: 321
    reason: Missing output files: results/bias_sensitivity/raw/dp0.75_k-0.3_n4000_rauto_m4000.rds
    wildcards: cell=dp0.75_k-0.3_n4000_rauto_m4000
    threads: 4
    resources: tmpdir=/tmp

[Mon Aug 31 00:50:56 2026]
Finished job 81.
341 of 483 steps (71%) done
Select jobs to execute...
Execute 1 jobs...

[Mon Aug 31 00:50:56 2026]
localrule run_cell:
    output: results/bias_sensitivity/raw/dp0.85_k0.3_n4000_rauto_m4000.rds
    log: logs/bias_sensitivity/run_dp0.85_k0.3_n4000_rauto_m4000.log
    jobid: 381
    reason: Missing output files: results/bias_sensitivity/raw/dp0.85_k0.3_n4000_rauto_m4000.rds
    wildcards: cell=dp0.85_k0.3_n4000_rauto_m4000
    threads: 4
    resources: tmpdir=/tmp

[Mon Aug 31 00:51:02 2026]
Finished job 145.
342 of 483 steps (71%) done
Select jobs to execute...
Execute 1 jobs...

[Mon Aug 31 00:51:02 2026]
localrule run_cell:
    output: results/bias_sensitivity/raw/dp0.8_k-0.3_n6000_rauto_m2000.rds
    log: logs/bias_sensitivity/run_dp0.8_k-0.3_n6000_rauto_m2000.log
    jobid: 394
    reason: Missing output files: results/bias_sensitivity/raw/dp0.8_k-0.3_n6000_rauto_m2000.rds
    wildcards: cell=dp0.8_k-0.3_n6000_rauto_m2000
    threads: 4
    resources: tmpdir=/tmp

[Mon Aug 31 00:51:46 2026]
Finished job 261.
343 of 483 steps (71%) done
Select jobs to execute...
Execute 1 jobs...

[Mon Aug 31 00:51:46 2026]
localrule run_cell:
    output: results/bias_sensitivity/raw/dp0.9_k0.3_n6000_rauto_m2000.rds
    log: logs/bias_sensitivity/run_dp0.9_k0.3_n6000_rauto_m2000.log
    jobid: 454
    reason: Missing output files: results/bias_sensitivity/raw/dp0.9_k0.3_n6000_rauto_m2000.rds
    wildcards: cell=dp0.9_k0.3_n6000_rauto_m2000
    threads: 4
    resources: tmpdir=/tmp

[Mon Aug 31 00:52:08 2026]
Finished job 335.
344 of 483 steps (71%) done
Select jobs to execute...
Execute 1 jobs...

[Mon Aug 31 00:52:08 2026]
localrule run_cell:
    output: results/bias_sensitivity/raw/dp0.25_k0.3_n6000_rauto_m2000.rds
    log: logs/bias_sensitivity/run_dp0.25_k0.3_n6000_rauto_m2000.log
    jobid: 94
    reason: Missing output files: results/bias_sensitivity/raw/dp0.25_k0.3_n6000_rauto_m2000.rds
    wildcards: cell=dp0.25_k0.3_n6000_rauto_m2000
    threads: 4
    resources: tmpdir=/tmp

[Mon Aug 31 00:53:00 2026]
Finished job 321.
345 of 483 steps (71%) done
Select jobs to execute...
Execute 1 jobs...

[Mon Aug 31 00:53:00 2026]
localrule run_cell:
    output: results/bias_sensitivity/raw/dp0.65_k-0.3_n6000_rauto_m2000.rds
    log: logs/bias_sensitivity/run_dp0.65_k-0.3_n6000_rauto_m2000.log
    jobid: 274
    reason: Missing output files: results/bias_sensitivity/raw/dp0.65_k-0.3_n6000_rauto_m2000.rds
    wildcards: cell=dp0.65_k-0.3_n6000_rauto_m2000
    threads: 4
    resources: tmpdir=/tmp

[Mon Aug 31 00:53:50 2026]
Finished job 445.
346 of 483 steps (72%) done
Select jobs to execute...
Execute 1 jobs...

[Mon Aug 31 00:53:50 2026]
localrule run_cell:
    output: results/bias_sensitivity/raw/dp0.15_k-0.3_n6000_rauto_m2000.rds
    log: logs/bias_sensitivity/run_dp0.15_k-0.3_n6000_rauto_m2000.log
    jobid: 34
    reason: Missing output files: results/bias_sensitivity/raw/dp0.15_k-0.3_n6000_rauto_m2000.rds
    wildcards: cell=dp0.15_k-0.3_n6000_rauto_m2000
    threads: 4
    resources: tmpdir=/tmp

[Mon Aug 31 00:57:31 2026]
Finished job 381.
347 of 483 steps (72%) done
Select jobs to execute...
Execute 1 jobs...

[Mon Aug 31 00:57:31 2026]
localrule run_cell:
    output: results/bias_sensitivity/raw/dp0.4_k0.3_n6000_rauto_m2000.rds
    log: logs/bias_sensitivity/run_dp0.4_k0.3_n6000_rauto_m2000.log
    jobid: 214
    reason: Missing output files: results/bias_sensitivity/raw/dp0.4_k0.3_n6000_rauto_m2000.rds
    wildcards: cell=dp0.4_k0.3_n6000_rauto_m2000
    threads: 4
    resources: tmpdir=/tmp

[Mon Aug 31 00:58:14 2026]
Finished job 265.
348 of 483 steps (72%) done
Select jobs to execute...
Execute 1 jobs...

[Mon Aug 31 00:58:14 2026]
localrule run_cell:
    output: results/bias_sensitivity/raw/dp0.75_k0.3_n6000_rauto_m2000.rds
    log: logs/bias_sensitivity/run_dp0.75_k0.3_n6000_rauto_m2000.log
    jobid: 334
    reason: Missing output files: results/bias_sensitivity/raw/dp0.75_k0.3_n6000_rauto_m2000.rds
    wildcards: cell=dp0.75_k0.3_n6000_rauto_m2000
    threads: 4
    resources: tmpdir=/tmp

[Mon Aug 31 00:59:15 2026]
Finished job 432.
349 of 483 steps (72%) done
Select jobs to execute...
Execute 1 jobs...

[Mon Aug 31 00:59:15 2026]
localrule run_cell:
    output: results/bias_sensitivity/raw/dp0.1_k0.3_n1000_rauto_m2000.rds
    log: logs/bias_sensitivity/run_dp0.1_k0.3_n1000_rauto_m2000.log
    jobid: 64
    reason: Missing output files: results/bias_sensitivity/raw/dp0.1_k0.3_n1000_rauto_m2000.rds
    wildcards: cell=dp0.1_k0.3_n1000_rauto_m2000
    threads: 4
    resources: tmpdir=/tmp

[Mon Aug 31 01:00:08 2026]
Finished job 394.
350 of 483 steps (72%) done
Select jobs to execute...
Execute 1 jobs...

[Mon Aug 31 01:00:08 2026]
localrule run_cell:
    output: results/bias_sensitivity/raw/dp0.35_k-0.3_n1000_rauto_m2000.rds
    log: logs/bias_sensitivity/run_dp0.35_k-0.3_n1000_rauto_m2000.log
    jobid: 124
    reason: Missing output files: results/bias_sensitivity/raw/dp0.35_k-0.3_n1000_rauto_m2000.rds
    wildcards: cell=dp0.35_k-0.3_n1000_rauto_m2000
    threads: 4
    resources: tmpdir=/tmp

[Mon Aug 31 01:01:03 2026]
Finished job 64.
351 of 483 steps (73%) done
Select jobs to execute...
Execute 1 jobs...

[Mon Aug 31 01:01:03 2026]
localrule run_cell:
    output: results/bias_sensitivity/raw/dp0.45_k0.3_n1000_rauto_m2000.rds
    log: logs/bias_sensitivity/run_dp0.45_k0.3_n1000_rauto_m2000.log
    jobid: 184
    reason: Missing output files: results/bias_sensitivity/raw/dp0.45_k0.3_n1000_rauto_m2000.rds
    wildcards: cell=dp0.45_k0.3_n1000_rauto_m2000
    threads: 4
    resources: tmpdir=/tmp

[Mon Aug 31 01:01:05 2026]
Finished job 205.
352 of 483 steps (73%) done
Select jobs to execute...
Execute 1 jobs...

[Mon Aug 31 01:01:05 2026]
localrule run_cell:
    output: results/bias_sensitivity/raw/dp0.5_k-0.3_n1000_rauto_m2000.rds
    log: logs/bias_sensitivity/run_dp0.5_k-0.3_n1000_rauto_m2000.log
    jobid: 244
    reason: Missing output files: results/bias_sensitivity/raw/dp0.5_k-0.3_n1000_rauto_m2000.rds
    wildcards: cell=dp0.5_k-0.3_n1000_rauto_m2000
    threads: 4
    resources: tmpdir=/tmp

[Mon Aug 31 01:01:43 2026]
Finished job 124.
353 of 483 steps (73%) done
Select jobs to execute...
Execute 1 jobs...

[Mon Aug 31 01:01:43 2026]
localrule run_cell:
    output: results/bias_sensitivity/raw/dp0.95_k0.3_n1000_rauto_m2000.rds
    log: logs/bias_sensitivity/run_dp0.95_k0.3_n1000_rauto_m2000.log
    jobid: 424
    reason: Missing output files: results/bias_sensitivity/raw/dp0.95_k0.3_n1000_rauto_m2000.rds
    wildcards: cell=dp0.95_k0.3_n1000_rauto_m2000
    threads: 4
    resources: tmpdir=/tmp

[Mon Aug 31 01:01:50 2026]
Finished job 25.
354 of 483 steps (73%) done
Select jobs to execute...
Execute 1 jobs...

[Mon Aug 31 01:01:50 2026]
localrule run_cell:
    output: results/bias_sensitivity/raw/dp0.4_k-0.3_n1000_rauto_m4000.rds
    log: logs/bias_sensitivity/run_dp0.4_k-0.3_n1000_rauto_m4000.log
    jobid: 197
    reason: Missing output files: results/bias_sensitivity/raw/dp0.4_k-0.3_n1000_rauto_m4000.rds
    wildcards: cell=dp0.4_k-0.3_n1000_rauto_m4000
    threads: 4
    resources: tmpdir=/tmp

[Mon Aug 31 01:02:40 2026]
Finished job 244.
355 of 483 steps (73%) done
Select jobs to execute...
Execute 1 jobs...

[Mon Aug 31 01:02:40 2026]
localrule run_cell:
    output: results/bias_sensitivity/raw/dp0.35_k0.3_n1000_rauto_m4000.rds
    log: logs/bias_sensitivity/run_dp0.35_k0.3_n1000_rauto_m4000.log
    jobid: 137
    reason: Missing output files: results/bias_sensitivity/raw/dp0.35_k0.3_n1000_rauto_m4000.rds
    wildcards: cell=dp0.35_k0.3_n1000_rauto_m4000
    threads: 4
    resources: tmpdir=/tmp

[Mon Aug 31 01:02:40 2026]
Finished job 184.
356 of 483 steps (74%) done
Select jobs to execute...
Execute 1 jobs...

[Mon Aug 31 01:02:40 2026]
localrule run_cell:
    output: results/bias_sensitivity/raw/dp0.85_k0.3_n1000_rauto_m4000.rds
    log: logs/bias_sensitivity/run_dp0.85_k0.3_n1000_rauto_m4000.log
    jobid: 377
    reason: Missing output files: results/bias_sensitivity/raw/dp0.85_k0.3_n1000_rauto_m4000.rds
    wildcards: cell=dp0.85_k0.3_n1000_rauto_m4000
    threads: 4
    resources: tmpdir=/tmp

[Mon Aug 31 01:02:52 2026]
Finished job 385.
357 of 483 steps (74%) done
Select jobs to execute...
Execute 1 jobs...

[Mon Aug 31 01:02:52 2026]
localrule run_cell:
    output: results/bias_sensitivity/raw/dp0.05_k0.3_n1000_rauto_m4000.rds
    log: logs/bias_sensitivity/run_dp0.05_k0.3_n1000_rauto_m4000.log
    jobid: 17
    reason: Missing output files: results/bias_sensitivity/raw/dp0.05_k0.3_n1000_rauto_m4000.rds
    wildcards: cell=dp0.05_k0.3_n1000_rauto_m4000
    threads: 4
    resources: tmpdir=/tmp

[Mon Aug 31 01:03:23 2026]
Finished job 424.
358 of 483 steps (74%) done
Select jobs to execute...
Execute 1 jobs...

[Mon Aug 31 01:03:23 2026]
localrule run_cell:
    output: results/bias_sensitivity/raw/dp0.25_k-0.3_n1000_rauto_m4000.rds
    log: logs/bias_sensitivity/run_dp0.25_k-0.3_n1000_rauto_m4000.log
    jobid: 77
    reason: Missing output files: results/bias_sensitivity/raw/dp0.25_k-0.3_n1000_rauto_m4000.rds
    wildcards: cell=dp0.25_k-0.3_n1000_rauto_m4000
    threads: 4
    resources: tmpdir=/tmp

[Mon Aug 31 01:03:45 2026]
Finished job 197.
359 of 483 steps (74%) done
Select jobs to execute...
Execute 1 jobs...

[Mon Aug 31 01:03:45 2026]
localrule run_cell:
    output: results/bias_sensitivity/raw/dp0.5_k0.3_n1000_rauto_m4000.rds
    log: logs/bias_sensitivity/run_dp0.5_k0.3_n1000_rauto_m4000.log
    jobid: 257
    reason: Missing output files: results/bias_sensitivity/raw/dp0.5_k0.3_n1000_rauto_m4000.rds
    wildcards: cell=dp0.5_k0.3_n1000_rauto_m4000
    threads: 4
    resources: tmpdir=/tmp

[Mon Aug 31 01:04:20 2026]
Finished job 377.
360 of 483 steps (75%) done
Select jobs to execute...
Execute 1 jobs...

[Mon Aug 31 01:04:20 2026]
localrule run_cell:
    output: results/bias_sensitivity/raw/dp0.3_k0.3_n6000_rauto_m4000.rds
    log: logs/bias_sensitivity/run_dp0.3_k0.3_n6000_rauto_m4000.log
    jobid: 167
    reason: Missing output files: results/bias_sensitivity/raw/dp0.3_k0.3_n6000_rauto_m4000.rds
    wildcards: cell=dp0.3_k0.3_n6000_rauto_m4000
    threads: 4
    resources: tmpdir=/tmp

[Mon Aug 31 01:04:21 2026]
Finished job 137.
361 of 483 steps (75%) done
Select jobs to execute...
Execute 1 jobs...

[Mon Aug 31 01:04:21 2026]
localrule run_cell:
    output: results/bias_sensitivity/raw/dp0.7_k-0.3_n6000_rauto_m4000.rds
    log: logs/bias_sensitivity/run_dp0.7_k-0.3_n6000_rauto_m4000.log
    jobid: 347
    reason: Missing output files: results/bias_sensitivity/raw/dp0.7_k-0.3_n6000_rauto_m4000.rds
    wildcards: cell=dp0.7_k-0.3_n6000_rauto_m4000
    threads: 4
    resources: tmpdir=/tmp

[Mon Aug 31 01:04:32 2026]
Finished job 17.
362 of 483 steps (75%) done
Select jobs to execute...
Execute 1 jobs...

[Mon Aug 31 01:04:32 2026]
localrule run_cell:
    output: results/bias_sensitivity/raw/dp0.8_k0.3_n6000_rauto_m4000.rds
    log: logs/bias_sensitivity/run_dp0.8_k0.3_n6000_rauto_m4000.log
    jobid: 407
    reason: Missing output files: results/bias_sensitivity/raw/dp0.8_k0.3_n6000_rauto_m4000.rds
    wildcards: cell=dp0.8_k0.3_n6000_rauto_m4000
    threads: 4
    resources: tmpdir=/tmp

[Mon Aug 31 01:04:57 2026]
Finished job 77.
363 of 483 steps (75%) done
Select jobs to execute...
Execute 1 jobs...

[Mon Aug 31 01:04:57 2026]
localrule run_cell:
    output: results/bias_sensitivity/raw/dp1_k-0.3_n6000_rauto_m4000.rds
    log: logs/bias_sensitivity/run_dp1_k-0.3_n6000_rauto_m4000.log
    jobid: 467
    reason: Missing output files: results/bias_sensitivity/raw/dp1_k-0.3_n6000_rauto_m4000.rds
    wildcards: cell=dp1_k-0.3_n6000_rauto_m4000
    threads: 4
    resources: tmpdir=/tmp

[Mon Aug 31 01:05:24 2026]
Finished job 257.
364 of 483 steps (75%) done
Select jobs to execute...
Execute 1 jobs...

[Mon Aug 31 01:05:24 2026]
localrule run_cell:
    output: results/bias_sensitivity/raw/dp0.45_k-0.3_n8000_rauto_m2000.rds
    log: logs/bias_sensitivity/run_dp0.45_k-0.3_n8000_rauto_m2000.log
    jobid: 180
    reason: Missing output files: results/bias_sensitivity/raw/dp0.45_k-0.3_n8000_rauto_m2000.rds
    wildcards: cell=dp0.45_k-0.3_n8000_rauto_m2000
    threads: 4
    resources: tmpdir=/tmp

[Mon Aug 31 01:05:37 2026]
Finished job 85.
365 of 483 steps (76%) done
Select jobs to execute...
Execute 1 jobs...

[Mon Aug 31 01:05:37 2026]
localrule run_cell:
    output: results/bias_sensitivity/raw/dp0.95_k-0.3_n8000_rauto_m2000.rds
    log: logs/bias_sensitivity/run_dp0.95_k-0.3_n8000_rauto_m2000.log
    jobid: 420
    reason: Missing output files: results/bias_sensitivity/raw/dp0.95_k-0.3_n8000_rauto_m2000.rds
    wildcards: cell=dp0.95_k-0.3_n8000_rauto_m2000
    threads: 4
    resources: tmpdir=/tmp

[Mon Aug 31 01:15:43 2026]
Finished job 467.
366 of 483 steps (76%) done
Select jobs to execute...
Execute 1 jobs...

[Mon Aug 31 01:15:43 2026]
localrule run_cell:
    output: results/bias_sensitivity/raw/dp0.1_k-0.3_n8000_rauto_m2000.rds
    log: logs/bias_sensitivity/run_dp0.1_k-0.3_n8000_rauto_m2000.log
    jobid: 60
    reason: Missing output files: results/bias_sensitivity/raw/dp0.1_k-0.3_n8000_rauto_m2000.rds
    wildcards: cell=dp0.1_k-0.3_n8000_rauto_m2000
    threads: 4
    resources: tmpdir=/tmp

[Mon Aug 31 01:20:49 2026]
Finished job 51.
367 of 483 steps (76%) done
Select jobs to execute...
Execute 1 jobs...

[Mon Aug 31 01:20:49 2026]
localrule run_cell:
    output: results/bias_sensitivity/raw/dp0.55_k0.3_n8000_rauto_m2000.rds
    log: logs/bias_sensitivity/run_dp0.55_k0.3_n8000_rauto_m2000.log
    jobid: 240
    reason: Missing output files: results/bias_sensitivity/raw/dp0.55_k0.3_n8000_rauto_m2000.rds
    wildcards: cell=dp0.55_k0.3_n8000_rauto_m2000
    threads: 4
    resources: tmpdir=/tmp

[Mon Aug 31 01:21:53 2026]
Finished job 458.
368 of 483 steps (76%) done
Select jobs to execute...
Execute 1 jobs...

[Mon Aug 31 01:21:53 2026]
localrule run_cell:
    output: results/bias_sensitivity/raw/dp0.7_k0.3_n8000_rauto_m2000.rds
    log: logs/bias_sensitivity/run_dp0.7_k0.3_n8000_rauto_m2000.log
    jobid: 360
    reason: Missing output files: results/bias_sensitivity/raw/dp0.7_k0.3_n8000_rauto_m2000.rds
    wildcards: cell=dp0.7_k0.3_n8000_rauto_m2000
    threads: 4
    resources: tmpdir=/tmp

[Mon Aug 31 01:22:33 2026]
Finished job 231.
369 of 483 steps (76%) done
Select jobs to execute...
Execute 1 jobs...

[Mon Aug 31 01:22:34 2026]
localrule run_cell:
    output: results/bias_sensitivity/raw/dp0.6_k-0.3_n8000_rauto_m2000.rds
    log: logs/bias_sensitivity/run_dp0.6_k-0.3_n8000_rauto_m2000.log
    jobid: 300
    reason: Missing output files: results/bias_sensitivity/raw/dp0.6_k-0.3_n8000_rauto_m2000.rds
    wildcards: cell=dp0.6_k-0.3_n8000_rauto_m2000
    threads: 4
    resources: tmpdir=/tmp

[Mon Aug 31 01:24:13 2026]
Finished job 291.
370 of 483 steps (77%) done
Select jobs to execute...
Execute 1 jobs...

[Mon Aug 31 01:24:13 2026]
localrule run_cell:
    output: results/bias_sensitivity/raw/dp0.2_k0.3_n8000_rauto_m2000.rds
    log: logs/bias_sensitivity/run_dp0.2_k0.3_n8000_rauto_m2000.log
    jobid: 120
    reason: Missing output files: results/bias_sensitivity/raw/dp0.2_k0.3_n8000_rauto_m2000.rds
    wildcards: cell=dp0.2_k0.3_n8000_rauto_m2000
    threads: 4
    resources: tmpdir=/tmp

[Mon Aug 31 01:25:56 2026]
Finished job 274.
371 of 483 steps (77%) done
Select jobs to execute...
Execute 1 jobs...

[Mon Aug 31 01:25:56 2026]
localrule run_cell:
    output: results/bias_sensitivity/raw/dp0.3_k-0.3_n2000_rauto_m2000.rds
    log: logs/bias_sensitivity/run_dp0.3_k-0.3_n2000_rauto_m2000.log
    jobid: 150
    reason: Missing output files: results/bias_sensitivity/raw/dp0.3_k-0.3_n2000_rauto_m2000.rds
    wildcards: cell=dp0.3_k-0.3_n2000_rauto_m2000
    threads: 4
    resources: tmpdir=/tmp

[Mon Aug 31 01:26:22 2026]
Finished job 171.
372 of 483 steps (77%) done
Select jobs to execute...
Execute 1 jobs...

[Mon Aug 31 01:26:22 2026]
localrule run_cell:
    output: results/bias_sensitivity/raw/dp0.45_k-0.3_n1000_rauto_m2000.rds
    log: logs/bias_sensitivity/run_dp0.45_k-0.3_n1000_rauto_m2000.log
    jobid: 172
    reason: Missing output files: results/bias_sensitivity/raw/dp0.45_k-0.3_n1000_rauto_m2000.rds
    wildcards: cell=dp0.45_k-0.3_n1000_rauto_m2000
    threads: 4
    resources: tmpdir=/tmp

[Mon Aug 31 01:26:59 2026]
Finished job 351.
373 of 483 steps (77%) done
Select jobs to execute...
Execute 1 jobs...

[Mon Aug 31 01:26:59 2026]
localrule run_cell:
    output: results/bias_sensitivity/raw/dp0.4_k0.3_n2000_rauto_m2000.rds
    log: logs/bias_sensitivity/run_dp0.4_k0.3_n2000_rauto_m2000.log
    jobid: 210
    reason: Missing output files: results/bias_sensitivity/raw/dp0.4_k0.3_n2000_rauto_m2000.rds
    wildcards: cell=dp0.4_k0.3_n2000_rauto_m2000
    threads: 4
    resources: tmpdir=/tmp

[Mon Aug 31 01:27:52 2026]
Finished job 398.
374 of 483 steps (77%) done
Select jobs to execute...
Execute 1 jobs...

[Mon Aug 31 01:27:52 2026]
localrule run_cell:
    output: results/bias_sensitivity/raw/dp0.75_k0.3_n2000_rauto_m2000.rds
    log: logs/bias_sensitivity/run_dp0.75_k0.3_n2000_rauto_m2000.log
    jobid: 330
    reason: Missing output files: results/bias_sensitivity/raw/dp0.75_k0.3_n2000_rauto_m2000.rds
    wildcards: cell=dp0.75_k0.3_n2000_rauto_m2000
    threads: 4
    resources: tmpdir=/tmp

[Mon Aug 31 01:27:57 2026]
Finished job 172.
375 of 483 steps (78%) done
Select jobs to execute...
Execute 1 jobs...

[Mon Aug 31 01:27:57 2026]
localrule run_cell:
    output: results/bias_sensitivity/raw/dp0.65_k-0.3_n10000_rauto_m2000.rds
    log: logs/bias_sensitivity/run_dp0.65_k-0.3_n10000_rauto_m2000.log
    jobid: 266
    reason: Missing output files: results/bias_sensitivity/raw/dp0.65_k-0.3_n10000_rauto_m2000.rds
    wildcards: cell=dp0.65_k-0.3_n10000_rauto_m2000
    threads: 4
    resources: tmpdir=/tmp

[Mon Aug 31 01:28:53 2026]
Finished job 454.
376 of 483 steps (78%) done
Select jobs to execute...
Execute 1 jobs...

[Mon Aug 31 01:28:53 2026]
localrule run_cell:
    output: results/bias_sensitivity/raw/dp0.55_k-0.3_n4000_rauto_m2000.rds
    log: logs/bias_sensitivity/run_dp0.55_k-0.3_n4000_rauto_m2000.log
    jobid: 224
    reason: Missing output files: results/bias_sensitivity/raw/dp0.55_k-0.3_n4000_rauto_m2000.rds
    wildcards: cell=dp0.55_k-0.3_n4000_rauto_m2000
    threads: 4
    resources: tmpdir=/tmp

[Mon Aug 31 01:29:07 2026]
Finished job 214.
377 of 483 steps (78%) done
Select jobs to execute...
Execute 1 jobs...

[Mon Aug 31 01:29:07 2026]
localrule run_cell:
    output: results/bias_sensitivity/raw/dp1_k-0.3_n4000_rauto_m2000.rds
    log: logs/bias_sensitivity/run_dp1_k-0.3_n4000_rauto_m2000.log
    jobid: 464
    reason: Missing output files: results/bias_sensitivity/raw/dp1_k-0.3_n4000_rauto_m2000.rds
    wildcards: cell=dp1_k-0.3_n4000_rauto_m2000
    threads: 4
    resources: tmpdir=/tmp

[Mon Aug 31 01:29:19 2026]
Finished job 34.
378 of 483 steps (78%) done
Select jobs to execute...
Execute 1 jobs...

[Mon Aug 31 01:29:19 2026]
localrule run_cell:
    output: results/bias_sensitivity/raw/dp0.65_k0.3_n2000_rauto_m4000.rds
    log: logs/bias_sensitivity/run_dp0.65_k0.3_n2000_rauto_m4000.log
    jobid: 283
    reason: Missing output files: results/bias_sensitivity/raw/dp0.65_k0.3_n2000_rauto_m4000.rds
    wildcards: cell=dp0.65_k0.3_n2000_rauto_m4000
    threads: 4
    resources: tmpdir=/tmp

[Mon Aug 31 01:30:13 2026]
Finished job 150.
379 of 483 steps (78%) done
Select jobs to execute...
Execute 1 jobs...

[Mon Aug 31 01:30:13 2026]
localrule run_cell:
    output: results/bias_sensitivity/raw/dp0.05_k0.3_n2000_rauto_m2000.rds
    log: logs/bias_sensitivity/run_dp0.05_k0.3_n2000_rauto_m2000.log
    jobid: 18
    reason: Missing output files: results/bias_sensitivity/raw/dp0.05_k0.3_n2000_rauto_m2000.rds
    wildcards: cell=dp0.05_k0.3_n2000_rauto_m2000
    threads: 4
    resources: tmpdir=/tmp

[Mon Aug 31 01:30:52 2026]
Finished job 167.
380 of 483 steps (79%) done
Select jobs to execute...
Execute 1 jobs...

[Mon Aug 31 01:30:52 2026]
localrule run_cell:
    output: results/bias_sensitivity/raw/dp0.25_k-0.3_n2000_rauto_m2000.rds
    log: logs/bias_sensitivity/run_dp0.25_k-0.3_n2000_rauto_m2000.log
    jobid: 78
    reason: Missing output files: results/bias_sensitivity/raw/dp0.25_k-0.3_n2000_rauto_m2000.rds
    wildcards: cell=dp0.25_k-0.3_n2000_rauto_m2000
    threads: 4
    resources: tmpdir=/tmp

[Mon Aug 31 01:31:52 2026]
Finished job 240.
381 of 483 steps (79%) done
Select jobs to execute...
Execute 1 jobs...

[Mon Aug 31 01:31:52 2026]
localrule run_cell:
    output: results/bias_sensitivity/raw/dp0.7_k-0.3_n2000_rauto_m4000.rds
    log: logs/bias_sensitivity/run_dp0.7_k-0.3_n2000_rauto_m4000.log
    jobid: 343
    reason: Missing output files: results/bias_sensitivity/raw/dp0.7_k-0.3_n2000_rauto_m4000.rds
    wildcards: cell=dp0.7_k-0.3_n2000_rauto_m4000
    threads: 4
    resources: tmpdir=/tmp

[Mon Aug 31 01:32:21 2026]
Finished job 180.
382 of 483 steps (79%) done
Select jobs to execute...
Execute 1 jobs...

[Mon Aug 31 01:32:21 2026]
localrule run_cell:
    output: results/bias_sensitivity/raw/dp0.15_k0.3_n2000_rauto_m4000.rds
    log: logs/bias_sensitivity/run_dp0.15_k0.3_n2000_rauto_m4000.log
    jobid: 43
    reason: Missing output files: results/bias_sensitivity/raw/dp0.15_k0.3_n2000_rauto_m4000.rds
    wildcards: cell=dp0.15_k0.3_n2000_rauto_m4000
    threads: 4
    resources: tmpdir=/tmp

[Mon Aug 31 01:33:31 2026]
Finished job 210.
383 of 483 steps (79%) done
Select jobs to execute...
Execute 1 jobs...

[Mon Aug 31 01:33:31 2026]
localrule run_cell:
    output: results/bias_sensitivity/raw/dp0.2_k-0.3_n2000_rauto_m4000.rds
    log: logs/bias_sensitivity/run_dp0.2_k-0.3_n2000_rauto_m4000.log
    jobid: 103
    reason: Missing output files: results/bias_sensitivity/raw/dp0.2_k-0.3_n2000_rauto_m4000.rds
    wildcards: cell=dp0.2_k-0.3_n2000_rauto_m4000
    threads: 4
    resources: tmpdir=/tmp

[Mon Aug 31 01:33:39 2026]
Finished job 18.
384 of 483 steps (80%) done
Select jobs to execute...
Execute 1 jobs...

[Mon Aug 31 01:33:39 2026]
localrule run_cell:
    output: results/bias_sensitivity/raw/dp0.3_k0.3_n2000_rauto_m4000.rds
    log: logs/bias_sensitivity/run_dp0.3_k0.3_n2000_rauto_m4000.log
    jobid: 163
    reason: Missing output files: results/bias_sensitivity/raw/dp0.3_k0.3_n2000_rauto_m4000.rds
    wildcards: cell=dp0.3_k0.3_n2000_rauto_m4000
    threads: 4
    resources: tmpdir=/tmp

[Mon Aug 31 01:33:56 2026]
Finished job 330.
385 of 483 steps (80%) done
Select jobs to execute...
Execute 1 jobs...

[Mon Aug 31 01:33:56 2026]
localrule run_cell:
    output: results/bias_sensitivity/raw/dp0.75_k-0.3_n2000_rauto_m2000.rds
    log: logs/bias_sensitivity/run_dp0.75_k-0.3_n2000_rauto_m2000.log
    jobid: 318
    reason: Missing output files: results/bias_sensitivity/raw/dp0.75_k-0.3_n2000_rauto_m2000.rds
    wildcards: cell=dp0.75_k-0.3_n2000_rauto_m2000
    threads: 4
    resources: tmpdir=/tmp

[Mon Aug 31 01:35:31 2026]
Finished job 407.
386 of 483 steps (80%) done
Select jobs to execute...
Execute 1 jobs...

[Mon Aug 31 01:35:31 2026]
localrule run_cell:
    output: results/bias_sensitivity/raw/dp0.9_k-0.3_n2000_rauto_m2000.rds
    log: logs/bias_sensitivity/run_dp0.9_k-0.3_n2000_rauto_m2000.log
    jobid: 438
    reason: Missing output files: results/bias_sensitivity/raw/dp0.9_k-0.3_n2000_rauto_m2000.rds
    wildcards: cell=dp0.9_k-0.3_n2000_rauto_m2000
    threads: 4
    resources: tmpdir=/tmp

[Mon Aug 31 01:35:40 2026]
Finished job 283.
387 of 483 steps (80%) done
Select jobs to execute...
Execute 1 jobs...

[Mon Aug 31 01:35:40 2026]
localrule run_cell:
    output: results/bias_sensitivity/raw/dp0.4_k0.3_n10000_rauto_m2000.rds
    log: logs/bias_sensitivity/run_dp0.4_k0.3_n10000_rauto_m2000.log
    jobid: 206
    reason: Missing output files: results/bias_sensitivity/raw/dp0.4_k0.3_n10000_rauto_m2000.rds
    wildcards: cell=dp0.4_k0.3_n10000_rauto_m2000
    threads: 4
    resources: tmpdir=/tmp

[Mon Aug 31 01:35:57 2026]
Finished job 94.
388 of 483 steps (80%) done
Select jobs to execute...
Execute 1 jobs...

[Mon Aug 31 01:35:57 2026]
localrule run_cell:
    output: results/bias_sensitivity/raw/dp0.15_k-0.3_n10000_rauto_m2000.rds
    log: logs/bias_sensitivity/run_dp0.15_k-0.3_n10000_rauto_m2000.log
    jobid: 26
    reason: Missing output files: results/bias_sensitivity/raw/dp0.15_k-0.3_n10000_rauto_m2000.rds
    wildcards: cell=dp0.15_k-0.3_n10000_rauto_m2000
    threads: 4
    resources: tmpdir=/tmp

[Mon Aug 31 01:36:45 2026]
Finished job 224.
389 of 483 steps (81%) done
Select jobs to execute...
Execute 1 jobs...

[Mon Aug 31 01:36:45 2026]
localrule run_cell:
    output: results/bias_sensitivity/raw/dp0.3_k-0.3_n10000_rauto_m2000.rds
    log: logs/bias_sensitivity/run_dp0.3_k-0.3_n10000_rauto_m2000.log
    jobid: 146
    reason: Missing output files: results/bias_sensitivity/raw/dp0.3_k-0.3_n10000_rauto_m2000.rds
    wildcards: cell=dp0.3_k-0.3_n10000_rauto_m2000
    threads: 4
    resources: tmpdir=/tmp

[Mon Aug 31 01:36:56 2026]
Finished job 464.
390 of 483 steps (81%) done
Select jobs to execute...
Execute 1 jobs...

[Mon Aug 31 01:36:56 2026]
localrule run_cell:
    output: results/bias_sensitivity/raw/dp0.9_k0.3_n10000_rauto_m2000.rds
    log: logs/bias_sensitivity/run_dp0.9_k0.3_n10000_rauto_m2000.log
    jobid: 446
    reason: Missing output files: results/bias_sensitivity/raw/dp0.9_k0.3_n10000_rauto_m2000.rds
    wildcards: cell=dp0.9_k0.3_n10000_rauto_m2000
    threads: 4
    resources: tmpdir=/tmp

[Mon Aug 31 01:36:58 2026]
Finished job 78.
391 of 483 steps (81%) done
Select jobs to execute...
Execute 1 jobs...

[Mon Aug 31 01:36:58 2026]
localrule run_cell:
    output: results/bias_sensitivity/raw/dp0.25_k0.3_n10000_rauto_m2000.rds
    log: logs/bias_sensitivity/run_dp0.25_k0.3_n10000_rauto_m2000.log
    jobid: 86
    reason: Missing output files: results/bias_sensitivity/raw/dp0.25_k0.3_n10000_rauto_m2000.rds
    wildcards: cell=dp0.25_k0.3_n10000_rauto_m2000
    threads: 4
    resources: tmpdir=/tmp

[Mon Aug 31 01:36:59 2026]
Finished job 103.
392 of 483 steps (81%) done
Select jobs to execute...
Execute 1 jobs...

[Mon Aug 31 01:36:59 2026]
localrule run_cell:
    output: results/bias_sensitivity/raw/dp0.8_k-0.3_n10000_rauto_m2000.rds
    log: logs/bias_sensitivity/run_dp0.8_k-0.3_n10000_rauto_m2000.log
    jobid: 386
    reason: Missing output files: results/bias_sensitivity/raw/dp0.8_k-0.3_n10000_rauto_m2000.rds
    wildcards: cell=dp0.8_k-0.3_n10000_rauto_m2000
    threads: 4
    resources: tmpdir=/tmp

[Mon Aug 31 01:37:14 2026]
Finished job 163.
393 of 483 steps (81%) done
Select jobs to execute...
Execute 1 jobs...

[Mon Aug 31 01:37:14 2026]
localrule run_cell:
    output: results/bias_sensitivity/raw/dp0.2_k0.3_n4000_rauto_m2000.rds
    log: logs/bias_sensitivity/run_dp0.2_k0.3_n4000_rauto_m2000.log
    jobid: 116
    reason: Missing output files: results/bias_sensitivity/raw/dp0.2_k0.3_n4000_rauto_m2000.rds
    wildcards: cell=dp0.2_k0.3_n4000_rauto_m2000
    threads: 4
    resources: tmpdir=/tmp

[Mon Aug 31 01:37:54 2026]
Finished job 343.
394 of 483 steps (82%) done
Select jobs to execute...
Execute 1 jobs...

[Mon Aug 31 01:37:54 2026]
localrule run_cell:
    output: results/bias_sensitivity/raw/dp0.45_k-0.3_n4000_rauto_m2000.rds
    log: logs/bias_sensitivity/run_dp0.45_k-0.3_n4000_rauto_m2000.log
    jobid: 176
    reason: Missing output files: results/bias_sensitivity/raw/dp0.45_k-0.3_n4000_rauto_m2000.rds
    wildcards: cell=dp0.45_k-0.3_n4000_rauto_m2000
    threads: 4
    resources: tmpdir=/tmp

[Mon Aug 31 01:37:59 2026]
Finished job 43.
395 of 483 steps (82%) done
Select jobs to execute...
Execute 1 jobs...

[Mon Aug 31 01:37:59 2026]
localrule run_cell:
    output: results/bias_sensitivity/raw/dp0.6_k-0.3_n4000_rauto_m2000.rds
    log: logs/bias_sensitivity/run_dp0.6_k-0.3_n4000_rauto_m2000.log
    jobid: 296
    reason: Missing output files: results/bias_sensitivity/raw/dp0.6_k-0.3_n4000_rauto_m2000.rds
    wildcards: cell=dp0.6_k-0.3_n4000_rauto_m2000
    threads: 4
    resources: tmpdir=/tmp

[Mon Aug 31 01:39:29 2026]
Finished job 318.
396 of 483 steps (82%) done
Select jobs to execute...
Execute 1 jobs...

[Mon Aug 31 01:39:29 2026]
localrule run_cell:
    output: results/bias_sensitivity/raw/dp0.95_k-0.3_n4000_rauto_m2000.rds
    log: logs/bias_sensitivity/run_dp0.95_k-0.3_n4000_rauto_m2000.log
    jobid: 416
    reason: Missing output files: results/bias_sensitivity/raw/dp0.95_k-0.3_n4000_rauto_m2000.rds
    wildcards: cell=dp0.95_k-0.3_n4000_rauto_m2000
    threads: 4
    resources: tmpdir=/tmp

[Mon Aug 31 01:40:30 2026]
Finished job 438.
397 of 483 steps (82%) done
Select jobs to execute...
Execute 1 jobs...

[Mon Aug 31 01:40:30 2026]
localrule run_cell:
    output: results/bias_sensitivity/raw/dp1_k0.3_n4000_rauto_m2000.rds
    log: logs/bias_sensitivity/run_dp1_k0.3_n4000_rauto_m2000.log
    jobid: 476
    reason: Missing output files: results/bias_sensitivity/raw/dp1_k0.3_n4000_rauto_m2000.rds
    wildcards: cell=dp1_k0.3_n4000_rauto_m2000
    threads: 4
    resources: tmpdir=/tmp

[Mon Aug 31 01:41:57 2026]
Finished job 116.
398 of 483 steps (82%) done
Select jobs to execute...
Execute 1 jobs...

[Mon Aug 31 01:41:57 2026]
localrule run_cell:
    output: results/bias_sensitivity/raw/dp0.05_k-0.3_n8000_rauto_m4000.rds
    log: logs/bias_sensitivity/run_dp0.05_k-0.3_n8000_rauto_m4000.log
    jobid: 13
    reason: Missing output files: results/bias_sensitivity/raw/dp0.05_k-0.3_n8000_rauto_m4000.rds
    wildcards: cell=dp0.05_k-0.3_n8000_rauto_m4000
    threads: 4
    resources: tmpdir=/tmp

[Mon Aug 31 01:43:06 2026]
Finished job 176.
399 of 483 steps (83%) done
Select jobs to execute...
Execute 1 jobs...

[Mon Aug 31 01:43:06 2026]
localrule run_cell:
    output: results/bias_sensitivity/raw/dp0.5_k-0.3_n8000_rauto_m4000.rds
    log: logs/bias_sensitivity/run_dp0.5_k-0.3_n8000_rauto_m4000.log
    jobid: 253
    reason: Missing output files: results/bias_sensitivity/raw/dp0.5_k-0.3_n8000_rauto_m4000.rds
    wildcards: cell=dp0.5_k-0.3_n8000_rauto_m4000
    threads: 4
    resources: tmpdir=/tmp

[Mon Aug 31 01:44:08 2026]
Finished job 411.
400 of 483 steps (83%) done
Select jobs to execute...
Execute 1 jobs...

[Mon Aug 31 01:44:08 2026]
localrule run_cell:
    output: results/bias_sensitivity/raw/dp0.6_k0.3_n4000_rauto_m4000.rds
    log: logs/bias_sensitivity/run_dp0.6_k0.3_n4000_rauto_m4000.log
    jobid: 309
    reason: Missing output files: results/bias_sensitivity/raw/dp0.6_k0.3_n4000_rauto_m4000.rds
    wildcards: cell=dp0.6_k0.3_n4000_rauto_m4000
    threads: 4
    resources: tmpdir=/tmp

[Mon Aug 31 01:45:27 2026]
Finished job 347.
401 of 483 steps (83%) done
Select jobs to execute...
Execute 1 jobs...

[Mon Aug 31 01:45:27 2026]
localrule run_cell:
    output: results/bias_sensitivity/raw/dp0.85_k-0.3_n4000_rauto_m4000.rds
    log: logs/bias_sensitivity/run_dp0.85_k-0.3_n4000_rauto_m4000.log
    jobid: 369
    reason: Missing output files: results/bias_sensitivity/raw/dp0.85_k-0.3_n4000_rauto_m4000.rds
    wildcards: cell=dp0.85_k-0.3_n4000_rauto_m4000
    threads: 4
    resources: tmpdir=/tmp

[Mon Aug 31 01:45:34 2026]
Finished job 296.
402 of 483 steps (83%) done
Select jobs to execute...
Execute 1 jobs...

[Mon Aug 31 01:45:34 2026]
localrule run_cell:
    output: results/bias_sensitivity/raw/dp0.05_k-0.3_n4000_rauto_m4000.rds
    log: logs/bias_sensitivity/run_dp0.05_k-0.3_n4000_rauto_m4000.log
    jobid: 9
    reason: Missing output files: results/bias_sensitivity/raw/dp0.05_k-0.3_n4000_rauto_m4000.rds
    wildcards: cell=dp0.05_k-0.3_n4000_rauto_m4000
    threads: 4
    resources: tmpdir=/tmp

[Mon Aug 31 01:48:00 2026]
Finished job 416.
403 of 483 steps (83%) done
Select jobs to execute...
Execute 1 jobs...

[Mon Aug 31 01:48:00 2026]
localrule run_cell:
    output: results/bias_sensitivity/raw/dp0.1_k0.3_n4000_rauto_m4000.rds
    log: logs/bias_sensitivity/run_dp0.1_k0.3_n4000_rauto_m4000.log
    jobid: 69
    reason: Missing output files: results/bias_sensitivity/raw/dp0.1_k0.3_n4000_rauto_m4000.rds
    wildcards: cell=dp0.1_k0.3_n4000_rauto_m4000
    threads: 4
    resources: tmpdir=/tmp

[Mon Aug 31 01:48:15 2026]
Finished job 334.
404 of 483 steps (84%) done
Select jobs to execute...
Execute 1 jobs...

[Mon Aug 31 01:48:15 2026]
localrule run_cell:
    output: results/bias_sensitivity/raw/dp0.35_k-0.3_n4000_rauto_m4000.rds
    log: logs/bias_sensitivity/run_dp0.35_k-0.3_n4000_rauto_m4000.log
    jobid: 129
    reason: Missing output files: results/bias_sensitivity/raw/dp0.35_k-0.3_n4000_rauto_m4000.rds
    wildcards: cell=dp0.35_k-0.3_n4000_rauto_m4000
    threads: 4
    resources: tmpdir=/tmp

[Mon Aug 31 01:48:23 2026]
Finished job 476.
405 of 483 steps (84%) done
Select jobs to execute...
Execute 1 jobs...

[Mon Aug 31 01:48:23 2026]
localrule run_cell:
    output: results/bias_sensitivity/raw/dp0.45_k0.3_n4000_rauto_m4000.rds
    log: logs/bias_sensitivity/run_dp0.45_k0.3_n4000_rauto_m4000.log
    jobid: 189
    reason: Missing output files: results/bias_sensitivity/raw/dp0.45_k0.3_n4000_rauto_m4000.rds
    wildcards: cell=dp0.45_k0.3_n4000_rauto_m4000
    threads: 4
    resources: tmpdir=/tmp

[Mon Aug 31 01:52:01 2026]
Finished job 309.
406 of 483 steps (84%) done
Select jobs to execute...
Execute 1 jobs...

[Mon Aug 31 01:52:01 2026]
localrule run_cell:
    output: results/bias_sensitivity/raw/dp0.5_k-0.3_n4000_rauto_m4000.rds
    log: logs/bias_sensitivity/run_dp0.5_k-0.3_n4000_rauto_m4000.log
    jobid: 249
    reason: Missing output files: results/bias_sensitivity/raw/dp0.5_k-0.3_n4000_rauto_m4000.rds
    wildcards: cell=dp0.5_k-0.3_n4000_rauto_m4000
    threads: 4
    resources: tmpdir=/tmp

[Mon Aug 31 01:53:04 2026]
Finished job 369.
407 of 483 steps (84%) done
Select jobs to execute...
Execute 1 jobs...

[Mon Aug 31 01:53:04 2026]
localrule run_cell:
    output: results/bias_sensitivity/raw/dp0.55_k-0.3_n10000_rauto_m4000.rds
    log: logs/bias_sensitivity/run_dp0.55_k-0.3_n10000_rauto_m4000.log
    jobid: 219
    reason: Missing output files: results/bias_sensitivity/raw/dp0.55_k-0.3_n10000_rauto_m4000.rds
    wildcards: cell=dp0.55_k-0.3_n10000_rauto_m4000
    threads: 4
    resources: tmpdir=/tmp

[Mon Aug 31 01:53:24 2026]
Finished job 9.
408 of 483 steps (84%) done
Select jobs to execute...
Execute 1 jobs...

[Mon Aug 31 01:53:24 2026]
localrule run_cell:
    output: results/bias_sensitivity/raw/dp0.8_k0.3_n10000_rauto_m4000.rds
    log: logs/bias_sensitivity/run_dp0.8_k0.3_n10000_rauto_m4000.log
    jobid: 399
    reason: Missing output files: results/bias_sensitivity/raw/dp0.8_k0.3_n10000_rauto_m4000.rds
    wildcards: cell=dp0.8_k0.3_n10000_rauto_m4000
    threads: 4
    resources: tmpdir=/tmp

[Mon Aug 31 01:54:18 2026]
Finished job 69.
409 of 483 steps (85%) done
Select jobs to execute...
Execute 1 jobs...

[Mon Aug 31 01:54:18 2026]
localrule run_cell:
    output: results/bias_sensitivity/raw/dp1_k-0.3_n10000_rauto_m4000.rds
    log: logs/bias_sensitivity/run_dp1_k-0.3_n10000_rauto_m4000.log
    jobid: 459
    reason: Missing output files: results/bias_sensitivity/raw/dp1_k-0.3_n10000_rauto_m4000.rds
    wildcards: cell=dp1_k-0.3_n10000_rauto_m4000
    threads: 4
    resources: tmpdir=/tmp

[Mon Aug 31 01:54:19 2026]
Finished job 60.
410 of 483 steps (85%) done
Select jobs to execute...
Execute 1 jobs...

[Mon Aug 31 01:54:19 2026]
localrule run_cell:
    output: results/bias_sensitivity/raw/dp0.2_k0.3_n1000_rauto_m2000.rds
    log: logs/bias_sensitivity/run_dp0.2_k0.3_n1000_rauto_m2000.log
    jobid: 112
    reason: Missing output files: results/bias_sensitivity/raw/dp0.2_k0.3_n1000_rauto_m2000.rds
    wildcards: cell=dp0.2_k0.3_n1000_rauto_m2000
    threads: 4
    resources: tmpdir=/tmp

[Mon Aug 31 01:55:03 2026]
Finished job 420.
411 of 483 steps (85%) done
Select jobs to execute...
Execute 1 jobs...

[Mon Aug 31 01:55:03 2026]
localrule run_cell:
    output: results/bias_sensitivity/raw/dp0.55_k0.3_n1000_rauto_m2000.rds
    log: logs/bias_sensitivity/run_dp0.55_k0.3_n1000_rauto_m2000.log
    jobid: 232
    reason: Missing output files: results/bias_sensitivity/raw/dp0.55_k0.3_n1000_rauto_m2000.rds
    wildcards: cell=dp0.55_k0.3_n1000_rauto_m2000
    threads: 4
    resources: tmpdir=/tmp

[Mon Aug 31 01:55:19 2026]
Finished job 129.
412 of 483 steps (85%) done
Select jobs to execute...
Execute 1 jobs...

[Mon Aug 31 01:55:19 2026]
localrule run_cell:
    output: results/bias_sensitivity/raw/dp0.6_k-0.3_n1000_rauto_m2000.rds
    log: logs/bias_sensitivity/run_dp0.6_k-0.3_n1000_rauto_m2000.log
    jobid: 292
    reason: Missing output files: results/bias_sensitivity/raw/dp0.6_k-0.3_n1000_rauto_m2000.rds
    wildcards: cell=dp0.6_k-0.3_n1000_rauto_m2000
    threads: 4
    resources: tmpdir=/tmp

[Mon Aug 31 01:55:49 2026]
Finished job 189.
413 of 483 steps (86%) done
Select jobs to execute...
Execute 1 jobs...

[Mon Aug 31 01:55:49 2026]
localrule run_cell:
    output: results/bias_sensitivity/raw/dp0.1_k-0.3_n1000_rauto_m2000.rds
    log: logs/bias_sensitivity/run_dp0.1_k-0.3_n1000_rauto_m2000.log
    jobid: 52
    reason: Missing output files: results/bias_sensitivity/raw/dp0.1_k-0.3_n1000_rauto_m2000.rds
    wildcards: cell=dp0.1_k-0.3_n1000_rauto_m2000
    threads: 4
    resources: tmpdir=/tmp

[Mon Aug 31 01:55:51 2026]
Finished job 112.
414 of 483 steps (86%) done
Select jobs to execute...
Execute 1 jobs...

[Mon Aug 31 01:55:51 2026]
localrule run_cell:
    output: results/bias_sensitivity/raw/dp0.1_k0.3_n8000_rauto_m4000.rds
    log: logs/bias_sensitivity/run_dp0.1_k0.3_n8000_rauto_m4000.log
    jobid: 73
    reason: Missing output files: results/bias_sensitivity/raw/dp0.1_k0.3_n8000_rauto_m4000.rds
    wildcards: cell=dp0.1_k0.3_n8000_rauto_m4000
    threads: 4
    resources: tmpdir=/tmp

[Mon Aug 31 01:56:44 2026]
Finished job 232.
415 of 483 steps (86%) done
Select jobs to execute...
Execute 1 jobs...

[Mon Aug 31 01:56:44 2026]
localrule run_cell:
    output: results/bias_sensitivity/raw/dp0.95_k-0.3_n1000_rauto_m2000.rds
    log: logs/bias_sensitivity/run_dp0.95_k-0.3_n1000_rauto_m2000.log
    jobid: 412
    reason: Missing output files: results/bias_sensitivity/raw/dp0.95_k-0.3_n1000_rauto_m2000.rds
    wildcards: cell=dp0.95_k-0.3_n1000_rauto_m2000
    threads: 4
    resources: tmpdir=/tmp

[Mon Aug 31 01:56:58 2026]
Finished job 292.
416 of 483 steps (86%) done
Select jobs to execute...
Execute 1 jobs...

[Mon Aug 31 01:56:58 2026]
localrule run_cell:
    output: results/bias_sensitivity/raw/dp0.25_k-0.3_n6000_rauto_m2000.rds
    log: logs/bias_sensitivity/run_dp0.25_k-0.3_n6000_rauto_m2000.log
    jobid: 82
    reason: Missing output files: results/bias_sensitivity/raw/dp0.25_k-0.3_n6000_rauto_m2000.rds
    wildcards: cell=dp0.25_k-0.3_n6000_rauto_m2000
    threads: 4
    resources: tmpdir=/tmp

[Mon Aug 31 01:57:34 2026]
Finished job 52.
417 of 483 steps (86%) done
Select jobs to execute...
Execute 1 jobs...

[Mon Aug 31 01:57:34 2026]
localrule run_cell:
    output: results/bias_sensitivity/raw/dp0.5_k0.3_n6000_rauto_m2000.rds
    log: logs/bias_sensitivity/run_dp0.5_k0.3_n6000_rauto_m2000.log
    jobid: 262
    reason: Missing output files: results/bias_sensitivity/raw/dp0.5_k0.3_n6000_rauto_m2000.rds
    wildcards: cell=dp0.5_k0.3_n6000_rauto_m2000
    threads: 4
    resources: tmpdir=/tmp

[Mon Aug 31 01:58:32 2026]
Finished job 412.
418 of 483 steps (87%) done
Select jobs to execute...
Execute 1 jobs...

[Mon Aug 31 01:58:32 2026]
localrule run_cell:
    output: results/bias_sensitivity/raw/dp0.75_k-0.3_n6000_rauto_m2000.rds
    log: logs/bias_sensitivity/run_dp0.75_k-0.3_n6000_rauto_m2000.log
    jobid: 322
    reason: Missing output files: results/bias_sensitivity/raw/dp0.75_k-0.3_n6000_rauto_m2000.rds
    wildcards: cell=dp0.75_k-0.3_n6000_rauto_m2000
    threads: 4
    resources: tmpdir=/tmp

[Mon Aug 31 01:59:03 2026]
Finished job 249.
419 of 483 steps (87%) done
Select jobs to execute...
Execute 1 jobs...

[Mon Aug 31 01:59:03 2026]
localrule run_cell:
    output: results/bias_sensitivity/raw/dp0.85_k0.3_n6000_rauto_m2000.rds
    log: logs/bias_sensitivity/run_dp0.85_k0.3_n6000_rauto_m2000.log
    jobid: 382
    reason: Missing output files: results/bias_sensitivity/raw/dp0.85_k0.3_n6000_rauto_m2000.rds
    wildcards: cell=dp0.85_k0.3_n6000_rauto_m2000
    threads: 4
    resources: tmpdir=/tmp

[Mon Aug 31 02:05:53 2026]
Finished job 219.
420 of 483 steps (87%) done
Select jobs to execute...
Execute 1 jobs...

[Mon Aug 31 02:05:53 2026]
localrule run_cell:
    output: results/bias_sensitivity/raw/dp0.65_k-0.3_n6000_rauto_m4000.rds
    log: logs/bias_sensitivity/run_dp0.65_k-0.3_n6000_rauto_m4000.log
    jobid: 275
    reason: Missing output files: results/bias_sensitivity/raw/dp0.65_k-0.3_n6000_rauto_m4000.rds
    wildcards: cell=dp0.65_k-0.3_n6000_rauto_m4000
    threads: 4
    resources: tmpdir=/tmp

[Mon Aug 31 02:07:31 2026]
Finished job 399.
421 of 483 steps (87%) done
Select jobs to execute...
Execute 1 jobs...

[Mon Aug 31 02:07:31 2026]
localrule run_cell:
    output: results/bias_sensitivity/raw/dp0.15_k-0.3_n6000_rauto_m4000.rds
    log: logs/bias_sensitivity/run_dp0.15_k-0.3_n6000_rauto_m4000.log
    jobid: 35
    reason: Missing output files: results/bias_sensitivity/raw/dp0.15_k-0.3_n6000_rauto_m4000.rds
    wildcards: cell=dp0.15_k-0.3_n6000_rauto_m4000
    threads: 4
    resources: tmpdir=/tmp

[Mon Aug 31 02:07:45 2026]
Finished job 360.
422 of 483 steps (87%) done
Select jobs to execute...
Execute 1 jobs...

[Mon Aug 31 02:07:45 2026]
localrule run_cell:
    output: results/bias_sensitivity/raw/dp0.9_k0.3_n6000_rauto_m4000.rds
    log: logs/bias_sensitivity/run_dp0.9_k0.3_n6000_rauto_m4000.log
    jobid: 455
    reason: Missing output files: results/bias_sensitivity/raw/dp0.9_k0.3_n6000_rauto_m4000.rds
    wildcards: cell=dp0.9_k0.3_n6000_rauto_m4000
    threads: 4
    resources: tmpdir=/tmp

[Mon Aug 31 02:14:24 2026]
Finished job 120.
423 of 483 steps (88%) done
Select jobs to execute...
Execute 1 jobs...

[Mon Aug 31 02:14:24 2026]
localrule run_cell:
    output: results/bias_sensitivity/raw/dp0.8_k-0.3_n6000_rauto_m4000.rds
    log: logs/bias_sensitivity/run_dp0.8_k-0.3_n6000_rauto_m4000.log
    jobid: 395
    reason: Missing output files: results/bias_sensitivity/raw/dp0.8_k-0.3_n6000_rauto_m4000.rds
    wildcards: cell=dp0.8_k-0.3_n6000_rauto_m4000
    threads: 4
    resources: tmpdir=/tmp

[Mon Aug 31 02:17:05 2026]
Finished job 300.
424 of 483 steps (88%) done
Select jobs to execute...
Execute 1 jobs...

[Mon Aug 31 02:17:05 2026]
localrule run_cell:
    output: results/bias_sensitivity/raw/dp0.25_k0.3_n6000_rauto_m4000.rds
    log: logs/bias_sensitivity/run_dp0.25_k0.3_n6000_rauto_m4000.log
    jobid: 95
    reason: Missing output files: results/bias_sensitivity/raw/dp0.25_k0.3_n6000_rauto_m4000.rds
    wildcards: cell=dp0.25_k0.3_n6000_rauto_m4000
    threads: 4
    resources: tmpdir=/tmp

[Mon Aug 31 02:22:32 2026]
Finished job 95.
425 of 483 steps (88%) done
Select jobs to execute...
Execute 1 jobs...

[Mon Aug 31 02:22:32 2026]
localrule run_cell:
    output: results/bias_sensitivity/raw/dp0.4_k0.3_n6000_rauto_m4000.rds
    log: logs/bias_sensitivity/run_dp0.4_k0.3_n6000_rauto_m4000.log
    jobid: 215
    reason: Missing output files: results/bias_sensitivity/raw/dp0.4_k0.3_n6000_rauto_m4000.rds
    wildcards: cell=dp0.4_k0.3_n6000_rauto_m4000
    threads: 4
    resources: tmpdir=/tmp

[Mon Aug 31 02:22:35 2026]
Finished job 13.
426 of 483 steps (88%) done
Select jobs to execute...
Execute 1 jobs...

[Mon Aug 31 02:22:35 2026]
localrule run_cell:
    output: results/bias_sensitivity/raw/dp0.1_k0.3_n1000_rauto_m4000.rds
    log: logs/bias_sensitivity/run_dp0.1_k0.3_n1000_rauto_m4000.log
    jobid: 65
    reason: Missing output files: results/bias_sensitivity/raw/dp0.1_k0.3_n1000_rauto_m4000.rds
    wildcards: cell=dp0.1_k0.3_n1000_rauto_m4000
    threads: 4
    resources: tmpdir=/tmp

[Mon Aug 31 02:22:37 2026]
Finished job 35.
427 of 483 steps (88%) done
Select jobs to execute...
Execute 1 jobs...

[Mon Aug 31 02:22:37 2026]
localrule run_cell:
    output: results/bias_sensitivity/raw/dp0.35_k-0.3_n1000_rauto_m4000.rds
    log: logs/bias_sensitivity/run_dp0.35_k-0.3_n1000_rauto_m4000.log
    jobid: 125
    reason: Missing output files: results/bias_sensitivity/raw/dp0.35_k-0.3_n1000_rauto_m4000.rds
    wildcards: cell=dp0.35_k-0.3_n1000_rauto_m4000
    threads: 4
    resources: tmpdir=/tmp

[Mon Aug 31 02:24:01 2026]
Finished job 455.
428 of 483 steps (89%) done
Select jobs to execute...
Execute 1 jobs...

[Mon Aug 31 02:24:01 2026]
localrule run_cell:
    output: results/bias_sensitivity/raw/dp0.45_k0.3_n1000_rauto_m4000.rds
    log: logs/bias_sensitivity/run_dp0.45_k0.3_n1000_rauto_m4000.log
    jobid: 185
    reason: Missing output files: results/bias_sensitivity/raw/dp0.45_k0.3_n1000_rauto_m4000.rds
    wildcards: cell=dp0.45_k0.3_n1000_rauto_m4000
    threads: 4
    resources: tmpdir=/tmp

[Mon Aug 31 02:24:05 2026]
Finished job 65.
429 of 483 steps (89%) done
Select jobs to execute...
Execute 1 jobs...

[Mon Aug 31 02:24:05 2026]
localrule run_cell:
    output: results/bias_sensitivity/raw/dp0.5_k-0.3_n1000_rauto_m4000.rds
    log: logs/bias_sensitivity/run_dp0.5_k-0.3_n1000_rauto_m4000.log
    jobid: 245
    reason: Missing output files: results/bias_sensitivity/raw/dp0.5_k-0.3_n1000_rauto_m4000.rds
    wildcards: cell=dp0.5_k-0.3_n1000_rauto_m4000
    threads: 4
    resources: tmpdir=/tmp

[Mon Aug 31 02:24:09 2026]
Finished job 125.
430 of 483 steps (89%) done
Select jobs to execute...
Execute 1 jobs...

[Mon Aug 31 02:24:09 2026]
localrule run_cell:
    output: results/bias_sensitivity/raw/dp0.95_k0.3_n1000_rauto_m4000.rds
    log: logs/bias_sensitivity/run_dp0.95_k0.3_n1000_rauto_m4000.log
    jobid: 425
    reason: Missing output files: results/bias_sensitivity/raw/dp0.95_k0.3_n1000_rauto_m4000.rds
    wildcards: cell=dp0.95_k0.3_n1000_rauto_m4000
    threads: 4
    resources: tmpdir=/tmp

[Mon Aug 31 02:25:16 2026]
Finished job 206.
431 of 483 steps (89%) done
Select jobs to execute...
Execute 1 jobs...

[Mon Aug 31 02:25:16 2026]
localrule run_cell:
    output: results/bias_sensitivity/raw/dp0.85_k0.3_n2000_rauto_m2000.rds
    log: logs/bias_sensitivity/run_dp0.85_k0.3_n2000_rauto_m2000.log
    jobid: 378
    reason: Missing output files: results/bias_sensitivity/raw/dp0.85_k0.3_n2000_rauto_m2000.rds
    wildcards: cell=dp0.85_k0.3_n2000_rauto_m2000
    threads: 4
    resources: tmpdir=/tmp

[Mon Aug 31 02:25:40 2026]
Finished job 245.
432 of 483 steps (89%) done
Select jobs to execute...
Execute 1 jobs...

[Mon Aug 31 02:25:40 2026]
localrule run_cell:
    output: results/bias_sensitivity/raw/dp0.4_k-0.3_n2000_rauto_m2000.rds
    log: logs/bias_sensitivity/run_dp0.4_k-0.3_n2000_rauto_m2000.log
    jobid: 198
    reason: Missing output files: results/bias_sensitivity/raw/dp0.4_k-0.3_n2000_rauto_m2000.rds
    wildcards: cell=dp0.4_k-0.3_n2000_rauto_m2000
    threads: 4
    resources: tmpdir=/tmp

[Mon Aug 31 02:25:41 2026]
Finished job 185.
433 of 483 steps (90%) done
Select jobs to execute...
Execute 1 jobs...

[Mon Aug 31 02:25:41 2026]
localrule run_cell:
    output: results/bias_sensitivity/raw/dp0.35_k0.3_n2000_rauto_m2000.rds
    log: logs/bias_sensitivity/run_dp0.35_k0.3_n2000_rauto_m2000.log
    jobid: 138
    reason: Missing output files: results/bias_sensitivity/raw/dp0.35_k0.3_n2000_rauto_m2000.rds
    wildcards: cell=dp0.35_k0.3_n2000_rauto_m2000
    threads: 4
    resources: tmpdir=/tmp

[Mon Aug 31 02:25:51 2026]
Finished job 425.
434 of 483 steps (90%) done
Select jobs to execute...
Execute 1 jobs...

[Mon Aug 31 02:25:51 2026]
localrule run_cell:
    output: results/bias_sensitivity/raw/dp0.5_k0.3_n2000_rauto_m2000.rds
    log: logs/bias_sensitivity/run_dp0.5_k0.3_n2000_rauto_m2000.log
    jobid: 258
    reason: Missing output files: results/bias_sensitivity/raw/dp0.5_k0.3_n2000_rauto_m2000.rds
    wildcards: cell=dp0.5_k0.3_n2000_rauto_m2000
    threads: 4
    resources: tmpdir=/tmp

[Mon Aug 31 02:28:15 2026]
Finished job 266.
435 of 483 steps (90%) done
Select jobs to execute...
Execute 1 jobs...

[Mon Aug 31 02:28:15 2026]
localrule run_cell:
    output: results/bias_sensitivity/raw/dp0.3_k0.3_n8000_rauto_m2000.rds
    log: logs/bias_sensitivity/run_dp0.3_k0.3_n8000_rauto_m2000.log
    jobid: 168
    reason: Missing output files: results/bias_sensitivity/raw/dp0.3_k0.3_n8000_rauto_m2000.rds
    wildcards: cell=dp0.3_k0.3_n8000_rauto_m2000
    threads: 4
    resources: tmpdir=/tmp

[Mon Aug 31 02:28:50 2026]
Finished job 198.
436 of 483 steps (90%) done
Select jobs to execute...
Execute 1 jobs...

[Mon Aug 31 02:28:50 2026]
localrule run_cell:
    output: results/bias_sensitivity/raw/dp0.7_k-0.3_n8000_rauto_m2000.rds
    log: logs/bias_sensitivity/run_dp0.7_k-0.3_n8000_rauto_m2000.log
    jobid: 348
    reason: Missing output files: results/bias_sensitivity/raw/dp0.7_k-0.3_n8000_rauto_m2000.rds
    wildcards: cell=dp0.7_k-0.3_n8000_rauto_m2000
    threads: 4
    resources: tmpdir=/tmp

[Mon Aug 31 02:29:01 2026]
Finished job 258.
437 of 483 steps (90%) done
Select jobs to execute...
Execute 1 jobs...

[Mon Aug 31 02:29:01 2026]
localrule run_cell:
    output: results/bias_sensitivity/raw/dp0.8_k0.3_n8000_rauto_m2000.rds
    log: logs/bias_sensitivity/run_dp0.8_k0.3_n8000_rauto_m2000.log
    jobid: 408
    reason: Missing output files: results/bias_sensitivity/raw/dp0.8_k0.3_n8000_rauto_m2000.rds
    wildcards: cell=dp0.8_k0.3_n8000_rauto_m2000
    threads: 4
    resources: tmpdir=/tmp

[Mon Aug 31 02:29:18 2026]
Finished job 386.
438 of 483 steps (91%) done
Select jobs to execute...
Execute 1 jobs...

[Mon Aug 31 02:29:18 2026]
localrule run_cell:
    output: results/bias_sensitivity/raw/dp1_k-0.3_n8000_rauto_m2000.rds
    log: logs/bias_sensitivity/run_dp1_k-0.3_n8000_rauto_m2000.log
    jobid: 468
    reason: Missing output files: results/bias_sensitivity/raw/dp1_k-0.3_n8000_rauto_m2000.rds
    wildcards: cell=dp1_k-0.3_n8000_rauto_m2000
    threads: 4
    resources: tmpdir=/tmp

[Mon Aug 31 02:29:38 2026]
Finished job 378.
439 of 483 steps (91%) done
Select jobs to execute...
Execute 1 jobs...

[Mon Aug 31 02:29:38 2026]
localrule run_cell:
    output: results/bias_sensitivity/raw/dp0.6_k0.3_n8000_rauto_m4000.rds
    log: logs/bias_sensitivity/run_dp0.6_k0.3_n8000_rauto_m4000.log
    jobid: 313
    reason: Missing output files: results/bias_sensitivity/raw/dp0.6_k0.3_n8000_rauto_m4000.rds
    wildcards: cell=dp0.6_k0.3_n8000_rauto_m4000
    threads: 4
    resources: tmpdir=/tmp

[Mon Aug 31 02:30:24 2026]
Finished job 138.
440 of 483 steps (91%) done
Select jobs to execute...
Execute 1 jobs...

[Mon Aug 31 02:30:24 2026]
localrule run_cell:
    output: results/bias_sensitivity/raw/dp0.2_k0.3_n8000_rauto_m4000.rds
    log: logs/bias_sensitivity/run_dp0.2_k0.3_n8000_rauto_m4000.log
    jobid: 121
    reason: Missing output files: results/bias_sensitivity/raw/dp0.2_k0.3_n8000_rauto_m4000.rds
    wildcards: cell=dp0.2_k0.3_n8000_rauto_m4000
    threads: 4
    resources: tmpdir=/tmp

[Mon Aug 31 02:31:03 2026]
Finished job 322.
441 of 483 steps (91%) done
Select jobs to execute...
Execute 1 jobs...

[Mon Aug 31 02:31:03 2026]
localrule run_cell:
    output: results/bias_sensitivity/raw/dp0.6_k-0.3_n8000_rauto_m4000.rds
    log: logs/bias_sensitivity/run_dp0.6_k-0.3_n8000_rauto_m4000.log
    jobid: 301
    reason: Missing output files: results/bias_sensitivity/raw/dp0.6_k-0.3_n8000_rauto_m4000.rds
    wildcards: cell=dp0.6_k-0.3_n8000_rauto_m4000
    threads: 4
    resources: tmpdir=/tmp

[Mon Aug 31 02:31:23 2026]
Finished job 86.
442 of 483 steps (92%) done
Select jobs to execute...
Execute 1 jobs...

[Mon Aug 31 02:31:23 2026]
localrule run_cell:
    output: results/bias_sensitivity/raw/dp0.95_k-0.3_n8000_rauto_m4000.rds
    log: logs/bias_sensitivity/run_dp0.95_k-0.3_n8000_rauto_m4000.log
    jobid: 421
    reason: Missing output files: results/bias_sensitivity/raw/dp0.95_k-0.3_n8000_rauto_m4000.rds
    wildcards: cell=dp0.95_k-0.3_n8000_rauto_m4000
    threads: 4
    resources: tmpdir=/tmp

[Mon Aug 31 02:34:22 2026]
Finished job 253.
443 of 483 steps (92%) done
Select jobs to execute...
Execute 1 jobs...

[Mon Aug 31 02:34:22 2026]
localrule run_cell:
    output: results/bias_sensitivity/raw/dp0.3_k-0.3_n2000_rauto_m4000.rds
    log: logs/bias_sensitivity/run_dp0.3_k-0.3_n2000_rauto_m4000.log
    jobid: 151
    reason: Missing output files: results/bias_sensitivity/raw/dp0.3_k-0.3_n2000_rauto_m4000.rds
    wildcards: cell=dp0.3_k-0.3_n2000_rauto_m4000
    threads: 4
    resources: tmpdir=/tmp

[Mon Aug 31 02:34:33 2026]
Finished job 26.
444 of 483 steps (92%) done
Select jobs to execute...
Execute 1 jobs...

[Mon Aug 31 02:34:33 2026]
localrule run_cell:
    output: results/bias_sensitivity/raw/dp0.4_k0.3_n2000_rauto_m4000.rds
    log: logs/bias_sensitivity/run_dp0.4_k0.3_n2000_rauto_m4000.log
    jobid: 211
    reason: Missing output files: results/bias_sensitivity/raw/dp0.4_k0.3_n2000_rauto_m4000.rds
    wildcards: cell=dp0.4_k0.3_n2000_rauto_m4000
    threads: 4
    resources: tmpdir=/tmp

[Mon Aug 31 02:34:49 2026]
Finished job 146.
445 of 483 steps (92%) done
Select jobs to execute...
Execute 1 jobs...

[Mon Aug 31 02:34:49 2026]
localrule run_cell:
    output: results/bias_sensitivity/raw/dp0.75_k0.3_n2000_rauto_m4000.rds
    log: logs/bias_sensitivity/run_dp0.75_k0.3_n2000_rauto_m4000.log
    jobid: 331
    reason: Missing output files: results/bias_sensitivity/raw/dp0.75_k0.3_n2000_rauto_m4000.rds
    wildcards: cell=dp0.75_k0.3_n2000_rauto_m4000
    threads: 4
    resources: tmpdir=/tmp

[Mon Aug 31 02:35:54 2026]
Finished job 73.
446 of 483 steps (92%) done
Select jobs to execute...
Execute 1 jobs...

[Mon Aug 31 02:35:54 2026]
localrule run_cell:
    output: results/bias_sensitivity/raw/dp0.1_k-0.3_n8000_rauto_m4000.rds
    log: logs/bias_sensitivity/run_dp0.1_k-0.3_n8000_rauto_m4000.log
    jobid: 61
    reason: Missing output files: results/bias_sensitivity/raw/dp0.1_k-0.3_n8000_rauto_m4000.rds
    wildcards: cell=dp0.1_k-0.3_n8000_rauto_m4000
    threads: 4
    resources: tmpdir=/tmp

[Mon Aug 31 02:37:06 2026]
Finished job 262.
447 of 483 steps (93%) done
Select jobs to execute...
Execute 1 jobs...

[Mon Aug 31 02:37:06 2026]
localrule run_cell:
    output: results/bias_sensitivity/raw/dp0.15_k0.3_n4000_rauto_m2000.rds
    log: logs/bias_sensitivity/run_dp0.15_k0.3_n4000_rauto_m2000.log
    jobid: 44
    reason: Missing output files: results/bias_sensitivity/raw/dp0.15_k0.3_n4000_rauto_m2000.rds
    wildcards: cell=dp0.15_k0.3_n4000_rauto_m2000
    threads: 4
    resources: tmpdir=/tmp

[Mon Aug 31 02:40:15 2026]
Finished job 348.
448 of 483 steps (93%) done
Select jobs to execute...
Execute 1 jobs...

[Mon Aug 31 02:40:15 2026]
localrule run_cell:
    output: results/bias_sensitivity/raw/dp0.2_k-0.3_n4000_rauto_m2000.rds
    log: logs/bias_sensitivity/run_dp0.2_k-0.3_n4000_rauto_m2000.log
    jobid: 104
    reason: Missing output files: results/bias_sensitivity/raw/dp0.2_k-0.3_n4000_rauto_m2000.rds
    wildcards: cell=dp0.2_k-0.3_n4000_rauto_m2000
    threads: 4
    resources: tmpdir=/tmp

[Mon Aug 31 02:40:41 2026]
Finished job 211.
449 of 483 steps (93%) done
Select jobs to execute...
Execute 1 jobs...

[Mon Aug 31 02:40:41 2026]
localrule run_cell:
    output: results/bias_sensitivity/raw/dp0.3_k0.3_n4000_rauto_m2000.rds
    log: logs/bias_sensitivity/run_dp0.3_k0.3_n4000_rauto_m2000.log
    jobid: 164
    reason: Missing output files: results/bias_sensitivity/raw/dp0.3_k0.3_n4000_rauto_m2000.rds
    wildcards: cell=dp0.3_k0.3_n4000_rauto_m2000
    threads: 4
    resources: tmpdir=/tmp

[Mon Aug 31 02:40:46 2026]
Finished job 151.
450 of 483 steps (93%) done
Select jobs to execute...
Execute 1 jobs...

[Mon Aug 31 02:40:46 2026]
localrule run_cell:
    output: results/bias_sensitivity/raw/dp0.65_k0.3_n4000_rauto_m2000.rds
    log: logs/bias_sensitivity/run_dp0.65_k0.3_n4000_rauto_m2000.log
    jobid: 284
    reason: Missing output files: results/bias_sensitivity/raw/dp0.65_k0.3_n4000_rauto_m2000.rds
    wildcards: cell=dp0.65_k0.3_n4000_rauto_m2000
    threads: 4
    resources: tmpdir=/tmp

[Mon Aug 31 02:41:18 2026]
Finished job 331.
451 of 483 steps (93%) done
Select jobs to execute...
Execute 1 jobs...

[Mon Aug 31 02:41:18 2026]
localrule run_cell:
    output: results/bias_sensitivity/raw/dp0.7_k-0.3_n4000_rauto_m2000.rds
    log: logs/bias_sensitivity/run_dp0.7_k-0.3_n4000_rauto_m2000.log
    jobid: 344
    reason: Missing output files: results/bias_sensitivity/raw/dp0.7_k-0.3_n4000_rauto_m2000.rds
    wildcards: cell=dp0.7_k-0.3_n4000_rauto_m2000
    threads: 4
    resources: tmpdir=/tmp

[Mon Aug 31 02:43:11 2026]
Finished job 468.
452 of 483 steps (94%) done
Select jobs to execute...
Execute 1 jobs...

[Mon Aug 31 02:43:11 2026]
localrule run_cell:
    output: results/bias_sensitivity/raw/dp0.05_k0.3_n10000_rauto_m2000.rds
    log: logs/bias_sensitivity/run_dp0.05_k0.3_n10000_rauto_m2000.log
    jobid: 14
    reason: Missing output files: results/bias_sensitivity/raw/dp0.05_k0.3_n10000_rauto_m2000.rds
    wildcards: cell=dp0.05_k0.3_n10000_rauto_m2000
    threads: 4
    resources: tmpdir=/tmp

[Mon Aug 31 02:43:49 2026]
Finished job 44.
453 of 483 steps (94%) done
Select jobs to execute...
Execute 1 jobs...

[Mon Aug 31 02:43:49 2026]
localrule run_cell:
    output: results/bias_sensitivity/raw/dp0.25_k-0.3_n10000_rauto_m2000.rds
    log: logs/bias_sensitivity/run_dp0.25_k-0.3_n10000_rauto_m2000.log
    jobid: 74
    reason: Missing output files: results/bias_sensitivity/raw/dp0.25_k-0.3_n10000_rauto_m2000.rds
    wildcards: cell=dp0.25_k-0.3_n10000_rauto_m2000
    threads: 4
    resources: tmpdir=/tmp

[Mon Aug 31 02:44:27 2026]
Finished job 82.
454 of 483 steps (94%) done
Select jobs to execute...
Execute 1 jobs...

[Mon Aug 31 02:44:27 2026]
localrule run_cell:
    output: results/bias_sensitivity/raw/dp0.5_k0.3_n10000_rauto_m2000.rds
    log: logs/bias_sensitivity/run_dp0.5_k0.3_n10000_rauto_m2000.log
    jobid: 254
    reason: Missing output files: results/bias_sensitivity/raw/dp0.5_k0.3_n10000_rauto_m2000.rds
    wildcards: cell=dp0.5_k0.3_n10000_rauto_m2000
    threads: 4
    resources: tmpdir=/tmp

[Mon Aug 31 02:45:37 2026]
Finished job 104.
455 of 483 steps (94%) done
Select jobs to execute...
Execute 1 jobs...

[Mon Aug 31 02:45:37 2026]
localrule run_cell:
    output: results/bias_sensitivity/raw/dp0.9_k-0.3_n10000_rauto_m2000.rds
    log: logs/bias_sensitivity/run_dp0.9_k-0.3_n10000_rauto_m2000.log
    jobid: 434
    reason: Missing output files: results/bias_sensitivity/raw/dp0.9_k-0.3_n10000_rauto_m2000.rds
    wildcards: cell=dp0.9_k-0.3_n10000_rauto_m2000
    threads: 4
    resources: tmpdir=/tmp

[Mon Aug 31 02:46:32 2026]
Finished job 446.
456 of 483 steps (94%) done
Select jobs to execute...
Execute 1 jobs...

[Mon Aug 31 02:46:32 2026]
localrule run_cell:
    output: results/bias_sensitivity/raw/dp0.75_k-0.3_n10000_rauto_m2000.rds
    log: logs/bias_sensitivity/run_dp0.75_k-0.3_n10000_rauto_m2000.log
    jobid: 314
    reason: Missing output files: results/bias_sensitivity/raw/dp0.75_k-0.3_n10000_rauto_m2000.rds
    wildcards: cell=dp0.75_k-0.3_n10000_rauto_m2000
    threads: 4
    resources: tmpdir=/tmp

[Mon Aug 31 02:46:33 2026]
Finished job 344.
457 of 483 steps (95%) done
Select jobs to execute...
Execute 1 jobs...

[Mon Aug 31 02:46:33 2026]
localrule run_cell:
    output: results/bias_sensitivity/raw/dp0.7_k0.3_n8000_rauto_m4000.rds
    log: logs/bias_sensitivity/run_dp0.7_k0.3_n8000_rauto_m4000.log
    jobid: 361
    reason: Missing output files: results/bias_sensitivity/raw/dp0.7_k0.3_n8000_rauto_m4000.rds
    wildcards: cell=dp0.7_k0.3_n8000_rauto_m4000
    threads: 4
    resources: tmpdir=/tmp

[Mon Aug 31 02:46:39 2026]
Finished job 164.
458 of 483 steps (95%) done
Select jobs to execute...
Execute 1 jobs...

[Mon Aug 31 02:46:39 2026]
localrule run_cell:
    output: results/bias_sensitivity/raw/dp0.45_k-0.3_n8000_rauto_m4000.rds
    log: logs/bias_sensitivity/run_dp0.45_k-0.3_n8000_rauto_m4000.log
    jobid: 181
    reason: Missing output files: results/bias_sensitivity/raw/dp0.45_k-0.3_n8000_rauto_m4000.rds
    wildcards: cell=dp0.45_k-0.3_n8000_rauto_m4000
    threads: 4
    resources: tmpdir=/tmp

[Mon Aug 31 02:47:51 2026]
Finished job 284.
459 of 483 steps (95%) done
Select jobs to execute...
Execute 1 jobs...

[Mon Aug 31 02:47:51 2026]
localrule run_cell:
    output: results/bias_sensitivity/raw/dp0.95_k0.3_n8000_rauto_m4000.rds
    log: logs/bias_sensitivity/run_dp0.95_k0.3_n8000_rauto_m4000.log
    jobid: 433
    reason: Missing output files: results/bias_sensitivity/raw/dp0.95_k0.3_n8000_rauto_m4000.rds
    wildcards: cell=dp0.95_k0.3_n8000_rauto_m4000
    threads: 4
    resources: tmpdir=/tmp

[Mon Aug 31 02:49:58 2026]
Finished job 275.
460 of 483 steps (95%) done
Select jobs to execute...
Execute 1 jobs...

[Mon Aug 31 02:49:58 2026]
localrule run_cell:
    output: results/bias_sensitivity/raw/dp0.55_k0.3_n8000_rauto_m4000.rds
    log: logs/bias_sensitivity/run_dp0.55_k0.3_n8000_rauto_m4000.log
    jobid: 241
    reason: Missing output files: results/bias_sensitivity/raw/dp0.55_k0.3_n8000_rauto_m4000.rds
    wildcards: cell=dp0.55_k0.3_n8000_rauto_m4000
    threads: 4
    resources: tmpdir=/tmp

[Mon Aug 31 02:51:07 2026]
Finished job 459.
461 of 483 steps (95%) done
[Mon Aug 31 02:53:50 2026]
Finished job 382.
462 of 483 steps (96%) done
[Mon Aug 31 02:54:25 2026]
Finished job 395.
463 of 483 steps (96%) done
[Mon Aug 31 02:55:21 2026]
Finished job 74.
464 of 483 steps (96%) done
[Mon Aug 31 03:00:04 2026]
Finished job 215.
465 of 483 steps (96%) done
[Mon Aug 31 03:05:28 2026]
Finished job 168.
466 of 483 steps (96%) done
[Mon Aug 31 03:08:02 2026]
Finished job 313.
467 of 483 steps (97%) done
[Mon Aug 31 03:08:49 2026]
Finished job 121.
468 of 483 steps (97%) done
[Mon Aug 31 03:08:54 2026]
Finished job 408.
469 of 483 steps (97%) done
[Mon Aug 31 03:09:06 2026]
Finished job 421.
470 of 483 steps (97%) done
[Mon Aug 31 03:09:17 2026]
Finished job 241.
471 of 483 steps (98%) done
[Mon Aug 31 03:09:26 2026]
Finished job 433.
472 of 483 steps (98%) done
[Mon Aug 31 03:09:29 2026]
Finished job 61.
473 of 483 steps (98%) done
[Mon Aug 31 03:09:57 2026]
Finished job 301.
474 of 483 steps (98%) done
[Mon Aug 31 03:10:23 2026]
Finished job 181.
475 of 483 steps (98%) done
[Mon Aug 31 03:10:40 2026]
Finished job 14.
476 of 483 steps (99%) done
[Mon Aug 31 03:11:07 2026]
Finished job 254.
477 of 483 steps (99%) done
[Mon Aug 31 03:11:16 2026]
Finished job 361.
478 of 483 steps (99%) done
[Mon Aug 31 03:12:11 2026]
Finished job 434.
479 of 483 steps (99%) done
[Mon Aug 31 03:12:19 2026]
Finished job 314.
480 of 483 steps (99%) done
Select jobs to execute...
Execute 1 jobs...

[Mon Aug 31 03:12:19 2026]
localrule combine:
    input: results/bias_sensitivity/raw/dp0.05_k-0.3_n10000_rauto_m2000.rds, results/bias_sensitivity/raw/dp0.05_k-0.3_n10000_rauto_m4000.rds, results/bias_sensitivity/raw/dp0.05_k-0.3_n1000_rauto_m2000.rds, results/bias_sensitivity/raw/dp0.05_k-0.3_n1000_rauto_m4000.rds, results/bias_sensitivity/raw/dp0.05_k-0.3_n2000_rauto_m2000.rds, results/bias_sensitivity/raw/dp0.05_k-0.3_n2000_rauto_m4000.rds, results/bias_sensitivity/raw/dp0.05_k-0.3_n4000_rauto_m2000.rds, results/bias_sensitivity/raw/dp0.05_k-0.3_n4000_rauto_m4000.rds, results/bias_sensitivity/raw/dp0.05_k-0.3_n6000_rauto_m2000.rds, results/bias_sensitivity/raw/dp0.05_k-0.3_n6000_rauto_m4000.rds, results/bias_sensitivity/raw/dp0.05_k-0.3_n8000_rauto_m2000.rds, results/bias_sensitivity/raw/dp0.05_k-0.3_n8000_rauto_m4000.rds, results/bias_sensitivity/raw/dp0.05_k0.3_n10000_rauto_m2000.rds, results/bias_sensitivity/raw/dp0.05_k0.3_n10000_rauto_m4000.rds, results/bias_sensitivity/raw/dp0.05_k0.3_n1000_rauto_m2000.rds, results/bias_sensitivity/raw/dp0.05_k0.3_n1000_rauto_m4000.rds, results/bias_sensitivity/raw/dp0.05_k0.3_n2000_rauto_m2000.rds, results/bias_sensitivity/raw/dp0.05_k0.3_n2000_rauto_m4000.rds, results/bias_sensitivity/raw/dp0.05_k0.3_n4000_rauto_m2000.rds, results/bias_sensitivity/raw/dp0.05_k0.3_n4000_rauto_m4000.rds, results/bias_sensitivity/raw/dp0.05_k0.3_n6000_rauto_m2000.rds, results/bias_sensitivity/raw/dp0.05_k0.3_n6000_rauto_m4000.rds, results/bias_sensitivity/raw/dp0.05_k0.3_n8000_rauto_m2000.rds, results/bias_sensitivity/raw/dp0.05_k0.3_n8000_rauto_m4000.rds, results/bias_sensitivity/raw/dp0.15_k-0.3_n10000_rauto_m2000.rds, results/bias_sensitivity/raw/dp0.15_k-0.3_n10000_rauto_m4000.rds, results/bias_sensitivity/raw/dp0.15_k-0.3_n1000_rauto_m2000.rds, results/bias_sensitivity/raw/dp0.15_k-0.3_n1000_rauto_m4000.rds, results/bias_sensitivity/raw/dp0.15_k-0.3_n2000_rauto_m2000.rds, results/bias_sensitivity/raw/dp0.15_k-0.3_n2000_rauto_m4000.rds, results/bias_sensitivity/raw/dp0.15_k-0.3_n4000_rauto_m2000.rds, results/bias_sensitivity/raw/dp0.15_k-0.3_n4000_rauto_m4000.rds, results/bias_sensitivity/raw/dp0.15_k-0.3_n6000_rauto_m2000.rds, results/bias_sensitivity/raw/dp0.15_k-0.3_n6000_rauto_m4000.rds, results/bias_sensitivity/raw/dp0.15_k-0.3_n8000_rauto_m2000.rds, results/bias_sensitivity/raw/dp0.15_k-0.3_n8000_rauto_m4000.rds, results/bias_sensitivity/raw/dp0.15_k0.3_n10000_rauto_m2000.rds, results/bias_sensitivity/raw/dp0.15_k0.3_n10000_rauto_m4000.rds, results/bias_sensitivity/raw/dp0.15_k0.3_n1000_rauto_m2000.rds, results/bias_sensitivity/raw/dp0.15_k0.3_n1000_rauto_m4000.rds, results/bias_sensitivity/raw/dp0.15_k0.3_n2000_rauto_m2000.rds, results/bias_sensitivity/raw/dp0.15_k0.3_n2000_rauto_m4000.rds, results/bias_sensitivity/raw/dp0.15_k0.3_n4000_rauto_m2000.rds, results/bias_sensitivity/raw/dp0.15_k0.3_n4000_rauto_m4000.rds, results/bias_sensitivity/raw/dp0.15_k0.3_n6000_rauto_m2000.rds, results/bias_sensitivity/raw/dp0.15_k0.3_n6000_rauto_m4000.rds, results/bias_sensitivity/raw/dp0.15_k0.3_n8000_rauto_m2000.rds, results/bias_sensitivity/raw/dp0.15_k0.3_n8000_rauto_m4000.rds, results/bias_sensitivity/raw/dp0.1_k-0.3_n10000_rauto_m2000.rds, results/bias_sensitivity/raw/dp0.1_k-0.3_n10000_rauto_m4000.rds, results/bias_sensitivity/raw/dp0.1_k-0.3_n1000_rauto_m2000.rds, results/bias_sensitivity/raw/dp0.1_k-0.3_n1000_rauto_m4000.rds, results/bias_sensitivity/raw/dp0.1_k-0.3_n2000_rauto_m2000.rds, results/bias_sensitivity/raw/dp0.1_k-0.3_n2000_rauto_m4000.rds, results/bias_sensitivity/raw/dp0.1_k-0.3_n4000_rauto_m2000.rds, results/bias_sensitivity/raw/dp0.1_k-0.3_n4000_rauto_m4000.rds, results/bias_sensitivity/raw/dp0.1_k-0.3_n6000_rauto_m2000.rds, results/bias_sensitivity/raw/dp0.1_k-0.3_n6000_rauto_m4000.rds, results/bias_sensitivity/raw/dp0.1_k-0.3_n8000_rauto_m2000.rds, results/bias_sensitivity/raw/dp0.1_k-0.3_n8000_rauto_m4000.rds, results/bias_sensitivity/raw/dp0.1_k0.3_n10000_rauto_m2000.rds, results/bias_sensitivity/raw/dp0.1_k0.3_n10000_rauto_m4000.rds, results/bias_sensitivity/raw/dp0.1_k0.3_n1000_rauto_m2000.rds, results/bias_sensitivity/raw/dp0.1_k0.3_n1000_rauto_m4000.rds, results/bias_sensitivity/raw/dp0.1_k0.3_n2000_rauto_m2000.rds, results/bias_sensitivity/raw/dp0.1_k0.3_n2000_rauto_m4000.rds, results/bias_sensitivity/raw/dp0.1_k0.3_n4000_rauto_m2000.rds, results/bias_sensitivity/raw/dp0.1_k0.3_n4000_rauto_m4000.rds, results/bias_sensitivity/raw/dp0.1_k0.3_n6000_rauto_m2000.rds, results/bias_sensitivity/raw/dp0.1_k0.3_n6000_rauto_m4000.rds, results/bias_sensitivity/raw/dp0.1_k0.3_n8000_rauto_m2000.rds, results/bias_sensitivity/raw/dp0.1_k0.3_n8000_rauto_m4000.rds, results/bias_sensitivity/raw/dp0.25_k-0.3_n10000_rauto_m2000.rds, results/bias_sensitivity/raw/dp0.25_k-0.3_n10000_rauto_m4000.rds, results/bias_sensitivity/raw/dp0.25_k-0.3_n1000_rauto_m2000.rds, results/bias_sensitivity/raw/dp0.25_k-0.3_n1000_rauto_m4000.rds, results/bias_sensitivity/raw/dp0.25_k-0.3_n2000_rauto_m2000.rds, results/bias_sensitivity/raw/dp0.25_k-0.3_n2000_rauto_m4000.rds, results/bias_sensitivity/raw/dp0.25_k-0.3_n4000_rauto_m2000.rds, results/bias_sensitivity/raw/dp0.25_k-0.3_n4000_rauto_m4000.rds, results/bias_sensitivity/raw/dp0.25_k-0.3_n6000_rauto_m2000.rds, results/bias_sensitivity/raw/dp0.25_k-0.3_n6000_rauto_m4000.rds, results/bias_sensitivity/raw/dp0.25_k-0.3_n8000_rauto_m2000.rds, results/bias_sensitivity/raw/dp0.25_k-0.3_n8000_rauto_m4000.rds, results/bias_sensitivity/raw/dp0.25_k0.3_n10000_rauto_m2000.rds, results/bias_sensitivity/raw/dp0.25_k0.3_n10000_rauto_m4000.rds, results/bias_sensitivity/raw/dp0.25_k0.3_n1000_rauto_m2000.rds, results/bias_sensitivity/raw/dp0.25_k0.3_n1000_rauto_m4000.rds, results/bias_sensitivity/raw/dp0.25_k0.3_n2000_rauto_m2000.rds, results/bias_sensitivity/raw/dp0.25_k0.3_n2000_rauto_m4000.rds, results/bias_sensitivity/raw/dp0.25_k0.3_n4000_rauto_m2000.rds, results/bias_sensitivity/raw/dp0.25_k0.3_n4000_rauto_m4000.rds, results/bias_sensitivity/raw/dp0.25_k0.3_n6000_rauto_m2000.rds, results/bias_sensitivity/raw/dp0.25_k0.3_n6000_rauto_m4000.rds, results/bias_sensitivity/raw/dp0.25_k0.3_n8000_rauto_m2000.rds, results/bias_sensitivity/raw/dp0.25_k0.3_n8000_rauto_m4000.rds, results/bias_sensitivity/raw/dp0.2_k-0.3_n10000_rauto_m2000.rds, results/bias_sensitivity/raw/dp0.2_k-0.3_n10000_rauto_m4000.rds, results/bias_sensitivity/raw/dp0.2_k-0.3_n1000_rauto_m2000.rds, results/bias_sensitivity/raw/dp0.2_k-0.3_n1000_rauto_m4000.rds, results/bias_sensitivity/raw/dp0.2_k-0.3_n2000_rauto_m2000.rds, results/bias_sensitivity/raw/dp0.2_k-0.3_n2000_rauto_m4000.rds, results/bias_sensitivity/raw/dp0.2_k-0.3_n4000_rauto_m2000.rds, results/bias_sensitivity/raw/dp0.2_k-0.3_n4000_rauto_m4000.rds, results/bias_sensitivity/raw/dp0.2_k-0.3_n6000_rauto_m2000.rds, results/bias_sensitivity/raw/dp0.2_k-0.3_n6000_rauto_m4000.rds, results/bias_sensitivity/raw/dp0.2_k-0.3_n8000_rauto_m2000.rds, results/bias_sensitivity/raw/dp0.2_k-0.3_n8000_rauto_m4000.rds, results/bias_sensitivity/raw/dp0.2_k0.3_n10000_rauto_m2000.rds, results/bias_sensitivity/raw/dp0.2_k0.3_n10000_rauto_m4000.rds, results/bias_sensitivity/raw/dp0.2_k0.3_n1000_rauto_m2000.rds, results/bias_sensitivity/raw/dp0.2_k0.3_n1000_rauto_m4000.rds, results/bias_sensitivity/raw/dp0.2_k0.3_n2000_rauto_m2000.rds, results/bias_sensitivity/raw/dp0.2_k0.3_n2000_rauto_m4000.rds, results/bias_sensitivity/raw/dp0.2_k0.3_n4000_rauto_m2000.rds, results/bias_sensitivity/raw/dp0.2_k0.3_n4000_rauto_m4000.rds, results/bias_sensitivity/raw/dp0.2_k0.3_n6000_rauto_m2000.rds, results/bias_sensitivity/raw/dp0.2_k0.3_n6000_rauto_m4000.rds, results/bias_sensitivity/raw/dp0.2_k0.3_n8000_rauto_m2000.rds, results/bias_sensitivity/raw/dp0.2_k0.3_n8000_rauto_m4000.rds, results/bias_sensitivity/raw/dp0.35_k-0.3_n10000_rauto_m2000.rds, results/bias_sensitivity/raw/dp0.35_k-0.3_n10000_rauto_m4000.rds, results/bias_sensitivity/raw/dp0.35_k-0.3_n1000_rauto_m2000.rds, results/bias_sensitivity/raw/dp0.35_k-0.3_n1000_rauto_m4000.rds, results/bias_sensitivity/raw/dp0.35_k-0.3_n2000_rauto_m2000.rds, results/bias_sensitivity/raw/dp0.35_k-0.3_n2000_rauto_m4000.rds, results/bias_sensitivity/raw/dp0.35_k-0.3_n4000_rauto_m2000.rds, results/bias_sensitivity/raw/dp0.35_k-0.3_n4000_rauto_m4000.rds, results/bias_sensitivity/raw/dp0.35_k-0.3_n6000_rauto_m2000.rds, results/bias_sensitivity/raw/dp0.35_k-0.3_n6000_rauto_m4000.rds, results/bias_sensitivity/raw/dp0.35_k-0.3_n8000_rauto_m2000.rds, results/bias_sensitivity/raw/dp0.35_k-0.3_n8000_rauto_m4000.rds, results/bias_sensitivity/raw/dp0.35_k0.3_n10000_rauto_m2000.rds, results/bias_sensitivity/raw/dp0.35_k0.3_n10000_rauto_m4000.rds, results/bias_sensitivity/raw/dp0.35_k0.3_n1000_rauto_m2000.rds, results/bias_sensitivity/raw/dp0.35_k0.3_n1000_rauto_m4000.rds, results/bias_sensitivity/raw/dp0.35_k0.3_n2000_rauto_m2000.rds, results/bias_sensitivity/raw/dp0.35_k0.3_n2000_rauto_m4000.rds, results/bias_sensitivity/raw/dp0.35_k0.3_n4000_rauto_m2000.rds, results/bias_sensitivity/raw/dp0.35_k0.3_n4000_rauto_m4000.rds, results/bias_sensitivity/raw/dp0.35_k0.3_n6000_rauto_m2000.rds, results/bias_sensitivity/raw/dp0.35_k0.3_n6000_rauto_m4000.rds, results/bias_sensitivity/raw/dp0.35_k0.3_n8000_rauto_m2000.rds, results/bias_sensitivity/raw/dp0.35_k0.3_n8000_rauto_m4000.rds, results/bias_sensitivity/raw/dp0.3_k-0.3_n10000_rauto_m2000.rds, results/bias_sensitivity/raw/dp0.3_k-0.3_n10000_rauto_m4000.rds, results/bias_sensitivity/raw/dp0.3_k-0.3_n1000_rauto_m2000.rds, results/bias_sensitivity/raw/dp0.3_k-0.3_n1000_rauto_m4000.rds, results/bias_sensitivity/raw/dp0.3_k-0.3_n2000_rauto_m2000.rds, results/bias_sensitivity/raw/dp0.3_k-0.3_n2000_rauto_m4000.rds, results/bias_sensitivity/raw/dp0.3_k-0.3_n4000_rauto_m2000.rds, results/bias_sensitivity/raw/dp0.3_k-0.3_n4000_rauto_m4000.rds, results/bias_sensitivity/raw/dp0.3_k-0.3_n6000_rauto_m2000.rds, results/bias_sensitivity/raw/dp0.3_k-0.3_n6000_rauto_m4000.rds, results/bias_sensitivity/raw/dp0.3_k-0.3_n8000_rauto_m2000.rds, results/bias_sensitivity/raw/dp0.3_k-0.3_n8000_rauto_m4000.rds, results/bias_sensitivity/raw/dp0.3_k0.3_n10000_rauto_m2000.rds, results/bias_sensitivity/raw/dp0.3_k0.3_n10000_rauto_m4000.rds, results/bias_sensitivity/raw/dp0.3_k0.3_n1000_rauto_m2000.rds, results/bias_sensitivity/raw/dp0.3_k0.3_n1000_rauto_m4000.rds, results/bias_sensitivity/raw/dp0.3_k0.3_n2000_rauto_m2000.rds, results/bias_sensitivity/raw/dp0.3_k0.3_n2000_rauto_m4000.rds, results/bias_sensitivity/raw/dp0.3_k0.3_n4000_rauto_m2000.rds, results/bias_sensitivity/raw/dp0.3_k0.3_n4000_rauto_m4000.rds, results/bias_sensitivity/raw/dp0.3_k0.3_n6000_rauto_m2000.rds, results/bias_sensitivity/raw/dp0.3_k0.3_n6000_rauto_m4000.rds, results/bias_sensitivity/raw/dp0.3_k0.3_n8000_rauto_m2000.rds, results/bias_sensitivity/raw/dp0.3_k0.3_n8000_rauto_m4000.rds, results/bias_sensitivity/raw/dp0.45_k-0.3_n10000_rauto_m2000.rds, results/bias_sensitivity/raw/dp0.45_k-0.3_n10000_rauto_m4000.rds, results/bias_sensitivity/raw/dp0.45_k-0.3_n1000_rauto_m2000.rds, results/bias_sensitivity/raw/dp0.45_k-0.3_n1000_rauto_m4000.rds, results/bias_sensitivity/raw/dp0.45_k-0.3_n2000_rauto_m2000.rds, results/bias_sensitivity/raw/dp0.45_k-0.3_n2000_rauto_m4000.rds, results/bias_sensitivity/raw/dp0.45_k-0.3_n4000_rauto_m2000.rds, results/bias_sensitivity/raw/dp0.45_k-0.3_n4000_rauto_m4000.rds, results/bias_sensitivity/raw/dp0.45_k-0.3_n6000_rauto_m2000.rds, results/bias_sensitivity/raw/dp0.45_k-0.3_n6000_rauto_m4000.rds, results/bias_sensitivity/raw/dp0.45_k-0.3_n8000_rauto_m2000.rds, results/bias_sensitivity/raw/dp0.45_k-0.3_n8000_rauto_m4000.rds, results/bias_sensitivity/raw/dp0.45_k0.3_n10000_rauto_m2000.rds, results/bias_sensitivity/raw/dp0.45_k0.3_n10000_rauto_m4000.rds, results/bias_sensitivity/raw/dp0.45_k0.3_n1000_rauto_m2000.rds, results/bias_sensitivity/raw/dp0.45_k0.3_n1000_rauto_m4000.rds, results/bias_sensitivity/raw/dp0.45_k0.3_n2000_rauto_m2000.rds, results/bias_sensitivity/raw/dp0.45_k0.3_n2000_rauto_m4000.rds, results/bias_sensitivity/raw/dp0.45_k0.3_n4000_rauto_m2000.rds, results/bias_sensitivity/raw/dp0.45_k0.3_n4000_rauto_m4000.rds, results/bias_sensitivity/raw/dp0.45_k0.3_n6000_rauto_m2000.rds, results/bias_sensitivity/raw/dp0.45_k0.3_n6000_rauto_m4000.rds, results/bias_sensitivity/raw/dp0.45_k0.3_n8000_rauto_m2000.rds, results/bias_sensitivity/raw/dp0.45_k0.3_n8000_rauto_m4000.rds, results/bias_sensitivity/raw/dp0.4_k-0.3_n10000_rauto_m2000.rds, results/bias_sensitivity/raw/dp0.4_k-0.3_n10000_rauto_m4000.rds, results/bias_sensitivity/raw/dp0.4_k-0.3_n1000_rauto_m2000.rds, results/bias_sensitivity/raw/dp0.4_k-0.3_n1000_rauto_m4000.rds, results/bias_sensitivity/raw/dp0.4_k-0.3_n2000_rauto_m2000.rds, results/bias_sensitivity/raw/dp0.4_k-0.3_n2000_rauto_m4000.rds, results/bias_sensitivity/raw/dp0.4_k-0.3_n4000_rauto_m2000.rds, results/bias_sensitivity/raw/dp0.4_k-0.3_n4000_rauto_m4000.rds, results/bias_sensitivity/raw/dp0.4_k-0.3_n6000_rauto_m2000.rds, results/bias_sensitivity/raw/dp0.4_k-0.3_n6000_rauto_m4000.rds, results/bias_sensitivity/raw/dp0.4_k-0.3_n8000_rauto_m2000.rds, results/bias_sensitivity/raw/dp0.4_k-0.3_n8000_rauto_m4000.rds, results/bias_sensitivity/raw/dp0.4_k0.3_n10000_rauto_m2000.rds, results/bias_sensitivity/raw/dp0.4_k0.3_n10000_rauto_m4000.rds, results/bias_sensitivity/raw/dp0.4_k0.3_n1000_rauto_m2000.rds, results/bias_sensitivity/raw/dp0.4_k0.3_n1000_rauto_m4000.rds, results/bias_sensitivity/raw/dp0.4_k0.3_n2000_rauto_m2000.rds, results/bias_sensitivity/raw/dp0.4_k0.3_n2000_rauto_m4000.rds, results/bias_sensitivity/raw/dp0.4_k0.3_n4000_rauto_m2000.rds, results/bias_sensitivity/raw/dp0.4_k0.3_n4000_rauto_m4000.rds, results/bias_sensitivity/raw/dp0.4_k0.3_n6000_rauto_m2000.rds, results/bias_sensitivity/raw/dp0.4_k0.3_n6000_rauto_m4000.rds, results/bias_sensitivity/raw/dp0.4_k0.3_n8000_rauto_m2000.rds, results/bias_sensitivity/raw/dp0.4_k0.3_n8000_rauto_m4000.rds, results/bias_sensitivity/raw/dp0.55_k-0.3_n10000_rauto_m2000.rds, results/bias_sensitivity/raw/dp0.55_k-0.3_n10000_rauto_m4000.rds, results/bias_sensitivity/raw/dp0.55_k-0.3_n1000_rauto_m2000.rds, results/bias_sensitivity/raw/dp0.55_k-0.3_n1000_rauto_m4000.rds, results/bias_sensitivity/raw/dp0.55_k-0.3_n2000_rauto_m2000.rds, results/bias_sensitivity/raw/dp0.55_k-0.3_n2000_rauto_m4000.rds, results/bias_sensitivity/raw/dp0.55_k-0.3_n4000_rauto_m2000.rds, results/bias_sensitivity/raw/dp0.55_k-0.3_n4000_rauto_m4000.rds, results/bias_sensitivity/raw/dp0.55_k-0.3_n6000_rauto_m2000.rds, results/bias_sensitivity/raw/dp0.55_k-0.3_n6000_rauto_m4000.rds, results/bias_sensitivity/raw/dp0.55_k-0.3_n8000_rauto_m2000.rds, results/bias_sensitivity/raw/dp0.55_k-0.3_n8000_rauto_m4000.rds, results/bias_sensitivity/raw/dp0.55_k0.3_n10000_rauto_m2000.rds, results/bias_sensitivity/raw/dp0.55_k0.3_n10000_rauto_m4000.rds, results/bias_sensitivity/raw/dp0.55_k0.3_n1000_rauto_m2000.rds, results/bias_sensitivity/raw/dp0.55_k0.3_n1000_rauto_m4000.rds, results/bias_sensitivity/raw/dp0.55_k0.3_n2000_rauto_m2000.rds, results/bias_sensitivity/raw/dp0.55_k0.3_n2000_rauto_m4000.rds, results/bias_sensitivity/raw/dp0.55_k0.3_n4000_rauto_m2000.rds, results/bias_sensitivity/raw/dp0.55_k0.3_n4000_rauto_m4000.rds, results/bias_sensitivity/raw/dp0.55_k0.3_n6000_rauto_m2000.rds, results/bias_sensitivity/raw/dp0.55_k0.3_n6000_rauto_m4000.rds, results/bias_sensitivity/raw/dp0.55_k0.3_n8000_rauto_m2000.rds, results/bias_sensitivity/raw/dp0.55_k0.3_n8000_rauto_m4000.rds, results/bias_sensitivity/raw/dp0.5_k-0.3_n10000_rauto_m2000.rds, results/bias_sensitivity/raw/dp0.5_k-0.3_n10000_rauto_m4000.rds, results/bias_sensitivity/raw/dp0.5_k-0.3_n1000_rauto_m2000.rds, results/bias_sensitivity/raw/dp0.5_k-0.3_n1000_rauto_m4000.rds, results/bias_sensitivity/raw/dp0.5_k-0.3_n2000_rauto_m2000.rds, results/bias_sensitivity/raw/dp0.5_k-0.3_n2000_rauto_m4000.rds, results/bias_sensitivity/raw/dp0.5_k-0.3_n4000_rauto_m2000.rds, results/bias_sensitivity/raw/dp0.5_k-0.3_n4000_rauto_m4000.rds, results/bias_sensitivity/raw/dp0.5_k-0.3_n6000_rauto_m2000.rds, results/bias_sensitivity/raw/dp0.5_k-0.3_n6000_rauto_m4000.rds, results/bias_sensitivity/raw/dp0.5_k-0.3_n8000_rauto_m2000.rds, results/bias_sensitivity/raw/dp0.5_k-0.3_n8000_rauto_m4000.rds, results/bias_sensitivity/raw/dp0.5_k0.3_n10000_rauto_m2000.rds, results/bias_sensitivity/raw/dp0.5_k0.3_n10000_rauto_m4000.rds, results/bias_sensitivity/raw/dp0.5_k0.3_n1000_rauto_m2000.rds, results/bias_sensitivity/raw/dp0.5_k0.3_n1000_rauto_m4000.rds, results/bias_sensitivity/raw/dp0.5_k0.3_n2000_rauto_m2000.rds, results/bias_sensitivity/raw/dp0.5_k0.3_n2000_rauto_m4000.rds, results/bias_sensitivity/raw/dp0.5_k0.3_n4000_rauto_m2000.rds, results/bias_sensitivity/raw/dp0.5_k0.3_n4000_rauto_m4000.rds, results/bias_sensitivity/raw/dp0.5_k0.3_n6000_rauto_m2000.rds, results/bias_sensitivity/raw/dp0.5_k0.3_n6000_rauto_m4000.rds, results/bias_sensitivity/raw/dp0.5_k0.3_n8000_rauto_m2000.rds, results/bias_sensitivity/raw/dp0.5_k0.3_n8000_rauto_m4000.rds, results/bias_sensitivity/raw/dp0.65_k-0.3_n10000_rauto_m2000.rds, results/bias_sensitivity/raw/dp0.65_k-0.3_n10000_rauto_m4000.rds, results/bias_sensitivity/raw/dp0.65_k-0.3_n1000_rauto_m2000.rds, results/bias_sensitivity/raw/dp0.65_k-0.3_n1000_rauto_m4000.rds, results/bias_sensitivity/raw/dp0.65_k-0.3_n2000_rauto_m2000.rds, results/bias_sensitivity/raw/dp0.65_k-0.3_n2000_rauto_m4000.rds, results/bias_sensitivity/raw/dp0.65_k-0.3_n4000_rauto_m2000.rds, results/bias_sensitivity/raw/dp0.65_k-0.3_n4000_rauto_m4000.rds, results/bias_sensitivity/raw/dp0.65_k-0.3_n6000_rauto_m2000.rds, results/bias_sensitivity/raw/dp0.65_k-0.3_n6000_rauto_m4000.rds, results/bias_sensitivity/raw/dp0.65_k-0.3_n8000_rauto_m2000.rds, results/bias_sensitivity/raw/dp0.65_k-0.3_n8000_rauto_m4000.rds, results/bias_sensitivity/raw/dp0.65_k0.3_n10000_rauto_m2000.rds, results/bias_sensitivity/raw/dp0.65_k0.3_n10000_rauto_m4000.rds, results/bias_sensitivity/raw/dp0.65_k0.3_n1000_rauto_m2000.rds, results/bias_sensitivity/raw/dp0.65_k0.3_n1000_rauto_m4000.rds, results/bias_sensitivity/raw/dp0.65_k0.3_n2000_rauto_m2000.rds, results/bias_sensitivity/raw/dp0.65_k0.3_n2000_rauto_m4000.rds, results/bias_sensitivity/raw/dp0.65_k0.3_n4000_rauto_m2000.rds, results/bias_sensitivity/raw/dp0.65_k0.3_n4000_rauto_m4000.rds, results/bias_sensitivity/raw/dp0.65_k0.3_n6000_rauto_m2000.rds, results/bias_sensitivity/raw/dp0.65_k0.3_n6000_rauto_m4000.rds, results/bias_sensitivity/raw/dp0.65_k0.3_n8000_rauto_m2000.rds, results/bias_sensitivity/raw/dp0.65_k0.3_n8000_rauto_m4000.rds, results/bias_sensitivity/raw/dp0.6_k-0.3_n10000_rauto_m2000.rds, results/bias_sensitivity/raw/dp0.6_k-0.3_n10000_rauto_m4000.rds, results/bias_sensitivity/raw/dp0.6_k-0.3_n1000_rauto_m2000.rds, results/bias_sensitivity/raw/dp0.6_k-0.3_n1000_rauto_m4000.rds, results/bias_sensitivity/raw/dp0.6_k-0.3_n2000_rauto_m2000.rds, results/bias_sensitivity/raw/dp0.6_k-0.3_n2000_rauto_m4000.rds, results/bias_sensitivity/raw/dp0.6_k-0.3_n4000_rauto_m2000.rds, results/bias_sensitivity/raw/dp0.6_k-0.3_n4000_rauto_m4000.rds, results/bias_sensitivity/raw/dp0.6_k-0.3_n6000_rauto_m2000.rds, results/bias_sensitivity/raw/dp0.6_k-0.3_n6000_rauto_m4000.rds, results/bias_sensitivity/raw/dp0.6_k-0.3_n8000_rauto_m2000.rds, results/bias_sensitivity/raw/dp0.6_k-0.3_n8000_rauto_m4000.rds, results/bias_sensitivity/raw/dp0.6_k0.3_n10000_rauto_m2000.rds, results/bias_sensitivity/raw/dp0.6_k0.3_n10000_rauto_m4000.rds, results/bias_sensitivity/raw/dp0.6_k0.3_n1000_rauto_m2000.rds, results/bias_sensitivity/raw/dp0.6_k0.3_n1000_rauto_m4000.rds, results/bias_sensitivity/raw/dp0.6_k0.3_n2000_rauto_m2000.rds, results/bias_sensitivity/raw/dp0.6_k0.3_n2000_rauto_m4000.rds, results/bias_sensitivity/raw/dp0.6_k0.3_n4000_rauto_m2000.rds, results/bias_sensitivity/raw/dp0.6_k0.3_n4000_rauto_m4000.rds, results/bias_sensitivity/raw/dp0.6_k0.3_n6000_rauto_m2000.rds, results/bias_sensitivity/raw/dp0.6_k0.3_n6000_rauto_m4000.rds, results/bias_sensitivity/raw/dp0.6_k0.3_n8000_rauto_m2000.rds, results/bias_sensitivity/raw/dp0.6_k0.3_n8000_rauto_m4000.rds, results/bias_sensitivity/raw/dp0.75_k-0.3_n10000_rauto_m2000.rds, results/bias_sensitivity/raw/dp0.75_k-0.3_n10000_rauto_m4000.rds, results/bias_sensitivity/raw/dp0.75_k-0.3_n1000_rauto_m2000.rds, results/bias_sensitivity/raw/dp0.75_k-0.3_n1000_rauto_m4000.rds, results/bias_sensitivity/raw/dp0.75_k-0.3_n2000_rauto_m2000.rds, results/bias_sensitivity/raw/dp0.75_k-0.3_n2000_rauto_m4000.rds, results/bias_sensitivity/raw/dp0.75_k-0.3_n4000_rauto_m2000.rds, results/bias_sensitivity/raw/dp0.75_k-0.3_n4000_rauto_m4000.rds, results/bias_sensitivity/raw/dp0.75_k-0.3_n6000_rauto_m2000.rds, results/bias_sensitivity/raw/dp0.75_k-0.3_n6000_rauto_m4000.rds, results/bias_sensitivity/raw/dp0.75_k-0.3_n8000_rauto_m2000.rds, results/bias_sensitivity/raw/dp0.75_k-0.3_n8000_rauto_m4000.rds, results/bias_sensitivity/raw/dp0.75_k0.3_n10000_rauto_m2000.rds, results/bias_sensitivity/raw/dp0.75_k0.3_n10000_rauto_m4000.rds, results/bias_sensitivity/raw/dp0.75_k0.3_n1000_rauto_m2000.rds, results/bias_sensitivity/raw/dp0.75_k0.3_n1000_rauto_m4000.rds, results/bias_sensitivity/raw/dp0.75_k0.3_n2000_rauto_m2000.rds, results/bias_sensitivity/raw/dp0.75_k0.3_n2000_rauto_m4000.rds, results/bias_sensitivity/raw/dp0.75_k0.3_n4000_rauto_m2000.rds, results/bias_sensitivity/raw/dp0.75_k0.3_n4000_rauto_m4000.rds, results/bias_sensitivity/raw/dp0.75_k0.3_n6000_rauto_m2000.rds, results/bias_sensitivity/raw/dp0.75_k0.3_n6000_rauto_m4000.rds, results/bias_sensitivity/raw/dp0.75_k0.3_n8000_rauto_m2000.rds, results/bias_sensitivity/raw/dp0.75_k0.3_n8000_rauto_m4000.rds, results/bias_sensitivity/raw/dp0.7_k-0.3_n10000_rauto_m2000.rds, results/bias_sensitivity/raw/dp0.7_k-0.3_n10000_rauto_m4000.rds, results/bias_sensitivity/raw/dp0.7_k-0.3_n1000_rauto_m2000.rds, results/bias_sensitivity/raw/dp0.7_k-0.3_n1000_rauto_m4000.rds, results/bias_sensitivity/raw/dp0.7_k-0.3_n2000_rauto_m2000.rds, results/bias_sensitivity/raw/dp0.7_k-0.3_n2000_rauto_m4000.rds, results/bias_sensitivity/raw/dp0.7_k-0.3_n4000_rauto_m2000.rds, results/bias_sensitivity/raw/dp0.7_k-0.3_n4000_rauto_m4000.rds, results/bias_sensitivity/raw/dp0.7_k-0.3_n6000_rauto_m2000.rds, results/bias_sensitivity/raw/dp0.7_k-0.3_n6000_rauto_m4000.rds, results/bias_sensitivity/raw/dp0.7_k-0.3_n8000_rauto_m2000.rds, results/bias_sensitivity/raw/dp0.7_k-0.3_n8000_rauto_m4000.rds, results/bias_sensitivity/raw/dp0.7_k0.3_n10000_rauto_m2000.rds, results/bias_sensitivity/raw/dp0.7_k0.3_n10000_rauto_m4000.rds, results/bias_sensitivity/raw/dp0.7_k0.3_n1000_rauto_m2000.rds, results/bias_sensitivity/raw/dp0.7_k0.3_n1000_rauto_m4000.rds, results/bias_sensitivity/raw/dp0.7_k0.3_n2000_rauto_m2000.rds, results/bias_sensitivity/raw/dp0.7_k0.3_n2000_rauto_m4000.rds, results/bias_sensitivity/raw/dp0.7_k0.3_n4000_rauto_m2000.rds, results/bias_sensitivity/raw/dp0.7_k0.3_n4000_rauto_m4000.rds, results/bias_sensitivity/raw/dp0.7_k0.3_n6000_rauto_m2000.rds, results/bias_sensitivity/raw/dp0.7_k0.3_n6000_rauto_m4000.rds, results/bias_sensitivity/raw/dp0.7_k0.3_n8000_rauto_m2000.rds, results/bias_sensitivity/raw/dp0.7_k0.3_n8000_rauto_m4000.rds, results/bias_sensitivity/raw/dp0.85_k-0.3_n10000_rauto_m2000.rds, results/bias_sensitivity/raw/dp0.85_k-0.3_n10000_rauto_m4000.rds, results/bias_sensitivity/raw/dp0.85_k-0.3_n1000_rauto_m2000.rds, results/bias_sensitivity/raw/dp0.85_k-0.3_n1000_rauto_m4000.rds, results/bias_sensitivity/raw/dp0.85_k-0.3_n2000_rauto_m2000.rds, results/bias_sensitivity/raw/dp0.85_k-0.3_n2000_rauto_m4000.rds, results/bias_sensitivity/raw/dp0.85_k-0.3_n4000_rauto_m2000.rds, results/bias_sensitivity/raw/dp0.85_k-0.3_n4000_rauto_m4000.rds, results/bias_sensitivity/raw/dp0.85_k-0.3_n6000_rauto_m2000.rds, results/bias_sensitivity/raw/dp0.85_k-0.3_n6000_rauto_m4000.rds, results/bias_sensitivity/raw/dp0.85_k-0.3_n8000_rauto_m2000.rds, results/bias_sensitivity/raw/dp0.85_k-0.3_n8000_rauto_m4000.rds, results/bias_sensitivity/raw/dp0.85_k0.3_n10000_rauto_m2000.rds, results/bias_sensitivity/raw/dp0.85_k0.3_n10000_rauto_m4000.rds, results/bias_sensitivity/raw/dp0.85_k0.3_n1000_rauto_m2000.rds, results/bias_sensitivity/raw/dp0.85_k0.3_n1000_rauto_m4000.rds, results/bias_sensitivity/raw/dp0.85_k0.3_n2000_rauto_m2000.rds, results/bias_sensitivity/raw/dp0.85_k0.3_n2000_rauto_m4000.rds, results/bias_sensitivity/raw/dp0.85_k0.3_n4000_rauto_m2000.rds, results/bias_sensitivity/raw/dp0.85_k0.3_n4000_rauto_m4000.rds, results/bias_sensitivity/raw/dp0.85_k0.3_n6000_rauto_m2000.rds, results/bias_sensitivity/raw/dp0.85_k0.3_n6000_rauto_m4000.rds, results/bias_sensitivity/raw/dp0.85_k0.3_n8000_rauto_m2000.rds, results/bias_sensitivity/raw/dp0.85_k0.3_n8000_rauto_m4000.rds, results/bias_sensitivity/raw/dp0.8_k-0.3_n10000_rauto_m2000.rds, results/bias_sensitivity/raw/dp0.8_k-0.3_n10000_rauto_m4000.rds, results/bias_sensitivity/raw/dp0.8_k-0.3_n1000_rauto_m2000.rds, results/bias_sensitivity/raw/dp0.8_k-0.3_n1000_rauto_m4000.rds, results/bias_sensitivity/raw/dp0.8_k-0.3_n2000_rauto_m2000.rds, results/bias_sensitivity/raw/dp0.8_k-0.3_n2000_rauto_m4000.rds, results/bias_sensitivity/raw/dp0.8_k-0.3_n4000_rauto_m2000.rds, results/bias_sensitivity/raw/dp0.8_k-0.3_n4000_rauto_m4000.rds, results/bias_sensitivity/raw/dp0.8_k-0.3_n6000_rauto_m2000.rds, results/bias_sensitivity/raw/dp0.8_k-0.3_n6000_rauto_m4000.rds, results/bias_sensitivity/raw/dp0.8_k-0.3_n8000_rauto_m2000.rds, results/bias_sensitivity/raw/dp0.8_k-0.3_n8000_rauto_m4000.rds, results/bias_sensitivity/raw/dp0.8_k0.3_n10000_rauto_m2000.rds, results/bias_sensitivity/raw/dp0.8_k0.3_n10000_rauto_m4000.rds, results/bias_sensitivity/raw/dp0.8_k0.3_n1000_rauto_m2000.rds, results/bias_sensitivity/raw/dp0.8_k0.3_n1000_rauto_m4000.rds, results/bias_sensitivity/raw/dp0.8_k0.3_n2000_rauto_m2000.rds, results/bias_sensitivity/raw/dp0.8_k0.3_n2000_rauto_m4000.rds, results/bias_sensitivity/raw/dp0.8_k0.3_n4000_rauto_m2000.rds, results/bias_sensitivity/raw/dp0.8_k0.3_n4000_rauto_m4000.rds, results/bias_sensitivity/raw/dp0.8_k0.3_n6000_rauto_m2000.rds, results/bias_sensitivity/raw/dp0.8_k0.3_n6000_rauto_m4000.rds, results/bias_sensitivity/raw/dp0.8_k0.3_n8000_rauto_m2000.rds, results/bias_sensitivity/raw/dp0.8_k0.3_n8000_rauto_m4000.rds, results/bias_sensitivity/raw/dp0.95_k-0.3_n10000_rauto_m2000.rds, results/bias_sensitivity/raw/dp0.95_k-0.3_n10000_rauto_m4000.rds, results/bias_sensitivity/raw/dp0.95_k-0.3_n1000_rauto_m2000.rds, results/bias_sensitivity/raw/dp0.95_k-0.3_n1000_rauto_m4000.rds, results/bias_sensitivity/raw/dp0.95_k-0.3_n2000_rauto_m2000.rds, results/bias_sensitivity/raw/dp0.95_k-0.3_n2000_rauto_m4000.rds, results/bias_sensitivity/raw/dp0.95_k-0.3_n4000_rauto_m2000.rds, results/bias_sensitivity/raw/dp0.95_k-0.3_n4000_rauto_m4000.rds, results/bias_sensitivity/raw/dp0.95_k-0.3_n6000_rauto_m2000.rds, results/bias_sensitivity/raw/dp0.95_k-0.3_n6000_rauto_m4000.rds, results/bias_sensitivity/raw/dp0.95_k-0.3_n8000_rauto_m2000.rds, results/bias_sensitivity/raw/dp0.95_k-0.3_n8000_rauto_m4000.rds, results/bias_sensitivity/raw/dp0.95_k0.3_n10000_rauto_m2000.rds, results/bias_sensitivity/raw/dp0.95_k0.3_n10000_rauto_m4000.rds, results/bias_sensitivity/raw/dp0.95_k0.3_n1000_rauto_m2000.rds, results/bias_sensitivity/raw/dp0.95_k0.3_n1000_rauto_m4000.rds, results/bias_sensitivity/raw/dp0.95_k0.3_n2000_rauto_m2000.rds, results/bias_sensitivity/raw/dp0.95_k0.3_n2000_rauto_m4000.rds, results/bias_sensitivity/raw/dp0.95_k0.3_n4000_rauto_m2000.rds, results/bias_sensitivity/raw/dp0.95_k0.3_n4000_rauto_m4000.rds, results/bias_sensitivity/raw/dp0.95_k0.3_n6000_rauto_m2000.rds, results/bias_sensitivity/raw/dp0.95_k0.3_n6000_rauto_m4000.rds, results/bias_sensitivity/raw/dp0.95_k0.3_n8000_rauto_m2000.rds, results/bias_sensitivity/raw/dp0.95_k0.3_n8000_rauto_m4000.rds, results/bias_sensitivity/raw/dp0.9_k-0.3_n10000_rauto_m2000.rds, results/bias_sensitivity/raw/dp0.9_k-0.3_n10000_rauto_m4000.rds, results/bias_sensitivity/raw/dp0.9_k-0.3_n1000_rauto_m2000.rds, results/bias_sensitivity/raw/dp0.9_k-0.3_n1000_rauto_m4000.rds, results/bias_sensitivity/raw/dp0.9_k-0.3_n2000_rauto_m2000.rds, results/bias_sensitivity/raw/dp0.9_k-0.3_n2000_rauto_m4000.rds, results/bias_sensitivity/raw/dp0.9_k-0.3_n4000_rauto_m2000.rds, results/bias_sensitivity/raw/dp0.9_k-0.3_n4000_rauto_m4000.rds, results/bias_sensitivity/raw/dp0.9_k-0.3_n6000_rauto_m2000.rds, results/bias_sensitivity/raw/dp0.9_k-0.3_n6000_rauto_m4000.rds, results/bias_sensitivity/raw/dp0.9_k-0.3_n8000_rauto_m2000.rds, results/bias_sensitivity/raw/dp0.9_k-0.3_n8000_rauto_m4000.rds, results/bias_sensitivity/raw/dp0.9_k0.3_n10000_rauto_m2000.rds, results/bias_sensitivity/raw/dp0.9_k0.3_n10000_rauto_m4000.rds, results/bias_sensitivity/raw/dp0.9_k0.3_n1000_rauto_m2000.rds, results/bias_sensitivity/raw/dp0.9_k0.3_n1000_rauto_m4000.rds, results/bias_sensitivity/raw/dp0.9_k0.3_n2000_rauto_m2000.rds, results/bias_sensitivity/raw/dp0.9_k0.3_n2000_rauto_m4000.rds, results/bias_sensitivity/raw/dp0.9_k0.3_n4000_rauto_m2000.rds, results/bias_sensitivity/raw/dp0.9_k0.3_n4000_rauto_m4000.rds, results/bias_sensitivity/raw/dp0.9_k0.3_n6000_rauto_m2000.rds, results/bias_sensitivity/raw/dp0.9_k0.3_n6000_rauto_m4000.rds, results/bias_sensitivity/raw/dp0.9_k0.3_n8000_rauto_m2000.rds, results/bias_sensitivity/raw/dp0.9_k0.3_n8000_rauto_m4000.rds, results/bias_sensitivity/raw/dp1_k-0.3_n10000_rauto_m2000.rds, results/bias_sensitivity/raw/dp1_k-0.3_n10000_rauto_m4000.rds, results/bias_sensitivity/raw/dp1_k-0.3_n1000_rauto_m2000.rds, results/bias_sensitivity/raw/dp1_k-0.3_n1000_rauto_m4000.rds, results/bias_sensitivity/raw/dp1_k-0.3_n2000_rauto_m2000.rds, results/bias_sensitivity/raw/dp1_k-0.3_n2000_rauto_m4000.rds, results/bias_sensitivity/raw/dp1_k-0.3_n4000_rauto_m2000.rds, results/bias_sensitivity/raw/dp1_k-0.3_n4000_rauto_m4000.rds, results/bias_sensitivity/raw/dp1_k-0.3_n6000_rauto_m2000.rds, results/bias_sensitivity/raw/dp1_k-0.3_n6000_rauto_m4000.rds, results/bias_sensitivity/raw/dp1_k-0.3_n8000_rauto_m2000.rds, results/bias_sensitivity/raw/dp1_k-0.3_n8000_rauto_m4000.rds, results/bias_sensitivity/raw/dp1_k0.3_n10000_rauto_m2000.rds, results/bias_sensitivity/raw/dp1_k0.3_n10000_rauto_m4000.rds, results/bias_sensitivity/raw/dp1_k0.3_n1000_rauto_m2000.rds, results/bias_sensitivity/raw/dp1_k0.3_n1000_rauto_m4000.rds, results/bias_sensitivity/raw/dp1_k0.3_n2000_rauto_m2000.rds, results/bias_sensitivity/raw/dp1_k0.3_n2000_rauto_m4000.rds, results/bias_sensitivity/raw/dp1_k0.3_n4000_rauto_m2000.rds, results/bias_sensitivity/raw/dp1_k0.3_n4000_rauto_m4000.rds, results/bias_sensitivity/raw/dp1_k0.3_n6000_rauto_m2000.rds, results/bias_sensitivity/raw/dp1_k0.3_n6000_rauto_m4000.rds, results/bias_sensitivity/raw/dp1_k0.3_n8000_rauto_m2000.rds, results/bias_sensitivity/raw/dp1_k0.3_n8000_rauto_m4000.rds
    output: results/bias_sensitivity/bias_results.rds, results/bias_sensitivity/bias_results.csv
    log: logs/bias_sensitivity/combine.log
    jobid: 1
    reason: Missing output files: results/bias_sensitivity/bias_results.csv, results/bias_sensitivity/bias_results.rds; Input files updated by another job: results/bias_sensitivity/raw/dp0.5_k0.3_n1000_rauto_m2000.rds, results/bias_sensitivity/raw/dp0.05_k-0.3_n6000_rauto_m2000.rds, results/bias_sensitivity/raw/dp0.4_k-0.3_n1000_rauto_m2000.rds, results/bias_sensitivity/raw/dp0.65_k0.3_n2000_rauto_m2000.rds, results/bias_sensitivity/raw/dp0.35_k0.3_n2000_rauto_m4000.rds, results/bias_sensitivity/raw/dp0.5_k0.3_n8000_rauto_m2000.rds, results/bias_sensitivity/raw/dp0.5_k0.3_n8000_rauto_m4000.rds, results/bias_sensitivity/raw/dp0.9_k-0.3_n1000_rauto_m4000.rds, results/bias_sensitivity/raw/dp0.25_k-0.3_n1000_rauto_m4000.rds, results/bias_sensitivity/raw/dp0.9_k-0.3_n8000_rauto_m4000.rds, results/bias_sensitivity/raw/dp0.1_k0.3_n4000_rauto_m4000.rds, results/bias_sensitivity/raw/dp0.45_k0.3_n10000_rauto_m2000.rds, results/bias_sensitivity/raw/dp0.65_k0.3_n10000_rauto_m4000.rds, results/bias_sensitivity/raw/dp0.45_k0.3_n6000_rauto_m2000.rds, results/bias_sensitivity/raw/dp0.3_k0.3_n2000_rauto_m2000.rds, results/bias_sensitivity/raw/dp0.15_k0.3_n4000_rauto_m4000.rds, results/bias_sensitivity/raw/dp0.65_k0.3_n8000_rauto_m2000.rds, results/bias_sensitivity/raw/dp0.65_k-0.3_n10000_rauto_m4000.rds, results/bias_sensitivity/raw/dp0.3_k0.3_n10000_rauto_m4000.rds, results/bias_sensitivity/raw/dp0.6_k0.3_n10000_rauto_m2000.rds, results/bias_sensitivity/raw/dp0.85_k0.3_n10000_rauto_m4000.rds, results/bias_sensitivity/raw/dp0.8_k-0.3_n4000_rauto_m2000.rds, results/bias_sensitivity/raw/dp0.8_k0.3_n6000_rauto_m4000.rds, results/bias_sensitivity/raw/dp0.4_k-0.3_n10000_rauto_m4000.rds, results/bias_sensitivity/raw/dp0.05_k0.3_n2000_rauto_m4000.rds, results/bias_sensitivity/raw/dp0.2_k-0.3_n4000_rauto_m2000.rds, results/bias_sensitivity/raw/dp0.05_k0.3_n1000_rauto_m2000.rds, results/bias_sensitivity/raw/dp0.45_k0.3_n8000_rauto_m2000.rds, results/bias_sensitivity/raw/dp0.6_k0.3_n8000_rauto_m2000.rds, results/bias_sensitivity/raw/dp0.25_k0.3_n4000_rauto_m4000.rds, results/bias_sensitivity/raw/dp0.75_k-0.3_n2000_rauto_m4000.rds, results/bias_sensitivity/raw/dp0.7_k-0.3_n6000_rauto_m2000.rds, results/bias_sensitivity/raw/dp0.95_k0.3_n4000_rauto_m2000.rds, results/bias_sensitivity/raw/dp0.9_k-0.3_n10000_rauto_m4000.rds, results/bias_sensitivity/raw/dp1_k-0.3_n8000_rauto_m2000.rds, results/bias_sensitivity/raw/dp1_k0.3_n6000_rauto_m2000.rds, results/bias_sensitivity/raw/dp0.9_k-0.3_n6000_rauto_m4000.rds, results/bias_sensitivity/raw/dp0.2_k-0.3_n4000_rauto_m4000.rds, results/bias_sensitivity/raw/dp0.85_k0.3_n8000_rauto_m4000.rds, results/bias_sensitivity/raw/dp0.05_k-0.3_n10000_rauto_m4000.rds, results/bias_sensitivity/raw/dp0.05_k0.3_n6000_rauto_m4000.rds, results/bias_sensitivity/raw/dp0.45_k-0.3_n10000_rauto_m4000.rds, results/bias_sensitivity/raw/dp0.35_k0.3_n4000_rauto_m4000.rds, results/bias_sensitivity/raw/dp0.6_k-0.3_n1000_rauto_m2000.rds, results/bias_sensitivity/raw/dp0.95_k-0.3_n6000_rauto_m2000.rds, results/bias_sensitivity/raw/dp0.3_k0.3_n4000_rauto_m4000.rds, results/bias_sensitivity/raw/dp0.2_k0.3_n8000_rauto_m4000.rds, results/bias_sensitivity/raw/dp0.3_k-0.3_n10000_rauto_m4000.rds, results/bias_sensitivity/raw/dp0.05_k0.3_n6000_rauto_m2000.rds, results/bias_sensitivity/raw/dp0.5_k0.3_n2000_rauto_m2000.rds, results/bias_sensitivity/raw/dp0.95_k0.3_n10000_rauto_m4000.rds, results/bias_sensitivity/raw/dp0.95_k-0.3_n8000_rauto_m2000.rds, results/bias_sensitivity/raw/dp0.4_k0.3_n2000_rauto_m4000.rds, results/bias_sensitivity/raw/dp1_k0.3_n4000_rauto_m4000.rds, results/bias_sensitivity/raw/dp0.55_k0.3_n2000_rauto_m2000.rds, results/bias_sensitivity/raw/dp0.05_k0.3_n10000_rauto_m4000.rds, results/bias_sensitivity/raw/dp0.8_k0.3_n4000_rauto_m2000.rds, results/bias_sensitivity/raw/dp1_k0.3_n10000_rauto_m4000.rds, results/bias_sensitivity/raw/dp0.15_k-0.3_n1000_rauto_m4000.rds, results/bias_sensitivity/raw/dp0.9_k-0.3_n4000_rauto_m2000.rds, results/bias_sensitivity/raw/dp0.2_k-0.3_n1000_rauto_m2000.rds, results/bias_sensitivity/raw/dp0.4_k0.3_n4000_rauto_m2000.rds, results/bias_sensitivity/raw/dp0.1_k0.3_n6000_rauto_m4000.rds, results/bias_sensitivity/raw/dp0.9_k-0.3_n2000_rauto_m4000.rds, results/bias_sensitivity/raw/dp0.85_k-0.3_n6000_rauto_m2000.rds, results/bias_sensitivity/raw/dp0.85_k-0.3_n4000_rauto_m4000.rds, results/bias_sensitivity/raw/dp0.1_k-0.3_n4000_rauto_m2000.rds, results/bias_sensitivity/raw/dp0.4_k0.3_n1000_rauto_m4000.rds, results/bias_sensitivity/raw/dp0.2_k0.3_n2000_rauto_m4000.rds, results/bias_sensitivity/raw/dp0.95_k0.3_n10000_rauto_m2000.rds, results/bias_sensitivity/raw/dp0.3_k-0.3_n6000_rauto_m2000.rds, results/bias_sensitivity/raw/dp0.85_k-0.3_n1000_rauto_m2000.rds, results/bias_sensitivity/raw/dp0.35_k0.3_n10000_rauto_m2000.rds, results/bias_sensitivity/raw/dp0.7_k0.3_n8000_rauto_m2000.rds, results/bias_sensitivity/raw/dp0.2_k-0.3_n8000_rauto_m4000.rds, results/bias_sensitivity/raw/dp0.2_k-0.3_n2000_rauto_m4000.rds, results/bias_sensitivity/raw/dp0.9_k-0.3_n1000_rauto_m2000.rds, results/bias_sensitivity/raw/dp0.4_k-0.3_n2000_rauto_m4000.rds, results/bias_sensitivity/raw/dp0.95_k0.3_n8000_rauto_m2000.rds, results/bias_sensitivity/raw/dp0.25_k-0.3_n6000_rauto_m4000.rds, results/bias_sensitivity/raw/dp0.45_k-0.3_n1000_rauto_m4000.rds, results/bias_sensitivity/raw/dp0.75_k-0.3_n8000_rauto_m2000.rds, results/bias_sensitivity/raw/dp0.15_k-0.3_n2000_rauto_m4000.rds, results/bias_sensitivity/raw/dp0.1_k-0.3_n8000_rauto_m4000.rds, results/bias_sensitivity/raw/dp0.35_k-0.3_n2000_rauto_m4000.rds, results/bias_sensitivity/raw/dp0.8_k0.3_n2000_rauto_m4000.rds, results/bias_sensitivity/raw/dp0.75_k-0.3_n1000_rauto_m4000.rds, results/bias_sensitivity/raw/dp0.15_k-0.3_n8000_rauto_m4000.rds, results/bias_sensitivity/raw/dp0.25_k0.3_n4000_rauto_m2000.rds, results/bias_sensitivity/raw/dp0.65_k-0.3_n2000_rauto_m4000.rds, results/bias_sensitivity/raw/dp0.75_k-0.3_n10000_rauto_m2000.rds, results/bias_sensitivity/raw/dp0.8_k0.3_n8000_rauto_m4000.rds, results/bias_sensitivity/raw/dp0.55_k0.3_n8000_rauto_m2000.rds, results/bias_sensitivity/raw/dp0.1_k-0.3_n10000_rauto_m4000.rds, results/bias_sensitivity/raw/dp0.05_k0.3_n8000_rauto_m4000.rds, results/bias_sensitivity/raw/dp0.85_k0.3_n10000_rauto_m2000.rds, results/bias_sensitivity/raw/dp0.6_k0.3_n1000_rauto_m4000.rds, results/bias_sensitivity/raw/dp0.95_k0.3_n6000_rauto_m4000.rds, results/bias_sensitivity/raw/dp0.85_k0.3_n2000_rauto_m2000.rds, results/bias_sensitivity/raw/dp0.45_k0.3_n8000_rauto_m4000.rds, results/bias_sensitivity/raw/dp0.7_k0.3_n4000_rauto_m4000.rds, results/bias_sensitivity/raw/dp0.65_k0.3_n2000_rauto_m4000.rds, results/bias_sensitivity/raw/dp0.5_k0.3_n1000_rauto_m4000.rds, results/bias_sensitivity/raw/dp0.95_k0.3_n1000_rauto_m4000.rds, results/bias_sensitivity/raw/dp0.55_k-0.3_n1000_rauto_m4000.rds, results/bias_sensitivity/raw/dp0.4_k0.3_n10000_rauto_m4000.rds, results/bias_sensitivity/raw/dp0.45_k0.3_n6000_rauto_m4000.rds, results/bias_sensitivity/raw/dp0.65_k0.3_n1000_rauto_m4000.rds, results/bias_sensitivity/raw/dp0.75_k-0.3_n1000_rauto_m2000.rds, results/bias_sensitivity/raw/dp0.3_k0.3_n2000_rauto_m4000.rds, results/bias_sensitivity/raw/dp0.5_k-0.3_n1000_rauto_m2000.rds, results/bias_sensitivity/raw/dp0.15_k0.3_n6000_rauto_m4000.rds, results/bias_sensitivity/raw/dp0.75_k0.3_n2000_rauto_m4000.rds, results/bias_sensitivity/raw/dp0.55_k0.3_n10000_rauto_m4000.rds, results/bias_sensitivity/raw/dp0.25_k-0.3_n4000_rauto_m4000.rds, results/bias_sensitivity/raw/dp0.45_k-0.3_n4000_rauto_m2000.rds, results/bias_sensitivity/raw/dp0.35_k-0.3_n8000_rauto_m2000.rds, results/bias_sensitivity/raw/dp0.55_k0.3_n6000_rauto_m4000.rds, results/bias_sensitivity/raw/dp0.6_k0.3_n6000_rauto_m2000.rds, results/bias_sensitivity/raw/dp0.85_k-0.3_n4000_rauto_m2000.rds, results/bias_sensitivity/raw/dp0.8_k-0.3_n10000_rauto_m2000.rds, results/bias_sensitivity/raw/dp0.35_k-0.3_n4000_rauto_m2000.rds, results/bias_sensitivity/raw/dp0.8_k0.3_n10000_rauto_m2000.rds, results/bias_sensitivity/raw/dp0.35_k0.3_n6000_rauto_m4000.rds, results/bias_sensitivity/raw/dp0.1_k0.3_n2000_rauto_m2000.rds, results/bias_sensitivity/raw/dp0.2_k0.3_n4000_rauto_m2000.rds, results/bias_sensitivity/raw/dp0.75_k0.3_n2000_rauto_m2000.rds, results/bias_sensitivity/raw/dp0.2_k0.3_n1000_rauto_m4000.rds, results/bias_sensitivity/raw/dp0.4_k-0.3_n6000_rauto_m4000.rds, results/bias_sensitivity/raw/dp0.9_k0.3_n4000_rauto_m2000.rds, results/bias_sensitivity/raw/dp0.8_k-0.3_n1000_rauto_m2000.rds, results/bias_sensitivity/raw/dp0.45_k-0.3_n1000_rauto_m2000.rds, results/bias_sensitivity/raw/dp0.5_k-0.3_n6000_rauto_m4000.rds, results/bias_sensitivity/raw/dp0.85_k0.3_n6000_rauto_m2000.rds, results/bias_sensitivity/raw/dp0.8_k-0.3_n4000_rauto_m4000.rds, results/bias_sensitivity/raw/dp0.8_k-0.3_n2000_rauto_m2000.rds, results/bias_sensitivity/raw/dp0.55_k0.3_n2000_rauto_m4000.rds, results/bias_sensitivity/raw/dp0.4_k-0.3_n8000_rauto_m2000.rds, results/bias_sensitivity/raw/dp0.65_k-0.3_n6000_rauto_m2000.rds, results/bias_sensitivity/raw/dp0.85_k-0.3_n10000_rauto_m4000.rds, results/bias_sensitivity/raw/dp0.1_k0.3_n10000_rauto_m2000.rds, results/bias_sensitivity/raw/dp0.95_k0.3_n6000_rauto_m2000.rds, results/bias_sensitivity/raw/dp0.75_k0.3_n1000_rauto_m4000.rds, results/bias_sensitivity/raw/dp0.7_k0.3_n2000_rauto_m2000.rds, results/bias_sensitivity/raw/dp0.7_k0.3_n6000_rauto_m4000.rds, results/bias_sensitivity/raw/dp0.05_k0.3_n8000_rauto_m2000.rds, results/bias_sensitivity/raw/dp0.85_k0.3_n8000_rauto_m2000.rds, results/bias_sensitivity/raw/dp0.9_k0.3_n2000_rauto_m4000.rds, results/bias_sensitivity/raw/dp0.15_k-0.3_n6000_rauto_m2000.rds, results/bias_sensitivity/raw/dp0.5_k-0.3_n6000_rauto_m2000.rds, results/bias_sensitivity/raw/dp0.6_k0.3_n4000_rauto_m4000.rds, results/bias_sensitivity/raw/dp0.25_k-0.3_n1000_rauto_m2000.rds, results/bias_sensitivity/raw/dp0.35_k-0.3_n10000_rauto_m2000.rds, results/bias_sensitivity/raw/dp0.55_k0.3_n4000_rauto_m2000.rds, results/bias_sensitivity/raw/dp0.5_k-0.3_n8000_rauto_m2000.rds, results/bias_sensitivity/raw/dp0.1_k-0.3_n6000_rauto_m4000.rds, results/bias_sensitivity/raw/dp0.75_k-0.3_n4000_rauto_m2000.rds, results/bias_sensitivity/raw/dp0.75_k-0.3_n4000_rauto_m4000.rds, results/bias_sensitivity/raw/dp0.35_k0.3_n1000_rauto_m4000.rds, results/bias_sensitivity/raw/dp0.15_k0.3_n4000_rauto_m2000.rds, results/bias_sensitivity/raw/dp0.15_k-0.3_n1000_rauto_m2000.rds, results/bias_sensitivity/raw/dp0.6_k0.3_n2000_rauto_m2000.rds, results/bias_sensitivity/raw/dp0.3_k-0.3_n1000_rauto_m4000.rds, results/bias_sensitivity/raw/dp0.95_k-0.3_n2000_rauto_m2000.rds, results/bias_sensitivity/raw/dp0.1_k0.3_n1000_rauto_m4000.rds, results/bias_sensitivity/raw/dp0.75_k0.3_n6000_rauto_m2000.rds, results/bias_sensitivity/raw/dp0.4_k0.3_n6000_rauto_m4000.rds, results/bias_sensitivity/raw/dp0.9_k0.3_n6000_rauto_m2000.rds, results/bias_sensitivity/raw/dp0.75_k0.3_n8000_rauto_m2000.rds, results/bias_sensitivity/raw/dp0.9_k0.3_n1000_rauto_m4000.rds, results/bias_sensitivity/raw/dp1_k0.3_n8000_rauto_m2000.rds, results/bias_sensitivity/raw/dp0.95_k-0.3_n1000_rauto_m4000.rds, results/bias_sensitivity/raw/dp0.85_k-0.3_n8000_rauto_m4000.rds, results/bias_sensitivity/raw/dp0.05_k-0.3_n2000_rauto_m4000.rds, results/bias_sensitivity/raw/dp0.75_k-0.3_n6000_rauto_m4000.rds, results/bias_sensitivity/raw/dp0.1_k-0.3_n6000_rauto_m2000.rds, results/bias_sensitivity/raw/dp0.55_k0.3_n10000_rauto_m2000.rds, results/bias_sensitivity/raw/dp0.9_k0.3_n1000_rauto_m2000.rds, results/bias_sensitivity/raw/dp0.1_k-0.3_n8000_rauto_m2000.rds, results/bias_sensitivity/raw/dp0.2_k-0.3_n6000_rauto_m4000.rds, results/bias_sensitivity/raw/dp0.8_k-0.3_n8000_rauto_m4000.rds, results/bias_sensitivity/raw/dp0.75_k0.3_n1000_rauto_m2000.rds, results/bias_sensitivity/raw/dp0.15_k0.3_n2000_rauto_m4000.rds, results/bias_sensitivity/raw/dp0.55_k0.3_n1000_rauto_m2000.rds, results/bias_sensitivity/raw/dp0.55_k-0.3_n1000_rauto_m2000.rds, results/bias_sensitivity/raw/dp0.85_k-0.3_n10000_rauto_m2000.rds, results/bias_sensitivity/raw/dp0.5_k0.3_n2000_rauto_m4000.rds, results/bias_sensitivity/raw/dp0.4_k0.3_n10000_rauto_m2000.rds, results/bias_sensitivity/raw/dp0.55_k0.3_n6000_rauto_m2000.rds, results/bias_sensitivity/raw/dp0.35_k-0.3_n6000_rauto_m4000.rds, results/bias_sensitivity/raw/dp0.75_k0.3_n4000_rauto_m4000.rds, results/bias_sensitivity/raw/dp0.4_k-0.3_n2000_rauto_m2000.rds, results/bias_sensitivity/raw/dp0.05_k-0.3_n6000_rauto_m4000.rds, results/bias_sensitivity/raw/dp0.75_k-0.3_n2000_rauto_m2000.rds, results/bias_sensitivity/raw/dp0.1_k-0.3_n2000_rauto_m4000.rds, results/bias_sensitivity/raw/dp0.55_k0.3_n4000_rauto_m4000.rds, results/bias_sensitivity/raw/dp0.25_k-0.3_n2000_rauto_m2000.rds, results/bias_sensitivity/raw/dp0.35_k-0.3_n4000_rauto_m4000.rds, results/bias_sensitivity/raw/dp0.7_k0.3_n10000_rauto_m4000.rds, results/bias_sensitivity/raw/dp0.8_k0.3_n1000_rauto_m4000.rds, results/bias_sensitivity/raw/dp0.65_k0.3_n4000_rauto_m2000.rds, results/bias_sensitivity/raw/dp1_k-0.3_n10000_rauto_m2000.rds, results/bias_sensitivity/raw/dp0.4_k-0.3_n4000_rauto_m4000.rds, results/bias_sensitivity/raw/dp0.6_k0.3_n8000_rauto_m4000.rds, results/bias_sensitivity/raw/dp0.8_k-0.3_n8000_rauto_m2000.rds, results/bias_sensitivity/raw/dp0.55_k-0.3_n2000_rauto_m2000.rds, results/bias_sensitivity/raw/dp0.55_k-0.3_n4000_rauto_m4000.rds, results/bias_sensitivity/raw/dp0.4_k0.3_n4000_rauto_m4000.rds, results/bias_sensitivity/raw/dp0.65_k-0.3_n8000_rauto_m4000.rds, results/bias_sensitivity/raw/dp0.5_k-0.3_n1000_rauto_m4000.rds, results/bias_sensitivity/raw/dp0.45_k0.3_n1000_rauto_m2000.rds, results/bias_sensitivity/raw/dp0.05_k0.3_n4000_rauto_m4000.rds, results/bias_sensitivity/raw/dp0.75_k-0.3_n6000_rauto_m2000.rds, results/bias_sensitivity/raw/dp0.1_k-0.3_n1000_rauto_m4000.rds, results/bias_sensitivity/raw/dp1_k-0.3_n6000_rauto_m4000.rds, results/bias_sensitivity/raw/dp0.4_k-0.3_n6000_rauto_m2000.rds, results/bias_sensitivity/raw/dp0.95_k0.3_n1000_rauto_m2000.rds, results/bias_sensitivity/raw/dp0.25_k0.3_n2000_rauto_m4000.rds, results/bias_sensitivity/raw/dp0.15_k-0.3_n4000_rauto_m4000.rds, results/bias_sensitivity/raw/dp0.9_k0.3_n6000_rauto_m4000.rds, results/bias_sensitivity/raw/dp0.65_k0.3_n4000_rauto_m4000.rds, results/bias_sensitivity/raw/dp0.7_k-0.3_n4000_rauto_m2000.rds, results/bias_sensitivity/raw/dp0.8_k-0.3_n6000_rauto_m2000.rds, results/bias_sensitivity/raw/dp0.7_k-0.3_n1000_rauto_m4000.rds, results/bias_sensitivity/raw/dp0.7_k0.3_n10000_rauto_m2000.rds, results/bias_sensitivity/raw/dp0.15_k0.3_n1000_rauto_m2000.rds, results/bias_sensitivity/raw/dp0.25_k-0.3_n4000_rauto_m2000.rds, results/bias_sensitivity/raw/dp0.25_k0.3_n8000_rauto_m2000.rds, results/bias_sensitivity/raw/dp0.2_k-0.3_n1000_rauto_m4000.rds, results/bias_sensitivity/raw/dp0.7_k-0.3_n8000_rauto_m2000.rds, results/bias_sensitivity/raw/dp0.8_k0.3_n4000_rauto_m4000.rds, results/bias_sensitivity/raw/dp0.3_k-0.3_n4000_rauto_m2000.rds, results/bias_sensitivity/raw/dp0.45_k-0.3_n2000_rauto_m4000.rds, results/bias_sensitivity/raw/dp0.85_k-0.3_n2000_rauto_m2000.rds, results/bias_sensitivity/raw/dp0.9_k0.3_n2000_rauto_m2000.rds, results/bias_sensitivity/raw/dp0.35_k0.3_n8000_rauto_m4000.rds, results/bias_sensitivity/raw/dp0.25_k-0.3_n10000_rauto_m2000.rds, results/bias_sensitivity/raw/dp0.1_k0.3_n4000_rauto_m2000.rds, results/bias_sensitivity/raw/dp0.95_k-0.3_n2000_rauto_m4000.rds, results/bias_sensitivity/raw/dp0.65_k-0.3_n8000_rauto_m2000.rds, results/bias_sensitivity/raw/dp0.7_k0.3_n6000_rauto_m2000.rds, results/bias_sensitivity/raw/dp0.3_k0.3_n8000_rauto_m2000.rds, results/bias_sensitivity/raw/dp0.85_k-0.3_n8000_rauto_m2000.rds, results/bias_sensitivity/raw/dp0.65_k0.3_n8000_rauto_m4000.rds, results/bias_sensitivity/raw/dp0.7_k-0.3_n2000_rauto_m4000.rds, results/bias_sensitivity/raw/dp0.1_k-0.3_n1000_rauto_m2000.rds, results/bias_sensitivity/raw/dp0.1_k0.3_n6000_rauto_m2000.rds, results/bias_sensitivity/raw/dp0.45_k0.3_n4000_rauto_m2000.rds, results/bias_sensitivity/raw/dp0.7_k-0.3_n2000_rauto_m2000.rds, results/bias_sensitivity/raw/dp0.15_k0.3_n8000_rauto_m4000.rds, results/bias_sensitivity/raw/dp0.25_k0.3_n10000_rauto_m2000.rds, results/bias_sensitivity/raw/dp0.95_k0.3_n8000_rauto_m4000.rds, results/bias_sensitivity/raw/dp0.3_k-0.3_n1000_rauto_m2000.rds, results/bias_sensitivity/raw/dp0.5_k0.3_n4000_rauto_m2000.rds, results/bias_sensitivity/raw/dp0.3_k-0.3_n2000_rauto_m4000.rds, results/bias_sensitivity/raw/dp0.25_k-0.3_n2000_rauto_m4000.rds, results/bias_sensitivity/raw/dp0.4_k0.3_n1000_rauto_m2000.rds, results/bias_sensitivity/raw/dp0.2_k-0.3_n8000_rauto_m2000.rds, results/bias_sensitivity/raw/dp0.45_k-0.3_n4000_rauto_m4000.rds, results/bias_sensitivity/raw/dp0.2_k0.3_n6000_rauto_m4000.rds, results/bias_sensitivity/raw/dp1_k0.3_n4000_rauto_m2000.rds, results/bias_sensitivity/raw/dp0.2_k0.3_n4000_rauto_m4000.rds, results/bias_sensitivity/raw/dp0.3_k-0.3_n2000_rauto_m2000.rds, results/bias_sensitivity/raw/dp0.9_k-0.3_n4000_rauto_m4000.rds, results/bias_sensitivity/raw/dp0.05_k-0.3_n8000_rauto_m2000.rds, results/bias_sensitivity/raw/dp0.2_k0.3_n8000_rauto_m2000.rds, results/bias_sensitivity/raw/dp0.35_k-0.3_n8000_rauto_m4000.rds, results/bias_sensitivity/raw/dp0.3_k-0.3_n6000_rauto_m4000.rds, results/bias_sensitivity/raw/dp0.2_k-0.3_n2000_rauto_m2000.rds, results/bias_sensitivity/raw/dp0.75_k0.3_n6000_rauto_m4000.rds, results/bias_sensitivity/raw/dp0.05_k0.3_n1000_rauto_m4000.rds, results/bias_sensitivity/raw/dp1_k0.3_n1000_rauto_m4000.rds, results/bias_sensitivity/raw/dp0.4_k0.3_n6000_rauto_m2000.rds, results/bias_sensitivity/raw/dp0.95_k0.3_n2000_rauto_m2000.rds, results/bias_sensitivity/raw/dp0.35_k0.3_n8000_rauto_m2000.rds, results/bias_sensitivity/raw/dp0.3_k0.3_n6000_rauto_m2000.rds, results/bias_sensitivity/raw/dp0.7_k0.3_n2000_rauto_m4000.rds, results/bias_sensitivity/raw/dp1_k-0.3_n6000_rauto_m2000.rds, results/bias_sensitivity/raw/dp0.55_k-0.3_n2000_rauto_m4000.rds, results/bias_sensitivity/raw/dp1_k-0.3_n4000_rauto_m2000.rds, results/bias_sensitivity/raw/dp0.95_k0.3_n4000_rauto_m4000.rds, results/bias_sensitivity/raw/dp0.5_k-0.3_n4000_rauto_m2000.rds, results/bias_sensitivity/raw/dp0.45_k-0.3_n10000_rauto_m2000.rds, results/bias_sensitivity/raw/dp0.2_k-0.3_n10000_rauto_m4000.rds, results/bias_sensitivity/raw/dp0.75_k0.3_n8000_rauto_m4000.rds, results/bias_sensitivity/raw/dp0.8_k-0.3_n10000_rauto_m4000.rds, results/bias_sensitivity/raw/dp0.2_k0.3_n10000_rauto_m4000.rds, results/bias_sensitivity/raw/dp0.15_k0.3_n10000_rauto_m2000.rds, results/bias_sensitivity/raw/dp0.4_k-0.3_n4000_rauto_m2000.rds, results/bias_sensitivity/raw/dp0.45_k0.3_n1000_rauto_m4000.rds, results/bias_sensitivity/raw/dp0.45_k-0.3_n8000_rauto_m2000.rds, results/bias_sensitivity/raw/dp0.5_k-0.3_n10000_rauto_m4000.rds, results/bias_sensitivity/raw/dp0.6_k0.3_n10000_rauto_m4000.rds, results/bias_sensitivity/raw/dp0.75_k0.3_n10000_rauto_m4000.rds, results/bias_sensitivity/raw/dp0.2_k0.3_n10000_rauto_m2000.rds, results/bias_sensitivity/raw/dp0.95_k-0.3_n10000_rauto_m2000.rds, results/bias_sensitivity/raw/dp0.5_k-0.3_n8000_rauto_m4000.rds, results/bias_sensitivity/raw/dp0.7_k-0.3_n8000_rauto_m4000.rds, results/bias_sensitivity/raw/dp0.75_k0.3_n4000_rauto_m2000.rds, results/bias_sensitivity/raw/dp1_k-0.3_n8000_rauto_m4000.rds, results/bias_sensitivity/raw/dp0.7_k0.3_n4000_rauto_m2000.rds, results/bias_sensitivity/raw/dp0.25_k0.3_n6000_rauto_m4000.rds, results/bias_sensitivity/raw/dp0.5_k-0.3_n10000_rauto_m2000.rds, results/bias_sensitivity/raw/dp0.7_k0.3_n8000_rauto_m4000.rds, results/bias_sensitivity/raw/dp0.8_k-0.3_n2000_rauto_m4000.rds, results/bias_sensitivity/raw/dp0.35_k0.3_n2000_rauto_m2000.rds, results/bias_sensitivity/raw/dp0.95_k0.3_n2000_rauto_m4000.rds, results/bias_sensitivity/raw/dp0.7_k-0.3_n4000_rauto_m4000.rds, results/bias_sensitivity/raw/dp0.05_k-0.3_n2000_rauto_m2000.rds, results/bias_sensitivity/raw/dp0.35_k0.3_n4000_rauto_m2000.rds, results/bias_sensitivity/raw/dp0.3_k-0.3_n4000_rauto_m4000.rds, results/bias_sensitivity/raw/dp0.5_k-0.3_n2000_rauto_m4000.rds, results/bias_sensitivity/raw/dp0.9_k-0.3_n2000_rauto_m2000.rds, results/bias_sensitivity/raw/dp0.35_k0.3_n6000_rauto_m2000.rds, results/bias_sensitivity/raw/dp0.35_k-0.3_n6000_rauto_m2000.rds, results/bias_sensitivity/raw/dp0.85_k0.3_n1000_rauto_m2000.rds, results/bias_sensitivity/raw/dp0.5_k0.3_n6000_rauto_m4000.rds, results/bias_sensitivity/raw/dp0.7_k-0.3_n10000_rauto_m2000.rds, results/bias_sensitivity/raw/dp0.95_k-0.3_n8000_rauto_m4000.rds, results/bias_sensitivity/raw/dp0.15_k0.3_n1000_rauto_m4000.rds, results/bias_sensitivity/raw/dp0.1_k-0.3_n4000_rauto_m4000.rds, results/bias_sensitivity/raw/dp0.6_k-0.3_n10000_rauto_m4000.rds, results/bias_sensitivity/raw/dp0.6_k-0.3_n8000_rauto_m2000.rds, results/bias_sensitivity/raw/dp0.9_k0.3_n10000_rauto_m2000.rds, results/bias_sensitivity/raw/dp0.65_k-0.3_n2000_rauto_m2000.rds, results/bias_sensitivity/raw/dp1_k-0.3_n10000_rauto_m4000.rds, results/bias_sensitivity/raw/dp0.25_k0.3_n1000_rauto_m4000.rds, results/bias_sensitivity/raw/dp0.7_k-0.3_n10000_rauto_m4000.rds, results/bias_sensitivity/raw/dp0.1_k0.3_n8000_rauto_m2000.rds, results/bias_sensitivity/raw/dp0.05_k-0.3_n1000_rauto_m4000.rds, results/bias_sensitivity/raw/dp0.35_k-0.3_n1000_rauto_m2000.rds, results/bias_sensitivity/raw/dp1_k-0.3_n2000_rauto_m4000.rds, results/bias_sensitivity/raw/dp0.65_k-0.3_n1000_rauto_m4000.rds, results/bias_sensitivity/raw/dp0.5_k0.3_n6000_rauto_m2000.rds, results/bias_sensitivity/raw/dp0.95_k-0.3_n4000_rauto_m2000.rds, results/bias_sensitivity/raw/dp0.85_k0.3_n4000_rauto_m2000.rds, results/bias_sensitivity/raw/dp0.65_k0.3_n6000_rauto_m4000.rds, results/bias_sensitivity/raw/dp0.15_k-0.3_n10000_rauto_m4000.rds, results/bias_sensitivity/raw/dp0.45_k0.3_n2000_rauto_m2000.rds, results/bias_sensitivity/raw/dp0.2_k-0.3_n10000_rauto_m2000.rds, results/bias_sensitivity/raw/dp0.95_k-0.3_n6000_rauto_m4000.rds, results/bias_sensitivity/raw/dp0.8_k0.3_n10000_rauto_m4000.rds, results/bias_sensitivity/raw/dp0.05_k-0.3_n1000_rauto_m2000.rds, results/bias_sensitivity/raw/dp0.3_k-0.3_n10000_rauto_m2000.rds, results/bias_sensitivity/raw/dp0.1_k-0.3_n2000_rauto_m2000.rds, results/bias_sensitivity/raw/dp0.6_k0.3_n2000_rauto_m4000.rds, results/bias_sensitivity/raw/dp0.8_k0.3_n2000_rauto_m2000.rds, results/bias_sensitivity/raw/dp0.6_k-0.3_n2000_rauto_m2000.rds, results/bias_sensitivity/raw/dp0.6_k-0.3_n6000_rauto_m4000.rds, results/bias_sensitivity/raw/dp0.3_k0.3_n1000_rauto_m2000.rds, results/bias_sensitivity/raw/dp0.15_k0.3_n10000_rauto_m4000.rds, results/bias_sensitivity/raw/dp0.65_k0.3_n1000_rauto_m2000.rds, results/bias_sensitivity/raw/dp0.6_k-0.3_n2000_rauto_m4000.rds, results/bias_sensitivity/raw/dp0.45_k-0.3_n8000_rauto_m4000.rds, results/bias_sensitivity/raw/dp0.55_k-0.3_n10000_rauto_m2000.rds, results/bias_sensitivity/raw/dp0.5_k0.3_n10000_rauto_m2000.rds, results/bias_sensitivity/raw/dp0.2_k0.3_n2000_rauto_m2000.rds, results/bias_sensitivity/raw/dp0.2_k0.3_n1000_rauto_m2000.rds, results/bias_sensitivity/raw/dp0.6_k0.3_n4000_rauto_m2000.rds, results/bias_sensitivity/raw/dp0.45_k-0.3_n2000_rauto_m2000.rds, results/bias_sensitivity/raw/dp0.8_k0.3_n6000_rauto_m2000.rds, results/bias_sensitivity/raw/dp0.9_k0.3_n10000_rauto_m4000.rds, results/bias_sensitivity/raw/dp0.9_k0.3_n8000_rauto_m2000.rds, results/bias_sensitivity/raw/dp0.15_k0.3_n8000_rauto_m2000.rds, results/bias_sensitivity/raw/dp0.45_k0.3_n10000_rauto_m4000.rds, results/bias_sensitivity/raw/dp0.9_k0.3_n8000_rauto_m4000.rds, results/bias_sensitivity/raw/dp0.05_k-0.3_n8000_rauto_m4000.rds, results/bias_sensitivity/raw/dp0.15_k-0.3_n10000_rauto_m2000.rds, results/bias_sensitivity/raw/dp0.9_k-0.3_n6000_rauto_m2000.rds, results/bias_sensitivity/raw/dp1_k-0.3_n4000_rauto_m4000.rds, results/bias_sensitivity/raw/dp0.85_k0.3_n6000_rauto_m4000.rds, results/bias_sensitivity/raw/dp0.5_k-0.3_n2000_rauto_m2000.rds, results/bias_sensitivity/raw/dp0.9_k-0.3_n8000_rauto_m2000.rds, results/bias_sensitivity/raw/dp0.15_k-0.3_n4000_rauto_m2000.rds, results/bias_sensitivity/raw/dp0.1_k0.3_n1000_rauto_m2000.rds, results/bias_sensitivity/raw/dp0.5_k0.3_n10000_rauto_m4000.rds, results/bias_sensitivity/raw/dp0.05_k-0.3_n4000_rauto_m4000.rds, results/bias_sensitivity/raw/dp0.25_k0.3_n1000_rauto_m2000.rds, results/bias_sensitivity/raw/dp0.05_k0.3_n2000_rauto_m2000.rds, results/bias_sensitivity/raw/dp0.05_k-0.3_n10000_rauto_m2000.rds, results/bias_sensitivity/raw/dp0.6_k-0.3_n4000_rauto_m2000.rds, results/bias_sensitivity/raw/dp0.9_k0.3_n4000_rauto_m4000.rds, results/bias_sensitivity/raw/dp1_k0.3_n10000_rauto_m2000.rds, results/bias_sensitivity/raw/dp0.15_k0.3_n2000_rauto_m2000.rds, results/bias_sensitivity/raw/dp0.55_k-0.3_n8000_rauto_m4000.rds, results/bias_sensitivity/raw/dp0.55_k0.3_n8000_rauto_m4000.rds, results/bias_sensitivity/raw/dp0.25_k0.3_n10000_rauto_m4000.rds, results/bias_sensitivity/raw/dp0.35_k-0.3_n10000_rauto_m4000.rds, results/bias_sensitivity/raw/dp0.15_k-0.3_n8000_rauto_m2000.rds, results/bias_sensitivity/raw/dp0.05_k-0.3_n4000_rauto_m2000.rds, results/bias_sensitivity/raw/dp0.2_k-0.3_n6000_rauto_m2000.rds, results/bias_sensitivity/raw/dp0.25_k0.3_n2000_rauto_m2000.rds, results/bias_sensitivity/raw/dp1_k-0.3_n1000_rauto_m2000.rds, results/bias_sensitivity/raw/dp0.5_k-0.3_n4000_rauto_m4000.rds, results/bias_sensitivity/raw/dp0.65_k-0.3_n1000_rauto_m2000.rds, results/bias_sensitivity/raw/dp0.3_k0.3_n8000_rauto_m4000.rds, results/bias_sensitivity/raw/dp0.25_k-0.3_n8000_rauto_m4000.rds, results/bias_sensitivity/raw/dp0.95_k-0.3_n1000_rauto_m2000.rds, results/bias_sensitivity/raw/dp1_k0.3_n8000_rauto_m4000.rds, results/bias_sensitivity/raw/dp0.55_k-0.3_n10000_rauto_m4000.rds, results/bias_sensitivity/raw/dp0.25_k0.3_n8000_rauto_m4000.rds, results/bias_sensitivity/raw/dp0.35_k0.3_n1000_rauto_m2000.rds, results/bias_sensitivity/raw/dp0.3_k0.3_n6000_rauto_m4000.rds, results/bias_sensitivity/raw/dp0.4_k0.3_n8000_rauto_m2000.rds, results/bias_sensitivity/raw/dp1_k-0.3_n1000_rauto_m4000.rds, results/bias_sensitivity/raw/dp1_k0.3_n1000_rauto_m2000.rds, results/bias_sensitivity/raw/dp0.8_k-0.3_n6000_rauto_m4000.rds, results/bias_sensitivity/raw/dp0.55_k-0.3_n4000_rauto_m2000.rds, results/bias_sensitivity/raw/dp0.65_k0.3_n6000_rauto_m2000.rds, results/bias_sensitivity/raw/dp1_k0.3_n2000_rauto_m4000.rds, results/bias_sensitivity/raw/dp0.35_k0.3_n10000_rauto_m4000.rds, results/bias_sensitivity/raw/dp0.6_k0.3_n1000_rauto_m2000.rds, results/bias_sensitivity/raw/dp0.45_k-0.3_n6000_rauto_m4000.rds, results/bias_sensitivity/raw/dp0.8_k-0.3_n1000_rauto_m4000.rds, results/bias_sensitivity/raw/dp0.35_k-0.3_n1000_rauto_m4000.rds, results/bias_sensitivity/raw/dp0.2_k0.3_n6000_rauto_m2000.rds, results/bias_sensitivity/raw/dp0.7_k-0.3_n6000_rauto_m4000.rds, results/bias_sensitivity/raw/dp0.85_k0.3_n4000_rauto_m4000.rds, results/bias_sensitivity/raw/dp0.75_k-0.3_n10000_rauto_m4000.rds, results/bias_sensitivity/raw/dp0.8_k0.3_n1000_rauto_m2000.rds, results/bias_sensitivity/raw/dp0.1_k0.3_n8000_rauto_m4000.rds, results/bias_sensitivity/raw/dp0.55_k-0.3_n6000_rauto_m2000.rds, results/bias_sensitivity/raw/dp1_k-0.3_n2000_rauto_m2000.rds, results/bias_sensitivity/raw/dp0.65_k0.3_n10000_rauto_m2000.rds, results/bias_sensitivity/raw/dp0.4_k-0.3_n1000_rauto_m4000.rds, results/bias_sensitivity/raw/dp0.25_k0.3_n6000_rauto_m2000.rds, results/bias_sensitivity/raw/dp0.65_k-0.3_n4000_rauto_m4000.rds, results/bias_sensitivity/raw/dp0.9_k-0.3_n10000_rauto_m2000.rds, results/bias_sensitivity/raw/dp0.1_k-0.3_n10000_rauto_m2000.rds, results/bias_sensitivity/raw/dp0.85_k-0.3_n6000_rauto_m4000.rds, results/bias_sensitivity/raw/dp0.8_k0.3_n8000_rauto_m2000.rds, results/bias_sensitivity/raw/dp0.65_k-0.3_n4000_rauto_m2000.rds, results/bias_sensitivity/raw/dp0.6_k-0.3_n8000_rauto_m4000.rds, results/bias_sensitivity/raw/dp0.95_k-0.3_n10000_rauto_m4000.rds, results/bias_sensitivity/raw/dp0.25_k-0.3_n10000_rauto_m4000.rds, results/bias_sensitivity/raw/dp0.85_k-0.3_n1000_rauto_m4000.rds, results/bias_sensitivity/raw/dp0.25_k-0.3_n8000_rauto_m2000.rds, results/bias_sensitivity/raw/dp0.25_k-0.3_n6000_rauto_m2000.rds, results/bias_sensitivity/raw/dp0.3_k-0.3_n8000_rauto_m4000.rds, results/bias_sensitivity/raw/dp0.45_k0.3_n4000_rauto_m4000.rds, results/bias_sensitivity/raw/dp1_k0.3_n2000_rauto_m2000.rds, results/bias_sensitivity/raw/dp0.75_k-0.3_n8000_rauto_m4000.rds, results/bias_sensitivity/raw/dp0.85_k0.3_n1000_rauto_m4000.rds, results/bias_sensitivity/raw/dp0.45_k-0.3_n6000_rauto_m2000.rds, results/bias_sensitivity/raw/dp0.55_k-0.3_n6000_rauto_m4000.rds, results/bias_sensitivity/raw/dp0.85_k-0.3_n2000_rauto_m4000.rds, results/bias_sensitivity/raw/dp0.05_k0.3_n10000_rauto_m2000.rds, results/bias_sensitivity/raw/dp0.3_k-0.3_n8000_rauto_m2000.rds, results/bias_sensitivity/raw/dp0.1_k0.3_n10000_rauto_m4000.rds, results/bias_sensitivity/raw/dp0.15_k-0.3_n2000_rauto_m2000.rds, results/bias_sensitivity/raw/dp0.6_k-0.3_n1000_rauto_m4000.rds, results/bias_sensitivity/raw/dp0.5_k0.3_n4000_rauto_m4000.rds, results/bias_sensitivity/raw/dp0.95_k-0.3_n4000_rauto_m4000.rds, results/bias_sensitivity/raw/dp0.6_k-0.3_n4000_rauto_m4000.rds, results/bias_sensitivity/raw/dp0.1_k0.3_n2000_rauto_m4000.rds, results/bias_sensitivity/raw/dp0.6_k0.3_n6000_rauto_m4000.rds, results/bias_sensitivity/raw/dp0.55_k-0.3_n8000_rauto_m2000.rds, results/bias_sensitivity/raw/dp0.4_k0.3_n2000_rauto_m2000.rds, results/bias_sensitivity/raw/dp0.85_k0.3_n2000_rauto_m4000.rds, results/bias_sensitivity/raw/dp0.3_k0.3_n4000_rauto_m2000.rds, results/bias_sensitivity/raw/dp0.7_k-0.3_n1000_rauto_m2000.rds, results/bias_sensitivity/raw/dp0.7_k0.3_n1000_rauto_m2000.rds, results/bias_sensitivity/raw/dp0.6_k-0.3_n10000_rauto_m2000.rds, results/bias_sensitivity/raw/dp0.7_k0.3_n1000_rauto_m4000.rds, results/bias_sensitivity/raw/dp0.35_k-0.3_n2000_rauto_m2000.rds, results/bias_sensitivity/raw/dp0.4_k0.3_n8000_rauto_m4000.rds, results/bias_sensitivity/raw/dp0.15_k0.3_n6000_rauto_m2000.rds, results/bias_sensitivity/raw/dp1_k0.3_n6000_rauto_m4000.rds, results/bias_sensitivity/raw/dp0.6_k-0.3_n6000_rauto_m2000.rds, results/bias_sensitivity/raw/dp0.4_k-0.3_n8000_rauto_m4000.rds, results/bias_sensitivity/raw/dp0.15_k-0.3_n6000_rauto_m4000.rds, results/bias_sensitivity/raw/dp0.65_k-0.3_n10000_rauto_m2000.rds, results/bias_sensitivity/raw/dp0.05_k0.3_n4000_rauto_m2000.rds, results/bias_sensitivity/raw/dp0.75_k0.3_n10000_rauto_m2000.rds, results/bias_sensitivity/raw/dp0.65_k-0.3_n6000_rauto_m4000.rds, results/bias_sensitivity/raw/dp0.45_k0.3_n2000_rauto_m4000.rds, results/bias_sensitivity/raw/dp0.4_k-0.3_n10000_rauto_m2000.rds, results/bias_sensitivity/raw/dp0.3_k0.3_n1000_rauto_m4000.rds, results/bias_sensitivity/raw/dp0.3_k0.3_n10000_rauto_m2000.rds, results/bias_sensitivity/raw/dp0.55_k0.3_n1000_rauto_m4000.rds; Set of input files has changed since last execution; Code has changed since last execution
    resources: tmpdir=/tmp

[Mon Aug 31 03:12:23 2026]
Finished job 1.
481 of 483 steps (99.6%) done
Select jobs to execute...
Execute 1 jobs...

[Mon Aug 31 03:12:23 2026]
localrule figures:
    input: results/bias_sensitivity/bias_results.rds
    output: results/bias_sensitivity/.figures.done
    log: logs/bias_sensitivity/plot.log
    jobid: 482
    reason: Input files updated by another job: results/bias_sensitivity/bias_results.rds
    resources: tmpdir=/tmp

Touching output file results/bias_sensitivity/.figures.done.
[Mon Aug 31 03:12:40 2026]
Finished job 482.
482 of 483 steps (99.8%) done
Select jobs to execute...
Execute 1 jobs...

[Mon Aug 31 03:12:40 2026]
localrule all:
    input: results/bias_sensitivity/bias_results.csv, results/bias_sensitivity/.figures.done
    jobid: 0
    reason: Input files updated by another job: results/bias_sensitivity/.figures.done, results/bias_sensitivity/bias_results.csv
    resources: tmpdir=/tmp

[Mon Aug 31 03:12:40 2026]
Finished job 0.
483 of 483 steps (100%) done
Complete log: .snakemake/log/2026-08-30T175643.131201.snakemake.log
