Assuming unrestricted shared filesystem usage.
Building DAG of jobs...
Using shell: /usr/bin/bash
Provided cores: 120
Rules claiming more threads will be scaled down.
Job stats:
job         count
--------  -------
run_cell     1920
total        1920

Select jobs to execute...
Execute 60 jobs...

[Tue Sep  1 21:05:18 2026]
localrule run_cell:
    output: results/bias_sensitivity/raw/dp0.55_k-0.3_n10000_r10_m4000.rds
    log: logs/bias_sensitivity/run_dp0.55_k-0.3_n10000_r10_m4000.log
    jobid: 867
    reason: Missing output files: results/bias_sensitivity/raw/dp0.55_k-0.3_n10000_r10_m4000.rds
    wildcards: cell=dp0.55_k-0.3_n10000_r10_m4000
    threads: 2
    resources: tmpdir=/tmp


[Tue Sep  1 21:05:18 2026]
localrule run_cell:
    output: results/bias_sensitivity/raw/dp0.35_k-0.3_n4000_r10_m4000.rds
    log: logs/bias_sensitivity/run_dp0.35_k-0.3_n4000_r10_m4000.log
    jobid: 507
    reason: Missing output files: results/bias_sensitivity/raw/dp0.35_k-0.3_n4000_r10_m4000.rds
    wildcards: cell=dp0.35_k-0.3_n4000_r10_m4000
    threads: 2
    resources: tmpdir=/tmp


[Tue Sep  1 21:05:18 2026]
localrule run_cell:
    output: results/bias_sensitivity/raw/dp0.45_k-0.3_n1000_r20_m4000.rds
    log: logs/bias_sensitivity/run_dp0.45_k-0.3_n1000_r20_m4000.log
    jobid: 687
    reason: Missing output files: results/bias_sensitivity/raw/dp0.45_k-0.3_n1000_r20_m4000.rds
    wildcards: cell=dp0.45_k-0.3_n1000_r20_m4000
    threads: 2
    resources: tmpdir=/tmp


[Tue Sep  1 21:05:18 2026]
localrule run_cell:
    output: results/bias_sensitivity/raw/dp0.1_k0.3_n4000_r10_m4000.rds
    log: logs/bias_sensitivity/run_dp0.1_k0.3_n4000_r10_m4000.log
    jobid: 267
    reason: Missing output files: results/bias_sensitivity/raw/dp0.1_k0.3_n4000_r10_m4000.rds
    wildcards: cell=dp0.1_k0.3_n4000_r10_m4000
    threads: 2
    resources: tmpdir=/tmp


[Tue Sep  1 21:05:18 2026]
localrule run_cell:
    output: results/bias_sensitivity/raw/dp0.5_k-0.3_n4000_r10_m4000.rds
    log: logs/bias_sensitivity/run_dp0.5_k-0.3_n4000_r10_m4000.log
    jobid: 987
    reason: Missing output files: results/bias_sensitivity/raw/dp0.5_k-0.3_n4000_r10_m4000.rds
    wildcards: cell=dp0.5_k-0.3_n4000_r10_m4000
    threads: 2
    resources: tmpdir=/tmp


[Tue Sep  1 21:05:18 2026]
localrule run_cell:
    output: results/bias_sensitivity/raw/dp0.6_k0.3_n4000_r10_m4000.rds
    log: logs/bias_sensitivity/run_dp0.6_k0.3_n4000_r10_m4000.log
    jobid: 1227
    reason: Missing output files: results/bias_sensitivity/raw/dp0.6_k0.3_n4000_r10_m4000.rds
    wildcards: cell=dp0.6_k0.3_n4000_r10_m4000
    threads: 2
    resources: tmpdir=/tmp


[Tue Sep  1 21:05:18 2026]
localrule run_cell:
    output: results/bias_sensitivity/raw/dp0.65_k0.3_n10000_r10_m4000.rds
    log: logs/bias_sensitivity/run_dp0.65_k0.3_n10000_r10_m4000.log
    jobid: 1107
    reason: Missing output files: results/bias_sensitivity/raw/dp0.65_k0.3_n10000_r10_m4000.rds
    wildcards: cell=dp0.65_k0.3_n10000_r10_m4000
    threads: 2
    resources: tmpdir=/tmp


[Tue Sep  1 21:05:18 2026]
localrule run_cell:
    output: results/bias_sensitivity/raw/dp0.7_k-0.3_n10000_r10_m4000.rds
    log: logs/bias_sensitivity/run_dp0.7_k-0.3_n10000_r10_m4000.log
    jobid: 1347
    reason: Missing output files: results/bias_sensitivity/raw/dp0.7_k-0.3_n10000_r10_m4000.rds
    wildcards: cell=dp0.7_k-0.3_n10000_r10_m4000
    threads: 2
    resources: tmpdir=/tmp


[Tue Sep  1 21:05:18 2026]
localrule run_cell:
    output: results/bias_sensitivity/raw/dp0.85_k-0.3_n4000_r10_m4000.rds
    log: logs/bias_sensitivity/run_dp0.85_k-0.3_n4000_r10_m4000.log
    jobid: 1467
    reason: Missing output files: results/bias_sensitivity/raw/dp0.85_k-0.3_n4000_r10_m4000.rds
    wildcards: cell=dp0.85_k-0.3_n4000_r10_m4000
    threads: 2
    resources: tmpdir=/tmp


[Tue Sep  1 21:05:18 2026]
localrule run_cell:
    output: results/bias_sensitivity/raw/dp0.95_k-0.3_n1000_r20_m4000.rds
    log: logs/bias_sensitivity/run_dp0.95_k-0.3_n1000_r20_m4000.log
    jobid: 1647
    reason: Missing output files: results/bias_sensitivity/raw/dp0.95_k-0.3_n1000_r20_m4000.rds
    wildcards: cell=dp0.95_k-0.3_n1000_r20_m4000
    threads: 2
    resources: tmpdir=/tmp


[Tue Sep  1 21:05:18 2026]
localrule run_cell:
    output: results/bias_sensitivity/raw/dp0.05_k-0.3_n1000_r10_m4000.rds
    log: logs/bias_sensitivity/run_dp0.05_k-0.3_n1000_r10_m4000.log
    jobid: 11
    reason: Missing output files: results/bias_sensitivity/raw/dp0.05_k-0.3_n1000_r10_m4000.rds
    wildcards: cell=dp0.05_k-0.3_n1000_r10_m4000
    threads: 2
    resources: tmpdir=/tmp


[Tue Sep  1 21:05:18 2026]
localrule run_cell:
    output: results/bias_sensitivity/raw/dp0.15_k-0.3_n6000_r10_m4000.rds
    log: logs/bias_sensitivity/run_dp0.15_k-0.3_n6000_r10_m4000.log
    jobid: 131
    reason: Missing output files: results/bias_sensitivity/raw/dp0.15_k-0.3_n6000_r10_m4000.rds
    wildcards: cell=dp0.15_k-0.3_n6000_r10_m4000
    threads: 2
    resources: tmpdir=/tmp


[Tue Sep  1 21:05:18 2026]
localrule run_cell:
    output: results/bias_sensitivity/raw/dp0.15_k0.3_n8000_r20_m4000.rds
    log: logs/bias_sensitivity/run_dp0.15_k0.3_n8000_r20_m4000.log
    jobid: 191
    reason: Missing output files: results/bias_sensitivity/raw/dp0.15_k0.3_n8000_r20_m4000.rds
    wildcards: cell=dp0.15_k0.3_n8000_r20_m4000
    threads: 2
    resources: tmpdir=/tmp


[Tue Sep  1 21:05:18 2026]
localrule run_cell:
    output: results/bias_sensitivity/raw/dp0.1_k0.3_n1000_r10_m4000.rds
    log: logs/bias_sensitivity/run_dp0.1_k0.3_n1000_r10_m4000.log
    jobid: 251
    reason: Missing output files: results/bias_sensitivity/raw/dp0.1_k0.3_n1000_r10_m4000.rds
    wildcards: cell=dp0.1_k0.3_n1000_r10_m4000
    threads: 2
    resources: tmpdir=/tmp


[Tue Sep  1 21:05:18 2026]
localrule run_cell:
    output: results/bias_sensitivity/raw/dp0.35_k-0.3_n1000_r10_m4000.rds
    log: logs/bias_sensitivity/run_dp0.35_k-0.3_n1000_r10_m4000.log
    jobid: 491
    reason: Missing output files: results/bias_sensitivity/raw/dp0.35_k-0.3_n1000_r10_m4000.rds
    wildcards: cell=dp0.35_k-0.3_n1000_r10_m4000
    threads: 2
    resources: tmpdir=/tmp


[Tue Sep  1 21:05:18 2026]
localrule run_cell:
    output: results/bias_sensitivity/raw/dp0.3_k-0.3_n6000_r10_m4000.rds
    log: logs/bias_sensitivity/run_dp0.3_k-0.3_n6000_r10_m4000.log
    jobid: 611
    reason: Missing output files: results/bias_sensitivity/raw/dp0.3_k-0.3_n6000_r10_m4000.rds
    wildcards: cell=dp0.3_k-0.3_n6000_r10_m4000
    threads: 2
    resources: tmpdir=/tmp


[Tue Sep  1 21:05:18 2026]
localrule run_cell:
    output: results/bias_sensitivity/raw/dp0.75_k0.3_n6000_r10_m4000.rds
    log: logs/bias_sensitivity/run_dp0.75_k0.3_n6000_r10_m4000.log
    jobid: 1331
    reason: Missing output files: results/bias_sensitivity/raw/dp0.75_k0.3_n6000_r10_m4000.rds
    wildcards: cell=dp0.75_k0.3_n6000_r10_m4000
    threads: 2
    resources: tmpdir=/tmp


[Tue Sep  1 21:05:18 2026]
localrule run_cell:
    output: results/bias_sensitivity/raw/dp0.05_k-0.3_n1000_r10_m2000.rds
    log: logs/bias_sensitivity/run_dp0.05_k-0.3_n1000_r10_m2000.log
    jobid: 10
    reason: Missing output files: results/bias_sensitivity/raw/dp0.05_k-0.3_n1000_r10_m2000.rds
    wildcards: cell=dp0.05_k-0.3_n1000_r10_m2000
    threads: 2
    resources: tmpdir=/tmp


[Tue Sep  1 21:05:18 2026]
localrule run_cell:
    output: results/bias_sensitivity/raw/dp0.15_k-0.3_n6000_r10_m2000.rds
    log: logs/bias_sensitivity/run_dp0.15_k-0.3_n6000_r10_m2000.log
    jobid: 130
    reason: Missing output files: results/bias_sensitivity/raw/dp0.15_k-0.3_n6000_r10_m2000.rds
    wildcards: cell=dp0.15_k-0.3_n6000_r10_m2000
    threads: 2
    resources: tmpdir=/tmp


[Tue Sep  1 21:05:18 2026]
localrule run_cell:
    output: results/bias_sensitivity/raw/dp0.15_k0.3_n8000_r20_m2000.rds
    log: logs/bias_sensitivity/run_dp0.15_k0.3_n8000_r20_m2000.log
    jobid: 190
    reason: Missing output files: results/bias_sensitivity/raw/dp0.15_k0.3_n8000_r20_m2000.rds
    wildcards: cell=dp0.15_k0.3_n8000_r20_m2000
    threads: 2
    resources: tmpdir=/tmp


[Tue Sep  1 21:05:19 2026]
localrule run_cell:
    output: results/bias_sensitivity/raw/dp0.1_k0.3_n1000_r10_m2000.rds
    log: logs/bias_sensitivity/run_dp0.1_k0.3_n1000_r10_m2000.log
    jobid: 250
    reason: Missing output files: results/bias_sensitivity/raw/dp0.1_k0.3_n1000_r10_m2000.rds
    wildcards: cell=dp0.1_k0.3_n1000_r10_m2000
    threads: 2
    resources: tmpdir=/tmp


[Tue Sep  1 21:05:19 2026]
localrule run_cell:
    output: results/bias_sensitivity/raw/dp0.35_k-0.3_n1000_r10_m2000.rds
    log: logs/bias_sensitivity/run_dp0.35_k-0.3_n1000_r10_m2000.log
    jobid: 490
    reason: Missing output files: results/bias_sensitivity/raw/dp0.35_k-0.3_n1000_r10_m2000.rds
    wildcards: cell=dp0.35_k-0.3_n1000_r10_m2000
    threads: 2
    resources: tmpdir=/tmp


[Tue Sep  1 21:05:19 2026]
localrule run_cell:
    output: results/bias_sensitivity/raw/dp0.3_k-0.3_n6000_r10_m2000.rds
    log: logs/bias_sensitivity/run_dp0.3_k-0.3_n6000_r10_m2000.log
    jobid: 610
    reason: Missing output files: results/bias_sensitivity/raw/dp0.3_k-0.3_n6000_r10_m2000.rds
    wildcards: cell=dp0.3_k-0.3_n6000_r10_m2000
    threads: 2
    resources: tmpdir=/tmp


[Tue Sep  1 21:05:19 2026]
localrule run_cell:
    output: results/bias_sensitivity/raw/dp0.75_k0.3_n6000_r10_m2000.rds
    log: logs/bias_sensitivity/run_dp0.75_k0.3_n6000_r10_m2000.log
    jobid: 1330
    reason: Missing output files: results/bias_sensitivity/raw/dp0.75_k0.3_n6000_r10_m2000.rds
    wildcards: cell=dp0.75_k0.3_n6000_r10_m2000
    threads: 2
    resources: tmpdir=/tmp


[Tue Sep  1 21:05:19 2026]
localrule run_cell:
    output: results/bias_sensitivity/raw/dp0.05_k0.3_n10000_r20_m2000.rds
    log: logs/bias_sensitivity/run_dp0.05_k0.3_n10000_r20_m2000.log
    jobid: 54
    reason: Missing output files: results/bias_sensitivity/raw/dp0.05_k0.3_n10000_r20_m2000.rds
    wildcards: cell=dp0.05_k0.3_n10000_r20_m2000
    threads: 2
    resources: tmpdir=/tmp


[Tue Sep  1 21:05:19 2026]
localrule run_cell:
    output: results/bias_sensitivity/raw/dp0.15_k-0.3_n2000_r10_m2000.rds
    log: logs/bias_sensitivity/run_dp0.15_k-0.3_n2000_r10_m2000.log
    jobid: 114
    reason: Missing output files: results/bias_sensitivity/raw/dp0.15_k-0.3_n2000_r10_m2000.rds
    wildcards: cell=dp0.15_k-0.3_n2000_r10_m2000
    threads: 2
    resources: tmpdir=/tmp


[Tue Sep  1 21:05:19 2026]
localrule run_cell:
    output: results/bias_sensitivity/raw/dp0.1_k-0.3_n8000_r10_m2000.rds
    log: logs/bias_sensitivity/run_dp0.1_k-0.3_n8000_r10_m2000.log
    jobid: 234
    reason: Missing output files: results/bias_sensitivity/raw/dp0.1_k-0.3_n8000_r10_m2000.rds
    wildcards: cell=dp0.1_k-0.3_n8000_r10_m2000
    threads: 2
    resources: tmpdir=/tmp


[Tue Sep  1 21:05:19 2026]
localrule run_cell:
    output: results/bias_sensitivity/raw/dp0.9_k-0.3_n6000_r5_m2000.rds
    log: logs/bias_sensitivity/run_dp0.9_k-0.3_n6000_r5_m2000.log
    jobid: 1768
    reason: Missing output files: results/bias_sensitivity/raw/dp0.9_k-0.3_n6000_r5_m2000.rds
    wildcards: cell=dp0.9_k-0.3_n6000_r5_m2000
    threads: 2
    resources: tmpdir=/tmp


[Tue Sep  1 21:05:19 2026]
localrule run_cell:
    output: results/bias_sensitivity/raw/dp0.25_k0.3_n2000_r10_m2000.rds
    log: logs/bias_sensitivity/run_dp0.25_k0.3_n2000_r10_m2000.log
    jobid: 354
    reason: Missing output files: results/bias_sensitivity/raw/dp0.25_k0.3_n2000_r10_m2000.rds
    wildcards: cell=dp0.25_k0.3_n2000_r10_m2000
    threads: 2
    resources: tmpdir=/tmp


[Tue Sep  1 21:05:19 2026]
localrule run_cell:
    output: results/bias_sensitivity/raw/dp0.2_k0.3_n8000_r10_m2000.rds
    log: logs/bias_sensitivity/run_dp0.2_k0.3_n8000_r10_m2000.log
    jobid: 474
    reason: Missing output files: results/bias_sensitivity/raw/dp0.2_k0.3_n8000_r10_m2000.rds
    wildcards: cell=dp0.2_k0.3_n8000_r10_m2000
    threads: 2
    resources: tmpdir=/tmp


[Tue Sep  1 21:05:19 2026]
localrule run_cell:
    output: results/bias_sensitivity/raw/dp0.05_k0.3_n10000_r15_m4000.rds
    log: logs/bias_sensitivity/run_dp0.05_k0.3_n10000_r15_m4000.log
    jobid: 53
    reason: Missing output files: results/bias_sensitivity/raw/dp0.05_k0.3_n10000_r15_m4000.rds
    wildcards: cell=dp0.05_k0.3_n10000_r15_m4000
    threads: 2
    resources: tmpdir=/tmp


[Tue Sep  1 21:05:19 2026]
localrule run_cell:
    output: results/bias_sensitivity/raw/dp0.15_k-0.3_n1000_r5_m4000.rds
    log: logs/bias_sensitivity/run_dp0.15_k-0.3_n1000_r5_m4000.log
    jobid: 113
    reason: Missing output files: results/bias_sensitivity/raw/dp0.15_k-0.3_n1000_r5_m4000.rds
    wildcards: cell=dp0.15_k-0.3_n1000_r5_m4000
    threads: 2
    resources: tmpdir=/tmp


[Tue Sep  1 21:05:19 2026]
localrule run_cell:
    output: results/bias_sensitivity/raw/dp0.1_k-0.3_n6000_r5_m4000.rds
    log: logs/bias_sensitivity/run_dp0.1_k-0.3_n6000_r5_m4000.log
    jobid: 233
    reason: Missing output files: results/bias_sensitivity/raw/dp0.1_k-0.3_n6000_r5_m4000.rds
    wildcards: cell=dp0.1_k-0.3_n6000_r5_m4000
    threads: 2
    resources: tmpdir=/tmp


[Tue Sep  1 21:05:19 2026]
localrule run_cell:
    output: results/bias_sensitivity/raw/dp0.25_k0.3_n1000_r5_m4000.rds
    log: logs/bias_sensitivity/run_dp0.25_k0.3_n1000_r5_m4000.log
    jobid: 353
    reason: Missing output files: results/bias_sensitivity/raw/dp0.25_k0.3_n1000_r5_m4000.rds
    wildcards: cell=dp0.25_k0.3_n1000_r5_m4000
    threads: 2
    resources: tmpdir=/tmp


[Tue Sep  1 21:05:19 2026]
localrule run_cell:
    output: results/bias_sensitivity/raw/dp0.2_k0.3_n6000_r5_m4000.rds
    log: logs/bias_sensitivity/run_dp0.2_k0.3_n6000_r5_m4000.log
    jobid: 473
    reason: Missing output files: results/bias_sensitivity/raw/dp0.2_k0.3_n6000_r5_m4000.rds
    wildcards: cell=dp0.2_k0.3_n6000_r5_m4000
    threads: 2
    resources: tmpdir=/tmp


[Tue Sep  1 21:05:19 2026]
localrule run_cell:
    output: results/bias_sensitivity/raw/dp0.05_k-0.3_n6000_r15_m4000.rds
    log: logs/bias_sensitivity/run_dp0.05_k-0.3_n6000_r15_m4000.log
    jobid: 37
    reason: Missing output files: results/bias_sensitivity/raw/dp0.05_k-0.3_n6000_r15_m4000.rds
    wildcards: cell=dp0.05_k-0.3_n6000_r15_m4000
    threads: 2
    resources: tmpdir=/tmp


[Tue Sep  1 21:05:19 2026]
localrule run_cell:
    output: results/bias_sensitivity/raw/dp0.05_k-0.3_n6000_r15_m2000.rds
    log: logs/bias_sensitivity/run_dp0.05_k-0.3_n6000_r15_m2000.log
    jobid: 36
    reason: Missing output files: results/bias_sensitivity/raw/dp0.05_k-0.3_n6000_r15_m2000.rds
    wildcards: cell=dp0.05_k-0.3_n6000_r15_m2000
    threads: 2
    resources: tmpdir=/tmp


[Tue Sep  1 21:05:19 2026]
localrule run_cell:
    output: results/bias_sensitivity/raw/dp0.85_k-0.3_n10000_r10_m4000.rds
    log: logs/bias_sensitivity/run_dp0.85_k-0.3_n10000_r10_m4000.log
    jobid: 1443
    reason: Missing output files: results/bias_sensitivity/raw/dp0.85_k-0.3_n10000_r10_m4000.rds
    wildcards: cell=dp0.85_k-0.3_n10000_r10_m4000
    threads: 2
    resources: tmpdir=/tmp


[Tue Sep  1 21:05:19 2026]
localrule run_cell:
    output: results/bias_sensitivity/raw/dp0.9_k-0.3_n1000_r20_m4000.rds
    log: logs/bias_sensitivity/run_dp0.9_k-0.3_n1000_r20_m4000.log
    jobid: 1743
    reason: Missing output files: results/bias_sensitivity/raw/dp0.9_k-0.3_n1000_r20_m4000.rds
    wildcards: cell=dp0.9_k-0.3_n1000_r20_m4000
    threads: 2
    resources: tmpdir=/tmp


[Tue Sep  1 21:05:19 2026]
localrule run_cell:
    output: results/bias_sensitivity/raw/dp0.85_k-0.3_n10000_r10_m2000.rds
    log: logs/bias_sensitivity/run_dp0.85_k-0.3_n10000_r10_m2000.log
    jobid: 1442
    reason: Missing output files: results/bias_sensitivity/raw/dp0.85_k-0.3_n10000_r10_m2000.rds
    wildcards: cell=dp0.85_k-0.3_n10000_r10_m2000
    threads: 2
    resources: tmpdir=/tmp


[Tue Sep  1 21:05:19 2026]
localrule run_cell:
    output: results/bias_sensitivity/raw/dp0.9_k-0.3_n1000_r20_m2000.rds
    log: logs/bias_sensitivity/run_dp0.9_k-0.3_n1000_r20_m2000.log
    jobid: 1742
    reason: Missing output files: results/bias_sensitivity/raw/dp0.9_k-0.3_n1000_r20_m2000.rds
    wildcards: cell=dp0.9_k-0.3_n1000_r20_m2000
    threads: 2
    resources: tmpdir=/tmp


[Tue Sep  1 21:05:19 2026]
localrule run_cell:
    output: results/bias_sensitivity/raw/dp0.9_k0.3_n4000_r10_m2000.rds
    log: logs/bias_sensitivity/run_dp0.9_k0.3_n4000_r10_m2000.log
    jobid: 1802
    reason: Missing output files: results/bias_sensitivity/raw/dp0.9_k0.3_n4000_r10_m2000.rds
    wildcards: cell=dp0.9_k0.3_n4000_r10_m2000
    threads: 2
    resources: tmpdir=/tmp


[Tue Sep  1 21:05:19 2026]
localrule run_cell:
    output: results/bias_sensitivity/raw/dp0.5_k-0.3_n4000_r15_m2000.rds
    log: logs/bias_sensitivity/run_dp0.5_k-0.3_n4000_r15_m2000.log
    jobid: 988
    reason: Missing output files: results/bias_sensitivity/raw/dp0.5_k-0.3_n4000_r15_m2000.rds
    wildcards: cell=dp0.5_k-0.3_n4000_r15_m2000
    threads: 2
    resources: tmpdir=/tmp


[Tue Sep  1 21:05:19 2026]
localrule run_cell:
    output: results/bias_sensitivity/raw/dp0.65_k0.3_n2000_r15_m4000.rds
    log: logs/bias_sensitivity/run_dp0.65_k0.3_n2000_r15_m4000.log
    jobid: 1125
    reason: Missing output files: results/bias_sensitivity/raw/dp0.65_k0.3_n2000_r15_m4000.rds
    wildcards: cell=dp0.65_k0.3_n2000_r15_m4000
    threads: 2
    resources: tmpdir=/tmp


[Tue Sep  1 21:05:19 2026]
localrule run_cell:
    output: results/bias_sensitivity/raw/dp0.55_k0.3_n4000_r5_m4000.rds
    log: logs/bias_sensitivity/run_dp0.55_k0.3_n4000_r5_m4000.log
    jobid: 945
    reason: Missing output files: results/bias_sensitivity/raw/dp0.55_k0.3_n4000_r5_m4000.rds
    wildcards: cell=dp0.55_k0.3_n4000_r5_m4000
    threads: 2
    resources: tmpdir=/tmp


[Tue Sep  1 21:05:19 2026]
localrule run_cell:
    output: results/bias_sensitivity/raw/dp0.5_k-0.3_n8000_r15_m4000.rds
    log: logs/bias_sensitivity/run_dp0.5_k-0.3_n8000_r15_m4000.log
    jobid: 1005
    reason: Missing output files: results/bias_sensitivity/raw/dp0.5_k-0.3_n8000_r15_m4000.rds
    wildcards: cell=dp0.5_k-0.3_n8000_r15_m4000
    threads: 2
    resources: tmpdir=/tmp


[Tue Sep  1 21:05:19 2026]
localrule run_cell:
    output: results/bias_sensitivity/raw/dp0.6_k0.3_n8000_r15_m4000.rds
    log: logs/bias_sensitivity/run_dp0.6_k0.3_n8000_r15_m4000.log
    jobid: 1245
    reason: Missing output files: results/bias_sensitivity/raw/dp0.6_k0.3_n8000_r15_m4000.rds
    wildcards: cell=dp0.6_k0.3_n8000_r15_m4000
    threads: 2
    resources: tmpdir=/tmp


[Tue Sep  1 21:05:19 2026]
localrule run_cell:
    output: results/bias_sensitivity/raw/dp0.7_k-0.3_n2000_r15_m4000.rds
    log: logs/bias_sensitivity/run_dp0.7_k-0.3_n2000_r15_m4000.log
    jobid: 1365
    reason: Missing output files: results/bias_sensitivity/raw/dp0.7_k-0.3_n2000_r15_m4000.rds
    wildcards: cell=dp0.7_k-0.3_n2000_r15_m4000
    threads: 2
    resources: tmpdir=/tmp


[Tue Sep  1 21:05:19 2026]
localrule run_cell:
    output: results/bias_sensitivity/raw/dp0.7_k0.3_n4000_r5_m4000.rds
    log: logs/bias_sensitivity/run_dp0.7_k0.3_n4000_r5_m4000.log
    jobid: 1425
    reason: Missing output files: results/bias_sensitivity/raw/dp0.7_k0.3_n4000_r5_m4000.rds
    wildcards: cell=dp0.7_k0.3_n4000_r5_m4000
    threads: 2
    resources: tmpdir=/tmp


[Tue Sep  1 21:05:19 2026]
localrule run_cell:
    output: results/bias_sensitivity/raw/dp0.85_k-0.3_n8000_r15_m4000.rds
    log: logs/bias_sensitivity/run_dp0.85_k-0.3_n8000_r15_m4000.log
    jobid: 1485
    reason: Missing output files: results/bias_sensitivity/raw/dp0.85_k-0.3_n8000_r15_m4000.rds
    wildcards: cell=dp0.85_k-0.3_n8000_r15_m4000
    threads: 2
    resources: tmpdir=/tmp


[Tue Sep  1 21:05:19 2026]
localrule run_cell:
    output: results/bias_sensitivity/raw/dp0.8_k-0.3_n10000_r5_m4000.rds
    log: logs/bias_sensitivity/run_dp0.8_k-0.3_n10000_r5_m4000.log
    jobid: 1545
    reason: Missing output files: results/bias_sensitivity/raw/dp0.8_k-0.3_n10000_r5_m4000.rds
    wildcards: cell=dp0.8_k-0.3_n10000_r5_m4000
    threads: 2
    resources: tmpdir=/tmp


[Tue Sep  1 21:05:19 2026]
localrule run_cell:
    output: results/bias_sensitivity/raw/dp0.95_k-0.3_n4000_r5_m4000.rds
    log: logs/bias_sensitivity/run_dp0.95_k-0.3_n4000_r5_m4000.log
    jobid: 1665
    reason: Missing output files: results/bias_sensitivity/raw/dp0.95_k-0.3_n4000_r5_m4000.rds
    wildcards: cell=dp0.95_k-0.3_n4000_r5_m4000
    threads: 2
    resources: tmpdir=/tmp


[Tue Sep  1 21:05:19 2026]
localrule run_cell:
    output: results/bias_sensitivity/raw/dp0.6_k0.3_n4000_r15_m2000.rds
    log: logs/bias_sensitivity/run_dp0.6_k0.3_n4000_r15_m2000.log
    jobid: 1228
    reason: Missing output files: results/bias_sensitivity/raw/dp0.6_k0.3_n4000_r15_m2000.rds
    wildcards: cell=dp0.6_k0.3_n4000_r15_m2000
    threads: 2
    resources: tmpdir=/tmp


[Tue Sep  1 21:05:19 2026]
localrule run_cell:
    output: results/bias_sensitivity/raw/dp0.7_k-0.3_n10000_r15_m2000.rds
    log: logs/bias_sensitivity/run_dp0.7_k-0.3_n10000_r15_m2000.log
    jobid: 1348
    reason: Missing output files: results/bias_sensitivity/raw/dp0.7_k-0.3_n10000_r15_m2000.rds
    wildcards: cell=dp0.7_k-0.3_n10000_r15_m2000
    threads: 2
    resources: tmpdir=/tmp


[Tue Sep  1 21:05:19 2026]
localrule run_cell:
    output: results/bias_sensitivity/raw/dp0.85_k-0.3_n4000_r15_m2000.rds
    log: logs/bias_sensitivity/run_dp0.85_k-0.3_n4000_r15_m2000.log
    jobid: 1468
    reason: Missing output files: results/bias_sensitivity/raw/dp0.85_k-0.3_n4000_r15_m2000.rds
    wildcards: cell=dp0.85_k-0.3_n4000_r15_m2000
    threads: 2
    resources: tmpdir=/tmp


[Tue Sep  1 21:05:19 2026]
localrule run_cell:
    output: results/bias_sensitivity/raw/dp0.35_k-0.3_n4000_r15_m2000.rds
    log: logs/bias_sensitivity/run_dp0.35_k-0.3_n4000_r15_m2000.log
    jobid: 508
    reason: Missing output files: results/bias_sensitivity/raw/dp0.35_k-0.3_n4000_r15_m2000.rds
    wildcards: cell=dp0.35_k-0.3_n4000_r15_m2000
    threads: 2
    resources: tmpdir=/tmp


[Tue Sep  1 21:05:19 2026]
localrule run_cell:
    output: results/bias_sensitivity/raw/dp0.45_k-0.3_n1000_r5_m2000.rds
    log: logs/bias_sensitivity/run_dp0.45_k-0.3_n1000_r5_m2000.log
    jobid: 688
    reason: Missing output files: results/bias_sensitivity/raw/dp0.45_k-0.3_n1000_r5_m2000.rds
    wildcards: cell=dp0.45_k-0.3_n1000_r5_m2000
    threads: 2
    resources: tmpdir=/tmp


[Tue Sep  1 21:05:19 2026]
localrule run_cell:
    output: results/bias_sensitivity/raw/dp0.55_k-0.3_n10000_r15_m2000.rds
    log: logs/bias_sensitivity/run_dp0.55_k-0.3_n10000_r15_m2000.log
    jobid: 868
    reason: Missing output files: results/bias_sensitivity/raw/dp0.55_k-0.3_n10000_r15_m2000.rds
    wildcards: cell=dp0.55_k-0.3_n10000_r15_m2000
    threads: 2
    resources: tmpdir=/tmp


[Tue Sep  1 21:05:19 2026]
localrule run_cell:
    output: results/bias_sensitivity/raw/dp0.95_k-0.3_n1000_r5_m2000.rds
    log: logs/bias_sensitivity/run_dp0.95_k-0.3_n1000_r5_m2000.log
    jobid: 1648
    reason: Missing output files: results/bias_sensitivity/raw/dp0.95_k-0.3_n1000_r5_m2000.rds
    wildcards: cell=dp0.95_k-0.3_n1000_r5_m2000
    threads: 2
    resources: tmpdir=/tmp


[Tue Sep  1 21:05:19 2026]
localrule run_cell:
    output: results/bias_sensitivity/raw/dp0.65_k0.3_n10000_r15_m2000.rds
    log: logs/bias_sensitivity/run_dp0.65_k0.3_n10000_r15_m2000.log
    jobid: 1108
    reason: Missing output files: results/bias_sensitivity/raw/dp0.65_k0.3_n10000_r15_m2000.rds
    wildcards: cell=dp0.65_k0.3_n10000_r15_m2000
    threads: 2
    resources: tmpdir=/tmp

[Tue Sep  1 21:08:19 2026]
Finished job 10.
1 of 1923 steps (0.1%) done
Select jobs to execute...
Execute 1 jobs...

[Tue Sep  1 21:08:19 2026]
localrule run_cell:
    output: results/bias_sensitivity/raw/dp0.9_k-0.3_n6000_r20_m4000.rds
    log: logs/bias_sensitivity/run_dp0.9_k-0.3_n6000_r20_m4000.log
    jobid: 1767
    reason: Missing output files: results/bias_sensitivity/raw/dp0.9_k-0.3_n6000_r20_m4000.rds
    wildcards: cell=dp0.9_k-0.3_n6000_r20_m4000
    threads: 2
    resources: tmpdir=/tmp

[Tue Sep  1 21:08:24 2026]
Finished job 250.
2 of 1923 steps (0.1%) done
Select jobs to execute...
Execute 1 jobs...

[Tue Sep  1 21:08:24 2026]
localrule run_cell:
    output: results/bias_sensitivity/raw/dp0.1_k0.3_n4000_r15_m2000.rds
    log: logs/bias_sensitivity/run_dp0.1_k0.3_n4000_r15_m2000.log
    jobid: 268
    reason: Missing output files: results/bias_sensitivity/raw/dp0.1_k0.3_n4000_r15_m2000.rds
    wildcards: cell=dp0.1_k0.3_n4000_r15_m2000
    threads: 2
    resources: tmpdir=/tmp

[Tue Sep  1 21:08:28 2026]
Finished job 353.
3 of 1923 steps (0.2%) done
Select jobs to execute...
Execute 1 jobs...

[Tue Sep  1 21:08:28 2026]
localrule run_cell:
    output: results/bias_sensitivity/raw/dp0.9_k0.3_n4000_r10_m4000.rds
    log: logs/bias_sensitivity/run_dp0.9_k0.3_n4000_r10_m4000.log
    jobid: 1803
    reason: Missing output files: results/bias_sensitivity/raw/dp0.9_k0.3_n4000_r10_m4000.rds
    wildcards: cell=dp0.9_k0.3_n4000_r10_m4000
    threads: 2
    resources: tmpdir=/tmp

[Tue Sep  1 21:08:28 2026]
Finished job 11.
4 of 1923 steps (0.2%) done
Select jobs to execute...
Execute 1 jobs...

[Tue Sep  1 21:08:28 2026]
localrule run_cell:
    output: results/bias_sensitivity/raw/dp0.55_k0.3_n6000_r10_m2000.rds
    log: logs/bias_sensitivity/run_dp0.55_k0.3_n6000_r10_m2000.log
    jobid: 946
    reason: Missing output files: results/bias_sensitivity/raw/dp0.55_k0.3_n6000_r10_m2000.rds
    wildcards: cell=dp0.55_k0.3_n6000_r10_m2000
    threads: 2
    resources: tmpdir=/tmp

[Tue Sep  1 21:08:32 2026]
Finished job 688.
5 of 1923 steps (0.3%) done
Select jobs to execute...
Execute 1 jobs...

[Tue Sep  1 21:08:32 2026]
localrule run_cell:
    output: results/bias_sensitivity/raw/dp0.65_k0.3_n2000_r20_m2000.rds
    log: logs/bias_sensitivity/run_dp0.65_k0.3_n2000_r20_m2000.log
    jobid: 1126
    reason: Missing output files: results/bias_sensitivity/raw/dp0.65_k0.3_n2000_r20_m2000.rds
    wildcards: cell=dp0.65_k0.3_n2000_r20_m2000
    threads: 2
    resources: tmpdir=/tmp

[Tue Sep  1 21:08:33 2026]
Finished job 113.
6 of 1923 steps (0.3%) done
Select jobs to execute...
Execute 1 jobs...

[Tue Sep  1 21:08:33 2026]
localrule run_cell:
    output: results/bias_sensitivity/raw/dp0.85_k-0.3_n8000_r20_m2000.rds
    log: logs/bias_sensitivity/run_dp0.85_k-0.3_n8000_r20_m2000.log
    jobid: 1486
    reason: Missing output files: results/bias_sensitivity/raw/dp0.85_k-0.3_n8000_r20_m2000.rds
    wildcards: cell=dp0.85_k-0.3_n8000_r20_m2000
    threads: 2
    resources: tmpdir=/tmp

[Tue Sep  1 21:08:33 2026]
Finished job 490.
7 of 1923 steps (0.4%) done
Select jobs to execute...
Execute 1 jobs...

[Tue Sep  1 21:08:33 2026]
localrule run_cell:
    output: results/bias_sensitivity/raw/dp0.8_k-0.3_n1000_r10_m2000.rds
    log: logs/bias_sensitivity/run_dp0.8_k-0.3_n1000_r10_m2000.log
    jobid: 1546
    reason: Missing output files: results/bias_sensitivity/raw/dp0.8_k-0.3_n1000_r10_m2000.rds
    wildcards: cell=dp0.8_k-0.3_n1000_r10_m2000
    threads: 2
    resources: tmpdir=/tmp

[Tue Sep  1 21:08:36 2026]
Finished job 491.
8 of 1923 steps (0.4%) done
Select jobs to execute...
Execute 1 jobs...

[Tue Sep  1 21:08:36 2026]
localrule run_cell:
    output: results/bias_sensitivity/raw/dp0.5_k-0.3_n8000_r20_m2000.rds
    log: logs/bias_sensitivity/run_dp0.5_k-0.3_n8000_r20_m2000.log
    jobid: 1006
    reason: Missing output files: results/bias_sensitivity/raw/dp0.5_k-0.3_n8000_r20_m2000.rds
    wildcards: cell=dp0.5_k-0.3_n8000_r20_m2000
    threads: 2
    resources: tmpdir=/tmp

[Tue Sep  1 21:08:39 2026]
Finished job 687.
9 of 1923 steps (0.5%) done
Select jobs to execute...
Execute 1 jobs...

[Tue Sep  1 21:08:39 2026]
localrule run_cell:
    output: results/bias_sensitivity/raw/dp0.6_k0.3_n8000_r20_m2000.rds
    log: logs/bias_sensitivity/run_dp0.6_k0.3_n8000_r20_m2000.log
    jobid: 1246
    reason: Missing output files: results/bias_sensitivity/raw/dp0.6_k0.3_n8000_r20_m2000.rds
    wildcards: cell=dp0.6_k0.3_n8000_r20_m2000
    threads: 2
    resources: tmpdir=/tmp

[Tue Sep  1 21:08:45 2026]
Finished job 1648.
10 of 1923 steps (1%) done
Select jobs to execute...
Execute 1 jobs...

[Tue Sep  1 21:08:45 2026]
localrule run_cell:
    output: results/bias_sensitivity/raw/dp0.7_k-0.3_n2000_r20_m2000.rds
    log: logs/bias_sensitivity/run_dp0.7_k-0.3_n2000_r20_m2000.log
    jobid: 1366
    reason: Missing output files: results/bias_sensitivity/raw/dp0.7_k-0.3_n2000_r20_m2000.rds
    wildcards: cell=dp0.7_k-0.3_n2000_r20_m2000
    threads: 2
    resources: tmpdir=/tmp

[Tue Sep  1 21:08:47 2026]
Finished job 1743.
11 of 1923 steps (1%) done
Select jobs to execute...
Execute 1 jobs...

[Tue Sep  1 21:08:47 2026]
localrule run_cell:
    output: results/bias_sensitivity/raw/dp0.7_k0.3_n6000_r10_m2000.rds
    log: logs/bias_sensitivity/run_dp0.7_k0.3_n6000_r10_m2000.log
    jobid: 1426
    reason: Missing output files: results/bias_sensitivity/raw/dp0.7_k0.3_n6000_r10_m2000.rds
    wildcards: cell=dp0.7_k0.3_n6000_r10_m2000
    threads: 2
    resources: tmpdir=/tmp

[Tue Sep  1 21:08:50 2026]
Finished job 1647.
12 of 1923 steps (1%) done
Select jobs to execute...
Execute 1 jobs...

[Tue Sep  1 21:08:50 2026]
localrule run_cell:
    output: results/bias_sensitivity/raw/dp0.95_k-0.3_n6000_r10_m2000.rds
    log: logs/bias_sensitivity/run_dp0.95_k-0.3_n6000_r10_m2000.log
    jobid: 1666
    reason: Missing output files: results/bias_sensitivity/raw/dp0.95_k-0.3_n6000_r10_m2000.rds
    wildcards: cell=dp0.95_k-0.3_n6000_r10_m2000
    threads: 2
    resources: tmpdir=/tmp

[Tue Sep  1 21:08:53 2026]
Finished job 1742.
13 of 1923 steps (1%) done
Select jobs to execute...
Execute 1 jobs...

[Tue Sep  1 21:08:53 2026]
localrule run_cell:
    output: results/bias_sensitivity/raw/dp0.65_k0.3_n10000_r15_m4000.rds
    log: logs/bias_sensitivity/run_dp0.65_k0.3_n10000_r15_m4000.log
    jobid: 1109
    reason: Missing output files: results/bias_sensitivity/raw/dp0.65_k0.3_n10000_r15_m4000.rds
    wildcards: cell=dp0.65_k0.3_n10000_r15_m4000
    threads: 2
    resources: tmpdir=/tmp

[Tue Sep  1 21:08:53 2026]
Finished job 251.
14 of 1923 steps (1%) done
Select jobs to execute...
Execute 1 jobs...

[Tue Sep  1 21:08:53 2026]
localrule run_cell:
    output: results/bias_sensitivity/raw/dp0.5_k-0.3_n4000_r15_m4000.rds
    log: logs/bias_sensitivity/run_dp0.5_k-0.3_n4000_r15_m4000.log
    jobid: 989
    reason: Missing output files: results/bias_sensitivity/raw/dp0.5_k-0.3_n4000_r15_m4000.rds
    wildcards: cell=dp0.5_k-0.3_n4000_r15_m4000
    threads: 2
    resources: tmpdir=/tmp

[Tue Sep  1 21:11:49 2026]
Finished job 1546.
15 of 1923 steps (1%) done
Select jobs to execute...
Execute 1 jobs...

[Tue Sep  1 21:11:49 2026]
localrule run_cell:
    output: results/bias_sensitivity/raw/dp0.6_k0.3_n4000_r15_m4000.rds
    log: logs/bias_sensitivity/run_dp0.6_k0.3_n4000_r15_m4000.log
    jobid: 1229
    reason: Missing output files: results/bias_sensitivity/raw/dp0.6_k0.3_n4000_r15_m4000.rds
    wildcards: cell=dp0.6_k0.3_n4000_r15_m4000
    threads: 2
    resources: tmpdir=/tmp

[Tue Sep  1 21:13:44 2026]
Finished job 1125.
16 of 1923 steps (1%) done
Select jobs to execute...
Execute 1 jobs...

[Tue Sep  1 21:13:45 2026]
localrule run_cell:
    output: results/bias_sensitivity/raw/dp0.7_k-0.3_n10000_r15_m4000.rds
    log: logs/bias_sensitivity/run_dp0.7_k-0.3_n10000_r15_m4000.log
    jobid: 1349
    reason: Missing output files: results/bias_sensitivity/raw/dp0.7_k-0.3_n10000_r15_m4000.rds
    wildcards: cell=dp0.7_k-0.3_n10000_r15_m4000
    threads: 2
    resources: tmpdir=/tmp

[Tue Sep  1 21:13:45 2026]
Finished job 114.
17 of 1923 steps (1%) done
Select jobs to execute...
Execute 1 jobs...

[Tue Sep  1 21:13:45 2026]
localrule run_cell:
    output: results/bias_sensitivity/raw/dp0.35_k-0.3_n4000_r15_m4000.rds
    log: logs/bias_sensitivity/run_dp0.35_k-0.3_n4000_r15_m4000.log
    jobid: 509
    reason: Missing output files: results/bias_sensitivity/raw/dp0.35_k-0.3_n4000_r15_m4000.rds
    wildcards: cell=dp0.35_k-0.3_n4000_r15_m4000
    threads: 2
    resources: tmpdir=/tmp

[Tue Sep  1 21:13:59 2026]
Finished job 1365.
18 of 1923 steps (1%) done
Select jobs to execute...
Execute 1 jobs...

[Tue Sep  1 21:14:00 2026]
localrule run_cell:
    output: results/bias_sensitivity/raw/dp0.95_k-0.3_n1000_r5_m4000.rds
    log: logs/bias_sensitivity/run_dp0.95_k-0.3_n1000_r5_m4000.log
    jobid: 1649
    reason: Missing output files: results/bias_sensitivity/raw/dp0.95_k-0.3_n1000_r5_m4000.rds
    wildcards: cell=dp0.95_k-0.3_n1000_r5_m4000
    threads: 2
    resources: tmpdir=/tmp

[Tue Sep  1 21:14:22 2026]
Finished job 354.
19 of 1923 steps (1%) done
Select jobs to execute...
Execute 1 jobs...

[Tue Sep  1 21:14:22 2026]
localrule run_cell:
    output: results/bias_sensitivity/raw/dp0.45_k-0.3_n1000_r5_m4000.rds
    log: logs/bias_sensitivity/run_dp0.45_k-0.3_n1000_r5_m4000.log
    jobid: 689
    reason: Missing output files: results/bias_sensitivity/raw/dp0.45_k-0.3_n1000_r5_m4000.rds
    wildcards: cell=dp0.45_k-0.3_n1000_r5_m4000
    threads: 2
    resources: tmpdir=/tmp

[Tue Sep  1 21:15:34 2026]
Finished job 987.
20 of 1923 steps (1%) done
Select jobs to execute...
Execute 1 jobs...

[Tue Sep  1 21:15:34 2026]
localrule run_cell:
    output: results/bias_sensitivity/raw/dp0.55_k-0.3_n10000_r15_m4000.rds
    log: logs/bias_sensitivity/run_dp0.55_k-0.3_n10000_r15_m4000.log
    jobid: 869
    reason: Missing output files: results/bias_sensitivity/raw/dp0.55_k-0.3_n10000_r15_m4000.rds
    wildcards: cell=dp0.55_k-0.3_n10000_r15_m4000
    threads: 2
    resources: tmpdir=/tmp

[Tue Sep  1 21:15:44 2026]
Finished job 507.
21 of 1923 steps (1%) done
Select jobs to execute...
Execute 1 jobs...

[Tue Sep  1 21:15:44 2026]
localrule run_cell:
    output: results/bias_sensitivity/raw/dp0.1_k0.3_n4000_r15_m4000.rds
    log: logs/bias_sensitivity/run_dp0.1_k0.3_n4000_r15_m4000.log
    jobid: 269
    reason: Missing output files: results/bias_sensitivity/raw/dp0.1_k0.3_n4000_r15_m4000.rds
    wildcards: cell=dp0.1_k0.3_n4000_r15_m4000
    threads: 2
    resources: tmpdir=/tmp

[Tue Sep  1 21:15:58 2026]
Finished job 1227.
22 of 1923 steps (1%) done
Select jobs to execute...
Execute 1 jobs...

[Tue Sep  1 21:15:58 2026]
localrule run_cell:
    output: results/bias_sensitivity/raw/dp0.85_k-0.3_n4000_r15_m4000.rds
    log: logs/bias_sensitivity/run_dp0.85_k-0.3_n4000_r15_m4000.log
    jobid: 1469
    reason: Missing output files: results/bias_sensitivity/raw/dp0.85_k-0.3_n4000_r15_m4000.rds
    wildcards: cell=dp0.85_k-0.3_n4000_r15_m4000
    threads: 2
    resources: tmpdir=/tmp

[Tue Sep  1 21:16:04 2026]
Finished job 945.
23 of 1923 steps (1%) done
Select jobs to execute...
Execute 1 jobs...

[Tue Sep  1 21:16:04 2026]
localrule run_cell:
    output: results/bias_sensitivity/raw/dp0.9_k-0.3_n6000_r5_m4000.rds
    log: logs/bias_sensitivity/run_dp0.9_k-0.3_n6000_r5_m4000.log
    jobid: 1769
    reason: Missing output files: results/bias_sensitivity/raw/dp0.9_k-0.3_n6000_r5_m4000.rds
    wildcards: cell=dp0.9_k-0.3_n6000_r5_m4000
    threads: 2
    resources: tmpdir=/tmp

[Tue Sep  1 21:16:06 2026]
Finished job 988.
24 of 1923 steps (1%) done
Select jobs to execute...
Execute 1 jobs...

[Tue Sep  1 21:16:06 2026]
localrule run_cell:
    output: results/bias_sensitivity/raw/dp0.15_k0.3_n8000_r5_m2000.rds
    log: logs/bias_sensitivity/run_dp0.15_k0.3_n8000_r5_m2000.log
    jobid: 192
    reason: Missing output files: results/bias_sensitivity/raw/dp0.15_k0.3_n8000_r5_m2000.rds
    wildcards: cell=dp0.15_k0.3_n8000_r5_m2000
    threads: 2
    resources: tmpdir=/tmp

[Tue Sep  1 21:16:13 2026]
Finished job 1468.
25 of 1923 steps (1%) done
Select jobs to execute...
Execute 1 jobs...

[Tue Sep  1 21:16:13 2026]
localrule run_cell:
    output: results/bias_sensitivity/raw/dp0.3_k-0.3_n6000_r15_m2000.rds
    log: logs/bias_sensitivity/run_dp0.3_k-0.3_n6000_r15_m2000.log
    jobid: 612
    reason: Missing output files: results/bias_sensitivity/raw/dp0.3_k-0.3_n6000_r15_m2000.rds
    wildcards: cell=dp0.3_k-0.3_n6000_r15_m2000
    threads: 2
    resources: tmpdir=/tmp

[Tue Sep  1 21:16:14 2026]
Finished job 508.
26 of 1923 steps (1%) done
Select jobs to execute...
Execute 1 jobs...

[Tue Sep  1 21:16:14 2026]
localrule run_cell:
    output: results/bias_sensitivity/raw/dp0.1_k0.3_n1000_r15_m2000.rds
    log: logs/bias_sensitivity/run_dp0.1_k0.3_n1000_r15_m2000.log
    jobid: 252
    reason: Missing output files: results/bias_sensitivity/raw/dp0.1_k0.3_n1000_r15_m2000.rds
    wildcards: cell=dp0.1_k0.3_n1000_r15_m2000
    threads: 2
    resources: tmpdir=/tmp

[Tue Sep  1 21:16:26 2026]
Finished job 1665.
27 of 1923 steps (1%) done
Select jobs to execute...
Execute 1 jobs...

[Tue Sep  1 21:16:26 2026]
localrule run_cell:
    output: results/bias_sensitivity/raw/dp0.35_k-0.3_n1000_r15_m2000.rds
    log: logs/bias_sensitivity/run_dp0.35_k-0.3_n1000_r15_m2000.log
    jobid: 492
    reason: Missing output files: results/bias_sensitivity/raw/dp0.35_k-0.3_n1000_r15_m2000.rds
    wildcards: cell=dp0.35_k-0.3_n1000_r15_m2000
    threads: 2
    resources: tmpdir=/tmp

[Tue Sep  1 21:16:37 2026]
Finished job 1802.
28 of 1923 steps (1%) done
Select jobs to execute...
Execute 1 jobs...

[Tue Sep  1 21:16:37 2026]
localrule run_cell:
    output: results/bias_sensitivity/raw/dp0.75_k0.3_n6000_r15_m2000.rds
    log: logs/bias_sensitivity/run_dp0.75_k0.3_n6000_r15_m2000.log
    jobid: 1332
    reason: Missing output files: results/bias_sensitivity/raw/dp0.75_k0.3_n6000_r15_m2000.rds
    wildcards: cell=dp0.75_k0.3_n6000_r15_m2000
    threads: 2
    resources: tmpdir=/tmp

[Tue Sep  1 21:16:47 2026]
Finished job 1366.
29 of 1923 steps (2%) done
Select jobs to execute...
Execute 1 jobs...

[Tue Sep  1 21:16:47 2026]
localrule run_cell:
    output: results/bias_sensitivity/raw/dp0.05_k-0.3_n1000_r15_m2000.rds
    log: logs/bias_sensitivity/run_dp0.05_k-0.3_n1000_r15_m2000.log
    jobid: 12
    reason: Missing output files: results/bias_sensitivity/raw/dp0.05_k-0.3_n1000_r15_m2000.rds
    wildcards: cell=dp0.05_k-0.3_n1000_r15_m2000
    threads: 2
    resources: tmpdir=/tmp

[Tue Sep  1 21:16:53 2026]
Finished job 267.
30 of 1923 steps (2%) done
Select jobs to execute...
Execute 1 jobs...

[Tue Sep  1 21:16:53 2026]
localrule run_cell:
    output: results/bias_sensitivity/raw/dp0.15_k-0.3_n6000_r15_m2000.rds
    log: logs/bias_sensitivity/run_dp0.15_k-0.3_n6000_r15_m2000.log
    jobid: 132
    reason: Missing output files: results/bias_sensitivity/raw/dp0.15_k-0.3_n6000_r15_m2000.rds
    wildcards: cell=dp0.15_k-0.3_n6000_r15_m2000
    threads: 2
    resources: tmpdir=/tmp

[Tue Sep  1 21:17:12 2026]
Finished job 1425.
31 of 1923 steps (2%) done
Select jobs to execute...
Execute 1 jobs...

[Tue Sep  1 21:17:12 2026]
localrule run_cell:
    output: results/bias_sensitivity/raw/dp0.15_k-0.3_n2000_r10_m4000.rds
    log: logs/bias_sensitivity/run_dp0.15_k-0.3_n2000_r10_m4000.log
    jobid: 115
    reason: Missing output files: results/bias_sensitivity/raw/dp0.15_k-0.3_n2000_r10_m4000.rds
    wildcards: cell=dp0.15_k-0.3_n2000_r10_m4000
    threads: 2
    resources: tmpdir=/tmp

[Tue Sep  1 21:17:13 2026]
Finished job 1228.
32 of 1923 steps (2%) done
Select jobs to execute...
Execute 1 jobs...

[Tue Sep  1 21:17:13 2026]
localrule run_cell:
    output: results/bias_sensitivity/raw/dp0.1_k-0.3_n8000_r10_m4000.rds
    log: logs/bias_sensitivity/run_dp0.1_k-0.3_n8000_r10_m4000.log
    jobid: 235
    reason: Missing output files: results/bias_sensitivity/raw/dp0.1_k-0.3_n8000_r10_m4000.rds
    wildcards: cell=dp0.1_k-0.3_n8000_r10_m4000
    threads: 2
    resources: tmpdir=/tmp

[Tue Sep  1 21:17:35 2026]
Finished job 689.
33 of 1923 steps (2%) done
Select jobs to execute...
Execute 1 jobs...

[Tue Sep  1 21:17:35 2026]
localrule run_cell:
    output: results/bias_sensitivity/raw/dp0.25_k0.3_n2000_r10_m4000.rds
    log: logs/bias_sensitivity/run_dp0.25_k0.3_n2000_r10_m4000.log
    jobid: 355
    reason: Missing output files: results/bias_sensitivity/raw/dp0.25_k0.3_n2000_r10_m4000.rds
    wildcards: cell=dp0.25_k0.3_n2000_r10_m4000
    threads: 2
    resources: tmpdir=/tmp

[Tue Sep  1 21:17:42 2026]
Finished job 1649.
34 of 1923 steps (2%) done
Select jobs to execute...
Execute 1 jobs...

[Tue Sep  1 21:17:42 2026]
localrule run_cell:
    output: results/bias_sensitivity/raw/dp0.2_k0.3_n8000_r10_m4000.rds
    log: logs/bias_sensitivity/run_dp0.2_k0.3_n8000_r10_m4000.log
    jobid: 475
    reason: Missing output files: results/bias_sensitivity/raw/dp0.2_k0.3_n8000_r10_m4000.rds
    wildcards: cell=dp0.2_k0.3_n8000_r10_m4000
    threads: 2
    resources: tmpdir=/tmp

[Tue Sep  1 21:18:33 2026]
Finished job 1126.
35 of 1923 steps (2%) done
Select jobs to execute...
Execute 1 jobs...

[Tue Sep  1 21:18:33 2026]
localrule run_cell:
    output: results/bias_sensitivity/raw/dp0.05_k0.3_n10000_r20_m4000.rds
    log: logs/bias_sensitivity/run_dp0.05_k0.3_n10000_r20_m4000.log
    jobid: 55
    reason: Missing output files: results/bias_sensitivity/raw/dp0.05_k0.3_n10000_r20_m4000.rds
    wildcards: cell=dp0.05_k0.3_n10000_r20_m4000
    threads: 2
    resources: tmpdir=/tmp

[Tue Sep  1 21:18:33 2026]
Finished job 989.
36 of 1923 steps (2%) done
Select jobs to execute...
Execute 1 jobs...

[Tue Sep  1 21:18:33 2026]
localrule run_cell:
    output: results/bias_sensitivity/raw/dp0.05_k-0.3_n6000_r20_m2000.rds
    log: logs/bias_sensitivity/run_dp0.05_k-0.3_n6000_r20_m2000.log
    jobid: 38
    reason: Missing output files: results/bias_sensitivity/raw/dp0.05_k-0.3_n6000_r20_m2000.rds
    wildcards: cell=dp0.05_k-0.3_n6000_r20_m2000
    threads: 2
    resources: tmpdir=/tmp

[Tue Sep  1 21:19:34 2026]
Finished job 492.
37 of 1923 steps (2%) done
Select jobs to execute...
Execute 1 jobs...

[Tue Sep  1 21:19:34 2026]
localrule run_cell:
    output: results/bias_sensitivity/raw/dp0.85_k-0.3_n10000_r15_m2000.rds
    log: logs/bias_sensitivity/run_dp0.85_k-0.3_n10000_r15_m2000.log
    jobid: 1444
    reason: Missing output files: results/bias_sensitivity/raw/dp0.85_k-0.3_n10000_r15_m2000.rds
    wildcards: cell=dp0.85_k-0.3_n10000_r15_m2000
    threads: 2
    resources: tmpdir=/tmp

[Tue Sep  1 21:19:38 2026]
Finished job 268.
38 of 1923 steps (2%) done
Select jobs to execute...
Execute 1 jobs...

[Tue Sep  1 21:19:38 2026]
localrule run_cell:
    output: results/bias_sensitivity/raw/dp0.9_k-0.3_n1000_r5_m2000.rds
    log: logs/bias_sensitivity/run_dp0.9_k-0.3_n1000_r5_m2000.log
    jobid: 1744
    reason: Missing output files: results/bias_sensitivity/raw/dp0.9_k-0.3_n1000_r5_m2000.rds
    wildcards: cell=dp0.9_k-0.3_n1000_r5_m2000
    threads: 2
    resources: tmpdir=/tmp

[Tue Sep  1 21:19:50 2026]
Finished job 1467.
39 of 1923 steps (2%) done
Select jobs to execute...
Execute 1 jobs...

[Tue Sep  1 21:19:50 2026]
localrule run_cell:
    output: results/bias_sensitivity/raw/dp0.9_k0.3_n4000_r15_m2000.rds
    log: logs/bias_sensitivity/run_dp0.9_k0.3_n4000_r15_m2000.log
    jobid: 1804
    reason: Missing output files: results/bias_sensitivity/raw/dp0.9_k0.3_n4000_r15_m2000.rds
    wildcards: cell=dp0.9_k0.3_n4000_r15_m2000
    threads: 2
    resources: tmpdir=/tmp

[Tue Sep  1 21:19:51 2026]
Finished job 252.
40 of 1923 steps (2%) done
Select jobs to execute...
Execute 1 jobs...

[Tue Sep  1 21:19:51 2026]
localrule run_cell:
    output: results/bias_sensitivity/raw/dp0.55_k0.3_n6000_r10_m4000.rds
    log: logs/bias_sensitivity/run_dp0.55_k0.3_n6000_r10_m4000.log
    jobid: 947
    reason: Missing output files: results/bias_sensitivity/raw/dp0.55_k0.3_n6000_r10_m4000.rds
    wildcards: cell=dp0.55_k0.3_n6000_r10_m4000
    threads: 2
    resources: tmpdir=/tmp

[Tue Sep  1 21:20:06 2026]
Finished job 12.
41 of 1923 steps (2%) done
Select jobs to execute...
Execute 1 jobs...

[Tue Sep  1 21:20:06 2026]
localrule run_cell:
    output: results/bias_sensitivity/raw/dp0.65_k0.3_n2000_r20_m4000.rds
    log: logs/bias_sensitivity/run_dp0.65_k0.3_n2000_r20_m4000.log
    jobid: 1127
    reason: Missing output files: results/bias_sensitivity/raw/dp0.65_k0.3_n2000_r20_m4000.rds
    wildcards: cell=dp0.65_k0.3_n2000_r20_m4000
    threads: 2
    resources: tmpdir=/tmp

[Tue Sep  1 21:22:52 2026]
Finished job 1744.
42 of 1923 steps (2%) done
Select jobs to execute...
Execute 1 jobs...

[Tue Sep  1 21:22:52 2026]
localrule run_cell:
    output: results/bias_sensitivity/raw/dp0.5_k-0.3_n8000_r20_m4000.rds
    log: logs/bias_sensitivity/run_dp0.5_k-0.3_n8000_r20_m4000.log
    jobid: 1007
    reason: Missing output files: results/bias_sensitivity/raw/dp0.5_k-0.3_n8000_r20_m4000.rds
    wildcards: cell=dp0.5_k-0.3_n8000_r20_m4000
    threads: 2
    resources: tmpdir=/tmp

[Tue Sep  1 21:22:53 2026]
Finished job 1803.
43 of 1923 steps (2%) done
Select jobs to execute...
Execute 1 jobs...

[Tue Sep  1 21:22:53 2026]
localrule run_cell:
    output: results/bias_sensitivity/raw/dp0.6_k0.3_n8000_r20_m4000.rds
    log: logs/bias_sensitivity/run_dp0.6_k0.3_n8000_r20_m4000.log
    jobid: 1247
    reason: Missing output files: results/bias_sensitivity/raw/dp0.6_k0.3_n8000_r20_m4000.rds
    wildcards: cell=dp0.6_k0.3_n8000_r20_m4000
    threads: 2
    resources: tmpdir=/tmp

[Tue Sep  1 21:24:26 2026]
Finished job 115.
44 of 1923 steps (2%) done
Select jobs to execute...
Execute 1 jobs...

[Tue Sep  1 21:24:26 2026]
localrule run_cell:
    output: results/bias_sensitivity/raw/dp0.7_k-0.3_n2000_r20_m4000.rds
    log: logs/bias_sensitivity/run_dp0.7_k-0.3_n2000_r20_m4000.log
    jobid: 1367
    reason: Missing output files: results/bias_sensitivity/raw/dp0.7_k-0.3_n2000_r20_m4000.rds
    wildcards: cell=dp0.7_k-0.3_n2000_r20_m4000
    threads: 2
    resources: tmpdir=/tmp

[Tue Sep  1 21:24:54 2026]
Finished job 355.
45 of 1923 steps (2%) done
Select jobs to execute...
Execute 1 jobs...

[Tue Sep  1 21:24:54 2026]
localrule run_cell:
    output: results/bias_sensitivity/raw/dp0.7_k0.3_n6000_r10_m4000.rds
    log: logs/bias_sensitivity/run_dp0.7_k0.3_n6000_r10_m4000.log
    jobid: 1427
    reason: Missing output files: results/bias_sensitivity/raw/dp0.7_k0.3_n6000_r10_m4000.rds
    wildcards: cell=dp0.7_k0.3_n6000_r10_m4000
    threads: 2
    resources: tmpdir=/tmp

[Tue Sep  1 21:26:04 2026]
Finished job 509.
46 of 1923 steps (2%) done
Select jobs to execute...
Execute 1 jobs...

[Tue Sep  1 21:26:04 2026]
localrule run_cell:
    output: results/bias_sensitivity/raw/dp0.85_k-0.3_n8000_r20_m4000.rds
    log: logs/bias_sensitivity/run_dp0.85_k-0.3_n8000_r20_m4000.log
    jobid: 1487
    reason: Missing output files: results/bias_sensitivity/raw/dp0.85_k-0.3_n8000_r20_m4000.rds
    wildcards: cell=dp0.85_k-0.3_n8000_r20_m4000
    threads: 2
    resources: tmpdir=/tmp

[Tue Sep  1 21:26:07 2026]
Finished job 269.
47 of 1923 steps (2%) done
Select jobs to execute...
Execute 1 jobs...

[Tue Sep  1 21:26:07 2026]
localrule run_cell:
    output: results/bias_sensitivity/raw/dp0.8_k-0.3_n1000_r10_m4000.rds
    log: logs/bias_sensitivity/run_dp0.8_k-0.3_n1000_r10_m4000.log
    jobid: 1547
    reason: Missing output files: results/bias_sensitivity/raw/dp0.8_k-0.3_n1000_r10_m4000.rds
    wildcards: cell=dp0.8_k-0.3_n1000_r10_m4000
    threads: 2
    resources: tmpdir=/tmp

[Tue Sep  1 21:26:39 2026]
Finished job 1331.
48 of 1923 steps (2%) done
Select jobs to execute...
Execute 1 jobs...

[Tue Sep  1 21:26:39 2026]
localrule run_cell:
    output: results/bias_sensitivity/raw/dp0.95_k-0.3_n6000_r10_m4000.rds
    log: logs/bias_sensitivity/run_dp0.95_k-0.3_n6000_r10_m4000.log
    jobid: 1667
    reason: Missing output files: results/bias_sensitivity/raw/dp0.95_k-0.3_n6000_r10_m4000.rds
    wildcards: cell=dp0.95_k-0.3_n6000_r10_m4000
    threads: 2
    resources: tmpdir=/tmp

[Tue Sep  1 21:27:03 2026]
Finished job 1469.
49 of 1923 steps (3%) done
Select jobs to execute...
Execute 1 jobs...

[Tue Sep  1 21:27:03 2026]
localrule run_cell:
    output: results/bias_sensitivity/raw/dp0.5_k-0.3_n4000_r20_m2000.rds
    log: logs/bias_sensitivity/run_dp0.5_k-0.3_n4000_r20_m2000.log
    jobid: 990
    reason: Missing output files: results/bias_sensitivity/raw/dp0.5_k-0.3_n4000_r20_m2000.rds
    wildcards: cell=dp0.5_k-0.3_n4000_r20_m2000
    threads: 2
    resources: tmpdir=/tmp

[Tue Sep  1 21:27:15 2026]
Finished job 1127.
50 of 1923 steps (3%) done
Select jobs to execute...
Execute 1 jobs...

[Tue Sep  1 21:27:15 2026]
localrule run_cell:
    output: results/bias_sensitivity/raw/dp0.1_k0.3_n4000_r20_m2000.rds
    log: logs/bias_sensitivity/run_dp0.1_k0.3_n4000_r20_m2000.log
    jobid: 270
    reason: Missing output files: results/bias_sensitivity/raw/dp0.1_k0.3_n4000_r20_m2000.rds
    wildcards: cell=dp0.1_k0.3_n4000_r20_m2000
    threads: 2
    resources: tmpdir=/tmp

[Tue Sep  1 21:28:18 2026]
Finished job 1229.
51 of 1923 steps (3%) done
Select jobs to execute...
Execute 1 jobs...

[Tue Sep  1 21:28:18 2026]
localrule run_cell:
    output: results/bias_sensitivity/raw/dp0.6_k0.3_n4000_r20_m2000.rds
    log: logs/bias_sensitivity/run_dp0.6_k0.3_n4000_r20_m2000.log
    jobid: 1230
    reason: Missing output files: results/bias_sensitivity/raw/dp0.6_k0.3_n4000_r20_m2000.rds
    wildcards: cell=dp0.6_k0.3_n4000_r20_m2000
    threads: 2
    resources: tmpdir=/tmp

[Tue Sep  1 21:29:18 2026]
Finished job 1547.
52 of 1923 steps (3%) done
Select jobs to execute...
Execute 1 jobs...

[Tue Sep  1 21:29:18 2026]
localrule run_cell:
    output: results/bias_sensitivity/raw/dp0.7_k-0.3_n10000_r20_m2000.rds
    log: logs/bias_sensitivity/run_dp0.7_k-0.3_n10000_r20_m2000.log
    jobid: 1350
    reason: Missing output files: results/bias_sensitivity/raw/dp0.7_k-0.3_n10000_r20_m2000.rds
    wildcards: cell=dp0.7_k-0.3_n10000_r20_m2000
    threads: 2
    resources: tmpdir=/tmp

[Tue Sep  1 21:29:27 2026]
Finished job 473.
53 of 1923 steps (3%) done
Select jobs to execute...
Execute 1 jobs...

[Tue Sep  1 21:29:27 2026]
localrule run_cell:
    output: results/bias_sensitivity/raw/dp0.35_k-0.3_n4000_r20_m2000.rds
    log: logs/bias_sensitivity/run_dp0.35_k-0.3_n4000_r20_m2000.log
    jobid: 510
    reason: Missing output files: results/bias_sensitivity/raw/dp0.35_k-0.3_n4000_r20_m2000.rds
    wildcards: cell=dp0.35_k-0.3_n4000_r20_m2000
    threads: 2
    resources: tmpdir=/tmp

[Tue Sep  1 21:29:53 2026]
Finished job 234.
54 of 1923 steps (3%) done
Select jobs to execute...
Execute 1 jobs...

[Tue Sep  1 21:29:53 2026]
localrule run_cell:
    output: results/bias_sensitivity/raw/dp0.45_k-0.3_n2000_r10_m2000.rds
    log: logs/bias_sensitivity/run_dp0.45_k-0.3_n2000_r10_m2000.log
    jobid: 690
    reason: Missing output files: results/bias_sensitivity/raw/dp0.45_k-0.3_n2000_r10_m2000.rds
    wildcards: cell=dp0.45_k-0.3_n2000_r10_m2000
    threads: 2
    resources: tmpdir=/tmp

[Tue Sep  1 21:29:55 2026]
Finished job 1804.
55 of 1923 steps (3%) done
Select jobs to execute...
Execute 1 jobs...

[Tue Sep  1 21:29:55 2026]
localrule run_cell:
    output: results/bias_sensitivity/raw/dp0.55_k-0.3_n10000_r20_m2000.rds
    log: logs/bias_sensitivity/run_dp0.55_k-0.3_n10000_r20_m2000.log
    jobid: 870
    reason: Missing output files: results/bias_sensitivity/raw/dp0.55_k-0.3_n10000_r20_m2000.rds
    wildcards: cell=dp0.55_k-0.3_n10000_r20_m2000
    threads: 2
    resources: tmpdir=/tmp

[Tue Sep  1 21:29:58 2026]
Finished job 191.
56 of 1923 steps (3%) done
Select jobs to execute...
Execute 1 jobs...

[Tue Sep  1 21:29:58 2026]
localrule run_cell:
    output: results/bias_sensitivity/raw/dp0.65_k0.3_n10000_r20_m2000.rds
    log: logs/bias_sensitivity/run_dp0.65_k0.3_n10000_r20_m2000.log
    jobid: 1110
    reason: Missing output files: results/bias_sensitivity/raw/dp0.65_k0.3_n10000_r20_m2000.rds
    wildcards: cell=dp0.65_k0.3_n10000_r20_m2000
    threads: 2
    resources: tmpdir=/tmp

[Tue Sep  1 21:30:12 2026]
Finished job 1485.
57 of 1923 steps (3%) done
Select jobs to execute...
Execute 1 jobs...

[Tue Sep  1 21:30:12 2026]
localrule run_cell:
    output: results/bias_sensitivity/raw/dp0.85_k-0.3_n4000_r20_m2000.rds
    log: logs/bias_sensitivity/run_dp0.85_k-0.3_n4000_r20_m2000.log
    jobid: 1470
    reason: Missing output files: results/bias_sensitivity/raw/dp0.85_k-0.3_n4000_r20_m2000.rds
    wildcards: cell=dp0.85_k-0.3_n4000_r20_m2000
    threads: 2
    resources: tmpdir=/tmp

[Tue Sep  1 21:31:08 2026]
Finished job 190.
58 of 1923 steps (3%) done
Select jobs to execute...
Execute 1 jobs...

[Tue Sep  1 21:31:08 2026]
localrule run_cell:
    output: results/bias_sensitivity/raw/dp0.95_k-0.3_n2000_r10_m2000.rds
    log: logs/bias_sensitivity/run_dp0.95_k-0.3_n2000_r10_m2000.log
    jobid: 1650
    reason: Missing output files: results/bias_sensitivity/raw/dp0.95_k-0.3_n2000_r10_m2000.rds
    wildcards: cell=dp0.95_k-0.3_n2000_r10_m2000
    threads: 2
    resources: tmpdir=/tmp

[Tue Sep  1 21:31:10 2026]
Finished job 54.
59 of 1923 steps (3%) done
Select jobs to execute...
Execute 1 jobs...

[Tue Sep  1 21:31:10 2026]
localrule run_cell:
    output: results/bias_sensitivity/raw/dp0.9_k-0.3_n8000_r10_m2000.rds
    log: logs/bias_sensitivity/run_dp0.9_k-0.3_n8000_r10_m2000.log
    jobid: 1770
    reason: Missing output files: results/bias_sensitivity/raw/dp0.9_k-0.3_n8000_r10_m2000.rds
    wildcards: cell=dp0.9_k-0.3_n8000_r10_m2000
    threads: 2
    resources: tmpdir=/tmp

[Tue Sep  1 21:32:06 2026]
Finished job 1367.
60 of 1923 steps (3%) done
Select jobs to execute...
Execute 1 jobs...

[Tue Sep  1 21:32:06 2026]
localrule run_cell:
    output: results/bias_sensitivity/raw/dp0.05_k-0.3_n1000_r15_m4000.rds
    log: logs/bias_sensitivity/run_dp0.05_k-0.3_n1000_r15_m4000.log
    jobid: 13
    reason: Missing output files: results/bias_sensitivity/raw/dp0.05_k-0.3_n1000_r15_m4000.rds
    wildcards: cell=dp0.05_k-0.3_n1000_r15_m4000
    threads: 2
    resources: tmpdir=/tmp

[Tue Sep  1 21:33:43 2026]
Finished job 867.
61 of 1923 steps (3%) done
Select jobs to execute...
Execute 1 jobs...

[Tue Sep  1 21:33:43 2026]
localrule run_cell:
    output: results/bias_sensitivity/raw/dp0.15_k-0.3_n6000_r15_m4000.rds
    log: logs/bias_sensitivity/run_dp0.15_k-0.3_n6000_r15_m4000.log
    jobid: 133
    reason: Missing output files: results/bias_sensitivity/raw/dp0.15_k-0.3_n6000_r15_m4000.rds
    wildcards: cell=dp0.15_k-0.3_n6000_r15_m4000
    threads: 2
    resources: tmpdir=/tmp

[Tue Sep  1 21:33:53 2026]
Finished job 946.
62 of 1923 steps (3%) done
Select jobs to execute...
Execute 1 jobs...

[Tue Sep  1 21:33:53 2026]
localrule run_cell:
    output: results/bias_sensitivity/raw/dp0.15_k0.3_n8000_r5_m4000.rds
    log: logs/bias_sensitivity/run_dp0.15_k0.3_n8000_r5_m4000.log
    jobid: 193
    reason: Missing output files: results/bias_sensitivity/raw/dp0.15_k0.3_n8000_r5_m4000.rds
    wildcards: cell=dp0.15_k0.3_n8000_r5_m4000
    threads: 2
    resources: tmpdir=/tmp

[Tue Sep  1 21:34:07 2026]
Finished job 131.
63 of 1923 steps (3%) done
Select jobs to execute...
Execute 1 jobs...

[Tue Sep  1 21:34:07 2026]
localrule run_cell:
    output: results/bias_sensitivity/raw/dp0.1_k0.3_n1000_r15_m4000.rds
    log: logs/bias_sensitivity/run_dp0.1_k0.3_n1000_r15_m4000.log
    jobid: 253
    reason: Missing output files: results/bias_sensitivity/raw/dp0.1_k0.3_n1000_r15_m4000.rds
    wildcards: cell=dp0.1_k0.3_n1000_r15_m4000
    threads: 2
    resources: tmpdir=/tmp

[Tue Sep  1 21:35:01 2026]
Finished job 13.
64 of 1923 steps (3%) done
Select jobs to execute...
Execute 1 jobs...

[Tue Sep  1 21:35:01 2026]
localrule run_cell:
    output: results/bias_sensitivity/raw/dp0.35_k-0.3_n1000_r15_m4000.rds
    log: logs/bias_sensitivity/run_dp0.35_k-0.3_n1000_r15_m4000.log
    jobid: 493
    reason: Missing output files: results/bias_sensitivity/raw/dp0.35_k-0.3_n1000_r15_m4000.rds
    wildcards: cell=dp0.35_k-0.3_n1000_r15_m4000
    threads: 2
    resources: tmpdir=/tmp

[Tue Sep  1 21:36:01 2026]
Finished job 270.
65 of 1923 steps (3%) done
Select jobs to execute...
Execute 1 jobs...

[Tue Sep  1 21:36:01 2026]
localrule run_cell:
    output: results/bias_sensitivity/raw/dp0.75_k0.3_n6000_r15_m4000.rds
    log: logs/bias_sensitivity/run_dp0.75_k0.3_n6000_r15_m4000.log
    jobid: 1333
    reason: Missing output files: results/bias_sensitivity/raw/dp0.75_k0.3_n6000_r15_m4000.rds
    wildcards: cell=dp0.75_k0.3_n6000_r15_m4000
    threads: 2
    resources: tmpdir=/tmp

[Tue Sep  1 21:36:11 2026]
Finished job 36.
66 of 1923 steps (3%) done
Select jobs to execute...
Execute 1 jobs...

[Tue Sep  1 21:36:11 2026]
localrule run_cell:
    output: results/bias_sensitivity/raw/dp0.3_k-0.3_n6000_r15_m4000.rds
    log: logs/bias_sensitivity/run_dp0.3_k-0.3_n6000_r15_m4000.log
    jobid: 613
    reason: Missing output files: results/bias_sensitivity/raw/dp0.3_k-0.3_n6000_r15_m4000.rds
    wildcards: cell=dp0.3_k-0.3_n6000_r15_m4000
    threads: 2
    resources: tmpdir=/tmp

[Tue Sep  1 21:36:14 2026]
Finished job 690.
67 of 1923 steps (3%) done
Select jobs to execute...
Execute 1 jobs...

[Tue Sep  1 21:36:14 2026]
localrule run_cell:
    output: results/bias_sensitivity/raw/dp0.15_k-0.3_n2000_r15_m2000.rds
    log: logs/bias_sensitivity/run_dp0.15_k-0.3_n2000_r15_m2000.log
    jobid: 116
    reason: Missing output files: results/bias_sensitivity/raw/dp0.15_k-0.3_n2000_r15_m2000.rds
    wildcards: cell=dp0.15_k-0.3_n2000_r15_m2000
    threads: 2
    resources: tmpdir=/tmp

[Tue Sep  1 21:36:52 2026]
Finished job 990.
68 of 1923 steps (4%) done
Select jobs to execute...
Execute 1 jobs...

[Tue Sep  1 21:36:52 2026]
localrule run_cell:
    output: results/bias_sensitivity/raw/dp0.1_k-0.3_n8000_r15_m2000.rds
    log: logs/bias_sensitivity/run_dp0.1_k-0.3_n8000_r15_m2000.log
    jobid: 236
    reason: Missing output files: results/bias_sensitivity/raw/dp0.1_k-0.3_n8000_r15_m2000.rds
    wildcards: cell=dp0.1_k-0.3_n8000_r15_m2000
    threads: 2
    resources: tmpdir=/tmp

[Tue Sep  1 21:36:56 2026]
Finished job 1348.
69 of 1923 steps (4%) done
Select jobs to execute...
Execute 1 jobs...

[Tue Sep  1 21:36:56 2026]
localrule run_cell:
    output: results/bias_sensitivity/raw/dp0.25_k0.3_n2000_r15_m2000.rds
    log: logs/bias_sensitivity/run_dp0.25_k0.3_n2000_r15_m2000.log
    jobid: 356
    reason: Missing output files: results/bias_sensitivity/raw/dp0.25_k0.3_n2000_r15_m2000.rds
    wildcards: cell=dp0.25_k0.3_n2000_r15_m2000
    threads: 2
    resources: tmpdir=/tmp

[Tue Sep  1 21:37:08 2026]
Finished job 253.
70 of 1923 steps (4%) done
Select jobs to execute...
Execute 1 jobs...

[Tue Sep  1 21:37:08 2026]
localrule run_cell:
    output: results/bias_sensitivity/raw/dp0.2_k0.3_n8000_r15_m2000.rds
    log: logs/bias_sensitivity/run_dp0.2_k0.3_n8000_r15_m2000.log
    jobid: 476
    reason: Missing output files: results/bias_sensitivity/raw/dp0.2_k0.3_n8000_r15_m2000.rds
    wildcards: cell=dp0.2_k0.3_n8000_r15_m2000
    threads: 2
    resources: tmpdir=/tmp

[Tue Sep  1 21:38:04 2026]
Finished job 493.
71 of 1923 steps (4%) done
Select jobs to execute...
Execute 1 jobs...

[Tue Sep  1 21:38:04 2026]
localrule run_cell:
    output: results/bias_sensitivity/raw/dp0.05_k0.3_n10000_r5_m2000.rds
    log: logs/bias_sensitivity/run_dp0.05_k0.3_n10000_r5_m2000.log
    jobid: 56
    reason: Missing output files: results/bias_sensitivity/raw/dp0.05_k0.3_n10000_r5_m2000.rds
    wildcards: cell=dp0.05_k0.3_n10000_r5_m2000
    threads: 2
    resources: tmpdir=/tmp

[Tue Sep  1 21:38:18 2026]
Finished job 1230.
72 of 1923 steps (4%) done
Select jobs to execute...
Execute 1 jobs...

[Tue Sep  1 21:38:18 2026]
localrule run_cell:
    output: results/bias_sensitivity/raw/dp0.05_k-0.3_n6000_r20_m4000.rds
    log: logs/bias_sensitivity/run_dp0.05_k-0.3_n6000_r20_m4000.log
    jobid: 39
    reason: Missing output files: results/bias_sensitivity/raw/dp0.05_k-0.3_n6000_r20_m4000.rds
    wildcards: cell=dp0.05_k-0.3_n6000_r20_m4000
    threads: 2
    resources: tmpdir=/tmp

[Tue Sep  1 21:38:30 2026]
Finished job 510.
73 of 1923 steps (4%) done
Select jobs to execute...
Execute 1 jobs...

[Tue Sep  1 21:38:30 2026]
localrule run_cell:
    output: results/bias_sensitivity/raw/dp0.9_k0.3_n4000_r15_m4000.rds
    log: logs/bias_sensitivity/run_dp0.9_k0.3_n4000_r15_m4000.log
    jobid: 1805
    reason: Missing output files: results/bias_sensitivity/raw/dp0.9_k0.3_n4000_r15_m4000.rds
    wildcards: cell=dp0.9_k0.3_n4000_r15_m4000
    threads: 2
    resources: tmpdir=/tmp

[Tue Sep  1 21:38:30 2026]
Finished job 1650.
74 of 1923 steps (4%) done
Select jobs to execute...
Execute 1 jobs...

[Tue Sep  1 21:38:30 2026]
localrule run_cell:
    output: results/bias_sensitivity/raw/dp0.85_k-0.3_n10000_r15_m4000.rds
    log: logs/bias_sensitivity/run_dp0.85_k-0.3_n10000_r15_m4000.log
    jobid: 1445
    reason: Missing output files: results/bias_sensitivity/raw/dp0.85_k-0.3_n10000_r15_m4000.rds
    wildcards: cell=dp0.85_k-0.3_n10000_r15_m4000
    threads: 2
    resources: tmpdir=/tmp

[Tue Sep  1 21:39:45 2026]
Finished job 1470.
75 of 1923 steps (4%) done
Select jobs to execute...
Execute 1 jobs...

[Tue Sep  1 21:39:45 2026]
localrule run_cell:
    output: results/bias_sensitivity/raw/dp0.9_k-0.3_n1000_r5_m4000.rds
    log: logs/bias_sensitivity/run_dp0.9_k-0.3_n1000_r5_m4000.log
    jobid: 1745
    reason: Missing output files: results/bias_sensitivity/raw/dp0.9_k-0.3_n1000_r5_m4000.rds
    wildcards: cell=dp0.9_k-0.3_n1000_r5_m4000
    threads: 2
    resources: tmpdir=/tmp

[Tue Sep  1 21:40:14 2026]
Finished job 130.
76 of 1923 steps (4%) done
Select jobs to execute...
Execute 1 jobs...

[Tue Sep  1 21:40:14 2026]
localrule run_cell:
    output: results/bias_sensitivity/raw/dp0.5_k-0.3_n8000_r5_m2000.rds
    log: logs/bias_sensitivity/run_dp0.5_k-0.3_n8000_r5_m2000.log
    jobid: 1008
    reason: Missing output files: results/bias_sensitivity/raw/dp0.5_k-0.3_n8000_r5_m2000.rds
    wildcards: cell=dp0.5_k-0.3_n8000_r5_m2000
    threads: 2
    resources: tmpdir=/tmp

[Tue Sep  1 21:40:42 2026]
Finished job 1005.
77 of 1923 steps (4%) done
Select jobs to execute...
Execute 1 jobs...

[Tue Sep  1 21:40:42 2026]
localrule run_cell:
    output: results/bias_sensitivity/raw/dp0.55_k0.3_n6000_r15_m2000.rds
    log: logs/bias_sensitivity/run_dp0.55_k0.3_n6000_r15_m2000.log
    jobid: 948
    reason: Missing output files: results/bias_sensitivity/raw/dp0.55_k0.3_n6000_r15_m2000.rds
    wildcards: cell=dp0.55_k0.3_n6000_r15_m2000
    threads: 2
    resources: tmpdir=/tmp

[Tue Sep  1 21:42:34 2026]
Finished job 116.
78 of 1923 steps (4%) done
Select jobs to execute...
Execute 1 jobs...

[Tue Sep  1 21:42:34 2026]
localrule run_cell:
    output: results/bias_sensitivity/raw/dp0.65_k0.3_n2000_r5_m2000.rds
    log: logs/bias_sensitivity/run_dp0.65_k0.3_n2000_r5_m2000.log
    jobid: 1128
    reason: Missing output files: results/bias_sensitivity/raw/dp0.65_k0.3_n2000_r5_m2000.rds
    wildcards: cell=dp0.65_k0.3_n2000_r5_m2000
    threads: 2
    resources: tmpdir=/tmp

[Tue Sep  1 21:42:36 2026]
Finished job 1246.
79 of 1923 steps (4%) done
Select jobs to execute...
Execute 1 jobs...

[Tue Sep  1 21:42:36 2026]
localrule run_cell:
    output: results/bias_sensitivity/raw/dp0.6_k0.3_n8000_r5_m2000.rds
    log: logs/bias_sensitivity/run_dp0.6_k0.3_n8000_r5_m2000.log
    jobid: 1248
    reason: Missing output files: results/bias_sensitivity/raw/dp0.6_k0.3_n8000_r5_m2000.rds
    wildcards: cell=dp0.6_k0.3_n8000_r5_m2000
    threads: 2
    resources: tmpdir=/tmp

[Tue Sep  1 21:42:37 2026]
Finished job 1332.
80 of 1923 steps (4%) done
Select jobs to execute...
Execute 1 jobs...

[Tue Sep  1 21:42:37 2026]
localrule run_cell:
    output: results/bias_sensitivity/raw/dp0.7_k-0.3_n2000_r5_m2000.rds
    log: logs/bias_sensitivity/run_dp0.7_k-0.3_n2000_r5_m2000.log
    jobid: 1368
    reason: Missing output files: results/bias_sensitivity/raw/dp0.7_k-0.3_n2000_r5_m2000.rds
    wildcards: cell=dp0.7_k-0.3_n2000_r5_m2000
    threads: 2
    resources: tmpdir=/tmp

[Tue Sep  1 21:43:01 2026]
Finished job 1487.
81 of 1923 steps (4%) done
Select jobs to execute...
Execute 1 jobs...

[Tue Sep  1 21:43:01 2026]
localrule run_cell:
    output: results/bias_sensitivity/raw/dp0.7_k0.3_n6000_r15_m2000.rds
    log: logs/bias_sensitivity/run_dp0.7_k0.3_n6000_r15_m2000.log
    jobid: 1428
    reason: Missing output files: results/bias_sensitivity/raw/dp0.7_k0.3_n6000_r15_m2000.rds
    wildcards: cell=dp0.7_k0.3_n6000_r15_m2000
    threads: 2
    resources: tmpdir=/tmp

[Tue Sep  1 21:43:04 2026]
Finished job 233.
82 of 1923 steps (4%) done
Select jobs to execute...
Execute 1 jobs...

[Tue Sep  1 21:43:04 2026]
localrule run_cell:
    output: results/bias_sensitivity/raw/dp0.85_k-0.3_n8000_r5_m2000.rds
    log: logs/bias_sensitivity/run_dp0.85_k-0.3_n8000_r5_m2000.log
    jobid: 1488
    reason: Missing output files: results/bias_sensitivity/raw/dp0.85_k-0.3_n8000_r5_m2000.rds
    wildcards: cell=dp0.85_k-0.3_n8000_r5_m2000
    threads: 2
    resources: tmpdir=/tmp

[Tue Sep  1 21:43:04 2026]
Finished job 1745.
83 of 1923 steps (4%) done
Select jobs to execute...
Execute 1 jobs...

[Tue Sep  1 21:43:04 2026]
localrule run_cell:
    output: results/bias_sensitivity/raw/dp0.8_k-0.3_n1000_r15_m2000.rds
    log: logs/bias_sensitivity/run_dp0.8_k-0.3_n1000_r15_m2000.log
    jobid: 1548
    reason: Missing output files: results/bias_sensitivity/raw/dp0.8_k-0.3_n1000_r15_m2000.rds
    wildcards: cell=dp0.8_k-0.3_n1000_r15_m2000
    threads: 2
    resources: tmpdir=/tmp

[Tue Sep  1 21:43:15 2026]
Finished job 356.
84 of 1923 steps (4%) done
Select jobs to execute...
Execute 1 jobs...

[Tue Sep  1 21:43:15 2026]
localrule run_cell:
    output: results/bias_sensitivity/raw/dp0.95_k-0.3_n6000_r15_m2000.rds
    log: logs/bias_sensitivity/run_dp0.95_k-0.3_n6000_r15_m2000.log
    jobid: 1668
    reason: Missing output files: results/bias_sensitivity/raw/dp0.95_k-0.3_n6000_r15_m2000.rds
    wildcards: cell=dp0.95_k-0.3_n6000_r15_m2000
    threads: 2
    resources: tmpdir=/tmp

[Tue Sep  1 21:43:48 2026]
Finished job 1767.
85 of 1923 steps (4%) done
Select jobs to execute...
Execute 1 jobs...

[Tue Sep  1 21:43:48 2026]
localrule run_cell:
    output: results/bias_sensitivity/raw/dp0.95_k-0.3_n2000_r10_m4000.rds
    log: logs/bias_sensitivity/run_dp0.95_k-0.3_n2000_r10_m4000.log
    jobid: 1651
    reason: Missing output files: results/bias_sensitivity/raw/dp0.95_k-0.3_n2000_r10_m4000.rds
    wildcards: cell=dp0.95_k-0.3_n2000_r10_m4000
    threads: 2
    resources: tmpdir=/tmp

[Tue Sep  1 21:43:53 2026]
Finished job 1768.
86 of 1923 steps (4%) done
Select jobs to execute...
Execute 1 jobs...

[Tue Sep  1 21:43:53 2026]
localrule run_cell:
    output: results/bias_sensitivity/raw/dp0.5_k-0.3_n4000_r20_m4000.rds
    log: logs/bias_sensitivity/run_dp0.5_k-0.3_n4000_r20_m4000.log
    jobid: 991
    reason: Missing output files: results/bias_sensitivity/raw/dp0.5_k-0.3_n4000_r20_m4000.rds
    wildcards: cell=dp0.5_k-0.3_n4000_r20_m4000
    threads: 2
    resources: tmpdir=/tmp

[Tue Sep  1 21:44:32 2026]
Finished job 1426.
87 of 1923 steps (5%) done
Select jobs to execute...
Execute 1 jobs...

[Tue Sep  1 21:44:32 2026]
localrule run_cell:
    output: results/bias_sensitivity/raw/dp0.1_k0.3_n4000_r20_m4000.rds
    log: logs/bias_sensitivity/run_dp0.1_k0.3_n4000_r20_m4000.log
    jobid: 271
    reason: Missing output files: results/bias_sensitivity/raw/dp0.1_k0.3_n4000_r20_m4000.rds
    wildcards: cell=dp0.1_k0.3_n4000_r20_m4000
    threads: 2
    resources: tmpdir=/tmp

[Tue Sep  1 21:46:16 2026]
Finished job 1548.
88 of 1923 steps (5%) done
Select jobs to execute...
Execute 1 jobs...

[Tue Sep  1 21:46:16 2026]
localrule run_cell:
    output: results/bias_sensitivity/raw/dp0.35_k-0.3_n4000_r20_m4000.rds
    log: logs/bias_sensitivity/run_dp0.35_k-0.3_n4000_r20_m4000.log
    jobid: 511
    reason: Missing output files: results/bias_sensitivity/raw/dp0.35_k-0.3_n4000_r20_m4000.rds
    wildcards: cell=dp0.35_k-0.3_n4000_r20_m4000
    threads: 2
    resources: tmpdir=/tmp

[Tue Sep  1 21:46:45 2026]
Finished job 133.
89 of 1923 steps (5%) done
Select jobs to execute...
Execute 1 jobs...

[Tue Sep  1 21:46:45 2026]
localrule run_cell:
    output: results/bias_sensitivity/raw/dp0.45_k-0.3_n2000_r10_m4000.rds
    log: logs/bias_sensitivity/run_dp0.45_k-0.3_n2000_r10_m4000.log
    jobid: 691
    reason: Missing output files: results/bias_sensitivity/raw/dp0.45_k-0.3_n2000_r10_m4000.rds
    wildcards: cell=dp0.45_k-0.3_n2000_r10_m4000
    threads: 2
    resources: tmpdir=/tmp

[Tue Sep  1 21:46:49 2026]
Finished job 1545.
90 of 1923 steps (5%) done
Select jobs to execute...
Execute 1 jobs...

[Tue Sep  1 21:46:49 2026]
localrule run_cell:
    output: results/bias_sensitivity/raw/dp0.55_k-0.3_n10000_r20_m4000.rds
    log: logs/bias_sensitivity/run_dp0.55_k-0.3_n10000_r20_m4000.log
    jobid: 871
    reason: Missing output files: results/bias_sensitivity/raw/dp0.55_k-0.3_n10000_r20_m4000.rds
    wildcards: cell=dp0.55_k-0.3_n10000_r20_m4000
    threads: 2
    resources: tmpdir=/tmp

[Tue Sep  1 21:47:17 2026]
Finished job 37.
91 of 1923 steps (5%) done
Select jobs to execute...
Execute 1 jobs...

[Tue Sep  1 21:47:17 2026]
localrule run_cell:
    output: results/bias_sensitivity/raw/dp0.65_k0.3_n10000_r20_m4000.rds
    log: logs/bias_sensitivity/run_dp0.65_k0.3_n10000_r20_m4000.log
    jobid: 1111
    reason: Missing output files: results/bias_sensitivity/raw/dp0.65_k0.3_n10000_r20_m4000.rds
    wildcards: cell=dp0.65_k0.3_n10000_r20_m4000
    threads: 2
    resources: tmpdir=/tmp

[Tue Sep  1 21:48:01 2026]
Finished job 868.
92 of 1923 steps (5%) done
Select jobs to execute...
Execute 1 jobs...

[Tue Sep  1 21:48:02 2026]
localrule run_cell:
    output: results/bias_sensitivity/raw/dp0.6_k0.3_n4000_r20_m4000.rds
    log: logs/bias_sensitivity/run_dp0.6_k0.3_n4000_r20_m4000.log
    jobid: 1231
    reason: Missing output files: results/bias_sensitivity/raw/dp0.6_k0.3_n4000_r20_m4000.rds
    wildcards: cell=dp0.6_k0.3_n4000_r20_m4000
    threads: 2
    resources: tmpdir=/tmp

[Tue Sep  1 21:48:19 2026]
Finished job 1770.
93 of 1923 steps (5%) done
Select jobs to execute...
Execute 1 jobs...

[Tue Sep  1 21:48:19 2026]
localrule run_cell:
    output: results/bias_sensitivity/raw/dp0.7_k-0.3_n10000_r20_m4000.rds
    log: logs/bias_sensitivity/run_dp0.7_k-0.3_n10000_r20_m4000.log
    jobid: 1351
    reason: Missing output files: results/bias_sensitivity/raw/dp0.7_k-0.3_n10000_r20_m4000.rds
    wildcards: cell=dp0.7_k-0.3_n10000_r20_m4000
    threads: 2
    resources: tmpdir=/tmp

[Tue Sep  1 21:48:34 2026]
Finished job 613.
94 of 1923 steps (5%) done
Select jobs to execute...
Execute 1 jobs...

[Tue Sep  1 21:48:34 2026]
localrule run_cell:
    output: results/bias_sensitivity/raw/dp0.85_k-0.3_n4000_r20_m4000.rds
    log: logs/bias_sensitivity/run_dp0.85_k-0.3_n4000_r20_m4000.log
    jobid: 1471
    reason: Missing output files: results/bias_sensitivity/raw/dp0.85_k-0.3_n4000_r20_m4000.rds
    wildcards: cell=dp0.85_k-0.3_n4000_r20_m4000
    threads: 2
    resources: tmpdir=/tmp

[Tue Sep  1 21:48:35 2026]
Finished job 193.
95 of 1923 steps (5%) done
Select jobs to execute...
Execute 1 jobs...

[Tue Sep  1 21:48:35 2026]
localrule run_cell:
    output: results/bias_sensitivity/raw/dp0.9_k-0.3_n8000_r10_m4000.rds
    log: logs/bias_sensitivity/run_dp0.9_k-0.3_n8000_r10_m4000.log
    jobid: 1771
    reason: Missing output files: results/bias_sensitivity/raw/dp0.9_k-0.3_n8000_r10_m4000.rds
    wildcards: cell=dp0.9_k-0.3_n8000_r10_m4000
    threads: 2
    resources: tmpdir=/tmp

[Tue Sep  1 21:49:03 2026]
Finished job 1805.
96 of 1923 steps (5%) done
Select jobs to execute...
Execute 1 jobs...

[Tue Sep  1 21:49:03 2026]
localrule run_cell:
    output: results/bias_sensitivity/raw/dp0.1_k0.3_n1000_r20_m2000.rds
    log: logs/bias_sensitivity/run_dp0.1_k0.3_n1000_r20_m2000.log
    jobid: 254
    reason: Missing output files: results/bias_sensitivity/raw/dp0.1_k0.3_n1000_r20_m2000.rds
    wildcards: cell=dp0.1_k0.3_n1000_r20_m2000
    threads: 2
    resources: tmpdir=/tmp

[Tue Sep  1 21:49:23 2026]
Finished job 1350.
97 of 1923 steps (5%) done
Select jobs to execute...
Execute 1 jobs...

[Tue Sep  1 21:49:23 2026]
localrule run_cell:
    output: results/bias_sensitivity/raw/dp0.05_k-0.3_n1000_r20_m2000.rds
    log: logs/bias_sensitivity/run_dp0.05_k-0.3_n1000_r20_m2000.log
    jobid: 14
    reason: Missing output files: results/bias_sensitivity/raw/dp0.05_k-0.3_n1000_r20_m2000.rds
    wildcards: cell=dp0.05_k-0.3_n1000_r20_m2000
    threads: 2
    resources: tmpdir=/tmp

[Tue Sep  1 21:49:27 2026]
Finished job 1368.
98 of 1923 steps (5%) done
Select jobs to execute...
Execute 1 jobs...

[Tue Sep  1 21:49:27 2026]
localrule run_cell:
    output: results/bias_sensitivity/raw/dp0.15_k-0.3_n6000_r20_m2000.rds
    log: logs/bias_sensitivity/run_dp0.15_k-0.3_n6000_r20_m2000.log
    jobid: 134
    reason: Missing output files: results/bias_sensitivity/raw/dp0.15_k-0.3_n6000_r20_m2000.rds
    wildcards: cell=dp0.15_k-0.3_n6000_r20_m2000
    threads: 2
    resources: tmpdir=/tmp

[Tue Sep  1 21:49:46 2026]
Finished job 1110.
99 of 1923 steps (5%) done
Select jobs to execute...
Execute 1 jobs...

[Tue Sep  1 21:49:46 2026]
localrule run_cell:
    output: results/bias_sensitivity/raw/dp0.1_k-0.3_n10000_r10_m2000.rds
    log: logs/bias_sensitivity/run_dp0.1_k-0.3_n10000_r10_m2000.log
    jobid: 194
    reason: Missing output files: results/bias_sensitivity/raw/dp0.1_k-0.3_n10000_r10_m2000.rds
    wildcards: cell=dp0.1_k-0.3_n10000_r10_m2000
    threads: 2
    resources: tmpdir=/tmp

[Tue Sep  1 21:50:09 2026]
Finished job 1128.
100 of 1923 steps (5%) done
Select jobs to execute...
Execute 1 jobs...

[Tue Sep  1 21:50:10 2026]
localrule run_cell:
    output: results/bias_sensitivity/raw/dp0.35_k-0.3_n1000_r20_m2000.rds
    log: logs/bias_sensitivity/run_dp0.35_k-0.3_n1000_r20_m2000.log
    jobid: 494
    reason: Missing output files: results/bias_sensitivity/raw/dp0.35_k-0.3_n1000_r20_m2000.rds
    wildcards: cell=dp0.35_k-0.3_n1000_r20_m2000
    threads: 2
    resources: tmpdir=/tmp

[Tue Sep  1 21:50:25 2026]
Finished job 1666.
101 of 1923 steps (5%) done
Select jobs to execute...
Execute 1 jobs...

[Tue Sep  1 21:50:25 2026]
localrule run_cell:
    output: results/bias_sensitivity/raw/dp0.3_k-0.3_n6000_r20_m2000.rds
    log: logs/bias_sensitivity/run_dp0.3_k-0.3_n6000_r20_m2000.log
    jobid: 614
    reason: Missing output files: results/bias_sensitivity/raw/dp0.3_k-0.3_n6000_r20_m2000.rds
    wildcards: cell=dp0.3_k-0.3_n6000_r20_m2000
    threads: 2
    resources: tmpdir=/tmp

[Tue Sep  1 21:50:33 2026]
Finished job 1330.
102 of 1923 steps (5%) done
Select jobs to execute...
Execute 1 jobs...

[Tue Sep  1 21:50:33 2026]
localrule run_cell:
    output: results/bias_sensitivity/raw/dp0.75_k0.3_n6000_r20_m2000.rds
    log: logs/bias_sensitivity/run_dp0.75_k0.3_n6000_r20_m2000.log
    jobid: 1334
    reason: Missing output files: results/bias_sensitivity/raw/dp0.75_k0.3_n6000_r20_m2000.rds
    wildcards: cell=dp0.75_k0.3_n6000_r20_m2000
    threads: 2
    resources: tmpdir=/tmp

[Tue Sep  1 21:50:41 2026]
Finished job 1651.
103 of 1923 steps (5%) done
Select jobs to execute...
Execute 1 jobs...

[Tue Sep  1 21:50:41 2026]
localrule run_cell:
    output: results/bias_sensitivity/raw/dp0.15_k-0.3_n2000_r15_m4000.rds
    log: logs/bias_sensitivity/run_dp0.15_k-0.3_n2000_r15_m4000.log
    jobid: 117
    reason: Missing output files: results/bias_sensitivity/raw/dp0.15_k-0.3_n2000_r15_m4000.rds
    wildcards: cell=dp0.15_k-0.3_n2000_r15_m4000
    threads: 2
    resources: tmpdir=/tmp

[Tue Sep  1 21:51:23 2026]
Finished job 1486.
104 of 1923 steps (5%) done
Select jobs to execute...
Execute 1 jobs...

[Tue Sep  1 21:51:23 2026]
localrule run_cell:
    output: results/bias_sensitivity/raw/dp0.1_k-0.3_n8000_r15_m4000.rds
    log: logs/bias_sensitivity/run_dp0.1_k-0.3_n8000_r15_m4000.log
    jobid: 237
    reason: Missing output files: results/bias_sensitivity/raw/dp0.1_k-0.3_n8000_r15_m4000.rds
    wildcards: cell=dp0.1_k-0.3_n8000_r15_m4000
    threads: 2
    resources: tmpdir=/tmp

[Tue Sep  1 21:51:56 2026]
Finished job 476.
105 of 1923 steps (5%) done
Select jobs to execute...
Execute 1 jobs...

[Tue Sep  1 21:51:56 2026]
localrule run_cell:
    output: results/bias_sensitivity/raw/dp0.25_k0.3_n2000_r15_m4000.rds
    log: logs/bias_sensitivity/run_dp0.25_k0.3_n2000_r15_m4000.log
    jobid: 357
    reason: Missing output files: results/bias_sensitivity/raw/dp0.25_k0.3_n2000_r15_m4000.rds
    wildcards: cell=dp0.25_k0.3_n2000_r15_m4000
    threads: 2
    resources: tmpdir=/tmp

[Tue Sep  1 21:51:58 2026]
Finished job 254.
106 of 1923 steps (6%) done
Select jobs to execute...
Execute 1 jobs...

[Tue Sep  1 21:51:58 2026]
localrule run_cell:
    output: results/bias_sensitivity/raw/dp0.2_k0.3_n8000_r15_m4000.rds
    log: logs/bias_sensitivity/run_dp0.2_k0.3_n8000_r15_m4000.log
    jobid: 477
    reason: Missing output files: results/bias_sensitivity/raw/dp0.2_k0.3_n8000_r15_m4000.rds
    wildcards: cell=dp0.2_k0.3_n8000_r15_m4000
    threads: 2
    resources: tmpdir=/tmp

[Tue Sep  1 21:52:21 2026]
Finished job 14.
107 of 1923 steps (6%) done
Select jobs to execute...
Execute 1 jobs...

[Tue Sep  1 21:52:21 2026]
localrule run_cell:
    output: results/bias_sensitivity/raw/dp0.05_k0.3_n10000_r5_m4000.rds
    log: logs/bias_sensitivity/run_dp0.05_k0.3_n10000_r5_m4000.log
    jobid: 57
    reason: Missing output files: results/bias_sensitivity/raw/dp0.05_k0.3_n10000_r5_m4000.rds
    wildcards: cell=dp0.05_k0.3_n10000_r5_m4000
    threads: 2
    resources: tmpdir=/tmp

[Tue Sep  1 21:52:25 2026]
Finished job 1006.
108 of 1923 steps (6%) done
Select jobs to execute...
Execute 1 jobs...

[Tue Sep  1 21:52:25 2026]
localrule run_cell:
    output: results/bias_sensitivity/raw/dp0.05_k-0.3_n6000_r5_m2000.rds
    log: logs/bias_sensitivity/run_dp0.05_k-0.3_n6000_r5_m2000.log
    jobid: 40
    reason: Missing output files: results/bias_sensitivity/raw/dp0.05_k-0.3_n6000_r5_m2000.rds
    wildcards: cell=dp0.05_k-0.3_n6000_r5_m2000
    threads: 2
    resources: tmpdir=/tmp

[Tue Sep  1 21:53:13 2026]
Finished job 494.
109 of 1923 steps (6%) done
Select jobs to execute...
Execute 1 jobs...

[Tue Sep  1 21:53:13 2026]
localrule run_cell:
    output: results/bias_sensitivity/raw/dp0.9_k-0.3_n2000_r10_m2000.rds
    log: logs/bias_sensitivity/run_dp0.9_k-0.3_n2000_r10_m2000.log
    jobid: 1746
    reason: Missing output files: results/bias_sensitivity/raw/dp0.9_k-0.3_n2000_r10_m2000.rds
    wildcards: cell=dp0.9_k-0.3_n2000_r10_m2000
    threads: 2
    resources: tmpdir=/tmp

[Tue Sep  1 21:53:24 2026]
Finished job 235.
110 of 1923 steps (6%) done
Select jobs to execute...
Execute 1 jobs...

[Tue Sep  1 21:53:24 2026]
localrule run_cell:
    output: results/bias_sensitivity/raw/dp0.9_k0.3_n4000_r20_m2000.rds
    log: logs/bias_sensitivity/run_dp0.9_k0.3_n4000_r20_m2000.log
    jobid: 1806
    reason: Missing output files: results/bias_sensitivity/raw/dp0.9_k0.3_n4000_r20_m2000.rds
    wildcards: cell=dp0.9_k0.3_n4000_r20_m2000
    threads: 2
    resources: tmpdir=/tmp

[Tue Sep  1 21:53:28 2026]
Finished job 1245.
111 of 1923 steps (6%) done
Select jobs to execute...
Execute 1 jobs...

[Tue Sep  1 21:53:28 2026]
localrule run_cell:
    output: results/bias_sensitivity/raw/dp0.85_k-0.3_n10000_r20_m2000.rds
    log: logs/bias_sensitivity/run_dp0.85_k-0.3_n10000_r20_m2000.log
    jobid: 1446
    reason: Missing output files: results/bias_sensitivity/raw/dp0.85_k-0.3_n10000_r20_m2000.rds
    wildcards: cell=dp0.85_k-0.3_n10000_r20_m2000
    threads: 2
    resources: tmpdir=/tmp

[Tue Sep  1 21:53:44 2026]
Finished job 271.
112 of 1923 steps (6%) done
Select jobs to execute...
Execute 1 jobs...

[Tue Sep  1 21:53:44 2026]
localrule run_cell:
    output: results/bias_sensitivity/raw/dp0.7_k-0.3_n2000_r5_m4000.rds
    log: logs/bias_sensitivity/run_dp0.7_k-0.3_n2000_r5_m4000.log
    jobid: 1369
    reason: Missing output files: results/bias_sensitivity/raw/dp0.7_k-0.3_n2000_r5_m4000.rds
    wildcards: cell=dp0.7_k-0.3_n2000_r5_m4000
    threads: 2
    resources: tmpdir=/tmp

[Tue Sep  1 21:54:04 2026]
Finished job 991.
113 of 1923 steps (6%) done
Select jobs to execute...
Execute 1 jobs...

[Tue Sep  1 21:54:04 2026]
localrule run_cell:
    output: results/bias_sensitivity/raw/dp0.6_k0.3_n8000_r5_m4000.rds
    log: logs/bias_sensitivity/run_dp0.6_k0.3_n8000_r5_m4000.log
    jobid: 1249
    reason: Missing output files: results/bias_sensitivity/raw/dp0.6_k0.3_n8000_r5_m4000.rds
    wildcards: cell=dp0.6_k0.3_n8000_r5_m4000
    threads: 2
    resources: tmpdir=/tmp

[Tue Sep  1 21:54:12 2026]
Finished job 691.
114 of 1923 steps (6%) done
Select jobs to execute...
Execute 1 jobs...

[Tue Sep  1 21:54:12 2026]
localrule run_cell:
    output: results/bias_sensitivity/raw/dp0.5_k-0.3_n8000_r5_m4000.rds
    log: logs/bias_sensitivity/run_dp0.5_k-0.3_n8000_r5_m4000.log
    jobid: 1009
    reason: Missing output files: results/bias_sensitivity/raw/dp0.5_k-0.3_n8000_r5_m4000.rds
    wildcards: cell=dp0.5_k-0.3_n8000_r5_m4000
    threads: 2
    resources: tmpdir=/tmp

[Tue Sep  1 21:54:22 2026]
Finished job 474.
115 of 1923 steps (6%) done
Select jobs to execute...
Execute 1 jobs...

[Tue Sep  1 21:54:22 2026]
localrule run_cell:
    output: results/bias_sensitivity/raw/dp0.8_k-0.3_n1000_r15_m4000.rds
    log: logs/bias_sensitivity/run_dp0.8_k-0.3_n1000_r15_m4000.log
    jobid: 1549
    reason: Missing output files: results/bias_sensitivity/raw/dp0.8_k-0.3_n1000_r15_m4000.rds
    wildcards: cell=dp0.8_k-0.3_n1000_r15_m4000
    threads: 2
    resources: tmpdir=/tmp

[Tue Sep  1 21:55:16 2026]
Finished job 948.
116 of 1923 steps (6%) done
Select jobs to execute...
Execute 1 jobs...

[Tue Sep  1 21:55:16 2026]
localrule run_cell:
    output: results/bias_sensitivity/raw/dp0.95_k-0.3_n6000_r15_m4000.rds
    log: logs/bias_sensitivity/run_dp0.95_k-0.3_n6000_r15_m4000.log
    jobid: 1669
    reason: Missing output files: results/bias_sensitivity/raw/dp0.95_k-0.3_n6000_r15_m4000.rds
    wildcards: cell=dp0.95_k-0.3_n6000_r15_m4000
    threads: 2
    resources: tmpdir=/tmp

[Tue Sep  1 21:55:22 2026]
Finished job 511.
117 of 1923 steps (6%) done
Select jobs to execute...
Execute 1 jobs...

[Tue Sep  1 21:55:22 2026]
localrule run_cell:
    output: results/bias_sensitivity/raw/dp0.7_k0.3_n6000_r15_m4000.rds
    log: logs/bias_sensitivity/run_dp0.7_k0.3_n6000_r15_m4000.log
    jobid: 1429
    reason: Missing output files: results/bias_sensitivity/raw/dp0.7_k0.3_n6000_r15_m4000.rds
    wildcards: cell=dp0.7_k0.3_n6000_r15_m4000
    threads: 2
    resources: tmpdir=/tmp

[Tue Sep  1 21:55:58 2026]
Finished job 56.
118 of 1923 steps (6%) done
Select jobs to execute...
Execute 1 jobs...

[Tue Sep  1 21:55:58 2026]
localrule run_cell:
    output: results/bias_sensitivity/raw/dp0.85_k-0.3_n8000_r5_m4000.rds
    log: logs/bias_sensitivity/run_dp0.85_k-0.3_n8000_r5_m4000.log
    jobid: 1489
    reason: Missing output files: results/bias_sensitivity/raw/dp0.85_k-0.3_n8000_r5_m4000.rds
    wildcards: cell=dp0.85_k-0.3_n8000_r5_m4000
    threads: 2
    resources: tmpdir=/tmp

[Tue Sep  1 21:56:13 2026]
Finished job 1428.
119 of 1923 steps (6%) done
Select jobs to execute...
Execute 1 jobs...

[Tue Sep  1 21:56:13 2026]
localrule run_cell:
    output: results/bias_sensitivity/raw/dp0.55_k0.3_n6000_r15_m4000.rds
    log: logs/bias_sensitivity/run_dp0.55_k0.3_n6000_r15_m4000.log
    jobid: 949
    reason: Missing output files: results/bias_sensitivity/raw/dp0.55_k0.3_n6000_r15_m4000.rds
    wildcards: cell=dp0.55_k0.3_n6000_r15_m4000
    threads: 2
    resources: tmpdir=/tmp

[Tue Sep  1 21:56:51 2026]
Finished job 1668.
120 of 1923 steps (6%) done
Select jobs to execute...
Execute 1 jobs...

[Tue Sep  1 21:56:51 2026]
localrule run_cell:
    output: results/bias_sensitivity/raw/dp0.65_k0.3_n2000_r5_m4000.rds
    log: logs/bias_sensitivity/run_dp0.65_k0.3_n2000_r5_m4000.log
    jobid: 1129
    reason: Missing output files: results/bias_sensitivity/raw/dp0.65_k0.3_n2000_r5_m4000.rds
    wildcards: cell=dp0.65_k0.3_n2000_r5_m4000
    threads: 2
    resources: tmpdir=/tmp

[Tue Sep  1 21:57:33 2026]
Finished job 1349.
121 of 1923 steps (6%) done
Select jobs to execute...
Execute 1 jobs...

[Tue Sep  1 21:57:33 2026]
localrule run_cell:
    output: results/bias_sensitivity/raw/dp0.55_k-0.3_n10000_r5_m2000.rds
    log: logs/bias_sensitivity/run_dp0.55_k-0.3_n10000_r5_m2000.log
    jobid: 872
    reason: Missing output files: results/bias_sensitivity/raw/dp0.55_k-0.3_n10000_r5_m2000.rds
    wildcards: cell=dp0.55_k-0.3_n10000_r5_m2000
    threads: 2
    resources: tmpdir=/tmp

[Tue Sep  1 21:57:34 2026]
Finished job 1008.
122 of 1923 steps (6%) done
Select jobs to execute...
Execute 1 jobs...

[Tue Sep  1 21:57:35 2026]
localrule run_cell:
    output: results/bias_sensitivity/raw/dp0.45_k-0.3_n2000_r15_m2000.rds
    log: logs/bias_sensitivity/run_dp0.45_k-0.3_n2000_r15_m2000.log
    jobid: 692
    reason: Missing output files: results/bias_sensitivity/raw/dp0.45_k-0.3_n2000_r15_m2000.rds
    wildcards: cell=dp0.45_k-0.3_n2000_r15_m2000
    threads: 2
    resources: tmpdir=/tmp

[Tue Sep  1 21:57:42 2026]
Finished job 1549.
123 of 1923 steps (6%) done
Select jobs to execute...
Execute 1 jobs...

[Tue Sep  1 21:57:42 2026]
localrule run_cell:
    output: results/bias_sensitivity/raw/dp0.1_k0.3_n4000_r5_m2000.rds
    log: logs/bias_sensitivity/run_dp0.1_k0.3_n4000_r5_m2000.log
    jobid: 272
    reason: Missing output files: results/bias_sensitivity/raw/dp0.1_k0.3_n4000_r5_m2000.rds
    wildcards: cell=dp0.1_k0.3_n4000_r5_m2000
    threads: 2
    resources: tmpdir=/tmp

[Tue Sep  1 21:58:04 2026]
Finished job 1231.
124 of 1923 steps (6%) done
Select jobs to execute...
Execute 1 jobs...

[Tue Sep  1 21:58:04 2026]
localrule run_cell:
    output: results/bias_sensitivity/raw/dp0.7_k-0.3_n10000_r5_m2000.rds
    log: logs/bias_sensitivity/run_dp0.7_k-0.3_n10000_r5_m2000.log
    jobid: 1352
    reason: Missing output files: results/bias_sensitivity/raw/dp0.7_k-0.3_n10000_r5_m2000.rds
    wildcards: cell=dp0.7_k-0.3_n10000_r5_m2000
    threads: 2
    resources: tmpdir=/tmp

[Tue Sep  1 21:58:36 2026]
Finished job 1471.
125 of 1923 steps (7%) done
Select jobs to execute...
Execute 1 jobs...

[Tue Sep  1 21:58:36 2026]
localrule run_cell:
    output: results/bias_sensitivity/raw/dp0.85_k-0.3_n4000_r5_m2000.rds
    log: logs/bias_sensitivity/run_dp0.85_k-0.3_n4000_r5_m2000.log
    jobid: 1472
    reason: Missing output files: results/bias_sensitivity/raw/dp0.85_k-0.3_n4000_r5_m2000.rds
    wildcards: cell=dp0.85_k-0.3_n4000_r5_m2000
    threads: 2
    resources: tmpdir=/tmp

[Tue Sep  1 21:59:01 2026]
Finished job 117.
126 of 1923 steps (7%) done
Select jobs to execute...
Execute 1 jobs...

[Tue Sep  1 21:59:01 2026]
localrule run_cell:
    output: results/bias_sensitivity/raw/dp0.35_k-0.3_n4000_r5_m2000.rds
    log: logs/bias_sensitivity/run_dp0.35_k-0.3_n4000_r5_m2000.log
    jobid: 512
    reason: Missing output files: results/bias_sensitivity/raw/dp0.35_k-0.3_n4000_r5_m2000.rds
    wildcards: cell=dp0.35_k-0.3_n4000_r5_m2000
    threads: 2
    resources: tmpdir=/tmp

[Tue Sep  1 21:59:09 2026]
Finished job 1445.
127 of 1923 steps (7%) done
Select jobs to execute...
Execute 1 jobs...

[Tue Sep  1 21:59:09 2026]
localrule run_cell:
    output: results/bias_sensitivity/raw/dp0.5_k-0.3_n4000_r5_m2000.rds
    log: logs/bias_sensitivity/run_dp0.5_k-0.3_n4000_r5_m2000.log
    jobid: 992
    reason: Missing output files: results/bias_sensitivity/raw/dp0.5_k-0.3_n4000_r5_m2000.rds
    wildcards: cell=dp0.5_k-0.3_n4000_r5_m2000
    threads: 2
    resources: tmpdir=/tmp

[Tue Sep  1 21:59:15 2026]
Finished job 357.
128 of 1923 steps (7%) done
Select jobs to execute...
Execute 1 jobs...

[Tue Sep  1 21:59:15 2026]
localrule run_cell:
    output: results/bias_sensitivity/raw/dp0.6_k0.3_n4000_r5_m2000.rds
    log: logs/bias_sensitivity/run_dp0.6_k0.3_n4000_r5_m2000.log
    jobid: 1232
    reason: Missing output files: results/bias_sensitivity/raw/dp0.6_k0.3_n4000_r5_m2000.rds
    wildcards: cell=dp0.6_k0.3_n4000_r5_m2000
    threads: 2
    resources: tmpdir=/tmp

[Tue Sep  1 22:00:02 2026]
Finished job 38.
129 of 1923 steps (7%) done
Select jobs to execute...
Execute 1 jobs...

[Tue Sep  1 22:00:02 2026]
localrule run_cell:
    output: results/bias_sensitivity/raw/dp0.95_k-0.3_n2000_r15_m2000.rds
    log: logs/bias_sensitivity/run_dp0.95_k-0.3_n2000_r15_m2000.log
    jobid: 1652
    reason: Missing output files: results/bias_sensitivity/raw/dp0.95_k-0.3_n2000_r15_m2000.rds
    wildcards: cell=dp0.95_k-0.3_n2000_r15_m2000
    threads: 2
    resources: tmpdir=/tmp

[Tue Sep  1 22:00:47 2026]
Finished job 132.
130 of 1923 steps (7%) done
Select jobs to execute...
Execute 1 jobs...

[Tue Sep  1 22:00:47 2026]
localrule run_cell:
    output: results/bias_sensitivity/raw/dp0.65_k0.3_n10000_r5_m2000.rds
    log: logs/bias_sensitivity/run_dp0.65_k0.3_n10000_r5_m2000.log
    jobid: 1112
    reason: Missing output files: results/bias_sensitivity/raw/dp0.65_k0.3_n10000_r5_m2000.rds
    wildcards: cell=dp0.65_k0.3_n10000_r5_m2000
    threads: 2
    resources: tmpdir=/tmp

[Tue Sep  1 22:01:00 2026]
Finished job 1248.
131 of 1923 steps (7%) done
Select jobs to execute...
Execute 1 jobs...

[Tue Sep  1 22:01:00 2026]
localrule run_cell:
    output: results/bias_sensitivity/raw/dp0.9_k-0.3_n8000_r15_m2000.rds
    log: logs/bias_sensitivity/run_dp0.9_k-0.3_n8000_r15_m2000.log
    jobid: 1772
    reason: Missing output files: results/bias_sensitivity/raw/dp0.9_k-0.3_n8000_r15_m2000.rds
    wildcards: cell=dp0.9_k-0.3_n8000_r15_m2000
    threads: 2
    resources: tmpdir=/tmp

[Tue Sep  1 22:01:32 2026]
Finished job 1108.
132 of 1923 steps (7%) done
Select jobs to execute...
Execute 1 jobs...

[Tue Sep  1 22:01:32 2026]
localrule run_cell:
    output: results/bias_sensitivity/raw/dp0.05_k-0.3_n1000_r20_m4000.rds
    log: logs/bias_sensitivity/run_dp0.05_k-0.3_n1000_r20_m4000.log
    jobid: 15
    reason: Missing output files: results/bias_sensitivity/raw/dp0.05_k-0.3_n1000_r20_m4000.rds
    wildcards: cell=dp0.05_k-0.3_n1000_r20_m4000
    threads: 2
    resources: tmpdir=/tmp

[Tue Sep  1 22:01:34 2026]
Finished job 1746.
133 of 1923 steps (7%) done
Select jobs to execute...
Execute 1 jobs...

[Tue Sep  1 22:01:34 2026]
localrule run_cell:
    output: results/bias_sensitivity/raw/dp0.1_k0.3_n1000_r20_m4000.rds
    log: logs/bias_sensitivity/run_dp0.1_k0.3_n1000_r20_m4000.log
    jobid: 255
    reason: Missing output files: results/bias_sensitivity/raw/dp0.1_k0.3_n1000_r20_m4000.rds
    wildcards: cell=dp0.1_k0.3_n1000_r20_m4000
    threads: 2
    resources: tmpdir=/tmp

[Tue Sep  1 22:02:08 2026]
Finished job 1109.
134 of 1923 steps (7%) done
Select jobs to execute...
Execute 1 jobs...

[Tue Sep  1 22:02:08 2026]
localrule run_cell:
    output: results/bias_sensitivity/raw/dp0.35_k-0.3_n1000_r20_m4000.rds
    log: logs/bias_sensitivity/run_dp0.35_k-0.3_n1000_r20_m4000.log
    jobid: 495
    reason: Missing output files: results/bias_sensitivity/raw/dp0.35_k-0.3_n1000_r20_m4000.rds
    wildcards: cell=dp0.35_k-0.3_n1000_r20_m4000
    threads: 2
    resources: tmpdir=/tmp

[Tue Sep  1 22:02:38 2026]
Finished job 475.
135 of 1923 steps (7%) done
Select jobs to execute...
Execute 1 jobs...

[Tue Sep  1 22:02:38 2026]
localrule run_cell:
    output: results/bias_sensitivity/raw/dp0.3_k-0.3_n6000_r20_m4000.rds
    log: logs/bias_sensitivity/run_dp0.3_k-0.3_n6000_r20_m4000.log
    jobid: 615
    reason: Missing output files: results/bias_sensitivity/raw/dp0.3_k-0.3_n6000_r20_m4000.rds
    wildcards: cell=dp0.3_k-0.3_n6000_r20_m4000
    threads: 2
    resources: tmpdir=/tmp

[Tue Sep  1 22:03:00 2026]
Finished job 1769.
136 of 1923 steps (7%) done
Select jobs to execute...
Execute 1 jobs...

[Tue Sep  1 22:03:00 2026]
localrule run_cell:
    output: results/bias_sensitivity/raw/dp0.75_k0.3_n6000_r20_m4000.rds
    log: logs/bias_sensitivity/run_dp0.75_k0.3_n6000_r20_m4000.log
    jobid: 1335
    reason: Missing output files: results/bias_sensitivity/raw/dp0.75_k0.3_n6000_r20_m4000.rds
    wildcards: cell=dp0.75_k0.3_n6000_r20_m4000
    threads: 2
    resources: tmpdir=/tmp

[Tue Sep  1 22:03:09 2026]
Finished job 614.
137 of 1923 steps (7%) done
Select jobs to execute...
Execute 1 jobs...

[Tue Sep  1 22:03:09 2026]
localrule run_cell:
    output: results/bias_sensitivity/raw/dp0.15_k-0.3_n6000_r20_m4000.rds
    log: logs/bias_sensitivity/run_dp0.15_k-0.3_n6000_r20_m4000.log
    jobid: 135
    reason: Missing output files: results/bias_sensitivity/raw/dp0.15_k-0.3_n6000_r20_m4000.rds
    wildcards: cell=dp0.15_k-0.3_n6000_r20_m4000
    threads: 2
    resources: tmpdir=/tmp

[Tue Sep  1 22:03:43 2026]
Finished job 610.
138 of 1923 steps (7%) done
Select jobs to execute...
Execute 1 jobs...

[Tue Sep  1 22:03:43 2026]
localrule run_cell:
    output: results/bias_sensitivity/raw/dp0.1_k-0.3_n10000_r10_m4000.rds
    log: logs/bias_sensitivity/run_dp0.1_k-0.3_n10000_r10_m4000.log
    jobid: 195
    reason: Missing output files: results/bias_sensitivity/raw/dp0.1_k-0.3_n10000_r10_m4000.rds
    wildcards: cell=dp0.1_k-0.3_n10000_r10_m4000
    threads: 2
    resources: tmpdir=/tmp

[Tue Sep  1 22:03:52 2026]
Finished job 1369.
139 of 1923 steps (7%) done
Select jobs to execute...
Execute 1 jobs...

[Tue Sep  1 22:03:52 2026]
localrule run_cell:
    output: results/bias_sensitivity/raw/dp0.2_k0.3_n8000_r20_m2000.rds
    log: logs/bias_sensitivity/run_dp0.2_k0.3_n8000_r20_m2000.log
    jobid: 478
    reason: Missing output files: results/bias_sensitivity/raw/dp0.2_k0.3_n8000_r20_m2000.rds
    wildcards: cell=dp0.2_k0.3_n8000_r20_m2000
    threads: 2
    resources: tmpdir=/tmp

[Tue Sep  1 22:04:05 2026]
Finished job 53.
140 of 1923 steps (7%) done
Select jobs to execute...
Execute 1 jobs...

[Tue Sep  1 22:04:05 2026]
localrule run_cell:
    output: results/bias_sensitivity/raw/dp0.15_k-0.3_n2000_r20_m2000.rds
    log: logs/bias_sensitivity/run_dp0.15_k-0.3_n2000_r20_m2000.log
    jobid: 118
    reason: Missing output files: results/bias_sensitivity/raw/dp0.15_k-0.3_n2000_r20_m2000.rds
    wildcards: cell=dp0.15_k-0.3_n2000_r20_m2000
    threads: 2
    resources: tmpdir=/tmp

[Tue Sep  1 22:04:22 2026]
Finished job 869.
141 of 1923 steps (7%) done
Select jobs to execute...
Execute 1 jobs...

[Tue Sep  1 22:04:22 2026]
localrule run_cell:
    output: results/bias_sensitivity/raw/dp0.25_k0.3_n2000_r20_m2000.rds
    log: logs/bias_sensitivity/run_dp0.25_k0.3_n2000_r20_m2000.log
    jobid: 358
    reason: Missing output files: results/bias_sensitivity/raw/dp0.25_k0.3_n2000_r20_m2000.rds
    wildcards: cell=dp0.25_k0.3_n2000_r20_m2000
    threads: 2
    resources: tmpdir=/tmp

[Tue Sep  1 22:04:31 2026]
Finished job 15.
142 of 1923 steps (7%) done
Select jobs to execute...
Execute 1 jobs...

[Tue Sep  1 22:04:31 2026]
localrule run_cell:
    output: results/bias_sensitivity/raw/dp0.05_k0.3_n1000_r10_m2000.rds
    log: logs/bias_sensitivity/run_dp0.05_k0.3_n1000_r10_m2000.log
    jobid: 58
    reason: Missing output files: results/bias_sensitivity/raw/dp0.05_k0.3_n1000_r10_m2000.rds
    wildcards: cell=dp0.05_k0.3_n1000_r10_m2000
    threads: 2
    resources: tmpdir=/tmp

[Tue Sep  1 22:04:31 2026]
Finished job 1806.
143 of 1923 steps (7%) done
Select jobs to execute...
Execute 1 jobs...

[Tue Sep  1 22:04:31 2026]
localrule run_cell:
    output: results/bias_sensitivity/raw/dp0.1_k-0.3_n8000_r20_m2000.rds
    log: logs/bias_sensitivity/run_dp0.1_k-0.3_n8000_r20_m2000.log
    jobid: 238
    reason: Missing output files: results/bias_sensitivity/raw/dp0.1_k-0.3_n8000_r20_m2000.rds
    wildcards: cell=dp0.1_k-0.3_n8000_r20_m2000
    threads: 2
    resources: tmpdir=/tmp

[Tue Sep  1 22:04:32 2026]
Finished job 255.
144 of 1923 steps (7%) done
Select jobs to execute...
Execute 1 jobs...

[Tue Sep  1 22:04:32 2026]
localrule run_cell:
    output: results/bias_sensitivity/raw/dp0.05_k-0.3_n6000_r5_m4000.rds
    log: logs/bias_sensitivity/run_dp0.05_k-0.3_n6000_r5_m4000.log
    jobid: 41
    reason: Missing output files: results/bias_sensitivity/raw/dp0.05_k-0.3_n6000_r5_m4000.rds
    wildcards: cell=dp0.05_k-0.3_n6000_r5_m4000
    threads: 2
    resources: tmpdir=/tmp

[Tue Sep  1 22:04:39 2026]
Finished job 236.
145 of 1923 steps (8%) done
Select jobs to execute...
Execute 1 jobs...

[Tue Sep  1 22:04:39 2026]
localrule run_cell:
    output: results/bias_sensitivity/raw/dp0.9_k0.3_n4000_r20_m4000.rds
    log: logs/bias_sensitivity/run_dp0.9_k0.3_n4000_r20_m4000.log
    jobid: 1807
    reason: Missing output files: results/bias_sensitivity/raw/dp0.9_k0.3_n4000_r20_m4000.rds
    wildcards: cell=dp0.9_k0.3_n4000_r20_m4000
    threads: 2
    resources: tmpdir=/tmp

[Tue Sep  1 22:04:49 2026]
Finished job 1129.
146 of 1923 steps (8%) done
Select jobs to execute...
Execute 1 jobs...

[Tue Sep  1 22:04:49 2026]
localrule run_cell:
    output: results/bias_sensitivity/raw/dp0.85_k-0.3_n10000_r20_m4000.rds
    log: logs/bias_sensitivity/run_dp0.85_k-0.3_n10000_r20_m4000.log
    jobid: 1447
    reason: Missing output files: results/bias_sensitivity/raw/dp0.85_k-0.3_n10000_r20_m4000.rds
    wildcards: cell=dp0.85_k-0.3_n10000_r20_m4000
    threads: 2
    resources: tmpdir=/tmp

[Tue Sep  1 22:05:13 2026]
Finished job 495.
147 of 1923 steps (8%) done
Select jobs to execute...
Execute 1 jobs...

[Tue Sep  1 22:05:13 2026]
localrule run_cell:
    output: results/bias_sensitivity/raw/dp0.9_k-0.3_n2000_r10_m4000.rds
    log: logs/bias_sensitivity/run_dp0.9_k-0.3_n2000_r10_m4000.log
    jobid: 1747
    reason: Missing output files: results/bias_sensitivity/raw/dp0.9_k-0.3_n2000_r10_m4000.rds
    wildcards: cell=dp0.9_k-0.3_n2000_r10_m4000
    threads: 2
    resources: tmpdir=/tmp

[Tue Sep  1 22:05:36 2026]
Finished job 237.
148 of 1923 steps (8%) done
Select jobs to execute...
Execute 1 jobs...

[Tue Sep  1 22:05:36 2026]
localrule run_cell:
    output: results/bias_sensitivity/raw/dp0.65_k0.3_n4000_r10_m2000.rds
    log: logs/bias_sensitivity/run_dp0.65_k0.3_n4000_r10_m2000.log
    jobid: 1130
    reason: Missing output files: results/bias_sensitivity/raw/dp0.65_k0.3_n4000_r10_m2000.rds
    wildcards: cell=dp0.65_k0.3_n4000_r10_m2000
    threads: 2
    resources: tmpdir=/tmp

[Tue Sep  1 22:05:36 2026]
Finished job 1347.
149 of 1923 steps (8%) done
Select jobs to execute...
Execute 1 jobs...

[Tue Sep  1 22:05:36 2026]
localrule run_cell:
    output: results/bias_sensitivity/raw/dp0.7_k-0.3_n4000_r10_m2000.rds
    log: logs/bias_sensitivity/run_dp0.7_k-0.3_n4000_r10_m2000.log
    jobid: 1370
    reason: Missing output files: results/bias_sensitivity/raw/dp0.7_k-0.3_n4000_r10_m2000.rds
    wildcards: cell=dp0.7_k-0.3_n4000_r10_m2000
    threads: 2
    resources: tmpdir=/tmp

[Tue Sep  1 22:05:41 2026]
Finished job 1333.
150 of 1923 steps (8%) done
Select jobs to execute...
Execute 1 jobs...

[Tue Sep  1 22:05:42 2026]
localrule run_cell:
    output: results/bias_sensitivity/raw/dp0.85_k0.3_n10000_r10_m2000.rds
    log: logs/bias_sensitivity/run_dp0.85_k0.3_n10000_r10_m2000.log
    jobid: 1490
    reason: Missing output files: results/bias_sensitivity/raw/dp0.85_k0.3_n10000_r10_m2000.rds
    wildcards: cell=dp0.85_k0.3_n10000_r10_m2000
    threads: 2
    resources: tmpdir=/tmp

[Tue Sep  1 22:05:43 2026]
Finished job 1427.
151 of 1923 steps (8%) done
Select jobs to execute...
Execute 1 jobs...

[Tue Sep  1 22:05:43 2026]
localrule run_cell:
    output: results/bias_sensitivity/raw/dp0.8_k-0.3_n1000_r20_m2000.rds
    log: logs/bias_sensitivity/run_dp0.8_k-0.3_n1000_r20_m2000.log
    jobid: 1550
    reason: Missing output files: results/bias_sensitivity/raw/dp0.8_k-0.3_n1000_r20_m2000.rds
    wildcards: cell=dp0.8_k-0.3_n1000_r20_m2000
    threads: 2
    resources: tmpdir=/tmp

[Tue Sep  1 22:05:53 2026]
Finished job 1771.
152 of 1923 steps (8%) done
Select jobs to execute...
Execute 1 jobs...

[Tue Sep  1 22:05:53 2026]
localrule run_cell:
    output: results/bias_sensitivity/raw/dp0.7_k0.3_n6000_r20_m2000.rds
    log: logs/bias_sensitivity/run_dp0.7_k0.3_n6000_r20_m2000.log
    jobid: 1430
    reason: Missing output files: results/bias_sensitivity/raw/dp0.7_k0.3_n6000_r20_m2000.rds
    wildcards: cell=dp0.7_k0.3_n6000_r20_m2000
    threads: 2
    resources: tmpdir=/tmp

[Tue Sep  1 22:06:16 2026]
Finished job 272.
153 of 1923 steps (8%) done
Select jobs to execute...
Execute 1 jobs...

[Tue Sep  1 22:06:16 2026]
localrule run_cell:
    output: results/bias_sensitivity/raw/dp0.5_k0.3_n10000_r10_m2000.rds
    log: logs/bias_sensitivity/run_dp0.5_k0.3_n10000_r10_m2000.log
    jobid: 1010
    reason: Missing output files: results/bias_sensitivity/raw/dp0.5_k0.3_n10000_r10_m2000.rds
    wildcards: cell=dp0.5_k0.3_n10000_r10_m2000
    threads: 2
    resources: tmpdir=/tmp

[Tue Sep  1 22:07:12 2026]
Finished job 1247.
154 of 1923 steps (8%) done
Select jobs to execute...
Execute 1 jobs...

[Tue Sep  1 22:07:12 2026]
localrule run_cell:
    output: results/bias_sensitivity/raw/dp0.95_k-0.3_n6000_r20_m2000.rds
    log: logs/bias_sensitivity/run_dp0.95_k-0.3_n6000_r20_m2000.log
    jobid: 1670
    reason: Missing output files: results/bias_sensitivity/raw/dp0.95_k-0.3_n6000_r20_m2000.rds
    wildcards: cell=dp0.95_k-0.3_n6000_r20_m2000
    threads: 2
    resources: tmpdir=/tmp

[Tue Sep  1 22:07:22 2026]
Finished job 1652.
155 of 1923 steps (8%) done
Select jobs to execute...
Execute 1 jobs...

[Tue Sep  1 22:07:22 2026]
localrule run_cell:
    output: results/bias_sensitivity/raw/dp0.55_k0.3_n6000_r20_m2000.rds
    log: logs/bias_sensitivity/run_dp0.55_k0.3_n6000_r20_m2000.log
    jobid: 950
    reason: Missing output files: results/bias_sensitivity/raw/dp0.55_k0.3_n6000_r20_m2000.rds
    wildcards: cell=dp0.55_k0.3_n6000_r20_m2000
    threads: 2
    resources: tmpdir=/tmp

[Tue Sep  1 22:07:28 2026]
Finished job 58.
156 of 1923 steps (8%) done
Select jobs to execute...
Execute 1 jobs...

[Tue Sep  1 22:07:28 2026]
localrule run_cell:
    output: results/bias_sensitivity/raw/dp0.75_k-0.3_n10000_r10_m2000.rds
    log: logs/bias_sensitivity/run_dp0.75_k-0.3_n10000_r10_m2000.log
    jobid: 1250
    reason: Missing output files: results/bias_sensitivity/raw/dp0.75_k-0.3_n10000_r10_m2000.rds
    wildcards: cell=dp0.75_k-0.3_n10000_r10_m2000
    threads: 2
    resources: tmpdir=/tmp

[Tue Sep  1 22:07:51 2026]
Finished job 1442.
157 of 1923 steps (8%) done
Select jobs to execute...
Execute 1 jobs...

[Tue Sep  1 22:07:51 2026]
localrule run_cell:
    output: results/bias_sensitivity/raw/dp0.55_k-0.3_n10000_r5_m4000.rds
    log: logs/bias_sensitivity/run_dp0.55_k-0.3_n10000_r5_m4000.log
    jobid: 873
    reason: Missing output files: results/bias_sensitivity/raw/dp0.55_k-0.3_n10000_r5_m4000.rds
    wildcards: cell=dp0.55_k-0.3_n10000_r5_m4000
    threads: 2
    resources: tmpdir=/tmp

[Tue Sep  1 22:07:56 2026]
Finished job 692.
158 of 1923 steps (8%) done
Select jobs to execute...
Execute 1 jobs...

[Tue Sep  1 22:07:56 2026]
localrule run_cell:
    output: results/bias_sensitivity/raw/dp0.5_k-0.3_n4000_r5_m4000.rds
    log: logs/bias_sensitivity/run_dp0.5_k-0.3_n4000_r5_m4000.log
    jobid: 993
    reason: Missing output files: results/bias_sensitivity/raw/dp0.5_k-0.3_n4000_r5_m4000.rds
    wildcards: cell=dp0.5_k-0.3_n4000_r5_m4000
    threads: 2
    resources: tmpdir=/tmp

[Tue Sep  1 22:08:03 2026]
Finished job 1351.
159 of 1923 steps (8%) done
Select jobs to execute...
Execute 1 jobs...

[Tue Sep  1 22:08:03 2026]
localrule run_cell:
    output: results/bias_sensitivity/raw/dp0.65_k0.3_n10000_r5_m4000.rds
    log: logs/bias_sensitivity/run_dp0.65_k0.3_n10000_r5_m4000.log
    jobid: 1113
    reason: Missing output files: results/bias_sensitivity/raw/dp0.65_k0.3_n10000_r5_m4000.rds
    wildcards: cell=dp0.65_k0.3_n10000_r5_m4000
    threads: 2
    resources: tmpdir=/tmp

[Tue Sep  1 22:08:36 2026]
Finished job 1472.
160 of 1923 steps (8%) done
Select jobs to execute...
Execute 1 jobs...

[Tue Sep  1 22:08:36 2026]
localrule run_cell:
    output: results/bias_sensitivity/raw/dp0.1_k0.3_n4000_r5_m4000.rds
    log: logs/bias_sensitivity/run_dp0.1_k0.3_n4000_r5_m4000.log
    jobid: 273
    reason: Missing output files: results/bias_sensitivity/raw/dp0.1_k0.3_n4000_r5_m4000.rds
    wildcards: cell=dp0.1_k0.3_n4000_r5_m4000
    threads: 2
    resources: tmpdir=/tmp

[Tue Sep  1 22:08:39 2026]
Finished job 1667.
161 of 1923 steps (8%) done
Select jobs to execute...
Execute 1 jobs...

[Tue Sep  1 22:08:39 2026]
localrule run_cell:
    output: results/bias_sensitivity/raw/dp0.7_k-0.3_n10000_r5_m4000.rds
    log: logs/bias_sensitivity/run_dp0.7_k-0.3_n10000_r5_m4000.log
    jobid: 1353
    reason: Missing output files: results/bias_sensitivity/raw/dp0.7_k-0.3_n10000_r5_m4000.rds
    wildcards: cell=dp0.7_k-0.3_n10000_r5_m4000
    threads: 2
    resources: tmpdir=/tmp

[Tue Sep  1 22:08:42 2026]
Finished job 512.
162 of 1923 steps (8%) done
Select jobs to execute...
Execute 1 jobs...

[Tue Sep  1 22:08:42 2026]
localrule run_cell:
    output: results/bias_sensitivity/raw/dp0.35_k-0.3_n4000_r5_m4000.rds
    log: logs/bias_sensitivity/run_dp0.35_k-0.3_n4000_r5_m4000.log
    jobid: 513
    reason: Missing output files: results/bias_sensitivity/raw/dp0.35_k-0.3_n4000_r5_m4000.rds
    wildcards: cell=dp0.35_k-0.3_n4000_r5_m4000
    threads: 2
    resources: tmpdir=/tmp

[Tue Sep  1 22:08:44 2026]
Finished job 949.
163 of 1923 steps (8%) done
Select jobs to execute...
Execute 1 jobs...

[Tue Sep  1 22:08:44 2026]
localrule run_cell:
    output: results/bias_sensitivity/raw/dp0.45_k-0.3_n2000_r15_m4000.rds
    log: logs/bias_sensitivity/run_dp0.45_k-0.3_n2000_r15_m4000.log
    jobid: 693
    reason: Missing output files: results/bias_sensitivity/raw/dp0.45_k-0.3_n2000_r15_m4000.rds
    wildcards: cell=dp0.45_k-0.3_n2000_r15_m4000
    threads: 2
    resources: tmpdir=/tmp

[Tue Sep  1 22:08:58 2026]
Finished job 1232.
164 of 1923 steps (9%) done
Select jobs to execute...
Execute 1 jobs...

[Tue Sep  1 22:08:58 2026]
localrule run_cell:
    output: results/bias_sensitivity/raw/dp0.6_k0.3_n4000_r5_m4000.rds
    log: logs/bias_sensitivity/run_dp0.6_k0.3_n4000_r5_m4000.log
    jobid: 1233
    reason: Missing output files: results/bias_sensitivity/raw/dp0.6_k0.3_n4000_r5_m4000.rds
    wildcards: cell=dp0.6_k0.3_n4000_r5_m4000
    threads: 2
    resources: tmpdir=/tmp

[Tue Sep  1 22:09:00 2026]
Finished job 992.
165 of 1923 steps (9%) done
Select jobs to execute...
Execute 1 jobs...

[Tue Sep  1 22:09:00 2026]
localrule run_cell:
    output: results/bias_sensitivity/raw/dp0.85_k-0.3_n4000_r5_m4000.rds
    log: logs/bias_sensitivity/run_dp0.85_k-0.3_n4000_r5_m4000.log
    jobid: 1473
    reason: Missing output files: results/bias_sensitivity/raw/dp0.85_k-0.3_n4000_r5_m4000.rds
    wildcards: cell=dp0.85_k-0.3_n4000_r5_m4000
    threads: 2
    resources: tmpdir=/tmp

[Tue Sep  1 22:09:03 2026]
Finished job 1550.
166 of 1923 steps (9%) done
Select jobs to execute...
Execute 1 jobs...

[Tue Sep  1 22:09:03 2026]
localrule run_cell:
    output: results/bias_sensitivity/raw/dp0.95_k-0.3_n2000_r15_m4000.rds
    log: logs/bias_sensitivity/run_dp0.95_k-0.3_n2000_r15_m4000.log
    jobid: 1653
    reason: Missing output files: results/bias_sensitivity/raw/dp0.95_k-0.3_n2000_r15_m4000.rds
    wildcards: cell=dp0.95_k-0.3_n2000_r15_m4000
    threads: 2
    resources: tmpdir=/tmp

[Tue Sep  1 22:09:35 2026]
Finished job 57.
167 of 1923 steps (9%) done
Select jobs to execute...
Execute 1 jobs...

[Tue Sep  1 22:09:35 2026]
localrule run_cell:
    output: results/bias_sensitivity/raw/dp0.9_k-0.3_n8000_r15_m4000.rds
    log: logs/bias_sensitivity/run_dp0.9_k-0.3_n8000_r15_m4000.log
    jobid: 1773
    reason: Missing output files: results/bias_sensitivity/raw/dp0.9_k-0.3_n8000_r15_m4000.rds
    wildcards: cell=dp0.9_k-0.3_n8000_r15_m4000
    threads: 2
    resources: tmpdir=/tmp

[Tue Sep  1 22:09:57 2026]
Finished job 1443.
168 of 1923 steps (9%) done
Select jobs to execute...
Execute 1 jobs...

[Tue Sep  1 22:09:57 2026]
localrule run_cell:
    output: results/bias_sensitivity/raw/dp0.1_k0.3_n1000_r5_m2000.rds
    log: logs/bias_sensitivity/run_dp0.1_k0.3_n1000_r5_m2000.log
    jobid: 256
    reason: Missing output files: results/bias_sensitivity/raw/dp0.1_k0.3_n1000_r5_m2000.rds
    wildcards: cell=dp0.1_k0.3_n1000_r5_m2000
    threads: 2
    resources: tmpdir=/tmp

[Tue Sep  1 22:10:07 2026]
Finished job 118.
169 of 1923 steps (9%) done
Select jobs to execute...
Execute 1 jobs...

[Tue Sep  1 22:10:07 2026]
localrule run_cell:
    output: results/bias_sensitivity/raw/dp0.35_k-0.3_n1000_r5_m2000.rds
    log: logs/bias_sensitivity/run_dp0.35_k-0.3_n1000_r5_m2000.log
    jobid: 496
    reason: Missing output files: results/bias_sensitivity/raw/dp0.35_k-0.3_n1000_r5_m2000.rds
    wildcards: cell=dp0.35_k-0.3_n1000_r5_m2000
    threads: 2
    resources: tmpdir=/tmp

[Tue Sep  1 22:10:11 2026]
Finished job 39.
170 of 1923 steps (9%) done
Select jobs to execute...
Execute 1 jobs...

[Tue Sep  1 22:10:11 2026]
localrule run_cell:
    output: results/bias_sensitivity/raw/dp0.05_k-0.3_n1000_r5_m2000.rds
    log: logs/bias_sensitivity/run_dp0.05_k-0.3_n1000_r5_m2000.log
    jobid: 16
    reason: Missing output files: results/bias_sensitivity/raw/dp0.05_k-0.3_n1000_r5_m2000.rds
    wildcards: cell=dp0.05_k-0.3_n1000_r5_m2000
    threads: 2
    resources: tmpdir=/tmp

[Tue Sep  1 22:10:26 2026]
Finished job 1249.
171 of 1923 steps (9%) done
Select jobs to execute...
Execute 1 jobs...

[Tue Sep  1 22:10:26 2026]
localrule run_cell:
    output: results/bias_sensitivity/raw/dp0.15_k-0.3_n6000_r5_m2000.rds
    log: logs/bias_sensitivity/run_dp0.15_k-0.3_n6000_r5_m2000.log
    jobid: 136
    reason: Missing output files: results/bias_sensitivity/raw/dp0.15_k-0.3_n6000_r5_m2000.rds
    wildcards: cell=dp0.15_k-0.3_n6000_r5_m2000
    threads: 2
    resources: tmpdir=/tmp

[Tue Sep  1 22:11:02 2026]
Finished job 870.
172 of 1923 steps (9%) done
Select jobs to execute...
Execute 1 jobs...

[Tue Sep  1 22:11:02 2026]
localrule run_cell:
    output: results/bias_sensitivity/raw/dp0.3_k-0.3_n6000_r5_m2000.rds
    log: logs/bias_sensitivity/run_dp0.3_k-0.3_n6000_r5_m2000.log
    jobid: 616
    reason: Missing output files: results/bias_sensitivity/raw/dp0.3_k-0.3_n6000_r5_m2000.rds
    wildcards: cell=dp0.3_k-0.3_n6000_r5_m2000
    threads: 2
    resources: tmpdir=/tmp

[Tue Sep  1 22:11:42 2026]
Finished job 358.
173 of 1923 steps (9%) done
Select jobs to execute...
Execute 1 jobs...

[Tue Sep  1 22:11:42 2026]
localrule run_cell:
    output: results/bias_sensitivity/raw/dp0.1_k-0.3_n10000_r15_m2000.rds
    log: logs/bias_sensitivity/run_dp0.1_k-0.3_n10000_r15_m2000.log
    jobid: 196
    reason: Missing output files: results/bias_sensitivity/raw/dp0.1_k-0.3_n10000_r15_m2000.rds
    wildcards: cell=dp0.1_k-0.3_n10000_r15_m2000
    threads: 2
    resources: tmpdir=/tmp

[Tue Sep  1 22:11:58 2026]
Finished job 1747.
174 of 1923 steps (9%) done
Select jobs to execute...
Execute 1 jobs...

[Tue Sep  1 22:11:58 2026]
localrule run_cell:
    output: results/bias_sensitivity/raw/dp0.75_k0.3_n6000_r5_m2000.rds
    log: logs/bias_sensitivity/run_dp0.75_k0.3_n6000_r5_m2000.log
    jobid: 1336
    reason: Missing output files: results/bias_sensitivity/raw/dp0.75_k0.3_n6000_r5_m2000.rds
    wildcards: cell=dp0.75_k0.3_n6000_r5_m2000
    threads: 2
    resources: tmpdir=/tmp

[Tue Sep  1 22:12:57 2026]
Finished job 256.
175 of 1923 steps (9%) done
Select jobs to execute...
Execute 1 jobs...

[Tue Sep  1 22:12:57 2026]
localrule run_cell:
    output: results/bias_sensitivity/raw/dp0.25_k0.3_n2000_r20_m4000.rds
    log: logs/bias_sensitivity/run_dp0.25_k0.3_n2000_r20_m4000.log
    jobid: 359
    reason: Missing output files: results/bias_sensitivity/raw/dp0.25_k0.3_n2000_r20_m4000.rds
    wildcards: cell=dp0.25_k0.3_n2000_r20_m4000
    threads: 2
    resources: tmpdir=/tmp

[Tue Sep  1 22:13:08 2026]
Finished job 16.
176 of 1923 steps (9%) done
Select jobs to execute...
Execute 1 jobs...

[Tue Sep  1 22:13:08 2026]
localrule run_cell:
    output: results/bias_sensitivity/raw/dp0.05_k0.3_n1000_r10_m4000.rds
    log: logs/bias_sensitivity/run_dp0.05_k0.3_n1000_r10_m4000.log
    jobid: 59
    reason: Missing output files: results/bias_sensitivity/raw/dp0.05_k0.3_n1000_r10_m4000.rds
    wildcards: cell=dp0.05_k0.3_n1000_r10_m4000
    threads: 2
    resources: tmpdir=/tmp

[Tue Sep  1 22:13:17 2026]
Finished job 496.
177 of 1923 steps (9%) done
Select jobs to execute...
Execute 1 jobs...

[Tue Sep  1 22:13:17 2026]
localrule run_cell:
    output: results/bias_sensitivity/raw/dp0.15_k-0.3_n2000_r20_m4000.rds
    log: logs/bias_sensitivity/run_dp0.15_k-0.3_n2000_r20_m4000.log
    jobid: 119
    reason: Missing output files: results/bias_sensitivity/raw/dp0.15_k-0.3_n2000_r20_m4000.rds
    wildcards: cell=dp0.15_k-0.3_n2000_r20_m4000
    threads: 2
    resources: tmpdir=/tmp

[Tue Sep  1 22:14:27 2026]
Finished job 192.
178 of 1923 steps (9%) done
Select jobs to execute...
Execute 1 jobs...

[Tue Sep  1 22:14:27 2026]
localrule run_cell:
    output: results/bias_sensitivity/raw/dp0.1_k-0.3_n8000_r20_m4000.rds
    log: logs/bias_sensitivity/run_dp0.1_k-0.3_n8000_r20_m4000.log
    jobid: 239
    reason: Missing output files: results/bias_sensitivity/raw/dp0.1_k-0.3_n8000_r20_m4000.rds
    wildcards: cell=dp0.1_k-0.3_n8000_r20_m4000
    threads: 2
    resources: tmpdir=/tmp

[Tue Sep  1 22:14:42 2026]
Finished job 1807.
179 of 1923 steps (9%) done
Select jobs to execute...
Execute 1 jobs...

[Tue Sep  1 22:14:42 2026]
localrule run_cell:
    output: results/bias_sensitivity/raw/dp0.2_k0.3_n8000_r20_m4000.rds
    log: logs/bias_sensitivity/run_dp0.2_k0.3_n8000_r20_m4000.log
    jobid: 479
    reason: Missing output files: results/bias_sensitivity/raw/dp0.2_k0.3_n8000_r20_m4000.rds
    wildcards: cell=dp0.2_k0.3_n8000_r20_m4000
    threads: 2
    resources: tmpdir=/tmp

[Tue Sep  1 22:15:29 2026]
Finished job 1370.
180 of 1923 steps (9%) done
Select jobs to execute...
Execute 1 jobs...

[Tue Sep  1 22:15:29 2026]
localrule run_cell:
    output: results/bias_sensitivity/raw/dp0.35_k-0.3_n6000_r15_m4000.rds
    log: logs/bias_sensitivity/run_dp0.35_k-0.3_n6000_r15_m4000.log
    jobid: 517
    reason: Missing output files: results/bias_sensitivity/raw/dp0.35_k-0.3_n6000_r15_m4000.rds
    wildcards: cell=dp0.35_k-0.3_n6000_r15_m4000
    threads: 2
    resources: tmpdir=/tmp

[Tue Sep  1 22:15:34 2026]
Finished job 1130.
181 of 1923 steps (9%) done
Select jobs to execute...
Execute 1 jobs...

[Tue Sep  1 22:15:34 2026]
localrule run_cell:
    output: results/bias_sensitivity/raw/dp0.05_k-0.3_n8000_r10_m2000.rds
    log: logs/bias_sensitivity/run_dp0.05_k-0.3_n8000_r10_m2000.log
    jobid: 42
    reason: Missing output files: results/bias_sensitivity/raw/dp0.05_k-0.3_n8000_r10_m2000.rds
    wildcards: cell=dp0.05_k-0.3_n8000_r10_m2000
    threads: 2
    resources: tmpdir=/tmp

[Tue Sep  1 22:15:42 2026]
Finished job 1107.
182 of 1923 steps (9%) done
Select jobs to execute...
Execute 1 jobs...

[Tue Sep  1 22:15:42 2026]
localrule run_cell:
    output: results/bias_sensitivity/raw/dp0.85_k-0.3_n10000_r5_m2000.rds
    log: logs/bias_sensitivity/run_dp0.85_k-0.3_n10000_r5_m2000.log
    jobid: 1448
    reason: Missing output files: results/bias_sensitivity/raw/dp0.85_k-0.3_n10000_r5_m2000.rds
    wildcards: cell=dp0.85_k-0.3_n10000_r5_m2000
    threads: 2
    resources: tmpdir=/tmp

[Tue Sep  1 22:16:08 2026]
Finished job 693.
183 of 1923 steps (10%) done
Select jobs to execute...
Execute 1 jobs...

[Tue Sep  1 22:16:08 2026]
localrule run_cell:
    output: results/bias_sensitivity/raw/dp0.9_k-0.3_n2000_r15_m2000.rds
    log: logs/bias_sensitivity/run_dp0.9_k-0.3_n2000_r15_m2000.log
    jobid: 1748
    reason: Missing output files: results/bias_sensitivity/raw/dp0.9_k-0.3_n2000_r15_m2000.rds
    wildcards: cell=dp0.9_k-0.3_n2000_r15_m2000
    threads: 2
    resources: tmpdir=/tmp

[Tue Sep  1 22:16:12 2026]
Finished job 59.
184 of 1923 steps (10%) done
Select jobs to execute...
Execute 1 jobs...

[Tue Sep  1 22:16:12 2026]
localrule run_cell:
    output: results/bias_sensitivity/raw/dp0.9_k0.3_n4000_r5_m2000.rds
    log: logs/bias_sensitivity/run_dp0.9_k0.3_n4000_r5_m2000.log
    jobid: 1808
    reason: Missing output files: results/bias_sensitivity/raw/dp0.9_k0.3_n4000_r5_m2000.rds
    wildcards: cell=dp0.9_k0.3_n4000_r5_m2000
    threads: 2
    resources: tmpdir=/tmp

[Tue Sep  1 22:16:45 2026]
Finished job 1653.
185 of 1923 steps (10%) done
Select jobs to execute...
Execute 1 jobs...

[Tue Sep  1 22:16:45 2026]
localrule run_cell:
    output: results/bias_sensitivity/raw/dp0.65_k0.3_n4000_r10_m4000.rds
    log: logs/bias_sensitivity/run_dp0.65_k0.3_n4000_r10_m4000.log
    jobid: 1131
    reason: Missing output files: results/bias_sensitivity/raw/dp0.65_k0.3_n4000_r10_m4000.rds
    wildcards: cell=dp0.65_k0.3_n4000_r10_m4000
    threads: 2
    resources: tmpdir=/tmp

[Tue Sep  1 22:16:48 2026]
Finished job 871.
186 of 1923 steps (10%) done
Select jobs to execute...
Execute 1 jobs...

[Tue Sep  1 22:16:48 2026]
localrule run_cell:
    output: results/bias_sensitivity/raw/dp0.75_k-0.3_n10000_r10_m4000.rds
    log: logs/bias_sensitivity/run_dp0.75_k-0.3_n10000_r10_m4000.log
    jobid: 1251
    reason: Missing output files: results/bias_sensitivity/raw/dp0.75_k-0.3_n10000_r10_m4000.rds
    wildcards: cell=dp0.75_k-0.3_n10000_r10_m4000
    threads: 2
    resources: tmpdir=/tmp

[Tue Sep  1 22:17:26 2026]
Finished job 273.
187 of 1923 steps (10%) done
Select jobs to execute...
Execute 1 jobs...

[Tue Sep  1 22:17:26 2026]
localrule run_cell:
    output: results/bias_sensitivity/raw/dp0.7_k-0.3_n4000_r10_m4000.rds
    log: logs/bias_sensitivity/run_dp0.7_k-0.3_n4000_r10_m4000.log
    jobid: 1371
    reason: Missing output files: results/bias_sensitivity/raw/dp0.7_k-0.3_n4000_r10_m4000.rds
    wildcards: cell=dp0.7_k-0.3_n4000_r10_m4000
    threads: 2
    resources: tmpdir=/tmp

[Tue Sep  1 22:17:41 2026]
Finished job 993.
188 of 1923 steps (10%) done
Select jobs to execute...
Execute 1 jobs...

[Tue Sep  1 22:17:41 2026]
localrule run_cell:
    output: results/bias_sensitivity/raw/dp0.7_k0.3_n6000_r20_m4000.rds
    log: logs/bias_sensitivity/run_dp0.7_k0.3_n6000_r20_m4000.log
    jobid: 1431
    reason: Missing output files: results/bias_sensitivity/raw/dp0.7_k0.3_n6000_r20_m4000.rds
    wildcards: cell=dp0.7_k0.3_n6000_r20_m4000
    threads: 2
    resources: tmpdir=/tmp

[Tue Sep  1 22:18:22 2026]
Finished job 513.
189 of 1923 steps (10%) done
Select jobs to execute...
Execute 1 jobs...

[Tue Sep  1 22:18:22 2026]
localrule run_cell:
    output: results/bias_sensitivity/raw/dp0.85_k0.3_n10000_r10_m4000.rds
    log: logs/bias_sensitivity/run_dp0.85_k0.3_n10000_r10_m4000.log
    jobid: 1491
    reason: Missing output files: results/bias_sensitivity/raw/dp0.85_k0.3_n10000_r10_m4000.rds
    wildcards: cell=dp0.85_k0.3_n10000_r10_m4000
    threads: 2
    resources: tmpdir=/tmp

[Tue Sep  1 22:18:36 2026]
Finished job 478.
190 of 1923 steps (10%) done
Select jobs to execute...
Execute 1 jobs...

[Tue Sep  1 22:18:36 2026]
localrule run_cell:
    output: results/bias_sensitivity/raw/dp0.8_k-0.3_n1000_r20_m4000.rds
    log: logs/bias_sensitivity/run_dp0.8_k-0.3_n1000_r20_m4000.log
    jobid: 1551
    reason: Missing output files: results/bias_sensitivity/raw/dp0.8_k-0.3_n1000_r20_m4000.rds
    wildcards: cell=dp0.8_k-0.3_n1000_r20_m4000
    threads: 2
    resources: tmpdir=/tmp

[Tue Sep  1 22:19:15 2026]
Finished job 1233.
191 of 1923 steps (10%) done
Select jobs to execute...
Execute 1 jobs...

[Tue Sep  1 22:19:15 2026]
localrule run_cell:
    output: results/bias_sensitivity/raw/dp0.95_k-0.3_n6000_r20_m4000.rds
    log: logs/bias_sensitivity/run_dp0.95_k-0.3_n6000_r20_m4000.log
    jobid: 1671
    reason: Missing output files: results/bias_sensitivity/raw/dp0.95_k-0.3_n6000_r20_m4000.rds
    wildcards: cell=dp0.95_k-0.3_n6000_r20_m4000
    threads: 2
    resources: tmpdir=/tmp

[Tue Sep  1 22:19:32 2026]
Finished job 1473.
192 of 1923 steps (10%) done
Select jobs to execute...
Execute 1 jobs...

[Tue Sep  1 22:19:32 2026]
localrule run_cell:
    output: results/bias_sensitivity/raw/dp0.55_k0.3_n6000_r20_m4000.rds
    log: logs/bias_sensitivity/run_dp0.55_k0.3_n6000_r20_m4000.log
    jobid: 951
    reason: Missing output files: results/bias_sensitivity/raw/dp0.55_k0.3_n6000_r20_m4000.rds
    wildcards: cell=dp0.55_k0.3_n6000_r20_m4000
    threads: 2
    resources: tmpdir=/tmp

[Tue Sep  1 22:20:09 2026]
Finished job 119.
193 of 1923 steps (10%) done
Select jobs to execute...
Execute 1 jobs...

[Tue Sep  1 22:20:09 2026]
localrule run_cell:
    output: results/bias_sensitivity/raw/dp0.5_k0.3_n10000_r10_m4000.rds
    log: logs/bias_sensitivity/run_dp0.5_k0.3_n10000_r10_m4000.log
    jobid: 1011
    reason: Missing output files: results/bias_sensitivity/raw/dp0.5_k0.3_n10000_r10_m4000.rds
    wildcards: cell=dp0.5_k0.3_n10000_r10_m4000
    threads: 2
    resources: tmpdir=/tmp

[Tue Sep  1 22:20:54 2026]
Finished job 195.
194 of 1923 steps (10%) done
Select jobs to execute...
Execute 1 jobs...

[Tue Sep  1 22:20:54 2026]
localrule run_cell:
    output: results/bias_sensitivity/raw/dp0.55_k0.3_n10000_r10_m4000.rds
    log: logs/bias_sensitivity/run_dp0.55_k0.3_n10000_r10_m4000.log
    jobid: 915
    reason: Missing output files: results/bias_sensitivity/raw/dp0.55_k0.3_n10000_r10_m4000.rds
    wildcards: cell=dp0.55_k0.3_n10000_r10_m4000
    threads: 2
    resources: tmpdir=/tmp

[Tue Sep  1 22:21:11 2026]
Finished job 1444.
195 of 1923 steps (10%) done
Select jobs to execute...
Execute 1 jobs...

[Tue Sep  1 22:21:11 2026]
localrule run_cell:
    output: results/bias_sensitivity/raw/dp0.45_k-0.3_n2000_r20_m2000.rds
    log: logs/bias_sensitivity/run_dp0.45_k-0.3_n2000_r20_m2000.log
    jobid: 694
    reason: Missing output files: results/bias_sensitivity/raw/dp0.45_k-0.3_n2000_r20_m2000.rds
    wildcards: cell=dp0.45_k-0.3_n2000_r20_m2000
    threads: 2
    resources: tmpdir=/tmp

[Tue Sep  1 22:21:31 2026]
Finished job 1007.
196 of 1923 steps (10%) done
Select jobs to execute...
Execute 1 jobs...

[Tue Sep  1 22:21:32 2026]
localrule run_cell:
    output: results/bias_sensitivity/raw/dp0.1_k0.3_n6000_r10_m2000.rds
    log: logs/bias_sensitivity/run_dp0.1_k0.3_n6000_r10_m2000.log
    jobid: 274
    reason: Missing output files: results/bias_sensitivity/raw/dp0.1_k0.3_n6000_r10_m2000.rds
    wildcards: cell=dp0.1_k0.3_n6000_r10_m2000
    threads: 2
    resources: tmpdir=/tmp

[Tue Sep  1 22:21:42 2026]
Finished job 1551.
197 of 1923 steps (10%) done
Select jobs to execute...
Execute 1 jobs...

[Tue Sep  1 22:21:42 2026]
localrule run_cell:
    output: results/bias_sensitivity/raw/dp0.35_k-0.3_n6000_r10_m2000.rds
    log: logs/bias_sensitivity/run_dp0.35_k-0.3_n6000_r10_m2000.log
    jobid: 514
    reason: Missing output files: results/bias_sensitivity/raw/dp0.35_k-0.3_n6000_r10_m2000.rds
    wildcards: cell=dp0.35_k-0.3_n6000_r10_m2000
    threads: 2
    resources: tmpdir=/tmp

[Tue Sep  1 22:22:36 2026]
Finished job 136.
198 of 1923 steps (10%) done
Select jobs to execute...
Execute 1 jobs...

[Tue Sep  1 22:22:36 2026]
localrule run_cell:
    output: results/bias_sensitivity/raw/dp0.55_k-0.3_n1000_r10_m2000.rds
    log: logs/bias_sensitivity/run_dp0.55_k-0.3_n1000_r10_m2000.log
    jobid: 874
    reason: Missing output files: results/bias_sensitivity/raw/dp0.55_k-0.3_n1000_r10_m2000.rds
    wildcards: cell=dp0.55_k-0.3_n1000_r10_m2000
    threads: 2
    resources: tmpdir=/tmp

[Tue Sep  1 22:23:06 2026]
Finished job 616.
199 of 1923 steps (10%) done
Select jobs to execute...
Execute 1 jobs...

[Tue Sep  1 22:23:06 2026]
localrule run_cell:
    output: results/bias_sensitivity/raw/dp0.5_k-0.3_n6000_r10_m2000.rds
    log: logs/bias_sensitivity/run_dp0.5_k-0.3_n6000_r10_m2000.log
    jobid: 994
    reason: Missing output files: results/bias_sensitivity/raw/dp0.5_k-0.3_n6000_r10_m2000.rds
    wildcards: cell=dp0.5_k-0.3_n6000_r10_m2000
    threads: 2
    resources: tmpdir=/tmp

[Tue Sep  1 22:23:45 2026]
Finished job 1748.
200 of 1923 steps (10%) done
Select jobs to execute...
Execute 1 jobs...

[Tue Sep  1 22:23:45 2026]
localrule run_cell:
    output: results/bias_sensitivity/raw/dp0.85_k-0.3_n6000_r10_m2000.rds
    log: logs/bias_sensitivity/run_dp0.85_k-0.3_n6000_r10_m2000.log
    jobid: 1474
    reason: Missing output files: results/bias_sensitivity/raw/dp0.85_k-0.3_n6000_r10_m2000.rds
    wildcards: cell=dp0.85_k-0.3_n6000_r10_m2000
    threads: 2
    resources: tmpdir=/tmp

[Tue Sep  1 22:25:02 2026]
Finished job 134.
201 of 1923 steps (10%) done
Select jobs to execute...
Execute 1 jobs...

[Tue Sep  1 22:25:02 2026]
localrule run_cell:
    output: results/bias_sensitivity/raw/dp0.65_k0.3_n1000_r10_m2000.rds
    log: logs/bias_sensitivity/run_dp0.65_k0.3_n1000_r10_m2000.log
    jobid: 1114
    reason: Missing output files: results/bias_sensitivity/raw/dp0.65_k0.3_n1000_r10_m2000.rds
    wildcards: cell=dp0.65_k0.3_n1000_r10_m2000
    threads: 2
    resources: tmpdir=/tmp

[Tue Sep  1 22:25:29 2026]
Finished job 947.
202 of 1923 steps (11%) done
Select jobs to execute...
Execute 1 jobs...

[Tue Sep  1 22:25:29 2026]
localrule run_cell:
    output: results/bias_sensitivity/raw/dp0.6_k0.3_n6000_r10_m2000.rds
    log: logs/bias_sensitivity/run_dp0.6_k0.3_n6000_r10_m2000.log
    jobid: 1234
    reason: Missing output files: results/bias_sensitivity/raw/dp0.6_k0.3_n6000_r10_m2000.rds
    wildcards: cell=dp0.6_k0.3_n6000_r10_m2000
    threads: 2
    resources: tmpdir=/tmp

[Tue Sep  1 22:25:45 2026]
Finished job 874.
203 of 1923 steps (11%) done
Select jobs to execute...
Execute 1 jobs...

[Tue Sep  1 22:25:45 2026]
localrule run_cell:
    output: results/bias_sensitivity/raw/dp0.7_k-0.3_n1000_r10_m2000.rds
    log: logs/bias_sensitivity/run_dp0.7_k-0.3_n1000_r10_m2000.log
    jobid: 1354
    reason: Missing output files: results/bias_sensitivity/raw/dp0.7_k-0.3_n1000_r10_m2000.rds
    wildcards: cell=dp0.7_k-0.3_n1000_r10_m2000
    threads: 2
    resources: tmpdir=/tmp

[Tue Sep  1 22:25:45 2026]
Finished job 359.
204 of 1923 steps (11%) done
Select jobs to execute...
Execute 1 jobs...

[Tue Sep  1 22:25:45 2026]
localrule run_cell:
    output: results/bias_sensitivity/raw/dp0.95_k-0.3_n2000_r20_m2000.rds
    log: logs/bias_sensitivity/run_dp0.95_k-0.3_n2000_r20_m2000.log
    jobid: 1654
    reason: Missing output files: results/bias_sensitivity/raw/dp0.95_k-0.3_n2000_r20_m2000.rds
    wildcards: cell=dp0.95_k-0.3_n2000_r20_m2000
    threads: 2
    resources: tmpdir=/tmp

[Tue Sep  1 22:26:10 2026]
Finished job 1773.
205 of 1923 steps (11%) done
Select jobs to execute...
Execute 1 jobs...

[Tue Sep  1 22:26:10 2026]
localrule run_cell:
    output: results/bias_sensitivity/raw/dp0.9_k-0.3_n8000_r20_m2000.rds
    log: logs/bias_sensitivity/run_dp0.9_k-0.3_n8000_r20_m2000.log
    jobid: 1774
    reason: Missing output files: results/bias_sensitivity/raw/dp0.9_k-0.3_n8000_r20_m2000.rds
    wildcards: cell=dp0.9_k-0.3_n8000_r20_m2000
    threads: 2
    resources: tmpdir=/tmp

[Tue Sep  1 22:26:55 2026]
Finished job 1808.
206 of 1923 steps (11%) done
Select jobs to execute...
Execute 1 jobs...

[Tue Sep  1 22:26:55 2026]
localrule run_cell:
    output: results/bias_sensitivity/raw/dp0.1_k0.3_n1000_r5_m4000.rds
    log: logs/bias_sensitivity/run_dp0.1_k0.3_n1000_r5_m4000.log
    jobid: 257
    reason: Missing output files: results/bias_sensitivity/raw/dp0.1_k0.3_n1000_r5_m4000.rds
    wildcards: cell=dp0.1_k0.3_n1000_r5_m4000
    threads: 2
    resources: tmpdir=/tmp

[Tue Sep  1 22:27:22 2026]
Finished job 873.
207 of 1923 steps (11%) done
Select jobs to execute...
Execute 1 jobs...

[Tue Sep  1 22:27:22 2026]
localrule run_cell:
    output: results/bias_sensitivity/raw/dp0.15_k-0.3_n6000_r5_m4000.rds
    log: logs/bias_sensitivity/run_dp0.15_k-0.3_n6000_r5_m4000.log
    jobid: 137
    reason: Missing output files: results/bias_sensitivity/raw/dp0.15_k-0.3_n6000_r5_m4000.rds
    wildcards: cell=dp0.15_k-0.3_n6000_r5_m4000
    threads: 2
    resources: tmpdir=/tmp

[Tue Sep  1 22:27:31 2026]
Finished job 1488.
208 of 1923 steps (11%) done
Select jobs to execute...
Execute 1 jobs...

[Tue Sep  1 22:27:31 2026]
localrule run_cell:
    output: results/bias_sensitivity/raw/dp0.1_k-0.3_n10000_r15_m4000.rds
    log: logs/bias_sensitivity/run_dp0.1_k-0.3_n10000_r15_m4000.log
    jobid: 197
    reason: Missing output files: results/bias_sensitivity/raw/dp0.1_k-0.3_n10000_r15_m4000.rds
    wildcards: cell=dp0.1_k-0.3_n10000_r15_m4000
    threads: 2
    resources: tmpdir=/tmp

[Tue Sep  1 22:27:44 2026]
Finished job 517.
209 of 1923 steps (11%) done
Select jobs to execute...
Execute 1 jobs...

[Tue Sep  1 22:27:44 2026]
localrule run_cell:
    output: results/bias_sensitivity/raw/dp0.05_k-0.3_n1000_r5_m4000.rds
    log: logs/bias_sensitivity/run_dp0.05_k-0.3_n1000_r5_m4000.log
    jobid: 17
    reason: Missing output files: results/bias_sensitivity/raw/dp0.05_k-0.3_n1000_r5_m4000.rds
    wildcards: cell=dp0.05_k-0.3_n1000_r5_m4000
    threads: 2
    resources: tmpdir=/tmp

[Tue Sep  1 22:28:15 2026]
Finished job 1114.
210 of 1923 steps (11%) done
Select jobs to execute...
Execute 1 jobs...

[Tue Sep  1 22:28:15 2026]
localrule run_cell:
    output: results/bias_sensitivity/raw/dp0.3_k-0.3_n6000_r5_m4000.rds
    log: logs/bias_sensitivity/run_dp0.3_k-0.3_n6000_r5_m4000.log
    jobid: 617
    reason: Missing output files: results/bias_sensitivity/raw/dp0.3_k-0.3_n6000_r5_m4000.rds
    wildcards: cell=dp0.3_k-0.3_n6000_r5_m4000
    threads: 2
    resources: tmpdir=/tmp

[Tue Sep  1 22:28:19 2026]
Finished job 694.
211 of 1923 steps (11%) done
Select jobs to execute...
Execute 1 jobs...

[Tue Sep  1 22:28:19 2026]
localrule run_cell:
    output: results/bias_sensitivity/raw/dp0.35_k-0.3_n1000_r5_m4000.rds
    log: logs/bias_sensitivity/run_dp0.35_k-0.3_n1000_r5_m4000.log
    jobid: 497
    reason: Missing output files: results/bias_sensitivity/raw/dp0.35_k-0.3_n1000_r5_m4000.rds
    wildcards: cell=dp0.35_k-0.3_n1000_r5_m4000
    threads: 2
    resources: tmpdir=/tmp

[Tue Sep  1 22:28:25 2026]
Finished job 1371.
212 of 1923 steps (11%) done
Select jobs to execute...
Execute 1 jobs...

[Tue Sep  1 22:28:25 2026]
localrule run_cell:
    output: results/bias_sensitivity/raw/dp0.75_k0.3_n6000_r5_m4000.rds
    log: logs/bias_sensitivity/run_dp0.75_k0.3_n6000_r5_m4000.log
    jobid: 1337
    reason: Missing output files: results/bias_sensitivity/raw/dp0.75_k0.3_n6000_r5_m4000.rds
    wildcards: cell=dp0.75_k0.3_n6000_r5_m4000
    threads: 2
    resources: tmpdir=/tmp

[Tue Sep  1 22:28:43 2026]
Finished job 239.
213 of 1923 steps (11%) done
Select jobs to execute...
Execute 1 jobs...

[Tue Sep  1 22:28:43 2026]
localrule run_cell:
    output: results/bias_sensitivity/raw/dp0.1_k-0.3_n8000_r5_m2000.rds
    log: logs/bias_sensitivity/run_dp0.1_k-0.3_n8000_r5_m2000.log
    jobid: 240
    reason: Missing output files: results/bias_sensitivity/raw/dp0.1_k-0.3_n8000_r5_m2000.rds
    wildcards: cell=dp0.1_k-0.3_n8000_r5_m2000
    threads: 2
    resources: tmpdir=/tmp

[Tue Sep  1 22:28:45 2026]
Finished job 1131.
214 of 1923 steps (11%) done
Select jobs to execute...
Execute 1 jobs...

[Tue Sep  1 22:28:46 2026]
localrule run_cell:
    output: results/bias_sensitivity/raw/dp0.25_k0.3_n2000_r5_m2000.rds
    log: logs/bias_sensitivity/run_dp0.25_k0.3_n2000_r5_m2000.log
    jobid: 360
    reason: Missing output files: results/bias_sensitivity/raw/dp0.25_k0.3_n2000_r5_m2000.rds
    wildcards: cell=dp0.25_k0.3_n2000_r5_m2000
    threads: 2
    resources: tmpdir=/tmp

[Tue Sep  1 22:28:46 2026]
Finished job 196.
215 of 1923 steps (11%) done
Select jobs to execute...
Execute 1 jobs...

[Tue Sep  1 22:28:46 2026]
localrule run_cell:
    output: results/bias_sensitivity/raw/dp0.2_k0.3_n8000_r5_m2000.rds
    log: logs/bias_sensitivity/run_dp0.2_k0.3_n8000_r5_m2000.log
    jobid: 480
    reason: Missing output files: results/bias_sensitivity/raw/dp0.2_k0.3_n8000_r5_m2000.rds
    wildcards: cell=dp0.2_k0.3_n8000_r5_m2000
    threads: 2
    resources: tmpdir=/tmp

[Tue Sep  1 22:28:58 2026]
Finished job 1354.
216 of 1923 steps (11%) done
Select jobs to execute...
Execute 1 jobs...

[Tue Sep  1 22:28:58 2026]
localrule run_cell:
    output: results/bias_sensitivity/raw/dp0.05_k0.3_n1000_r15_m2000.rds
    log: logs/bias_sensitivity/run_dp0.05_k0.3_n1000_r15_m2000.log
    jobid: 60
    reason: Missing output files: results/bias_sensitivity/raw/dp0.05_k0.3_n1000_r15_m2000.rds
    wildcards: cell=dp0.05_k0.3_n1000_r15_m2000
    threads: 2
    resources: tmpdir=/tmp

[Tue Sep  1 22:29:08 2026]
Finished job 55.
217 of 1923 steps (11%) done
Select jobs to execute...
Execute 1 jobs...

[Tue Sep  1 22:29:08 2026]
localrule run_cell:
    output: results/bias_sensitivity/raw/dp0.15_k-0.3_n2000_r5_m2000.rds
    log: logs/bias_sensitivity/run_dp0.15_k-0.3_n2000_r5_m2000.log
    jobid: 120
    reason: Missing output files: results/bias_sensitivity/raw/dp0.15_k-0.3_n2000_r5_m2000.rds
    wildcards: cell=dp0.15_k-0.3_n2000_r5_m2000
    threads: 2
    resources: tmpdir=/tmp

[Tue Sep  1 22:29:09 2026]
Finished job 1429.
218 of 1923 steps (11%) done
Select jobs to execute...
Execute 1 jobs...

[Tue Sep  1 22:29:09 2026]
localrule run_cell:
    output: results/bias_sensitivity/raw/dp0.05_k-0.3_n8000_r10_m4000.rds
    log: logs/bias_sensitivity/run_dp0.05_k-0.3_n8000_r10_m4000.log
    jobid: 43
    reason: Missing output files: results/bias_sensitivity/raw/dp0.05_k-0.3_n8000_r10_m4000.rds
    wildcards: cell=dp0.05_k-0.3_n8000_r10_m4000
    threads: 2
    resources: tmpdir=/tmp

[Tue Sep  1 22:29:14 2026]
Finished job 40.
219 of 1923 steps (11%) done
Select jobs to execute...
Execute 1 jobs...

[Tue Sep  1 22:29:14 2026]
localrule run_cell:
    output: results/bias_sensitivity/raw/dp0.9_k-0.3_n2000_r15_m4000.rds
    log: logs/bias_sensitivity/run_dp0.9_k-0.3_n2000_r15_m4000.log
    jobid: 1749
    reason: Missing output files: results/bias_sensitivity/raw/dp0.9_k-0.3_n2000_r15_m4000.rds
    wildcards: cell=dp0.9_k-0.3_n2000_r15_m4000
    threads: 2
    resources: tmpdir=/tmp

[Tue Sep  1 22:29:41 2026]
Finished job 135.
220 of 1923 steps (11%) done
Select jobs to execute...
Execute 1 jobs...

[Tue Sep  1 22:29:41 2026]
localrule run_cell:
    output: results/bias_sensitivity/raw/dp0.9_k0.3_n4000_r5_m4000.rds
    log: logs/bias_sensitivity/run_dp0.9_k0.3_n4000_r5_m4000.log
    jobid: 1809
    reason: Missing output files: results/bias_sensitivity/raw/dp0.9_k0.3_n4000_r5_m4000.rds
    wildcards: cell=dp0.9_k0.3_n4000_r5_m4000
    threads: 2
    resources: tmpdir=/tmp

[Tue Sep  1 22:29:47 2026]
Finished job 42.
221 of 1923 steps (11%) done
Select jobs to execute...
Execute 1 jobs...

[Tue Sep  1 22:29:47 2026]
localrule run_cell:
    output: results/bias_sensitivity/raw/dp0.85_k-0.3_n10000_r5_m4000.rds
    log: logs/bias_sensitivity/run_dp0.85_k-0.3_n10000_r5_m4000.log
    jobid: 1449
    reason: Missing output files: results/bias_sensitivity/raw/dp0.85_k-0.3_n10000_r5_m4000.rds
    wildcards: cell=dp0.85_k-0.3_n10000_r5_m4000
    threads: 2
    resources: tmpdir=/tmp

[Tue Sep  1 22:29:55 2026]
Finished job 257.
222 of 1923 steps (12%) done
Select jobs to execute...
Execute 1 jobs...

[Tue Sep  1 22:29:55 2026]
localrule run_cell:
    output: results/bias_sensitivity/raw/dp0.7_k-0.3_n4000_r15_m2000.rds
    log: logs/bias_sensitivity/run_dp0.7_k-0.3_n4000_r15_m2000.log
    jobid: 1372
    reason: Missing output files: results/bias_sensitivity/raw/dp0.7_k-0.3_n4000_r15_m2000.rds
    wildcards: cell=dp0.7_k-0.3_n4000_r15_m2000
    threads: 2
    resources: tmpdir=/tmp

[Tue Sep  1 22:30:10 2026]
Finished job 1353.
223 of 1923 steps (12%) done
Select jobs to execute...
Execute 1 jobs...

[Tue Sep  1 22:30:10 2026]
localrule run_cell:
    output: results/bias_sensitivity/raw/dp0.55_k0.3_n6000_r5_m2000.rds
    log: logs/bias_sensitivity/run_dp0.55_k0.3_n6000_r5_m2000.log
    jobid: 952
    reason: Missing output files: results/bias_sensitivity/raw/dp0.55_k0.3_n6000_r5_m2000.rds
    wildcards: cell=dp0.55_k0.3_n6000_r5_m2000
    threads: 2
    resources: tmpdir=/tmp

[Tue Sep  1 22:30:27 2026]
Finished job 611.
224 of 1923 steps (12%) done
Select jobs to execute...
Execute 1 jobs...

[Tue Sep  1 22:30:27 2026]
localrule run_cell:
    output: results/bias_sensitivity/raw/dp0.85_k0.3_n10000_r15_m2000.rds
    log: logs/bias_sensitivity/run_dp0.85_k0.3_n10000_r15_m2000.log
    jobid: 1492
    reason: Missing output files: results/bias_sensitivity/raw/dp0.85_k0.3_n10000_r15_m2000.rds
    wildcards: cell=dp0.85_k0.3_n10000_r15_m2000
    threads: 2
    resources: tmpdir=/tmp

[Tue Sep  1 22:30:52 2026]
Finished job 612.
225 of 1923 steps (12%) done
Select jobs to execute...
Execute 1 jobs...

[Tue Sep  1 22:30:52 2026]
localrule run_cell:
    output: results/bias_sensitivity/raw/dp0.8_k-0.3_n1000_r5_m2000.rds
    log: logs/bias_sensitivity/run_dp0.8_k-0.3_n1000_r5_m2000.log
    jobid: 1552
    reason: Missing output files: results/bias_sensitivity/raw/dp0.8_k-0.3_n1000_r5_m2000.rds
    wildcards: cell=dp0.8_k-0.3_n1000_r5_m2000
    threads: 2
    resources: tmpdir=/tmp

[Tue Sep  1 22:31:15 2026]
Finished job 1669.
226 of 1923 steps (12%) done
Select jobs to execute...
Execute 1 jobs...

[Tue Sep  1 22:31:15 2026]
localrule run_cell:
    output: results/bias_sensitivity/raw/dp0.5_k0.3_n10000_r15_m2000.rds
    log: logs/bias_sensitivity/run_dp0.5_k0.3_n10000_r15_m2000.log
    jobid: 1012
    reason: Missing output files: results/bias_sensitivity/raw/dp0.5_k0.3_n10000_r15_m2000.rds
    wildcards: cell=dp0.5_k0.3_n10000_r15_m2000
    threads: 2
    resources: tmpdir=/tmp

[Tue Sep  1 22:31:15 2026]
Finished job 17.
227 of 1923 steps (12%) done
Select jobs to execute...
Execute 1 jobs...

[Tue Sep  1 22:31:15 2026]
localrule run_cell:
    output: results/bias_sensitivity/raw/dp0.75_k-0.3_n10000_r15_m2000.rds
    log: logs/bias_sensitivity/run_dp0.75_k-0.3_n10000_r15_m2000.log
    jobid: 1252
    reason: Missing output files: results/bias_sensitivity/raw/dp0.75_k-0.3_n10000_r15_m2000.rds
    wildcards: cell=dp0.75_k-0.3_n10000_r15_m2000
    threads: 2
    resources: tmpdir=/tmp

[Tue Sep  1 22:31:29 2026]
Finished job 497.
228 of 1923 steps (12%) done
Select jobs to execute...
Execute 1 jobs...

[Tue Sep  1 22:31:29 2026]
localrule run_cell:
    output: results/bias_sensitivity/raw/dp0.7_k0.3_n6000_r5_m2000.rds
    log: logs/bias_sensitivity/run_dp0.7_k0.3_n6000_r5_m2000.log
    jobid: 1432
    reason: Missing output files: results/bias_sensitivity/raw/dp0.7_k0.3_n6000_r5_m2000.rds
    wildcards: cell=dp0.7_k0.3_n6000_r5_m2000
    threads: 2
    resources: tmpdir=/tmp

[Tue Sep  1 22:31:30 2026]
Finished job 194.
229 of 1923 steps (12%) done
Select jobs to execute...
Execute 1 jobs...

[Tue Sep  1 22:31:30 2026]
localrule run_cell:
    output: results/bias_sensitivity/raw/dp0.95_k-0.3_n6000_r5_m2000.rds
    log: logs/bias_sensitivity/run_dp0.95_k-0.3_n6000_r5_m2000.log
    jobid: 1672
    reason: Missing output files: results/bias_sensitivity/raw/dp0.95_k-0.3_n6000_r5_m2000.rds
    wildcards: cell=dp0.95_k-0.3_n6000_r5_m2000
    threads: 2
    resources: tmpdir=/tmp

[Tue Sep  1 22:31:47 2026]
Finished job 1671.
230 of 1923 steps (12%) done
Select jobs to execute...
Execute 1 jobs...

[Tue Sep  1 22:31:47 2026]
localrule run_cell:
    output: results/bias_sensitivity/raw/dp0.65_k0.3_n4000_r15_m2000.rds
    log: logs/bias_sensitivity/run_dp0.65_k0.3_n4000_r15_m2000.log
    jobid: 1132
    reason: Missing output files: results/bias_sensitivity/raw/dp0.65_k0.3_n4000_r15_m2000.rds
    wildcards: cell=dp0.65_k0.3_n4000_r15_m2000
    threads: 2
    resources: tmpdir=/tmp

[Tue Sep  1 22:31:53 2026]
Finished job 951.
231 of 1923 steps (12%) done
Select jobs to execute...
Execute 1 jobs...

[Tue Sep  1 22:31:53 2026]
localrule run_cell:
    output: results/bias_sensitivity/raw/dp0.95_k-0.3_n2000_r20_m4000.rds
    log: logs/bias_sensitivity/run_dp0.95_k-0.3_n2000_r20_m4000.log
    jobid: 1655
    reason: Missing output files: results/bias_sensitivity/raw/dp0.95_k-0.3_n2000_r20_m4000.rds
    wildcards: cell=dp0.95_k-0.3_n2000_r20_m4000
    threads: 2
    resources: tmpdir=/tmp

[Tue Sep  1 22:31:57 2026]
Finished job 60.
232 of 1923 steps (12%) done
Select jobs to execute...
Execute 1 jobs...

[Tue Sep  1 22:31:57 2026]
localrule run_cell:
    output: results/bias_sensitivity/raw/dp0.5_k0.3_n10000_r15_m4000.rds
    log: logs/bias_sensitivity/run_dp0.5_k0.3_n10000_r15_m4000.log
    jobid: 1013
    reason: Missing output files: results/bias_sensitivity/raw/dp0.5_k0.3_n10000_r15_m4000.rds
    wildcards: cell=dp0.5_k0.3_n10000_r15_m4000
    threads: 2
    resources: tmpdir=/tmp

[Tue Sep  1 22:32:02 2026]
Finished job 1654.
233 of 1923 steps (12%) done
Select jobs to execute...
Execute 1 jobs...

[Tue Sep  1 22:32:02 2026]
localrule run_cell:
    output: results/bias_sensitivity/raw/dp0.1_k0.3_n6000_r10_m4000.rds
    log: logs/bias_sensitivity/run_dp0.1_k0.3_n6000_r10_m4000.log
    jobid: 275
    reason: Missing output files: results/bias_sensitivity/raw/dp0.1_k0.3_n6000_r10_m4000.rds
    wildcards: cell=dp0.1_k0.3_n6000_r10_m4000
    threads: 2
    resources: tmpdir=/tmp

[Tue Sep  1 22:32:15 2026]
Finished job 1111.
234 of 1923 steps (12%) done
Select jobs to execute...
Execute 1 jobs...

[Tue Sep  1 22:32:15 2026]
localrule run_cell:
    output: results/bias_sensitivity/raw/dp0.35_k-0.3_n6000_r10_m4000.rds
    log: logs/bias_sensitivity/run_dp0.35_k-0.3_n6000_r10_m4000.log
    jobid: 515
    reason: Missing output files: results/bias_sensitivity/raw/dp0.35_k-0.3_n6000_r10_m4000.rds
    wildcards: cell=dp0.35_k-0.3_n6000_r10_m4000
    threads: 2
    resources: tmpdir=/tmp

[Tue Sep  1 22:34:20 2026]
Finished job 1552.
235 of 1923 steps (12%) done
Select jobs to execute...
Execute 1 jobs...

[Tue Sep  1 22:34:20 2026]
localrule run_cell:
    output: results/bias_sensitivity/raw/dp0.6_k0.3_n6000_r10_m4000.rds
    log: logs/bias_sensitivity/run_dp0.6_k0.3_n6000_r10_m4000.log
    jobid: 1235
    reason: Missing output files: results/bias_sensitivity/raw/dp0.6_k0.3_n6000_r10_m4000.rds
    wildcards: cell=dp0.6_k0.3_n6000_r10_m4000
    threads: 2
    resources: tmpdir=/tmp

[Tue Sep  1 22:34:45 2026]
Finished job 479.
236 of 1923 steps (12%) done
Select jobs to execute...
Execute 1 jobs...

[Tue Sep  1 22:34:45 2026]
localrule run_cell:
    output: results/bias_sensitivity/raw/dp0.9_k-0.3_n8000_r20_m4000.rds
    log: logs/bias_sensitivity/run_dp0.9_k-0.3_n8000_r20_m4000.log
    jobid: 1775
    reason: Missing output files: results/bias_sensitivity/raw/dp0.9_k-0.3_n8000_r20_m4000.rds
    wildcards: cell=dp0.9_k-0.3_n8000_r20_m4000
    threads: 2
    resources: tmpdir=/tmp

[Tue Sep  1 22:34:48 2026]
Finished job 360.
237 of 1923 steps (12%) done
Select jobs to execute...
Execute 1 jobs...

[Tue Sep  1 22:34:48 2026]
localrule run_cell:
    output: results/bias_sensitivity/raw/dp0.5_k-0.3_n6000_r10_m4000.rds
    log: logs/bias_sensitivity/run_dp0.5_k-0.3_n6000_r10_m4000.log
    jobid: 995
    reason: Missing output files: results/bias_sensitivity/raw/dp0.5_k-0.3_n6000_r10_m4000.rds
    wildcards: cell=dp0.5_k-0.3_n6000_r10_m4000
    threads: 2
    resources: tmpdir=/tmp

[Tue Sep  1 22:35:28 2026]
Finished job 1352.
238 of 1923 steps (12%) done
Select jobs to execute...
Execute 1 jobs...

[Tue Sep  1 22:35:28 2026]
localrule run_cell:
    output: results/bias_sensitivity/raw/dp0.45_k-0.3_n2000_r20_m4000.rds
    log: logs/bias_sensitivity/run_dp0.45_k-0.3_n2000_r20_m4000.log
    jobid: 695
    reason: Missing output files: results/bias_sensitivity/raw/dp0.45_k-0.3_n2000_r20_m4000.rds
    wildcards: cell=dp0.45_k-0.3_n2000_r20_m4000
    threads: 2
    resources: tmpdir=/tmp

[Tue Sep  1 22:37:02 2026]
Finished job 120.
239 of 1923 steps (12%) done
Select jobs to execute...
Execute 1 jobs...

[Tue Sep  1 22:37:02 2026]
localrule run_cell:
    output: results/bias_sensitivity/raw/dp0.85_k-0.3_n6000_r10_m4000.rds
    log: logs/bias_sensitivity/run_dp0.85_k-0.3_n6000_r10_m4000.log
    jobid: 1475
    reason: Missing output files: results/bias_sensitivity/raw/dp0.85_k-0.3_n6000_r10_m4000.rds
    wildcards: cell=dp0.85_k-0.3_n6000_r10_m4000
    threads: 2
    resources: tmpdir=/tmp

[Tue Sep  1 22:37:51 2026]
Finished job 238.
240 of 1923 steps (12%) done
Select jobs to execute...
Execute 1 jobs...

[Tue Sep  1 22:37:51 2026]
localrule run_cell:
    output: results/bias_sensitivity/raw/dp0.55_k-0.3_n1000_r10_m4000.rds
    log: logs/bias_sensitivity/run_dp0.55_k-0.3_n1000_r10_m4000.log
    jobid: 875
    reason: Missing output files: results/bias_sensitivity/raw/dp0.55_k-0.3_n1000_r10_m4000.rds
    wildcards: cell=dp0.55_k-0.3_n1000_r10_m4000
    threads: 2
    resources: tmpdir=/tmp

[Tue Sep  1 22:38:10 2026]
Finished job 1234.
241 of 1923 steps (13%) done
Select jobs to execute...
Execute 1 jobs...

[Tue Sep  1 22:38:10 2026]
localrule run_cell:
    output: results/bias_sensitivity/raw/dp0.7_k-0.3_n1000_r10_m4000.rds
    log: logs/bias_sensitivity/run_dp0.7_k-0.3_n1000_r10_m4000.log
    jobid: 1355
    reason: Missing output files: results/bias_sensitivity/raw/dp0.7_k-0.3_n1000_r10_m4000.rds
    wildcards: cell=dp0.7_k-0.3_n1000_r10_m4000
    threads: 2
    resources: tmpdir=/tmp

[Tue Sep  1 22:38:14 2026]
Finished job 1655.
242 of 1923 steps (13%) done
Select jobs to execute...
Execute 1 jobs...

[Tue Sep  1 22:38:14 2026]
localrule run_cell:
    output: results/bias_sensitivity/raw/dp0.65_k0.3_n1000_r10_m4000.rds
    log: logs/bias_sensitivity/run_dp0.65_k0.3_n1000_r10_m4000.log
    jobid: 1115
    reason: Missing output files: results/bias_sensitivity/raw/dp0.65_k0.3_n1000_r10_m4000.rds
    wildcards: cell=dp0.65_k0.3_n1000_r10_m4000
    threads: 2
    resources: tmpdir=/tmp

[Tue Sep  1 22:38:19 2026]
Finished job 1011.
243 of 1923 steps (13%) done
Select jobs to execute...
Execute 1 jobs...

[Tue Sep  1 22:38:19 2026]
localrule run_cell:
    output: results/bias_sensitivity/raw/dp0.15_k-0.3_n8000_r10_m2000.rds
    log: logs/bias_sensitivity/run_dp0.15_k-0.3_n8000_r10_m2000.log
    jobid: 138
    reason: Missing output files: results/bias_sensitivity/raw/dp0.15_k-0.3_n8000_r10_m2000.rds
    wildcards: cell=dp0.15_k-0.3_n8000_r10_m2000
    threads: 2
    resources: tmpdir=/tmp

[Tue Sep  1 22:38:31 2026]
Finished job 1336.
244 of 1923 steps (13%) done
Select jobs to execute...
Execute 1 jobs...

[Tue Sep  1 22:38:31 2026]
localrule run_cell:
    output: results/bias_sensitivity/raw/dp0.5_k0.3_n4000_r20_m2000.rds
    log: logs/bias_sensitivity/run_dp0.5_k0.3_n4000_r20_m2000.log
    jobid: 1038
    reason: Missing output files: results/bias_sensitivity/raw/dp0.5_k0.3_n4000_r20_m2000.rds
    wildcards: cell=dp0.5_k0.3_n4000_r20_m2000
    threads: 2
    resources: tmpdir=/tmp

[Tue Sep  1 22:38:49 2026]
Finished job 137.
245 of 1923 steps (13%) done
Select jobs to execute...
Execute 1 jobs...

[Tue Sep  1 22:38:49 2026]
localrule run_cell:
    output: results/bias_sensitivity/raw/dp0.35_k-0.3_n2000_r10_m2000.rds
    log: logs/bias_sensitivity/run_dp0.35_k-0.3_n2000_r10_m2000.log
    jobid: 498
    reason: Missing output files: results/bias_sensitivity/raw/dp0.35_k-0.3_n2000_r10_m2000.rds
    wildcards: cell=dp0.35_k-0.3_n2000_r10_m2000
    threads: 2
    resources: tmpdir=/tmp

[Tue Sep  1 22:39:02 2026]
Finished job 1009.
246 of 1923 steps (13%) done
Select jobs to execute...
Execute 1 jobs...

[Tue Sep  1 22:39:02 2026]
localrule run_cell:
    output: results/bias_sensitivity/raw/dp0.3_k-0.3_n8000_r10_m2000.rds
    log: logs/bias_sensitivity/run_dp0.3_k-0.3_n8000_r10_m2000.log
    jobid: 618
    reason: Missing output files: results/bias_sensitivity/raw/dp0.3_k-0.3_n8000_r10_m2000.rds
    wildcards: cell=dp0.3_k-0.3_n8000_r10_m2000
    threads: 2
    resources: tmpdir=/tmp

[Tue Sep  1 22:39:02 2026]
Finished job 1749.
247 of 1923 steps (13%) done
Select jobs to execute...
Execute 1 jobs...

[Tue Sep  1 22:39:02 2026]
localrule run_cell:
    output: results/bias_sensitivity/raw/dp0.05_k-0.3_n2000_r10_m2000.rds
    log: logs/bias_sensitivity/run_dp0.05_k-0.3_n2000_r10_m2000.log
    jobid: 18
    reason: Missing output files: results/bias_sensitivity/raw/dp0.05_k-0.3_n2000_r10_m2000.rds
    wildcards: cell=dp0.05_k-0.3_n2000_r10_m2000
    threads: 2
    resources: tmpdir=/tmp

[Tue Sep  1 22:39:15 2026]
Finished job 872.
248 of 1923 steps (13%) done
Select jobs to execute...
Execute 1 jobs...

[Tue Sep  1 22:39:15 2026]
localrule run_cell:
    output: results/bias_sensitivity/raw/dp0.1_k0.3_n2000_r10_m2000.rds
    log: logs/bias_sensitivity/run_dp0.1_k0.3_n2000_r10_m2000.log
    jobid: 258
    reason: Missing output files: results/bias_sensitivity/raw/dp0.1_k0.3_n2000_r10_m2000.rds
    wildcards: cell=dp0.1_k0.3_n2000_r10_m2000
    threads: 2
    resources: tmpdir=/tmp

[Tue Sep  1 22:39:41 2026]
Finished job 1809.
249 of 1923 steps (13%) done
Select jobs to execute...
Execute 1 jobs...

[Tue Sep  1 22:39:41 2026]
localrule run_cell:
    output: results/bias_sensitivity/raw/dp0.75_k0.3_n8000_r10_m2000.rds
    log: logs/bias_sensitivity/run_dp0.75_k0.3_n8000_r10_m2000.log
    jobid: 1338
    reason: Missing output files: results/bias_sensitivity/raw/dp0.75_k0.3_n8000_r10_m2000.rds
    wildcards: cell=dp0.75_k0.3_n8000_r10_m2000
    threads: 2
    resources: tmpdir=/tmp

[Tue Sep  1 22:39:51 2026]
Finished job 1372.
250 of 1923 steps (13%) done
Select jobs to execute...
Execute 1 jobs...

[Tue Sep  1 22:39:51 2026]
localrule run_cell:
    output: results/bias_sensitivity/raw/dp0.1_k-0.3_n10000_r20_m2000.rds
    log: logs/bias_sensitivity/run_dp0.1_k-0.3_n10000_r20_m2000.log
    jobid: 198
    reason: Missing output files: results/bias_sensitivity/raw/dp0.1_k-0.3_n10000_r20_m2000.rds
    wildcards: cell=dp0.1_k-0.3_n10000_r20_m2000
    threads: 2
    resources: tmpdir=/tmp

[Tue Sep  1 22:40:17 2026]
Finished job 915.
251 of 1923 steps (13%) done
Select jobs to execute...
Execute 1 jobs...

[Tue Sep  1 22:40:17 2026]
localrule run_cell:
    output: results/bias_sensitivity/raw/dp0.05_k0.3_n1000_r15_m4000.rds
    log: logs/bias_sensitivity/run_dp0.05_k0.3_n1000_r15_m4000.log
    jobid: 61
    reason: Missing output files: results/bias_sensitivity/raw/dp0.05_k0.3_n1000_r15_m4000.rds
    wildcards: cell=dp0.05_k0.3_n1000_r15_m4000
    threads: 2
    resources: tmpdir=/tmp

[Tue Sep  1 22:40:57 2026]
Finished job 875.
252 of 1923 steps (13%) done
Select jobs to execute...
Execute 1 jobs...

[Tue Sep  1 22:40:57 2026]
localrule run_cell:
    output: results/bias_sensitivity/raw/dp0.2_k0.3_n8000_r5_m4000.rds
    log: logs/bias_sensitivity/run_dp0.2_k0.3_n8000_r5_m4000.log
    jobid: 481
    reason: Missing output files: results/bias_sensitivity/raw/dp0.2_k0.3_n8000_r5_m4000.rds
    wildcards: cell=dp0.2_k0.3_n8000_r5_m4000
    threads: 2
    resources: tmpdir=/tmp

[Tue Sep  1 22:41:15 2026]
Finished job 1132.
253 of 1923 steps (13%) done
Select jobs to execute...
Execute 1 jobs...

[Tue Sep  1 22:41:15 2026]
localrule run_cell:
    output: results/bias_sensitivity/raw/dp0.15_k-0.3_n2000_r5_m4000.rds
    log: logs/bias_sensitivity/run_dp0.15_k-0.3_n2000_r5_m4000.log
    jobid: 121
    reason: Missing output files: results/bias_sensitivity/raw/dp0.15_k-0.3_n2000_r5_m4000.rds
    wildcards: cell=dp0.15_k-0.3_n2000_r5_m4000
    threads: 2
    resources: tmpdir=/tmp

[Tue Sep  1 22:41:25 2026]
Finished job 1355.
254 of 1923 steps (13%) done
Select jobs to execute...
Execute 1 jobs...

[Tue Sep  1 22:41:25 2026]
localrule run_cell:
    output: results/bias_sensitivity/raw/dp0.25_k0.3_n2000_r5_m4000.rds
    log: logs/bias_sensitivity/run_dp0.25_k0.3_n2000_r5_m4000.log
    jobid: 361
    reason: Missing output files: results/bias_sensitivity/raw/dp0.25_k0.3_n2000_r5_m4000.rds
    wildcards: cell=dp0.25_k0.3_n2000_r5_m4000
    threads: 2
    resources: tmpdir=/tmp

[Tue Sep  1 22:41:32 2026]
Finished job 1115.
255 of 1923 steps (13%) done
Select jobs to execute...
Execute 1 jobs...

[Tue Sep  1 22:41:32 2026]
localrule run_cell:
    output: results/bias_sensitivity/raw/dp0.1_k-0.3_n8000_r5_m4000.rds
    log: logs/bias_sensitivity/run_dp0.1_k-0.3_n8000_r5_m4000.log
    jobid: 241
    reason: Missing output files: results/bias_sensitivity/raw/dp0.1_k-0.3_n8000_r5_m4000.rds
    wildcards: cell=dp0.1_k-0.3_n8000_r5_m4000
    threads: 2
    resources: tmpdir=/tmp

[Tue Sep  1 22:41:34 2026]
Finished job 1489.
256 of 1923 steps (13%) done
Select jobs to execute...
Execute 1 jobs...

[Tue Sep  1 22:41:34 2026]
localrule run_cell:
    output: results/bias_sensitivity/raw/dp0.05_k-0.3_n8000_r15_m2000.rds
    log: logs/bias_sensitivity/run_dp0.05_k-0.3_n8000_r15_m2000.log
    jobid: 44
    reason: Missing output files: results/bias_sensitivity/raw/dp0.05_k-0.3_n8000_r15_m2000.rds
    wildcards: cell=dp0.05_k-0.3_n8000_r15_m2000
    threads: 2
    resources: tmpdir=/tmp

[Tue Sep  1 22:42:03 2026]
Finished job 1670.
257 of 1923 steps (13%) done
Select jobs to execute...
Execute 1 jobs...

[Tue Sep  1 22:42:03 2026]
localrule run_cell:
    output: results/bias_sensitivity/raw/dp0.8_k0.3_n10000_r10_m4000.rds
    log: logs/bias_sensitivity/run_dp0.8_k0.3_n10000_r10_m4000.log
    jobid: 1587
    reason: Missing output files: results/bias_sensitivity/raw/dp0.8_k0.3_n10000_r10_m4000.rds
    wildcards: cell=dp0.8_k0.3_n10000_r10_m4000
    threads: 2
    resources: tmpdir=/tmp

[Tue Sep  1 22:42:25 2026]
Finished job 695.
258 of 1923 steps (13%) done
Select jobs to execute...
Execute 1 jobs...

[Tue Sep  1 22:42:25 2026]
localrule run_cell:
    output: results/bias_sensitivity/raw/dp1_k-0.3_n10000_r10_m4000.rds
    log: logs/bias_sensitivity/run_dp1_k-0.3_n10000_r10_m4000.log
    jobid: 1827
    reason: Missing output files: results/bias_sensitivity/raw/dp1_k-0.3_n10000_r10_m4000.rds
    wildcards: cell=dp1_k-0.3_n10000_r10_m4000
    threads: 2
    resources: tmpdir=/tmp

[Tue Sep  1 22:43:10 2026]
Finished job 1446.
259 of 1923 steps (13%) done
Select jobs to execute...
Execute 1 jobs...

[Tue Sep  1 22:43:10 2026]
localrule run_cell:
    output: results/bias_sensitivity/raw/dp1_k0.3_n1000_r20_m4000.rds
    log: logs/bias_sensitivity/run_dp1_k0.3_n1000_r20_m4000.log
    jobid: 1887
    reason: Missing output files: results/bias_sensitivity/raw/dp1_k0.3_n1000_r20_m4000.rds
    wildcards: cell=dp1_k0.3_n1000_r20_m4000
    threads: 2
    resources: tmpdir=/tmp

[Tue Sep  1 22:43:15 2026]
Finished job 480.
260 of 1923 steps (14%) done
Select jobs to execute...
Execute 1 jobs...

[Tue Sep  1 22:43:15 2026]
localrule run_cell:
    output: results/bias_sensitivity/raw/dp0.75_k-0.3_n6000_r20_m4000.rds
    log: logs/bias_sensitivity/run_dp0.75_k-0.3_n6000_r20_m4000.log
    jobid: 1287
    reason: Missing output files: results/bias_sensitivity/raw/dp0.75_k-0.3_n6000_r20_m4000.rds
    wildcards: cell=dp0.75_k-0.3_n6000_r20_m4000
    threads: 2
    resources: tmpdir=/tmp

[Tue Sep  1 22:43:17 2026]
Finished job 61.
261 of 1923 steps (14%) done
Select jobs to execute...
Execute 1 jobs...

[Tue Sep  1 22:43:17 2026]
localrule run_cell:
    output: results/bias_sensitivity/raw/dp0.7_k0.3_n1000_r20_m4000.rds
    log: logs/bias_sensitivity/run_dp0.7_k0.3_n1000_r20_m4000.log
    jobid: 1407
    reason: Missing output files: results/bias_sensitivity/raw/dp0.7_k0.3_n1000_r20_m4000.rds
    wildcards: cell=dp0.7_k0.3_n1000_r20_m4000
    threads: 2
    resources: tmpdir=/tmp

[Tue Sep  1 22:44:28 2026]
Finished job 515.
262 of 1923 steps (14%) done
Select jobs to execute...
Execute 1 jobs...

[Tue Sep  1 22:44:28 2026]
localrule run_cell:
    output: results/bias_sensitivity/raw/dp0.85_k0.3_n6000_r20_m4000.rds
    log: logs/bias_sensitivity/run_dp0.85_k0.3_n6000_r20_m4000.log
    jobid: 1527
    reason: Missing output files: results/bias_sensitivity/raw/dp0.85_k0.3_n6000_r20_m4000.rds
    wildcards: cell=dp0.85_k0.3_n6000_r20_m4000
    threads: 2
    resources: tmpdir=/tmp

[Tue Sep  1 22:44:34 2026]
Finished job 1772.
263 of 1923 steps (14%) done
Select jobs to execute...
Execute 1 jobs...

[Tue Sep  1 22:44:34 2026]
localrule run_cell:
    output: results/bias_sensitivity/raw/dp0.6_k-0.3_n1000_r20_m4000.rds
    log: logs/bias_sensitivity/run_dp0.6_k-0.3_n1000_r20_m4000.log
    jobid: 1167
    reason: Missing output files: results/bias_sensitivity/raw/dp0.6_k-0.3_n1000_r20_m4000.rds
    wildcards: cell=dp0.6_k-0.3_n1000_r20_m4000
    threads: 2
    resources: tmpdir=/tmp

[Tue Sep  1 22:44:37 2026]
Finished job 197.
264 of 1923 steps (14%) done
Select jobs to execute...
Execute 1 jobs...

[Tue Sep  1 22:44:37 2026]
localrule run_cell:
    output: results/bias_sensitivity/raw/dp0.4_k-0.3_n2000_r20_m2000.rds
    log: logs/bias_sensitivity/run_dp0.4_k-0.3_n2000_r20_m2000.log
    jobid: 790
    reason: Missing output files: results/bias_sensitivity/raw/dp0.4_k-0.3_n2000_r20_m2000.rds
    wildcards: cell=dp0.4_k-0.3_n2000_r20_m2000
    threads: 2
    resources: tmpdir=/tmp

[Tue Sep  1 22:45:04 2026]
Finished job 498.
265 of 1923 steps (14%) done
Select jobs to execute...
Execute 1 jobs...

[Tue Sep  1 22:45:04 2026]
localrule run_cell:
    output: results/bias_sensitivity/raw/dp0.4_k0.3_n6000_r10_m2000.rds
    log: logs/bias_sensitivity/run_dp0.4_k0.3_n6000_r10_m2000.log
    jobid: 850
    reason: Missing output files: results/bias_sensitivity/raw/dp0.4_k0.3_n6000_r10_m2000.rds
    wildcards: cell=dp0.4_k0.3_n6000_r10_m2000
    threads: 2
    resources: tmpdir=/tmp

[Tue Sep  1 22:45:15 2026]
Finished job 615.
266 of 1923 steps (14%) done
Select jobs to execute...
Execute 1 jobs...

[Tue Sep  1 22:45:15 2026]
localrule run_cell:
    output: results/bias_sensitivity/raw/dp0.55_k-0.3_n8000_r20_m2000.rds
    log: logs/bias_sensitivity/run_dp0.55_k-0.3_n8000_r20_m2000.log
    jobid: 910
    reason: Missing output files: results/bias_sensitivity/raw/dp0.55_k-0.3_n8000_r20_m2000.rds
    wildcards: cell=dp0.55_k-0.3_n8000_r20_m2000
    threads: 2
    resources: tmpdir=/tmp

[Tue Sep  1 22:45:19 2026]
Finished job 1335.
267 of 1923 steps (14%) done
Select jobs to execute...
Execute 1 jobs...

[Tue Sep  1 22:45:19 2026]
localrule run_cell:
    output: results/bias_sensitivity/raw/dp0.5_k-0.3_n1000_r10_m2000.rds
    log: logs/bias_sensitivity/run_dp0.5_k-0.3_n1000_r10_m2000.log
    jobid: 970
    reason: Missing output files: results/bias_sensitivity/raw/dp0.5_k-0.3_n1000_r10_m2000.rds
    wildcards: cell=dp0.5_k-0.3_n1000_r10_m2000
    threads: 2
    resources: tmpdir=/tmp

[Tue Sep  1 22:45:47 2026]
Finished job 18.
268 of 1923 steps (14%) done
Select jobs to execute...
Execute 1 jobs...

[Tue Sep  1 22:45:47 2026]
localrule run_cell:
    output: results/bias_sensitivity/raw/dp0.5_k0.3_n2000_r20_m2000.rds
    log: logs/bias_sensitivity/run_dp0.5_k0.3_n2000_r20_m2000.log
    jobid: 1030
    reason: Missing output files: results/bias_sensitivity/raw/dp0.5_k0.3_n2000_r20_m2000.rds
    wildcards: cell=dp0.5_k0.3_n2000_r20_m2000
    threads: 2
    resources: tmpdir=/tmp

[Tue Sep  1 22:46:09 2026]
Finished job 1430.
269 of 1923 steps (14%) done
Select jobs to execute...
Execute 1 jobs...

[Tue Sep  1 22:46:09 2026]
localrule run_cell:
    output: results/bias_sensitivity/raw/dp0.6_k0.3_n1000_r10_m2000.rds
    log: logs/bias_sensitivity/run_dp0.6_k0.3_n1000_r10_m2000.log
    jobid: 1210
    reason: Missing output files: results/bias_sensitivity/raw/dp0.6_k0.3_n1000_r10_m2000.rds
    wildcards: cell=dp0.6_k0.3_n1000_r10_m2000
    threads: 2
    resources: tmpdir=/tmp

[Tue Sep  1 22:46:27 2026]
Finished job 1887.
270 of 1923 steps (14%) done
Select jobs to execute...
Execute 1 jobs...

[Tue Sep  1 22:46:27 2026]
localrule run_cell:
    output: results/bias_sensitivity/raw/dp0.45_k0.3_n1000_r10_m2000.rds
    log: logs/bias_sensitivity/run_dp0.45_k0.3_n1000_r10_m2000.log
    jobid: 730
    reason: Missing output files: results/bias_sensitivity/raw/dp0.45_k0.3_n1000_r10_m2000.rds
    wildcards: cell=dp0.45_k0.3_n1000_r10_m2000
    threads: 2
    resources: tmpdir=/tmp

[Tue Sep  1 22:46:30 2026]
Finished job 995.
271 of 1923 steps (14%) done
Select jobs to execute...
Execute 1 jobs...

[Tue Sep  1 22:46:30 2026]
localrule run_cell:
    output: results/bias_sensitivity/raw/dp0.3_k0.3_n8000_r20_m2000.rds
    log: logs/bias_sensitivity/run_dp0.3_k0.3_n8000_r20_m2000.log
    jobid: 670
    reason: Missing output files: results/bias_sensitivity/raw/dp0.3_k0.3_n8000_r20_m2000.rds
    wildcards: cell=dp0.3_k0.3_n8000_r20_m2000
    threads: 2
    resources: tmpdir=/tmp

[Tue Sep  1 22:46:32 2026]
Finished job 1407.
272 of 1923 steps (14%) done
Select jobs to execute...
Execute 1 jobs...

[Tue Sep  1 22:46:32 2026]
localrule run_cell:
    output: results/bias_sensitivity/raw/dp0.65_k-0.3_n6000_r10_m2000.rds
    log: logs/bias_sensitivity/run_dp0.65_k-0.3_n6000_r10_m2000.log
    jobid: 1090
    reason: Missing output files: results/bias_sensitivity/raw/dp0.65_k-0.3_n6000_r10_m2000.rds
    wildcards: cell=dp0.65_k-0.3_n6000_r10_m2000
    threads: 2
    resources: tmpdir=/tmp

[Tue Sep  1 22:47:06 2026]
Finished job 950.
273 of 1923 steps (14%) done
Select jobs to execute...
Execute 1 jobs...

[Tue Sep  1 22:47:06 2026]
localrule run_cell:
    output: results/bias_sensitivity/raw/dp0.2_k-0.3_n8000_r20_m2000.rds
    log: logs/bias_sensitivity/run_dp0.2_k-0.3_n8000_r20_m2000.log
    jobid: 430
    reason: Missing output files: results/bias_sensitivity/raw/dp0.2_k-0.3_n8000_r20_m2000.rds
    wildcards: cell=dp0.2_k-0.3_n8000_r20_m2000
    threads: 2
    resources: tmpdir=/tmp

[Tue Sep  1 22:47:23 2026]
Finished job 121.
274 of 1923 steps (14%) done
Select jobs to execute...
Execute 1 jobs...

[Tue Sep  1 22:47:23 2026]
localrule run_cell:
    output: results/bias_sensitivity/raw/dp0.7_k-0.3_n8000_r20_m2000.rds
    log: logs/bias_sensitivity/run_dp0.7_k-0.3_n8000_r20_m2000.log
    jobid: 1390
    reason: Missing output files: results/bias_sensitivity/raw/dp0.7_k-0.3_n8000_r20_m2000.rds
    wildcards: cell=dp0.7_k-0.3_n8000_r20_m2000
    threads: 2
    resources: tmpdir=/tmp

[Tue Sep  1 22:47:48 2026]
Finished job 1167.
275 of 1923 steps (14%) done
Select jobs to execute...
Execute 1 jobs...

[Tue Sep  1 22:47:48 2026]
localrule run_cell:
    output: results/bias_sensitivity/raw/dp0.35_k0.3_n10000_r15_m4000.rds
    log: logs/bias_sensitivity/run_dp0.35_k0.3_n10000_r15_m4000.log
    jobid: 533
    reason: Missing output files: results/bias_sensitivity/raw/dp0.35_k0.3_n10000_r15_m4000.rds
    wildcards: cell=dp0.35_k0.3_n10000_r15_m4000
    threads: 2
    resources: tmpdir=/tmp

[Tue Sep  1 22:48:06 2026]
Finished job 1038.
276 of 1923 steps (14%) done
Select jobs to execute...
Execute 1 jobs...

[Tue Sep  1 22:48:06 2026]
localrule run_cell:
    output: results/bias_sensitivity/raw/dp0.3_k-0.3_n1000_r5_m4000.rds
    log: logs/bias_sensitivity/run_dp0.3_k-0.3_n1000_r5_m4000.log
    jobid: 593
    reason: Missing output files: results/bias_sensitivity/raw/dp0.3_k-0.3_n1000_r5_m4000.rds
    wildcards: cell=dp0.3_k-0.3_n1000_r5_m4000
    threads: 2
    resources: tmpdir=/tmp

[Tue Sep  1 22:48:29 2026]
Finished job 970.
277 of 1923 steps (14%) done
Select jobs to execute...
Execute 1 jobs...

[Tue Sep  1 22:48:29 2026]
localrule run_cell:
    output: results/bias_sensitivity/raw/dp0.65_k-0.3_n1000_r5_m4000.rds
    log: logs/bias_sensitivity/run_dp0.65_k-0.3_n1000_r5_m4000.log
    jobid: 1073
    reason: Missing output files: results/bias_sensitivity/raw/dp0.65_k-0.3_n1000_r5_m4000.rds
    wildcards: cell=dp0.65_k-0.3_n1000_r5_m4000
    threads: 2
    resources: tmpdir=/tmp

[Tue Sep  1 22:48:38 2026]
Finished job 361.
278 of 1923 steps (14%) done
Select jobs to execute...
Execute 1 jobs...

[Tue Sep  1 22:48:38 2026]
localrule run_cell:
    output: results/bias_sensitivity/raw/dp0.2_k-0.3_n4000_r15_m4000.rds
    log: logs/bias_sensitivity/run_dp0.2_k-0.3_n4000_r15_m4000.log
    jobid: 413
    reason: Missing output files: results/bias_sensitivity/raw/dp0.2_k-0.3_n4000_r15_m4000.rds
    wildcards: cell=dp0.2_k-0.3_n4000_r15_m4000
    threads: 2
    resources: tmpdir=/tmp

[Tue Sep  1 22:49:15 2026]
Finished job 258.
279 of 1923 steps (15%) done
Select jobs to execute...
Execute 1 jobs...

[Tue Sep  1 22:49:15 2026]
localrule run_cell:
    output: results/bias_sensitivity/raw/dp0.25_k-0.3_n10000_r15_m4000.rds
    log: logs/bias_sensitivity/run_dp0.25_k-0.3_n10000_r15_m4000.log
    jobid: 293
    reason: Missing output files: results/bias_sensitivity/raw/dp0.25_k-0.3_n10000_r15_m4000.rds
    wildcards: cell=dp0.25_k-0.3_n10000_r15_m4000
    threads: 2
    resources: tmpdir=/tmp

[Tue Sep  1 22:49:17 2026]
Finished job 1210.
280 of 1923 steps (15%) done
Select jobs to execute...
Execute 1 jobs...

[Tue Sep  1 22:49:17 2026]
localrule run_cell:
    output: results/bias_sensitivity/raw/dp0.15_k0.3_n1000_r15_m2000.rds
    log: logs/bias_sensitivity/run_dp0.15_k0.3_n1000_r15_m2000.log
    jobid: 156
    reason: Missing output files: results/bias_sensitivity/raw/dp0.15_k0.3_n1000_r15_m2000.rds
    wildcards: cell=dp0.15_k0.3_n1000_r15_m2000
    threads: 2
    resources: tmpdir=/tmp

[Tue Sep  1 22:49:42 2026]
Finished job 730.
281 of 1923 steps (15%) done
Select jobs to execute...
Execute 1 jobs...

[Tue Sep  1 22:49:42 2026]
localrule run_cell:
    output: results/bias_sensitivity/raw/dp0.45_k0.3_n6000_r15_m2000.rds
    log: logs/bias_sensitivity/run_dp0.45_k0.3_n6000_r15_m2000.log
    jobid: 756
    reason: Missing output files: results/bias_sensitivity/raw/dp0.45_k0.3_n6000_r15_m2000.rds
    wildcards: cell=dp0.45_k0.3_n6000_r15_m2000
    threads: 2
    resources: tmpdir=/tmp

[Tue Sep  1 22:49:56 2026]
Finished job 274.
282 of 1923 steps (15%) done
Select jobs to execute...
Execute 1 jobs...

[Tue Sep  1 22:49:56 2026]
localrule run_cell:
    output: results/bias_sensitivity/raw/dp0.25_k-0.3_n4000_r20_m4000.rds
    log: logs/bias_sensitivity/run_dp0.25_k-0.3_n4000_r20_m4000.log
    jobid: 319
    reason: Missing output files: results/bias_sensitivity/raw/dp0.25_k-0.3_n4000_r20_m4000.rds
    wildcards: cell=dp0.25_k-0.3_n4000_r20_m4000
    threads: 2
    resources: tmpdir=/tmp

[Tue Sep  1 22:50:00 2026]
Finished job 617.
283 of 1923 steps (15%) done
Select jobs to execute...
Execute 1 jobs...

[Tue Sep  1 22:50:00 2026]
localrule run_cell:
    output: results/bias_sensitivity/raw/dp0.95_k0.3_n8000_r15_m4000.rds
    log: logs/bias_sensitivity/run_dp0.95_k0.3_n8000_r15_m4000.log
    jobid: 1725
    reason: Missing output files: results/bias_sensitivity/raw/dp0.95_k0.3_n8000_r15_m4000.rds
    wildcards: cell=dp0.95_k0.3_n8000_r15_m4000
    threads: 2
    resources: tmpdir=/tmp

[Tue Sep  1 22:50:13 2026]
Finished job 1010.
284 of 1923 steps (15%) done
Select jobs to execute...
Execute 1 jobs...

[Tue Sep  1 22:50:14 2026]
localrule run_cell:
    output: results/bias_sensitivity/raw/dp0.75_k-0.3_n6000_r5_m2000.rds
    log: logs/bias_sensitivity/run_dp0.75_k-0.3_n6000_r5_m2000.log
    jobid: 1288
    reason: Missing output files: results/bias_sensitivity/raw/dp0.75_k-0.3_n6000_r5_m2000.rds
    wildcards: cell=dp0.75_k-0.3_n6000_r5_m2000
    threads: 2
    resources: tmpdir=/tmp

[Tue Sep  1 22:50:17 2026]
Finished job 1112.
285 of 1923 steps (15%) done
Select jobs to execute...
Execute 1 jobs...

[Tue Sep  1 22:50:17 2026]
localrule run_cell:
    output: results/bias_sensitivity/raw/dp0.6_k-0.3_n1000_r5_m2000.rds
    log: logs/bias_sensitivity/run_dp0.6_k-0.3_n1000_r5_m2000.log
    jobid: 1168
    reason: Missing output files: results/bias_sensitivity/raw/dp0.6_k-0.3_n1000_r5_m2000.rds
    wildcards: cell=dp0.6_k-0.3_n1000_r5_m2000
    threads: 2
    resources: tmpdir=/tmp

[Tue Sep  1 22:50:58 2026]
Finished job 790.
286 of 1923 steps (15%) done
Select jobs to execute...
Execute 1 jobs...

[Tue Sep  1 22:50:58 2026]
localrule run_cell:
    output: results/bias_sensitivity/raw/dp0.7_k0.3_n1000_r5_m2000.rds
    log: logs/bias_sensitivity/run_dp0.7_k0.3_n1000_r5_m2000.log
    jobid: 1408
    reason: Missing output files: results/bias_sensitivity/raw/dp0.7_k0.3_n1000_r5_m2000.rds
    wildcards: cell=dp0.7_k0.3_n1000_r5_m2000
    threads: 2
    resources: tmpdir=/tmp

[Tue Sep  1 22:51:04 2026]
Finished job 1252.
287 of 1923 steps (15%) done
Select jobs to execute...
Execute 1 jobs...

[Tue Sep  1 22:51:04 2026]
localrule run_cell:
    output: results/bias_sensitivity/raw/dp0.85_k0.3_n6000_r5_m2000.rds
    log: logs/bias_sensitivity/run_dp0.85_k0.3_n6000_r5_m2000.log
    jobid: 1528
    reason: Missing output files: results/bias_sensitivity/raw/dp0.85_k0.3_n6000_r5_m2000.rds
    wildcards: cell=dp0.85_k0.3_n6000_r5_m2000
    threads: 2
    resources: tmpdir=/tmp

[Tue Sep  1 22:51:07 2026]
Finished job 593.
288 of 1923 steps (15%) done
Select jobs to execute...
Execute 1 jobs...

[Tue Sep  1 22:51:07 2026]
localrule run_cell:
    output: results/bias_sensitivity/raw/dp0.8_k0.3_n10000_r15_m2000.rds
    log: logs/bias_sensitivity/run_dp0.8_k0.3_n10000_r15_m2000.log
    jobid: 1588
    reason: Missing output files: results/bias_sensitivity/raw/dp0.8_k0.3_n10000_r15_m2000.rds
    wildcards: cell=dp0.8_k0.3_n10000_r15_m2000
    threads: 2
    resources: tmpdir=/tmp

[Tue Sep  1 22:51:47 2026]
Finished job 41.
289 of 1923 steps (15%) done
Select jobs to execute...
Execute 1 jobs...

[Tue Sep  1 22:51:47 2026]
localrule run_cell:
    output: results/bias_sensitivity/raw/dp1_k0.3_n1000_r5_m2000.rds
    log: logs/bias_sensitivity/run_dp1_k0.3_n1000_r5_m2000.log
    jobid: 1888
    reason: Missing output files: results/bias_sensitivity/raw/dp1_k0.3_n1000_r5_m2000.rds
    wildcards: cell=dp1_k0.3_n1000_r5_m2000
    threads: 2
    resources: tmpdir=/tmp

[Tue Sep  1 22:51:48 2026]
Finished job 1073.
290 of 1923 steps (15%) done
Select jobs to execute...
Execute 1 jobs...

[Tue Sep  1 22:51:48 2026]
localrule run_cell:
    output: results/bias_sensitivity/raw/dp1_k-0.3_n10000_r15_m2000.rds
    log: logs/bias_sensitivity/run_dp1_k-0.3_n10000_r15_m2000.log
    jobid: 1828
    reason: Missing output files: results/bias_sensitivity/raw/dp1_k-0.3_n10000_r15_m2000.rds
    wildcards: cell=dp1_k-0.3_n10000_r15_m2000
    threads: 2
    resources: tmpdir=/tmp

[Tue Sep  1 22:51:58 2026]
Finished job 1030.
291 of 1923 steps (15%) done
Select jobs to execute...
Execute 1 jobs...

[Tue Sep  1 22:51:58 2026]
localrule run_cell:
    output: results/bias_sensitivity/raw/dp0.65_k-0.3_n6000_r10_m4000.rds
    log: logs/bias_sensitivity/run_dp0.65_k-0.3_n6000_r10_m4000.log
    jobid: 1091
    reason: Missing output files: results/bias_sensitivity/raw/dp0.65_k-0.3_n6000_r10_m4000.rds
    wildcards: cell=dp0.65_k-0.3_n6000_r10_m4000
    threads: 2
    resources: tmpdir=/tmp

[Tue Sep  1 22:52:17 2026]
Finished job 156.
292 of 1923 steps (15%) done
Select jobs to execute...
Execute 1 jobs...

[Tue Sep  1 22:52:17 2026]
localrule run_cell:
    output: results/bias_sensitivity/raw/dp0.2_k-0.3_n8000_r20_m4000.rds
    log: logs/bias_sensitivity/run_dp0.2_k-0.3_n8000_r20_m4000.log
    jobid: 431
    reason: Missing output files: results/bias_sensitivity/raw/dp0.2_k-0.3_n8000_r20_m4000.rds
    wildcards: cell=dp0.2_k-0.3_n8000_r20_m4000
    threads: 2
    resources: tmpdir=/tmp

[Tue Sep  1 22:52:31 2026]
Finished job 1447.
293 of 1923 steps (15%) done
Select jobs to execute...
Execute 1 jobs...

[Tue Sep  1 22:52:31 2026]
localrule run_cell:
    output: results/bias_sensitivity/raw/dp0.3_k0.3_n8000_r20_m4000.rds
    log: logs/bias_sensitivity/run_dp0.3_k0.3_n8000_r20_m4000.log
    jobid: 671
    reason: Missing output files: results/bias_sensitivity/raw/dp0.3_k0.3_n8000_r20_m4000.rds
    wildcards: cell=dp0.3_k0.3_n8000_r20_m4000
    threads: 2
    resources: tmpdir=/tmp

[Tue Sep  1 22:52:55 2026]
Finished job 138.
294 of 1923 steps (15%) done
Select jobs to execute...
Execute 1 jobs...

[Tue Sep  1 22:52:55 2026]
localrule run_cell:
    output: results/bias_sensitivity/raw/dp0.45_k0.3_n1000_r10_m4000.rds
    log: logs/bias_sensitivity/run_dp0.45_k0.3_n1000_r10_m4000.log
    jobid: 731
    reason: Missing output files: results/bias_sensitivity/raw/dp0.45_k0.3_n1000_r10_m4000.rds
    wildcards: cell=dp0.45_k0.3_n1000_r10_m4000
    threads: 2
    resources: tmpdir=/tmp

[Tue Sep  1 22:53:27 2026]
Finished job 1168.
295 of 1923 steps (15%) done
Select jobs to execute...
Execute 1 jobs...

[Tue Sep  1 22:53:28 2026]
localrule run_cell:
    output: results/bias_sensitivity/raw/dp0.4_k-0.3_n2000_r20_m4000.rds
    log: logs/bias_sensitivity/run_dp0.4_k-0.3_n2000_r20_m4000.log
    jobid: 791
    reason: Missing output files: results/bias_sensitivity/raw/dp0.4_k-0.3_n2000_r20_m4000.rds
    wildcards: cell=dp0.4_k-0.3_n2000_r20_m4000
    threads: 2
    resources: tmpdir=/tmp

[Tue Sep  1 22:53:31 2026]
Finished job 477.
296 of 1923 steps (15%) done
Select jobs to execute...
Execute 1 jobs...

[Tue Sep  1 22:53:32 2026]
localrule run_cell:
    output: results/bias_sensitivity/raw/dp0.4_k0.3_n6000_r10_m4000.rds
    log: logs/bias_sensitivity/run_dp0.4_k0.3_n6000_r10_m4000.log
    jobid: 851
    reason: Missing output files: results/bias_sensitivity/raw/dp0.4_k0.3_n6000_r10_m4000.rds
    wildcards: cell=dp0.4_k0.3_n6000_r10_m4000
    threads: 2
    resources: tmpdir=/tmp

[Tue Sep  1 22:54:07 2026]
Finished job 618.
297 of 1923 steps (15%) done
Select jobs to execute...
Execute 1 jobs...

[Tue Sep  1 22:54:07 2026]
localrule run_cell:
    output: results/bias_sensitivity/raw/dp0.55_k-0.3_n8000_r20_m4000.rds
    log: logs/bias_sensitivity/run_dp0.55_k-0.3_n8000_r20_m4000.log
    jobid: 911
    reason: Missing output files: results/bias_sensitivity/raw/dp0.55_k-0.3_n8000_r20_m4000.rds
    wildcards: cell=dp0.55_k-0.3_n8000_r20_m4000
    threads: 2
    resources: tmpdir=/tmp

[Tue Sep  1 22:54:16 2026]
Finished job 1408.
298 of 1923 steps (15%) done
Select jobs to execute...
Execute 1 jobs...

[Tue Sep  1 22:54:16 2026]
localrule run_cell:
    output: results/bias_sensitivity/raw/dp0.5_k-0.3_n1000_r10_m4000.rds
    log: logs/bias_sensitivity/run_dp0.5_k-0.3_n1000_r10_m4000.log
    jobid: 971
    reason: Missing output files: results/bias_sensitivity/raw/dp0.5_k-0.3_n1000_r10_m4000.rds
    wildcards: cell=dp0.5_k-0.3_n1000_r10_m4000
    threads: 2
    resources: tmpdir=/tmp

[Tue Sep  1 22:54:45 2026]
Finished job 1474.
299 of 1923 steps (16%) done
Select jobs to execute...
Execute 1 jobs...

[Tue Sep  1 22:54:45 2026]
localrule run_cell:
    output: results/bias_sensitivity/raw/dp0.7_k-0.3_n8000_r20_m4000.rds
    log: logs/bias_sensitivity/run_dp0.7_k-0.3_n8000_r20_m4000.log
    jobid: 1391
    reason: Missing output files: results/bias_sensitivity/raw/dp0.7_k-0.3_n8000_r20_m4000.rds
    wildcards: cell=dp0.7_k-0.3_n8000_r20_m4000
    threads: 2
    resources: tmpdir=/tmp

[Tue Sep  1 22:55:10 2026]
Finished job 1888.
300 of 1923 steps (16%) done
Select jobs to execute...
Execute 1 jobs...

[Tue Sep  1 22:55:10 2026]
localrule run_cell:
    output: results/bias_sensitivity/raw/dp0.6_k0.3_n1000_r10_m4000.rds
    log: logs/bias_sensitivity/run_dp0.6_k0.3_n1000_r10_m4000.log
    jobid: 1211
    reason: Missing output files: results/bias_sensitivity/raw/dp0.6_k0.3_n1000_r10_m4000.rds
    wildcards: cell=dp0.6_k0.3_n1000_r10_m4000
    threads: 2
    resources: tmpdir=/tmp

[Tue Sep  1 22:55:49 2026]
Finished job 44.
301 of 1923 steps (16%) done
Select jobs to execute...
Execute 1 jobs...

[Tue Sep  1 22:55:49 2026]
localrule run_cell:
    output: results/bias_sensitivity/raw/dp0.5_k0.3_n2000_r20_m4000.rds
    log: logs/bias_sensitivity/run_dp0.5_k0.3_n2000_r20_m4000.log
    jobid: 1031
    reason: Missing output files: results/bias_sensitivity/raw/dp0.5_k0.3_n2000_r20_m4000.rds
    wildcards: cell=dp0.5_k0.3_n2000_r20_m4000
    threads: 2
    resources: tmpdir=/tmp

[Tue Sep  1 22:56:04 2026]
Finished job 731.
302 of 1923 steps (16%) done
Select jobs to execute...
Execute 1 jobs...

[Tue Sep  1 22:56:04 2026]
localrule run_cell:
    output: results/bias_sensitivity/raw/dp0.65_k-0.3_n2000_r10_m2000.rds
    log: logs/bias_sensitivity/run_dp0.65_k-0.3_n2000_r10_m2000.log
    jobid: 1074
    reason: Missing output files: results/bias_sensitivity/raw/dp0.65_k-0.3_n2000_r10_m2000.rds
    wildcards: cell=dp0.65_k-0.3_n2000_r10_m2000
    threads: 2
    resources: tmpdir=/tmp

[Tue Sep  1 22:56:22 2026]
Finished job 1490.
303 of 1923 steps (16%) done
Select jobs to execute...
Execute 1 jobs...

[Tue Sep  1 22:56:22 2026]
localrule run_cell:
    output: results/bias_sensitivity/raw/dp0.25_k-0.3_n10000_r20_m2000.rds
    log: logs/bias_sensitivity/run_dp0.25_k-0.3_n10000_r20_m2000.log
    jobid: 294
    reason: Missing output files: results/bias_sensitivity/raw/dp0.25_k-0.3_n10000_r20_m2000.rds
    wildcards: cell=dp0.25_k-0.3_n10000_r20_m2000
    threads: 2
    resources: tmpdir=/tmp

[Tue Sep  1 22:57:20 2026]
Finished job 971.
304 of 1923 steps (16%) done
Select jobs to execute...
Execute 1 jobs...

[Tue Sep  1 22:57:20 2026]
localrule run_cell:
    output: results/bias_sensitivity/raw/dp0.2_k-0.3_n4000_r20_m2000.rds
    log: logs/bias_sensitivity/run_dp0.2_k-0.3_n4000_r20_m2000.log
    jobid: 414
    reason: Missing output files: results/bias_sensitivity/raw/dp0.2_k-0.3_n4000_r20_m2000.rds
    wildcards: cell=dp0.2_k-0.3_n4000_r20_m2000
    threads: 2
    resources: tmpdir=/tmp

[Tue Sep  1 22:57:23 2026]
Finished job 1527.
305 of 1923 steps (16%) done
Select jobs to execute...
Execute 1 jobs...

[Tue Sep  1 22:57:23 2026]
localrule run_cell:
    output: results/bias_sensitivity/raw/dp0.35_k0.3_n10000_r20_m2000.rds
    log: logs/bias_sensitivity/run_dp0.35_k0.3_n10000_r20_m2000.log
    jobid: 534
    reason: Missing output files: results/bias_sensitivity/raw/dp0.35_k0.3_n10000_r20_m2000.rds
    wildcards: cell=dp0.35_k0.3_n10000_r20_m2000
    threads: 2
    resources: tmpdir=/tmp

[Tue Sep  1 22:57:26 2026]
Finished job 850.
306 of 1923 steps (16%) done
Select jobs to execute...
Execute 1 jobs...

[Tue Sep  1 22:57:26 2026]
localrule run_cell:
    output: results/bias_sensitivity/raw/dp0.3_k-0.3_n2000_r10_m2000.rds
    log: logs/bias_sensitivity/run_dp0.3_k-0.3_n2000_r10_m2000.log
    jobid: 594
    reason: Missing output files: results/bias_sensitivity/raw/dp0.3_k-0.3_n2000_r10_m2000.rds
    wildcards: cell=dp0.3_k-0.3_n2000_r10_m2000
    threads: 2
    resources: tmpdir=/tmp

[Tue Sep  1 22:57:29 2026]
Finished job 413.
307 of 1923 steps (16%) done
Select jobs to execute...
Execute 1 jobs...

[Tue Sep  1 22:57:29 2026]
localrule run_cell:
    output: results/bias_sensitivity/raw/dp0.45_k0.3_n6000_r15_m4000.rds
    log: logs/bias_sensitivity/run_dp0.45_k0.3_n6000_r15_m4000.log
    jobid: 757
    reason: Missing output files: results/bias_sensitivity/raw/dp0.45_k0.3_n6000_r15_m4000.rds
    wildcards: cell=dp0.45_k0.3_n6000_r15_m4000
    threads: 2
    resources: tmpdir=/tmp

[Tue Sep  1 22:57:46 2026]
Finished job 994.
308 of 1923 steps (16%) done
Select jobs to execute...
Execute 1 jobs...

[Tue Sep  1 22:57:46 2026]
localrule run_cell:
    output: results/bias_sensitivity/raw/dp0.15_k0.3_n1000_r15_m4000.rds
    log: logs/bias_sensitivity/run_dp0.15_k0.3_n1000_r15_m4000.log
    jobid: 157
    reason: Missing output files: results/bias_sensitivity/raw/dp0.15_k0.3_n1000_r15_m4000.rds
    wildcards: cell=dp0.15_k0.3_n1000_r15_m4000
    threads: 2
    resources: tmpdir=/tmp

[Tue Sep  1 22:58:24 2026]
Finished job 1211.
309 of 1923 steps (16%) done
Select jobs to execute...
Execute 1 jobs...

[Tue Sep  1 22:58:24 2026]
localrule run_cell:
    output: results/bias_sensitivity/raw/dp0.25_k-0.3_n4000_r5_m2000.rds
    log: logs/bias_sensitivity/run_dp0.25_k-0.3_n4000_r5_m2000.log
    jobid: 320
    reason: Missing output files: results/bias_sensitivity/raw/dp0.25_k-0.3_n4000_r5_m2000.rds
    wildcards: cell=dp0.25_k-0.3_n4000_r5_m2000
    threads: 2
    resources: tmpdir=/tmp

[Tue Sep  1 22:58:36 2026]
Finished job 319.
310 of 1923 steps (16%) done
Select jobs to execute...
Execute 1 jobs...

[Tue Sep  1 22:58:36 2026]
localrule run_cell:
    output: results/bias_sensitivity/raw/dp0.95_k0.3_n8000_r20_m2000.rds
    log: logs/bias_sensitivity/run_dp0.95_k0.3_n8000_r20_m2000.log
    jobid: 1726
    reason: Missing output files: results/bias_sensitivity/raw/dp0.95_k0.3_n8000_r20_m2000.rds
    wildcards: cell=dp0.95_k0.3_n8000_r20_m2000
    threads: 2
    resources: tmpdir=/tmp

[Tue Sep  1 22:59:34 2026]
Finished job 1431.
311 of 1923 steps (16%) done
Select jobs to execute...
Execute 1 jobs...

[Tue Sep  1 22:59:35 2026]
localrule run_cell:
    output: results/bias_sensitivity/raw/dp0.8_k0.3_n10000_r15_m4000.rds
    log: logs/bias_sensitivity/run_dp0.8_k0.3_n10000_r15_m4000.log
    jobid: 1589
    reason: Missing output files: results/bias_sensitivity/raw/dp0.8_k0.3_n10000_r15_m4000.rds
    wildcards: cell=dp0.8_k0.3_n10000_r15_m4000
    threads: 2
    resources: tmpdir=/tmp

[Tue Sep  1 22:59:39 2026]
Finished job 1334.
312 of 1923 steps (16%) done
Select jobs to execute...
Execute 1 jobs...

[Tue Sep  1 22:59:39 2026]
localrule run_cell:
    output: results/bias_sensitivity/raw/dp0.85_k0.3_n6000_r5_m4000.rds
    log: logs/bias_sensitivity/run_dp0.85_k0.3_n6000_r5_m4000.log
    jobid: 1529
    reason: Missing output files: results/bias_sensitivity/raw/dp0.85_k0.3_n6000_r5_m4000.rds
    wildcards: cell=dp0.85_k0.3_n6000_r5_m4000
    threads: 2
    resources: tmpdir=/tmp

[Tue Sep  1 23:00:18 2026]
Finished job 791.
313 of 1923 steps (16%) done
Select jobs to execute...
Execute 1 jobs...

[Tue Sep  1 23:00:18 2026]
localrule run_cell:
    output: results/bias_sensitivity/raw/dp1_k0.3_n1000_r5_m4000.rds
    log: logs/bias_sensitivity/run_dp1_k0.3_n1000_r5_m4000.log
    jobid: 1889
    reason: Missing output files: results/bias_sensitivity/raw/dp1_k0.3_n1000_r5_m4000.rds
    wildcards: cell=dp1_k0.3_n1000_r5_m4000
    threads: 2
    resources: tmpdir=/tmp

[Tue Sep  1 23:00:48 2026]
Finished job 157.
314 of 1923 steps (16%) done
Select jobs to execute...
Execute 1 jobs...

[Tue Sep  1 23:00:48 2026]
localrule run_cell:
    output: results/bias_sensitivity/raw/dp0.6_k-0.3_n1000_r5_m4000.rds
    log: logs/bias_sensitivity/run_dp0.6_k-0.3_n1000_r5_m4000.log
    jobid: 1169
    reason: Missing output files: results/bias_sensitivity/raw/dp0.6_k-0.3_n1000_r5_m4000.rds
    wildcards: cell=dp0.6_k-0.3_n1000_r5_m4000
    threads: 2
    resources: tmpdir=/tmp

[Tue Sep  1 23:01:04 2026]
Finished job 910.
315 of 1923 steps (16%) done
Select jobs to execute...
Execute 1 jobs...

[Tue Sep  1 23:01:04 2026]
localrule run_cell:
    output: results/bias_sensitivity/raw/dp0.75_k-0.3_n6000_r5_m4000.rds
    log: logs/bias_sensitivity/run_dp0.75_k-0.3_n6000_r5_m4000.log
    jobid: 1289
    reason: Missing output files: results/bias_sensitivity/raw/dp0.75_k-0.3_n6000_r5_m4000.rds
    wildcards: cell=dp0.75_k-0.3_n6000_r5_m4000
    threads: 2
    resources: tmpdir=/tmp

[Tue Sep  1 23:01:27 2026]
Finished job 670.
316 of 1923 steps (16%) done
Select jobs to execute...
Execute 1 jobs...

[Tue Sep  1 23:01:27 2026]
localrule run_cell:
    output: results/bias_sensitivity/raw/dp0.7_k0.3_n1000_r5_m4000.rds
    log: logs/bias_sensitivity/run_dp0.7_k0.3_n1000_r5_m4000.log
    jobid: 1409
    reason: Missing output files: results/bias_sensitivity/raw/dp0.7_k0.3_n1000_r5_m4000.rds
    wildcards: cell=dp0.7_k0.3_n1000_r5_m4000
    threads: 2
    resources: tmpdir=/tmp

[Tue Sep  1 23:01:28 2026]
Finished job 1774.
317 of 1923 steps (16%) done
Select jobs to execute...
Execute 1 jobs...

[Tue Sep  1 23:01:28 2026]
localrule run_cell:
    output: results/bias_sensitivity/raw/dp1_k-0.3_n10000_r15_m4000.rds
    log: logs/bias_sensitivity/run_dp1_k-0.3_n10000_r15_m4000.log
    jobid: 1829
    reason: Missing output files: results/bias_sensitivity/raw/dp1_k-0.3_n10000_r15_m4000.rds
    wildcards: cell=dp1_k-0.3_n10000_r15_m4000
    threads: 2
    resources: tmpdir=/tmp

[Tue Sep  1 23:01:46 2026]
Finished job 1491.
318 of 1923 steps (17%) done
Select jobs to execute...
Execute 1 jobs...

[Tue Sep  1 23:01:46 2026]
localrule run_cell:
    output: results/bias_sensitivity/raw/dp0.3_k0.3_n8000_r5_m2000.rds
    log: logs/bias_sensitivity/run_dp0.3_k0.3_n8000_r5_m2000.log
    jobid: 672
    reason: Missing output files: results/bias_sensitivity/raw/dp0.3_k0.3_n8000_r5_m2000.rds
    wildcards: cell=dp0.3_k0.3_n8000_r5_m2000
    threads: 2
    resources: tmpdir=/tmp

[Tue Sep  1 23:02:36 2026]
Finished job 1074.
319 of 1923 steps (17%) done
Select jobs to execute...
Execute 1 jobs...

[Tue Sep  1 23:02:36 2026]
localrule run_cell:
    output: results/bias_sensitivity/raw/dp0.45_k0.3_n1000_r15_m2000.rds
    log: logs/bias_sensitivity/run_dp0.45_k0.3_n1000_r15_m2000.log
    jobid: 732
    reason: Missing output files: results/bias_sensitivity/raw/dp0.45_k0.3_n1000_r15_m2000.rds
    wildcards: cell=dp0.45_k0.3_n1000_r15_m2000
    threads: 2
    resources: tmpdir=/tmp

[Tue Sep  1 23:02:47 2026]
Finished job 1031.
320 of 1923 steps (17%) done
Select jobs to execute...
Execute 1 jobs...

[Tue Sep  1 23:02:47 2026]
localrule run_cell:
    output: results/bias_sensitivity/raw/dp0.6_k0.3_n1000_r15_m2000.rds
    log: logs/bias_sensitivity/run_dp0.6_k0.3_n1000_r15_m2000.log
    jobid: 1212
    reason: Missing output files: results/bias_sensitivity/raw/dp0.6_k0.3_n1000_r15_m2000.rds
    wildcards: cell=dp0.6_k0.3_n1000_r15_m2000
    threads: 2
    resources: tmpdir=/tmp

[Tue Sep  1 23:03:13 2026]
Finished job 514.
321 of 1923 steps (17%) done
Select jobs to execute...
Execute 1 jobs...

[Tue Sep  1 23:03:13 2026]
localrule run_cell:
    output: results/bias_sensitivity/raw/dp0.4_k0.3_n6000_r15_m2000.rds
    log: logs/bias_sensitivity/run_dp0.4_k0.3_n6000_r15_m2000.log
    jobid: 852
    reason: Missing output files: results/bias_sensitivity/raw/dp0.4_k0.3_n6000_r15_m2000.rds
    wildcards: cell=dp0.4_k0.3_n6000_r15_m2000
    threads: 2
    resources: tmpdir=/tmp

[Tue Sep  1 23:03:31 2026]
Finished job 43.
322 of 1923 steps (17%) done
Select jobs to execute...
Execute 1 jobs...

[Tue Sep  1 23:03:31 2026]
localrule run_cell:
    output: results/bias_sensitivity/raw/dp0.55_k-0.3_n8000_r5_m2000.rds
    log: logs/bias_sensitivity/run_dp0.55_k-0.3_n8000_r5_m2000.log
    jobid: 912
    reason: Missing output files: results/bias_sensitivity/raw/dp0.55_k-0.3_n8000_r5_m2000.rds
    wildcards: cell=dp0.55_k-0.3_n8000_r5_m2000
    threads: 2
    resources: tmpdir=/tmp

[Tue Sep  1 23:03:33 2026]
Finished job 1889.
323 of 1923 steps (17%) done
Select jobs to execute...
Execute 1 jobs...

[Tue Sep  1 23:03:33 2026]
localrule run_cell:
    output: results/bias_sensitivity/raw/dp0.5_k-0.3_n1000_r15_m2000.rds
    log: logs/bias_sensitivity/run_dp0.5_k-0.3_n1000_r15_m2000.log
    jobid: 972
    reason: Missing output files: results/bias_sensitivity/raw/dp0.5_k-0.3_n1000_r15_m2000.rds
    wildcards: cell=dp0.5_k-0.3_n1000_r15_m2000
    threads: 2
    resources: tmpdir=/tmp

[Tue Sep  1 23:04:10 2026]
Finished job 1169.
324 of 1923 steps (17%) done
Select jobs to execute...
Execute 1 jobs...

[Tue Sep  1 23:04:10 2026]
localrule run_cell:
    output: results/bias_sensitivity/raw/dp0.2_k-0.3_n8000_r5_m2000.rds
    log: logs/bias_sensitivity/run_dp0.2_k-0.3_n8000_r5_m2000.log
    jobid: 432
    reason: Missing output files: results/bias_sensitivity/raw/dp0.2_k-0.3_n8000_r5_m2000.rds
    wildcards: cell=dp0.2_k-0.3_n8000_r5_m2000
    threads: 2
    resources: tmpdir=/tmp

[Tue Sep  1 23:04:23 2026]
Finished job 1432.
325 of 1923 steps (17%) done
Select jobs to execute...
Execute 1 jobs...

[Tue Sep  1 23:04:23 2026]
localrule run_cell:
    output: results/bias_sensitivity/raw/dp0.4_k-0.3_n2000_r5_m2000.rds
    log: logs/bias_sensitivity/run_dp0.4_k-0.3_n2000_r5_m2000.log
    jobid: 792
    reason: Missing output files: results/bias_sensitivity/raw/dp0.4_k-0.3_n2000_r5_m2000.rds
    wildcards: cell=dp0.4_k-0.3_n2000_r5_m2000
    threads: 2
    resources: tmpdir=/tmp

[Tue Sep  1 23:04:32 2026]
Finished job 1287.
326 of 1923 steps (17%) done
Select jobs to execute...
Execute 1 jobs...

[Tue Sep  1 23:04:32 2026]
localrule run_cell:
    output: results/bias_sensitivity/raw/dp0.7_k-0.3_n8000_r5_m2000.rds
    log: logs/bias_sensitivity/run_dp0.7_k-0.3_n8000_r5_m2000.log
    jobid: 1392
    reason: Missing output files: results/bias_sensitivity/raw/dp0.7_k-0.3_n8000_r5_m2000.rds
    wildcards: cell=dp0.7_k-0.3_n8000_r5_m2000
    threads: 2
    resources: tmpdir=/tmp

[Tue Sep  1 23:04:47 2026]
Finished job 1409.
327 of 1923 steps (17%) done
Select jobs to execute...
Execute 1 jobs...

[Tue Sep  1 23:04:48 2026]
localrule run_cell:
    output: results/bias_sensitivity/raw/dp0.5_k0.3_n2000_r5_m2000.rds
    log: logs/bias_sensitivity/run_dp0.5_k0.3_n2000_r5_m2000.log
    jobid: 1032
    reason: Missing output files: results/bias_sensitivity/raw/dp0.5_k0.3_n2000_r5_m2000.rds
    wildcards: cell=dp0.5_k0.3_n2000_r5_m2000
    threads: 2
    resources: tmpdir=/tmp

[Tue Sep  1 23:04:56 2026]
Finished job 1672.
328 of 1923 steps (17%) done
Select jobs to execute...
Execute 1 jobs...

[Tue Sep  1 23:04:56 2026]
localrule run_cell:
    output: results/bias_sensitivity/raw/dp0.65_k-0.3_n6000_r15_m2000.rds
    log: logs/bias_sensitivity/run_dp0.65_k-0.3_n6000_r15_m2000.log
    jobid: 1092
    reason: Missing output files: results/bias_sensitivity/raw/dp0.65_k-0.3_n6000_r15_m2000.rds
    wildcards: cell=dp0.65_k-0.3_n6000_r15_m2000
    threads: 2
    resources: tmpdir=/tmp

[Tue Sep  1 23:05:04 2026]
Finished job 1091.
329 of 1923 steps (17%) done
Select jobs to execute...
Execute 1 jobs...

[Tue Sep  1 23:05:04 2026]
localrule run_cell:
    output: results/bias_sensitivity/raw/dp0.3_k-0.3_n2000_r10_m4000.rds
    log: logs/bias_sensitivity/run_dp0.3_k-0.3_n2000_r10_m4000.log
    jobid: 595
    reason: Missing output files: results/bias_sensitivity/raw/dp0.3_k-0.3_n2000_r10_m4000.rds
    wildcards: cell=dp0.3_k-0.3_n2000_r10_m4000
    threads: 2
    resources: tmpdir=/tmp

[Tue Sep  1 23:05:29 2026]
Finished job 594.
330 of 1923 steps (17%) done
Select jobs to execute...
Execute 1 jobs...

[Tue Sep  1 23:05:29 2026]
localrule run_cell:
    output: results/bias_sensitivity/raw/dp0.2_k-0.3_n4000_r20_m4000.rds
    log: logs/bias_sensitivity/run_dp0.2_k-0.3_n4000_r20_m4000.log
    jobid: 415
    reason: Missing output files: results/bias_sensitivity/raw/dp0.2_k-0.3_n4000_r20_m4000.rds
    wildcards: cell=dp0.2_k-0.3_n4000_r20_m4000
    threads: 2
    resources: tmpdir=/tmp

[Tue Sep  1 23:05:44 2026]
Finished job 732.
331 of 1923 steps (17%) done
Select jobs to execute...
Execute 1 jobs...

[Tue Sep  1 23:05:44 2026]
localrule run_cell:
    output: results/bias_sensitivity/raw/dp0.35_k0.3_n10000_r20_m4000.rds
    log: logs/bias_sensitivity/run_dp0.35_k0.3_n10000_r20_m4000.log
    jobid: 535
    reason: Missing output files: results/bias_sensitivity/raw/dp0.35_k0.3_n10000_r20_m4000.rds
    wildcards: cell=dp0.35_k0.3_n10000_r20_m4000
    threads: 2
    resources: tmpdir=/tmp

[Tue Sep  1 23:05:58 2026]
Finished job 414.
332 of 1923 steps (17%) done
Select jobs to execute...
Execute 1 jobs...

[Tue Sep  1 23:05:58 2026]
localrule run_cell:
    output: results/bias_sensitivity/raw/dp0.65_k-0.3_n2000_r10_m4000.rds
    log: logs/bias_sensitivity/run_dp0.65_k-0.3_n2000_r10_m4000.log
    jobid: 1075
    reason: Missing output files: results/bias_sensitivity/raw/dp0.65_k-0.3_n2000_r10_m4000.rds
    wildcards: cell=dp0.65_k-0.3_n2000_r10_m4000
    threads: 2
    resources: tmpdir=/tmp

[Tue Sep  1 23:06:03 2026]
Finished job 1212.
333 of 1923 steps (17%) done
Select jobs to execute...
Execute 1 jobs...

[Tue Sep  1 23:06:03 2026]
localrule run_cell:
    output: results/bias_sensitivity/raw/dp0.25_k-0.3_n10000_r20_m4000.rds
    log: logs/bias_sensitivity/run_dp0.25_k-0.3_n10000_r20_m4000.log
    jobid: 295
    reason: Missing output files: results/bias_sensitivity/raw/dp0.25_k-0.3_n10000_r20_m4000.rds
    wildcards: cell=dp0.25_k-0.3_n10000_r20_m4000
    threads: 2
    resources: tmpdir=/tmp

[Tue Sep  1 23:06:12 2026]
Finished job 533.
334 of 1923 steps (17%) done
Select jobs to execute...
Execute 1 jobs...

[Tue Sep  1 23:06:12 2026]
localrule run_cell:
    output: results/bias_sensitivity/raw/dp0.45_k0.3_n6000_r20_m2000.rds
    log: logs/bias_sensitivity/run_dp0.45_k0.3_n6000_r20_m2000.log
    jobid: 758
    reason: Missing output files: results/bias_sensitivity/raw/dp0.45_k0.3_n6000_r20_m2000.rds
    wildcards: cell=dp0.45_k0.3_n6000_r20_m2000
    threads: 2
    resources: tmpdir=/tmp

[Tue Sep  1 23:06:41 2026]
Finished job 972.
335 of 1923 steps (17%) done
Select jobs to execute...
Execute 1 jobs...

[Tue Sep  1 23:06:41 2026]
localrule run_cell:
    output: results/bias_sensitivity/raw/dp0.15_k0.3_n1000_r20_m2000.rds
    log: logs/bias_sensitivity/run_dp0.15_k0.3_n1000_r20_m2000.log
    jobid: 158
    reason: Missing output files: results/bias_sensitivity/raw/dp0.15_k0.3_n1000_r20_m2000.rds
    wildcards: cell=dp0.15_k0.3_n1000_r20_m2000
    threads: 2
    resources: tmpdir=/tmp

[Tue Sep  1 23:06:55 2026]
Finished job 1725.
336 of 1923 steps (17%) done
Select jobs to execute...
Execute 1 jobs...

[Tue Sep  1 23:06:55 2026]
localrule run_cell:
    output: results/bias_sensitivity/raw/dp0.25_k-0.3_n4000_r5_m4000.rds
    log: logs/bias_sensitivity/run_dp0.25_k-0.3_n4000_r5_m4000.log
    jobid: 321
    reason: Missing output files: results/bias_sensitivity/raw/dp0.25_k-0.3_n4000_r5_m4000.rds
    wildcards: cell=dp0.25_k-0.3_n4000_r5_m4000
    threads: 2
    resources: tmpdir=/tmp

[Tue Sep  1 23:07:12 2026]
Finished job 320.
337 of 1923 steps (18%) done
Select jobs to execute...
Execute 1 jobs...

[Tue Sep  1 23:07:12 2026]
localrule run_cell:
    output: results/bias_sensitivity/raw/dp0.95_k0.3_n8000_r20_m4000.rds
    log: logs/bias_sensitivity/run_dp0.95_k0.3_n8000_r20_m4000.log
    jobid: 1727
    reason: Missing output files: results/bias_sensitivity/raw/dp0.95_k0.3_n8000_r20_m4000.rds
    wildcards: cell=dp0.95_k0.3_n8000_r20_m4000
    threads: 2
    resources: tmpdir=/tmp

[Tue Sep  1 23:08:00 2026]
Finished job 1090.
338 of 1923 steps (18%) done
Select jobs to execute...
Execute 1 jobs...

[Tue Sep  1 23:08:00 2026]
localrule run_cell:
    output: results/bias_sensitivity/raw/dp0.7_k0.3_n2000_r10_m2000.rds
    log: logs/bias_sensitivity/run_dp0.7_k0.3_n2000_r10_m2000.log
    jobid: 1410
    reason: Missing output files: results/bias_sensitivity/raw/dp0.7_k0.3_n2000_r10_m2000.rds
    wildcards: cell=dp0.7_k0.3_n2000_r10_m2000
    threads: 2
    resources: tmpdir=/tmp

[Tue Sep  1 23:08:08 2026]
Finished job 1251.
339 of 1923 steps (18%) done
Select jobs to execute...
Execute 1 jobs...

[Tue Sep  1 23:08:08 2026]
localrule run_cell:
    output: results/bias_sensitivity/raw/dp0.85_k0.3_n8000_r10_m2000.rds
    log: logs/bias_sensitivity/run_dp0.85_k0.3_n8000_r10_m2000.log
    jobid: 1530
    reason: Missing output files: results/bias_sensitivity/raw/dp0.85_k0.3_n8000_r10_m2000.rds
    wildcards: cell=dp0.85_k0.3_n8000_r10_m2000
    threads: 2
    resources: tmpdir=/tmp

[Tue Sep  1 23:08:14 2026]
Finished job 1528.
340 of 1923 steps (18%) done
Select jobs to execute...
Execute 1 jobs...

[Tue Sep  1 23:08:14 2026]
localrule run_cell:
    output: results/bias_sensitivity/raw/dp0.8_k0.3_n10000_r20_m2000.rds
    log: logs/bias_sensitivity/run_dp0.8_k0.3_n10000_r20_m2000.log
    jobid: 1590
    reason: Missing output files: results/bias_sensitivity/raw/dp0.8_k0.3_n10000_r20_m2000.rds
    wildcards: cell=dp0.8_k0.3_n10000_r20_m2000
    threads: 2
    resources: tmpdir=/tmp

[Tue Sep  1 23:09:21 2026]
Finished job 1475.
341 of 1923 steps (18%) done
Select jobs to execute...
Execute 1 jobs...

[Tue Sep  1 23:09:21 2026]
localrule run_cell:
    output: results/bias_sensitivity/raw/dp1_k-0.3_n10000_r20_m2000.rds
    log: logs/bias_sensitivity/run_dp1_k-0.3_n10000_r20_m2000.log
    jobid: 1830
    reason: Missing output files: results/bias_sensitivity/raw/dp1_k-0.3_n10000_r20_m2000.rds
    wildcards: cell=dp1_k-0.3_n10000_r20_m2000
    threads: 2
    resources: tmpdir=/tmp

[Tue Sep  1 23:09:31 2026]
Finished job 1235.
342 of 1923 steps (18%) done
Select jobs to execute...
Execute 1 jobs...

[Tue Sep  1 23:09:31 2026]
localrule run_cell:
    output: results/bias_sensitivity/raw/dp1_k0.3_n2000_r10_m2000.rds
    log: logs/bias_sensitivity/run_dp1_k0.3_n2000_r10_m2000.log
    jobid: 1890
    reason: Missing output files: results/bias_sensitivity/raw/dp1_k0.3_n2000_r10_m2000.rds
    wildcards: cell=dp1_k0.3_n2000_r10_m2000
    threads: 2
    resources: tmpdir=/tmp

[Tue Sep  1 23:09:36 2026]
Finished job 1448.
343 of 1923 steps (18%) done
Select jobs to execute...
Execute 1 jobs...

[Tue Sep  1 23:09:36 2026]
localrule run_cell:
    output: results/bias_sensitivity/raw/dp0.6_k-0.3_n2000_r10_m2000.rds
    log: logs/bias_sensitivity/run_dp0.6_k-0.3_n2000_r10_m2000.log
    jobid: 1170
    reason: Missing output files: results/bias_sensitivity/raw/dp0.6_k-0.3_n2000_r10_m2000.rds
    wildcards: cell=dp0.6_k-0.3_n2000_r10_m2000
    threads: 2
    resources: tmpdir=/tmp

[Tue Sep  1 23:09:43 2026]
Finished job 158.
344 of 1923 steps (18%) done
Select jobs to execute...
Execute 1 jobs...

[Tue Sep  1 23:09:43 2026]
localrule run_cell:
    output: results/bias_sensitivity/raw/dp0.75_k-0.3_n8000_r10_m2000.rds
    log: logs/bias_sensitivity/run_dp0.75_k-0.3_n8000_r10_m2000.log
    jobid: 1290
    reason: Missing output files: results/bias_sensitivity/raw/dp0.75_k-0.3_n8000_r10_m2000.rds
    wildcards: cell=dp0.75_k-0.3_n8000_r10_m2000
    threads: 2
    resources: tmpdir=/tmp

[Tue Sep  1 23:11:22 2026]
Finished job 1013.
345 of 1923 steps (18%) done
Select jobs to execute...
Execute 1 jobs...

[Tue Sep  1 23:11:22 2026]
localrule run_cell:
    output: results/bias_sensitivity/raw/dp0.2_k-0.3_n8000_r5_m4000.rds
    log: logs/bias_sensitivity/run_dp0.2_k-0.3_n8000_r5_m4000.log
    jobid: 433
    reason: Missing output files: results/bias_sensitivity/raw/dp0.2_k-0.3_n8000_r5_m4000.rds
    wildcards: cell=dp0.2_k-0.3_n8000_r5_m4000
    threads: 2
    resources: tmpdir=/tmp

[Tue Sep  1 23:11:24 2026]
Finished job 1828.
346 of 1923 steps (18%) done
Select jobs to execute...
Execute 1 jobs...

[Tue Sep  1 23:11:24 2026]
localrule run_cell:
    output: results/bias_sensitivity/raw/dp0.5_k0.3_n2000_r5_m4000.rds
    log: logs/bias_sensitivity/run_dp0.5_k0.3_n2000_r5_m4000.log
    jobid: 1033
    reason: Missing output files: results/bias_sensitivity/raw/dp0.5_k0.3_n2000_r5_m4000.rds
    wildcards: cell=dp0.5_k0.3_n2000_r5_m4000
    threads: 2
    resources: tmpdir=/tmp

[Tue Sep  1 23:11:38 2026]
Finished job 952.
347 of 1923 steps (18%) done
Select jobs to execute...
Execute 1 jobs...

[Tue Sep  1 23:11:38 2026]
localrule run_cell:
    output: results/bias_sensitivity/raw/dp0.3_k0.3_n8000_r5_m4000.rds
    log: logs/bias_sensitivity/run_dp0.3_k0.3_n8000_r5_m4000.log
    jobid: 673
    reason: Missing output files: results/bias_sensitivity/raw/dp0.3_k0.3_n8000_r5_m4000.rds
    wildcards: cell=dp0.3_k0.3_n8000_r5_m4000
    threads: 2
    resources: tmpdir=/tmp

[Tue Sep  1 23:11:56 2026]
Finished job 481.
348 of 1923 steps (18%) done
Select jobs to execute...
Execute 1 jobs...

[Tue Sep  1 23:11:56 2026]
localrule run_cell:
    output: results/bias_sensitivity/raw/dp0.45_k0.3_n1000_r15_m4000.rds
    log: logs/bias_sensitivity/run_dp0.45_k0.3_n1000_r15_m4000.log
    jobid: 733
    reason: Missing output files: results/bias_sensitivity/raw/dp0.45_k0.3_n1000_r15_m4000.rds
    wildcards: cell=dp0.45_k0.3_n1000_r15_m4000
    threads: 2
    resources: tmpdir=/tmp

[Tue Sep  1 23:12:08 2026]
Finished job 1113.
349 of 1923 steps (18%) done
Select jobs to execute...
Execute 1 jobs...

[Tue Sep  1 23:12:08 2026]
localrule run_cell:
    output: results/bias_sensitivity/raw/dp0.4_k-0.3_n2000_r5_m4000.rds
    log: logs/bias_sensitivity/run_dp0.4_k-0.3_n2000_r5_m4000.log
    jobid: 793
    reason: Missing output files: results/bias_sensitivity/raw/dp0.4_k-0.3_n2000_r5_m4000.rds
    wildcards: cell=dp0.4_k-0.3_n2000_r5_m4000
    threads: 2
    resources: tmpdir=/tmp

[Tue Sep  1 23:12:09 2026]
Finished job 792.
350 of 1923 steps (18%) done
Select jobs to execute...
Execute 1 jobs...

[Tue Sep  1 23:12:09 2026]
localrule run_cell:
    output: results/bias_sensitivity/raw/dp0.4_k0.3_n6000_r15_m4000.rds
    log: logs/bias_sensitivity/run_dp0.4_k0.3_n6000_r15_m4000.log
    jobid: 853
    reason: Missing output files: results/bias_sensitivity/raw/dp0.4_k0.3_n6000_r15_m4000.rds
    wildcards: cell=dp0.4_k0.3_n6000_r15_m4000
    threads: 2
    resources: tmpdir=/tmp

[Tue Sep  1 23:12:57 2026]
Finished job 756.
351 of 1923 steps (18%) done
Select jobs to execute...
Execute 1 jobs...

[Tue Sep  1 23:12:57 2026]
localrule run_cell:
    output: results/bias_sensitivity/raw/dp0.55_k-0.3_n8000_r5_m4000.rds
    log: logs/bias_sensitivity/run_dp0.55_k-0.3_n8000_r5_m4000.log
    jobid: 913
    reason: Missing output files: results/bias_sensitivity/raw/dp0.55_k-0.3_n8000_r5_m4000.rds
    wildcards: cell=dp0.55_k-0.3_n8000_r5_m4000
    threads: 2
    resources: tmpdir=/tmp

[Tue Sep  1 23:12:59 2026]
Finished job 1032.
352 of 1923 steps (18%) done
Select jobs to execute...
Execute 1 jobs...

[Tue Sep  1 23:12:59 2026]
localrule run_cell:
    output: results/bias_sensitivity/raw/dp0.65_k-0.3_n6000_r15_m4000.rds
    log: logs/bias_sensitivity/run_dp0.65_k-0.3_n6000_r15_m4000.log
    jobid: 1093
    reason: Missing output files: results/bias_sensitivity/raw/dp0.65_k-0.3_n6000_r15_m4000.rds
    wildcards: cell=dp0.65_k-0.3_n6000_r15_m4000
    threads: 2
    resources: tmpdir=/tmp

[Tue Sep  1 23:13:13 2026]
Finished job 1250.
353 of 1923 steps (18%) done
Select jobs to execute...
Execute 1 jobs...

[Tue Sep  1 23:13:13 2026]
localrule run_cell:
    output: results/bias_sensitivity/raw/dp0.6_k0.3_n1000_r15_m4000.rds
    log: logs/bias_sensitivity/run_dp0.6_k0.3_n1000_r15_m4000.log
    jobid: 1213
    reason: Missing output files: results/bias_sensitivity/raw/dp0.6_k0.3_n1000_r15_m4000.rds
    wildcards: cell=dp0.6_k0.3_n1000_r15_m4000
    threads: 2
    resources: tmpdir=/tmp

[Tue Sep  1 23:13:21 2026]
Finished job 1075.
354 of 1923 steps (18%) done
Select jobs to execute...
Execute 1 jobs...

[Tue Sep  1 23:13:21 2026]
localrule run_cell:
    output: results/bias_sensitivity/raw/dp0.7_k-0.3_n8000_r5_m4000.rds
    log: logs/bias_sensitivity/run_dp0.7_k-0.3_n8000_r5_m4000.log
    jobid: 1393
    reason: Missing output files: results/bias_sensitivity/raw/dp0.7_k-0.3_n8000_r5_m4000.rds
    wildcards: cell=dp0.7_k-0.3_n8000_r5_m4000
    threads: 2
    resources: tmpdir=/tmp

[Tue Sep  1 23:13:37 2026]
Finished job 595.
355 of 1923 steps (18%) done
Select jobs to execute...
Execute 1 jobs...

[Tue Sep  1 23:13:37 2026]
localrule run_cell:
    output: results/bias_sensitivity/raw/dp0.5_k-0.3_n1000_r15_m4000.rds
    log: logs/bias_sensitivity/run_dp0.5_k-0.3_n1000_r15_m4000.log
    jobid: 973
    reason: Missing output files: results/bias_sensitivity/raw/dp0.5_k-0.3_n1000_r15_m4000.rds
    wildcards: cell=dp0.5_k-0.3_n1000_r15_m4000
    threads: 2
    resources: tmpdir=/tmp

[Tue Sep  1 23:14:01 2026]
Finished job 275.
356 of 1923 steps (19%) done
Select jobs to execute...
Execute 1 jobs...

[Tue Sep  1 23:14:01 2026]
localrule run_cell:
    output: results/bias_sensitivity/raw/dp0.3_k-0.3_n2000_r15_m2000.rds
    log: logs/bias_sensitivity/run_dp0.3_k-0.3_n2000_r15_m2000.log
    jobid: 596
    reason: Missing output files: results/bias_sensitivity/raw/dp0.3_k-0.3_n2000_r15_m2000.rds
    wildcards: cell=dp0.3_k-0.3_n2000_r15_m2000
    threads: 2
    resources: tmpdir=/tmp

[Tue Sep  1 23:14:06 2026]
Finished job 415.
357 of 1923 steps (19%) done
Select jobs to execute...
Execute 1 jobs...

[Tue Sep  1 23:14:06 2026]
localrule run_cell:
    output: results/bias_sensitivity/raw/dp0.2_k-0.3_n4000_r5_m2000.rds
    log: logs/bias_sensitivity/run_dp0.2_k-0.3_n4000_r5_m2000.log
    jobid: 416
    reason: Missing output files: results/bias_sensitivity/raw/dp0.2_k-0.3_n4000_r5_m2000.rds
    wildcards: cell=dp0.2_k-0.3_n4000_r5_m2000
    threads: 2
    resources: tmpdir=/tmp

[Tue Sep  1 23:14:28 2026]
Finished job 1289.
358 of 1923 steps (19%) done
Select jobs to execute...
Execute 1 jobs...

[Tue Sep  1 23:14:28 2026]
localrule run_cell:
    output: results/bias_sensitivity/raw/dp0.35_k0.3_n10000_r5_m2000.rds
    log: logs/bias_sensitivity/run_dp0.35_k0.3_n10000_r5_m2000.log
    jobid: 536
    reason: Missing output files: results/bias_sensitivity/raw/dp0.35_k0.3_n10000_r5_m2000.rds
    wildcards: cell=dp0.35_k0.3_n10000_r5_m2000
    threads: 2
    resources: tmpdir=/tmp

[Tue Sep  1 23:14:38 2026]
Finished job 851.
359 of 1923 steps (19%) done
Select jobs to execute...
Execute 1 jobs...

[Tue Sep  1 23:14:38 2026]
localrule run_cell:
    output: results/bias_sensitivity/raw/dp0.65_k-0.3_n2000_r15_m2000.rds
    log: logs/bias_sensitivity/run_dp0.65_k-0.3_n2000_r15_m2000.log
    jobid: 1076
    reason: Missing output files: results/bias_sensitivity/raw/dp0.65_k-0.3_n2000_r15_m2000.rds
    wildcards: cell=dp0.65_k-0.3_n2000_r15_m2000
    threads: 2
    resources: tmpdir=/tmp

[Tue Sep  1 23:14:50 2026]
Finished job 1726.
360 of 1923 steps (19%) done
Select jobs to execute...
Execute 1 jobs...

[Tue Sep  1 23:14:50 2026]
localrule run_cell:
    output: results/bias_sensitivity/raw/dp0.25_k-0.3_n10000_r5_m2000.rds
    log: logs/bias_sensitivity/run_dp0.25_k-0.3_n10000_r5_m2000.log
    jobid: 296
    reason: Missing output files: results/bias_sensitivity/raw/dp0.25_k-0.3_n10000_r5_m2000.rds
    wildcards: cell=dp0.25_k-0.3_n10000_r5_m2000
    threads: 2
    resources: tmpdir=/tmp

[Tue Sep  1 23:15:02 2026]
Finished job 733.
361 of 1923 steps (19%) done
Select jobs to execute...
Execute 1 jobs...

[Tue Sep  1 23:15:02 2026]
localrule run_cell:
    output: results/bias_sensitivity/raw/dp0.15_k0.3_n1000_r20_m4000.rds
    log: logs/bias_sensitivity/run_dp0.15_k0.3_n1000_r20_m4000.log
    jobid: 159
    reason: Missing output files: results/bias_sensitivity/raw/dp0.15_k0.3_n1000_r20_m4000.rds
    wildcards: cell=dp0.15_k0.3_n1000_r20_m4000
    threads: 2
    resources: tmpdir=/tmp

[Tue Sep  1 23:15:55 2026]
Finished job 534.
362 of 1923 steps (19%) done
Select jobs to execute...
Execute 1 jobs...

[Tue Sep  1 23:15:55 2026]
localrule run_cell:
    output: results/bias_sensitivity/raw/dp0.45_k0.3_n6000_r20_m4000.rds
    log: logs/bias_sensitivity/run_dp0.45_k0.3_n6000_r20_m4000.log
    jobid: 759
    reason: Missing output files: results/bias_sensitivity/raw/dp0.45_k0.3_n6000_r20_m4000.rds
    wildcards: cell=dp0.45_k0.3_n6000_r20_m4000
    threads: 2
    resources: tmpdir=/tmp

[Tue Sep  1 23:15:58 2026]
Finished job 1410.
363 of 1923 steps (19%) done
Select jobs to execute...
Execute 1 jobs...

[Tue Sep  1 23:15:58 2026]
localrule run_cell:
    output: results/bias_sensitivity/raw/dp0.25_k-0.3_n6000_r10_m2000.rds
    log: logs/bias_sensitivity/run_dp0.25_k-0.3_n6000_r10_m2000.log
    jobid: 322
    reason: Missing output files: results/bias_sensitivity/raw/dp0.25_k-0.3_n6000_r10_m2000.rds
    wildcards: cell=dp0.25_k-0.3_n6000_r10_m2000
    threads: 2
    resources: tmpdir=/tmp

[Tue Sep  1 23:16:01 2026]
Finished job 241.
364 of 1923 steps (19%) done
Select jobs to execute...
Execute 1 jobs...

[Tue Sep  1 23:16:01 2026]
localrule run_cell:
    output: results/bias_sensitivity/raw/dp0.95_k0.3_n8000_r5_m2000.rds
    log: logs/bias_sensitivity/run_dp0.95_k0.3_n8000_r5_m2000.log
    jobid: 1728
    reason: Missing output files: results/bias_sensitivity/raw/dp0.95_k0.3_n8000_r5_m2000.rds
    wildcards: cell=dp0.95_k0.3_n8000_r5_m2000
    threads: 2
    resources: tmpdir=/tmp

[Tue Sep  1 23:16:26 2026]
Finished job 1337.
365 of 1923 steps (19%) done
Select jobs to execute...
Execute 1 jobs...

[Tue Sep  1 23:16:26 2026]
localrule run_cell:
    output: results/bias_sensitivity/raw/dp0.85_k0.3_n8000_r10_m4000.rds
    log: logs/bias_sensitivity/run_dp0.85_k0.3_n8000_r10_m4000.log
    jobid: 1531
    reason: Missing output files: results/bias_sensitivity/raw/dp0.85_k0.3_n8000_r10_m4000.rds
    wildcards: cell=dp0.85_k0.3_n8000_r10_m4000
    threads: 2
    resources: tmpdir=/tmp

[Tue Sep  1 23:16:26 2026]
Finished job 1213.
366 of 1923 steps (19%) done
Select jobs to execute...
Execute 1 jobs...

[Tue Sep  1 23:16:26 2026]
localrule run_cell:
    output: results/bias_sensitivity/raw/dp0.6_k-0.3_n2000_r10_m4000.rds
    log: logs/bias_sensitivity/run_dp0.6_k-0.3_n2000_r10_m4000.log
    jobid: 1171
    reason: Missing output files: results/bias_sensitivity/raw/dp0.6_k-0.3_n2000_r10_m4000.rds
    wildcards: cell=dp0.6_k-0.3_n2000_r10_m4000
    threads: 2
    resources: tmpdir=/tmp

[Tue Sep  1 23:16:41 2026]
Finished job 973.
367 of 1923 steps (19%) done
Select jobs to execute...
Execute 1 jobs...

[Tue Sep  1 23:16:41 2026]
localrule run_cell:
    output: results/bias_sensitivity/raw/dp0.75_k-0.3_n8000_r10_m4000.rds
    log: logs/bias_sensitivity/run_dp0.75_k-0.3_n8000_r10_m4000.log
    jobid: 1291
    reason: Missing output files: results/bias_sensitivity/raw/dp0.75_k-0.3_n8000_r10_m4000.rds
    wildcards: cell=dp0.75_k-0.3_n8000_r10_m4000
    threads: 2
    resources: tmpdir=/tmp

[Tue Sep  1 23:17:41 2026]
Finished job 1890.
368 of 1923 steps (19%) done
Select jobs to execute...
Execute 1 jobs...

[Tue Sep  1 23:17:41 2026]
localrule run_cell:
    output: results/bias_sensitivity/raw/dp0.7_k0.3_n2000_r10_m4000.rds
    log: logs/bias_sensitivity/run_dp0.7_k0.3_n2000_r10_m4000.log
    jobid: 1411
    reason: Missing output files: results/bias_sensitivity/raw/dp0.7_k0.3_n2000_r10_m4000.rds
    wildcards: cell=dp0.7_k0.3_n2000_r10_m4000
    threads: 2
    resources: tmpdir=/tmp

[Tue Sep  1 23:17:47 2026]
Finished job 321.
369 of 1923 steps (19%) done
Select jobs to execute...
Execute 1 jobs...

[Tue Sep  1 23:17:47 2026]
localrule run_cell:
    output: results/bias_sensitivity/raw/dp0.8_k0.3_n10000_r20_m4000.rds
    log: logs/bias_sensitivity/run_dp0.8_k0.3_n10000_r20_m4000.log
    jobid: 1591
    reason: Missing output files: results/bias_sensitivity/raw/dp0.8_k0.3_n10000_r20_m4000.rds
    wildcards: cell=dp0.8_k0.3_n10000_r20_m4000
    threads: 2
    resources: tmpdir=/tmp

[Tue Sep  1 23:18:00 2026]
Finished job 159.
370 of 1923 steps (19%) done
Select jobs to execute...
Execute 1 jobs...

[Tue Sep  1 23:18:00 2026]
localrule run_cell:
    output: results/bias_sensitivity/raw/dp1_k-0.3_n10000_r20_m4000.rds
    log: logs/bias_sensitivity/run_dp1_k-0.3_n10000_r20_m4000.log
    jobid: 1831
    reason: Missing output files: results/bias_sensitivity/raw/dp1_k-0.3_n10000_r20_m4000.rds
    wildcards: cell=dp1_k-0.3_n10000_r20_m4000
    threads: 2
    resources: tmpdir=/tmp

[Tue Sep  1 23:18:32 2026]
Finished job 1170.
371 of 1923 steps (19%) done
Select jobs to execute...
Execute 1 jobs...

[Tue Sep  1 23:18:32 2026]
localrule run_cell:
    output: results/bias_sensitivity/raw/dp1_k0.3_n2000_r10_m4000.rds
    log: logs/bias_sensitivity/run_dp1_k0.3_n2000_r10_m4000.log
    jobid: 1891
    reason: Missing output files: results/bias_sensitivity/raw/dp1_k0.3_n2000_r10_m4000.rds
    wildcards: cell=dp1_k0.3_n2000_r10_m4000
    threads: 2
    resources: tmpdir=/tmp

[Tue Sep  1 23:18:53 2026]
Finished job 1033.
372 of 1923 steps (19%) done
Select jobs to execute...
Execute 1 jobs...

[Tue Sep  1 23:18:53 2026]
localrule run_cell:
    output: results/bias_sensitivity/raw/dp0.4_k0.3_n6000_r5_m2000.rds
    log: logs/bias_sensitivity/run_dp0.4_k0.3_n6000_r5_m2000.log
    jobid: 856
    reason: Missing output files: results/bias_sensitivity/raw/dp0.4_k0.3_n6000_r5_m2000.rds
    wildcards: cell=dp0.4_k0.3_n6000_r5_m2000
    threads: 2
    resources: tmpdir=/tmp

[Tue Sep  1 23:19:26 2026]
Finished job 198.
373 of 1923 steps (19%) done
Select jobs to execute...
Execute 1 jobs...

[Tue Sep  1 23:19:26 2026]
localrule run_cell:
    output: results/bias_sensitivity/raw/dp0.5_k0.3_n4000_r10_m2000.rds
    log: logs/bias_sensitivity/run_dp0.5_k0.3_n4000_r10_m2000.log
    jobid: 1034
    reason: Missing output files: results/bias_sensitivity/raw/dp0.5_k0.3_n4000_r10_m2000.rds
    wildcards: cell=dp0.5_k0.3_n4000_r10_m2000
    threads: 2
    resources: tmpdir=/tmp

[Tue Sep  1 23:19:29 2026]
Finished job 793.
374 of 1923 steps (19%) done
Select jobs to execute...
Execute 1 jobs...

[Tue Sep  1 23:19:29 2026]
localrule run_cell:
    output: results/bias_sensitivity/raw/dp0.7_k0.3_n10000_r10_m2000.rds
    log: logs/bias_sensitivity/run_dp0.7_k0.3_n10000_r10_m2000.log
    jobid: 1394
    reason: Missing output files: results/bias_sensitivity/raw/dp0.7_k0.3_n10000_r10_m2000.rds
    wildcards: cell=dp0.7_k0.3_n10000_r10_m2000
    threads: 2
    resources: tmpdir=/tmp

[Tue Sep  1 23:19:48 2026]
Finished job 912.
375 of 1923 steps (20%) done
Select jobs to execute...
Execute 1 jobs...

[Tue Sep  1 23:19:48 2026]
localrule run_cell:
    output: results/bias_sensitivity/raw/dp0.65_k-0.3_n6000_r20_m2000.rds
    log: logs/bias_sensitivity/run_dp0.65_k-0.3_n6000_r20_m2000.log
    jobid: 1094
    reason: Missing output files: results/bias_sensitivity/raw/dp0.65_k-0.3_n6000_r20_m2000.rds
    wildcards: cell=dp0.65_k-0.3_n6000_r20_m2000
    threads: 2
    resources: tmpdir=/tmp

[Tue Sep  1 23:20:04 2026]
Finished job 1391.
376 of 1923 steps (20%) done
Select jobs to execute...
Execute 1 jobs...

[Tue Sep  1 23:20:04 2026]
localrule run_cell:
    output: results/bias_sensitivity/raw/dp0.2_k0.3_n10000_r10_m2000.rds
    log: logs/bias_sensitivity/run_dp0.2_k0.3_n10000_r10_m2000.log
    jobid: 434
    reason: Missing output files: results/bias_sensitivity/raw/dp0.2_k0.3_n10000_r10_m2000.rds
    wildcards: cell=dp0.2_k0.3_n10000_r10_m2000
    threads: 2
    resources: tmpdir=/tmp

[Tue Sep  1 23:20:24 2026]
Finished job 671.
377 of 1923 steps (20%) done
Select jobs to execute...
Execute 1 jobs...

[Tue Sep  1 23:20:24 2026]
localrule run_cell:
    output: results/bias_sensitivity/raw/dp0.4_k0.3_n6000_r20_m2000.rds
    log: logs/bias_sensitivity/run_dp0.4_k0.3_n6000_r20_m2000.log
    jobid: 854
    reason: Missing output files: results/bias_sensitivity/raw/dp0.4_k0.3_n6000_r20_m2000.rds
    wildcards: cell=dp0.4_k0.3_n6000_r20_m2000
    threads: 2
    resources: tmpdir=/tmp

[Tue Sep  1 23:21:09 2026]
Finished job 431.
378 of 1923 steps (20%) done
Select jobs to execute...
Execute 1 jobs...

[Tue Sep  1 23:21:09 2026]
localrule run_cell:
    output: results/bias_sensitivity/raw/dp0.55_k0.3_n10000_r10_m2000.rds
    log: logs/bias_sensitivity/run_dp0.55_k0.3_n10000_r10_m2000.log
    jobid: 914
    reason: Missing output files: results/bias_sensitivity/raw/dp0.55_k0.3_n10000_r10_m2000.rds
    wildcards: cell=dp0.55_k0.3_n10000_r10_m2000
    threads: 2
    resources: tmpdir=/tmp

[Tue Sep  1 23:21:58 2026]
Finished job 1392.
379 of 1923 steps (20%) done
Select jobs to execute...
Execute 1 jobs...

[Tue Sep  1 23:21:58 2026]
localrule run_cell:
    output: results/bias_sensitivity/raw/dp0.5_k-0.3_n1000_r20_m2000.rds
    log: logs/bias_sensitivity/run_dp0.5_k-0.3_n1000_r20_m2000.log
    jobid: 974
    reason: Missing output files: results/bias_sensitivity/raw/dp0.5_k-0.3_n1000_r20_m2000.rds
    wildcards: cell=dp0.5_k-0.3_n1000_r20_m2000
    threads: 2
    resources: tmpdir=/tmp

[Tue Sep  1 23:22:02 2026]
Finished job 596.
380 of 1923 steps (20%) done
Select jobs to execute...
Execute 1 jobs...

[Tue Sep  1 23:22:02 2026]
localrule run_cell:
    output: results/bias_sensitivity/raw/dp0.45_k-0.3_n10000_r10_m2000.rds
    log: logs/bias_sensitivity/run_dp0.45_k-0.3_n10000_r10_m2000.log
    jobid: 674
    reason: Missing output files: results/bias_sensitivity/raw/dp0.45_k-0.3_n10000_r10_m2000.rds
    wildcards: cell=dp0.45_k-0.3_n10000_r10_m2000
    threads: 2
    resources: tmpdir=/tmp

[Tue Sep  1 23:22:02 2026]
Finished job 1076.
381 of 1923 steps (20%) done
Select jobs to execute...
Execute 1 jobs...

[Tue Sep  1 23:22:02 2026]
localrule run_cell:
    output: results/bias_sensitivity/raw/dp0.7_k-0.3_n6000_r15_m4000.rds
    log: logs/bias_sensitivity/run_dp0.7_k-0.3_n6000_r15_m4000.log
    jobid: 1381
    reason: Missing output files: results/bias_sensitivity/raw/dp0.7_k-0.3_n6000_r15_m4000.rds
    wildcards: cell=dp0.7_k-0.3_n6000_r15_m4000
    threads: 2
    resources: tmpdir=/tmp

[Tue Sep  1 23:23:09 2026]
Finished job 1775.
382 of 1923 steps (20%) done
Select jobs to execute...
Execute 1 jobs...

[Tue Sep  1 23:23:09 2026]
localrule run_cell:
    output: results/bias_sensitivity/raw/dp0.45_k0.3_n1000_r20_m2000.rds
    log: logs/bias_sensitivity/run_dp0.45_k0.3_n1000_r20_m2000.log
    jobid: 734
    reason: Missing output files: results/bias_sensitivity/raw/dp0.45_k0.3_n1000_r20_m2000.rds
    wildcards: cell=dp0.45_k0.3_n1000_r20_m2000
    threads: 2
    resources: tmpdir=/tmp

[Tue Sep  1 23:23:40 2026]
Finished job 1727.
383 of 1923 steps (20%) done
Select jobs to execute...
Execute 1 jobs...

[Tue Sep  1 23:23:40 2026]
localrule run_cell:
    output: results/bias_sensitivity/raw/dp0.4_k-0.3_n4000_r10_m2000.rds
    log: logs/bias_sensitivity/run_dp0.4_k-0.3_n4000_r10_m2000.log
    jobid: 794
    reason: Missing output files: results/bias_sensitivity/raw/dp0.4_k-0.3_n4000_r10_m2000.rds
    wildcards: cell=dp0.4_k-0.3_n4000_r10_m2000
    threads: 2
    resources: tmpdir=/tmp

[Tue Sep  1 23:23:45 2026]
Finished job 1171.
384 of 1923 steps (20%) done
Select jobs to execute...
Execute 1 jobs...

[Tue Sep  1 23:23:45 2026]
localrule run_cell:
    output: results/bias_sensitivity/raw/dp0.6_k0.3_n1000_r20_m2000.rds
    log: logs/bias_sensitivity/run_dp0.6_k0.3_n1000_r20_m2000.log
    jobid: 1214
    reason: Missing output files: results/bias_sensitivity/raw/dp0.6_k0.3_n1000_r20_m2000.rds
    wildcards: cell=dp0.6_k0.3_n1000_r20_m2000
    threads: 2
    resources: tmpdir=/tmp

[Tue Sep  1 23:23:56 2026]
Finished job 1338.
385 of 1923 steps (20%) done
Select jobs to execute...
Execute 1 jobs...

[Tue Sep  1 23:23:56 2026]
localrule run_cell:
    output: results/bias_sensitivity/raw/dp0.2_k-0.3_n4000_r5_m4000.rds
    log: logs/bias_sensitivity/run_dp0.2_k-0.3_n4000_r5_m4000.log
    jobid: 417
    reason: Missing output files: results/bias_sensitivity/raw/dp0.2_k-0.3_n4000_r5_m4000.rds
    wildcards: cell=dp0.2_k-0.3_n4000_r5_m4000
    threads: 2
    resources: tmpdir=/tmp

[Tue Sep  1 23:23:57 2026]
Finished job 535.
386 of 1923 steps (20%) done
Select jobs to execute...
Execute 1 jobs...

[Tue Sep  1 23:23:57 2026]
localrule run_cell:
    output: results/bias_sensitivity/raw/dp0.35_k0.3_n10000_r5_m4000.rds
    log: logs/bias_sensitivity/run_dp0.35_k0.3_n10000_r5_m4000.log
    jobid: 537
    reason: Missing output files: results/bias_sensitivity/raw/dp0.35_k0.3_n10000_r5_m4000.rds
    wildcards: cell=dp0.35_k0.3_n10000_r5_m4000
    threads: 2
    resources: tmpdir=/tmp

[Tue Sep  1 23:24:05 2026]
Finished job 293.
387 of 1923 steps (20%) done
Select jobs to execute...
Execute 1 jobs...

[Tue Sep  1 23:24:05 2026]
localrule run_cell:
    output: results/bias_sensitivity/raw/dp0.3_k-0.3_n2000_r15_m4000.rds
    log: logs/bias_sensitivity/run_dp0.3_k-0.3_n2000_r15_m4000.log
    jobid: 597
    reason: Missing output files: results/bias_sensitivity/raw/dp0.3_k-0.3_n2000_r15_m4000.rds
    wildcards: cell=dp0.3_k-0.3_n2000_r15_m4000
    threads: 2
    resources: tmpdir=/tmp

[Tue Sep  1 23:24:28 2026]
Finished job 1288.
388 of 1923 steps (20%) done
Select jobs to execute...
Execute 1 jobs...

[Tue Sep  1 23:24:28 2026]
localrule run_cell:
    output: results/bias_sensitivity/raw/dp0.65_k-0.3_n2000_r15_m4000.rds
    log: logs/bias_sensitivity/run_dp0.65_k-0.3_n2000_r15_m4000.log
    jobid: 1077
    reason: Missing output files: results/bias_sensitivity/raw/dp0.65_k-0.3_n2000_r15_m4000.rds
    wildcards: cell=dp0.65_k-0.3_n2000_r15_m4000
    threads: 2
    resources: tmpdir=/tmp

[Tue Sep  1 23:24:47 2026]
Finished job 416.
389 of 1923 steps (20%) done
Select jobs to execute...
Execute 1 jobs...

[Tue Sep  1 23:24:47 2026]
localrule run_cell:
    output: results/bias_sensitivity/raw/dp0.25_k-0.3_n10000_r5_m4000.rds
    log: logs/bias_sensitivity/run_dp0.25_k-0.3_n10000_r5_m4000.log
    jobid: 297
    reason: Missing output files: results/bias_sensitivity/raw/dp0.25_k-0.3_n10000_r5_m4000.rds
    wildcards: cell=dp0.25_k-0.3_n10000_r5_m4000
    threads: 2
    resources: tmpdir=/tmp

[Tue Sep  1 23:25:02 2026]
Finished job 974.
390 of 1923 steps (20%) done
Select jobs to execute...
Execute 1 jobs...

[Tue Sep  1 23:25:02 2026]
localrule run_cell:
    output: results/bias_sensitivity/raw/dp0.45_k0.3_n6000_r5_m2000.rds
    log: logs/bias_sensitivity/run_dp0.45_k0.3_n6000_r5_m2000.log
    jobid: 760
    reason: Missing output files: results/bias_sensitivity/raw/dp0.45_k0.3_n6000_r5_m2000.rds
    wildcards: cell=dp0.45_k0.3_n6000_r5_m2000
    threads: 2
    resources: tmpdir=/tmp

[Tue Sep  1 23:25:08 2026]
Finished job 1530.
391 of 1923 steps (20%) done
Select jobs to execute...
Execute 1 jobs...

[Tue Sep  1 23:25:08 2026]
localrule run_cell:
    output: results/bias_sensitivity/raw/dp0.15_k0.3_n1000_r5_m2000.rds
    log: logs/bias_sensitivity/run_dp0.15_k0.3_n1000_r5_m2000.log
    jobid: 160
    reason: Missing output files: results/bias_sensitivity/raw/dp0.15_k0.3_n1000_r5_m2000.rds
    wildcards: cell=dp0.15_k0.3_n1000_r5_m2000
    threads: 2
    resources: tmpdir=/tmp

[Tue Sep  1 23:25:22 2026]
Finished job 1891.
392 of 1923 steps (20%) done
Select jobs to execute...
Execute 1 jobs...

[Tue Sep  1 23:25:23 2026]
localrule run_cell:
    output: results/bias_sensitivity/raw/dp0.25_k-0.3_n6000_r10_m4000.rds
    log: logs/bias_sensitivity/run_dp0.25_k-0.3_n6000_r10_m4000.log
    jobid: 323
    reason: Missing output files: results/bias_sensitivity/raw/dp0.25_k-0.3_n6000_r10_m4000.rds
    wildcards: cell=dp0.25_k-0.3_n6000_r10_m4000
    threads: 2
    resources: tmpdir=/tmp

[Tue Sep  1 23:25:31 2026]
Finished job 1411.
393 of 1923 steps (20%) done
Select jobs to execute...
Execute 1 jobs...

[Tue Sep  1 23:25:31 2026]
localrule run_cell:
    output: results/bias_sensitivity/raw/dp0.95_k0.3_n8000_r5_m4000.rds
    log: logs/bias_sensitivity/run_dp0.95_k0.3_n8000_r5_m4000.log
    jobid: 1729
    reason: Missing output files: results/bias_sensitivity/raw/dp0.95_k0.3_n8000_r5_m4000.rds
    wildcards: cell=dp0.95_k0.3_n8000_r5_m4000
    threads: 2
    resources: tmpdir=/tmp

[Tue Sep  1 23:26:24 2026]
Finished job 734.
394 of 1923 steps (20%) done
Select jobs to execute...
Execute 1 jobs...

[Tue Sep  1 23:26:24 2026]
localrule run_cell:
    output: results/bias_sensitivity/raw/dp0.7_k-0.3_n1000_r5_m4000.rds
    log: logs/bias_sensitivity/run_dp0.7_k-0.3_n1000_r5_m4000.log
    jobid: 1361
    reason: Missing output files: results/bias_sensitivity/raw/dp0.7_k-0.3_n1000_r5_m4000.rds
    wildcards: cell=dp0.7_k-0.3_n1000_r5_m4000
    threads: 2
    resources: tmpdir=/tmp

[Tue Sep  1 23:26:56 2026]
Finished job 1214.
395 of 1923 steps (21%) done
Select jobs to execute...
Execute 1 jobs...

[Tue Sep  1 23:26:56 2026]
localrule run_cell:
    output: results/bias_sensitivity/raw/dp0.7_k0.3_n2000_r15_m2000.rds
    log: logs/bias_sensitivity/run_dp0.7_k0.3_n2000_r15_m2000.log
    jobid: 1412
    reason: Missing output files: results/bias_sensitivity/raw/dp0.7_k0.3_n2000_r15_m2000.rds
    wildcards: cell=dp0.7_k0.3_n2000_r15_m2000
    threads: 2
    resources: tmpdir=/tmp

[Tue Sep  1 23:27:26 2026]
Finished job 673.
396 of 1923 steps (21%) done
Select jobs to execute...
Execute 1 jobs...

[Tue Sep  1 23:27:26 2026]
localrule run_cell:
    output: results/bias_sensitivity/raw/dp0.85_k0.3_n8000_r15_m2000.rds
    log: logs/bias_sensitivity/run_dp0.85_k0.3_n8000_r15_m2000.log
    jobid: 1532
    reason: Missing output files: results/bias_sensitivity/raw/dp0.85_k0.3_n8000_r15_m2000.rds
    wildcards: cell=dp0.85_k0.3_n8000_r15_m2000
    threads: 2
    resources: tmpdir=/tmp

[Tue Sep  1 23:28:06 2026]
Finished job 240.
397 of 1923 steps (21%) done
Select jobs to execute...
Execute 1 jobs...

[Tue Sep  1 23:28:06 2026]
localrule run_cell:
    output: results/bias_sensitivity/raw/dp0.8_k0.3_n10000_r5_m2000.rds
    log: logs/bias_sensitivity/run_dp0.8_k0.3_n10000_r5_m2000.log
    jobid: 1592
    reason: Missing output files: results/bias_sensitivity/raw/dp0.8_k0.3_n10000_r5_m2000.rds
    wildcards: cell=dp0.8_k0.3_n10000_r5_m2000
    threads: 2
    resources: tmpdir=/tmp

[Tue Sep  1 23:28:08 2026]
Finished job 160.
398 of 1923 steps (21%) done
Select jobs to execute...
Execute 1 jobs...

[Tue Sep  1 23:28:08 2026]
localrule run_cell:
    output: results/bias_sensitivity/raw/dp1_k-0.3_n10000_r5_m2000.rds
    log: logs/bias_sensitivity/run_dp1_k-0.3_n10000_r5_m2000.log
    jobid: 1832
    reason: Missing output files: results/bias_sensitivity/raw/dp1_k-0.3_n10000_r5_m2000.rds
    wildcards: cell=dp1_k-0.3_n10000_r5_m2000
    threads: 2
    resources: tmpdir=/tmp

[Tue Sep  1 23:28:20 2026]
Finished job 322.
399 of 1923 steps (21%) done
Select jobs to execute...
Execute 1 jobs...

[Tue Sep  1 23:28:20 2026]
localrule run_cell:
    output: results/bias_sensitivity/raw/dp1_k0.3_n2000_r15_m2000.rds
    log: logs/bias_sensitivity/run_dp1_k0.3_n2000_r15_m2000.log
    jobid: 1892
    reason: Missing output files: results/bias_sensitivity/raw/dp1_k0.3_n2000_r15_m2000.rds
    wildcards: cell=dp1_k0.3_n2000_r15_m2000
    threads: 2
    resources: tmpdir=/tmp

[Tue Sep  1 23:28:38 2026]
Finished job 759.
400 of 1923 steps (21%) done
Select jobs to execute...
Execute 1 jobs...

[Tue Sep  1 23:28:38 2026]
localrule run_cell:
    output: results/bias_sensitivity/raw/dp0.75_k-0.3_n8000_r15_m2000.rds
    log: logs/bias_sensitivity/run_dp0.75_k-0.3_n8000_r15_m2000.log
    jobid: 1292
    reason: Missing output files: results/bias_sensitivity/raw/dp0.75_k-0.3_n8000_r15_m2000.rds
    wildcards: cell=dp0.75_k-0.3_n8000_r15_m2000
    threads: 2
    resources: tmpdir=/tmp

[Tue Sep  1 23:28:38 2026]
Finished job 1590.
401 of 1923 steps (21%) done
Select jobs to execute...
Execute 1 jobs...

[Tue Sep  1 23:28:38 2026]
localrule run_cell:
    output: results/bias_sensitivity/raw/dp0.6_k-0.3_n2000_r15_m2000.rds
    log: logs/bias_sensitivity/run_dp0.6_k-0.3_n2000_r15_m2000.log
    jobid: 1172
    reason: Missing output files: results/bias_sensitivity/raw/dp0.6_k-0.3_n2000_r15_m2000.rds
    wildcards: cell=dp0.6_k-0.3_n2000_r15_m2000
    threads: 2
    resources: tmpdir=/tmp

[Tue Sep  1 23:29:15 2026]
Finished job 1827.
402 of 1923 steps (21%) done
Select jobs to execute...
Execute 1 jobs...

[Tue Sep  1 23:29:15 2026]
localrule run_cell:
    output: results/bias_sensitivity/raw/dp0.75_k-0.3_n10000_r5_m4000.rds
    log: logs/bias_sensitivity/run_dp0.75_k-0.3_n10000_r5_m4000.log
    jobid: 1257
    reason: Missing output files: results/bias_sensitivity/raw/dp0.75_k-0.3_n10000_r5_m4000.rds
    wildcards: cell=dp0.75_k-0.3_n10000_r5_m4000
    threads: 2
    resources: tmpdir=/tmp

[Tue Sep  1 23:29:17 2026]
Finished job 1587.
403 of 1923 steps (21%) done
Select jobs to execute...
Execute 1 jobs...

[Tue Sep  1 23:29:17 2026]
localrule run_cell:
    output: results/bias_sensitivity/raw/dp0.5_k-0.3_n1000_r20_m4000.rds
    log: logs/bias_sensitivity/run_dp0.5_k-0.3_n1000_r20_m4000.log
    jobid: 975
    reason: Missing output files: results/bias_sensitivity/raw/dp0.5_k-0.3_n1000_r20_m4000.rds
    wildcards: cell=dp0.5_k-0.3_n1000_r20_m4000
    threads: 2
    resources: tmpdir=/tmp

[Tue Sep  1 23:29:18 2026]
Finished job 1492.
404 of 1923 steps (21%) done
Select jobs to execute...
Execute 1 jobs...

[Tue Sep  1 23:29:18 2026]
localrule run_cell:
    output: results/bias_sensitivity/raw/dp0.6_k0.3_n1000_r20_m4000.rds
    log: logs/bias_sensitivity/run_dp0.6_k0.3_n1000_r20_m4000.log
    jobid: 1215
    reason: Missing output files: results/bias_sensitivity/raw/dp0.6_k0.3_n1000_r20_m4000.rds
    wildcards: cell=dp0.6_k0.3_n1000_r20_m4000
    threads: 2
    resources: tmpdir=/tmp

[Tue Sep  1 23:29:31 2026]
Finished job 913.
405 of 1923 steps (21%) done
Select jobs to execute...
Execute 1 jobs...

[Tue Sep  1 23:29:31 2026]
localrule run_cell:
    output: results/bias_sensitivity/raw/dp0.7_k0.3_n10000_r10_m4000.rds
    log: logs/bias_sensitivity/run_dp0.7_k0.3_n10000_r10_m4000.log
    jobid: 1395
    reason: Missing output files: results/bias_sensitivity/raw/dp0.7_k0.3_n10000_r10_m4000.rds
    wildcards: cell=dp0.7_k0.3_n10000_r10_m4000
    threads: 2
    resources: tmpdir=/tmp

[Tue Sep  1 23:29:45 2026]
Finished job 1361.
406 of 1923 steps (21%) done
Select jobs to execute...
Execute 1 jobs...

[Tue Sep  1 23:29:45 2026]
localrule run_cell:
    output: results/bias_sensitivity/raw/dp0.5_k0.3_n4000_r10_m4000.rds
    log: logs/bias_sensitivity/run_dp0.5_k0.3_n4000_r10_m4000.log
    jobid: 1035
    reason: Missing output files: results/bias_sensitivity/raw/dp0.5_k0.3_n4000_r10_m4000.rds
    wildcards: cell=dp0.5_k0.3_n4000_r10_m4000
    threads: 2
    resources: tmpdir=/tmp

[Tue Sep  1 23:29:50 2026]
Finished job 430.
407 of 1923 steps (21%) done
Select jobs to execute...
Execute 1 jobs...

[Tue Sep  1 23:29:50 2026]
localrule run_cell:
    output: results/bias_sensitivity/raw/dp0.65_k-0.3_n6000_r20_m4000.rds
    log: logs/bias_sensitivity/run_dp0.65_k-0.3_n6000_r20_m4000.log
    jobid: 1095
    reason: Missing output files: results/bias_sensitivity/raw/dp0.65_k-0.3_n6000_r20_m4000.rds
    wildcards: cell=dp0.65_k-0.3_n6000_r20_m4000
    threads: 2
    resources: tmpdir=/tmp

[Tue Sep  1 23:30:06 2026]
Finished job 1012.
408 of 1923 steps (21%) done
Select jobs to execute...
Execute 1 jobs...

[Tue Sep  1 23:30:06 2026]
localrule run_cell:
    output: results/bias_sensitivity/raw/dp0.2_k0.3_n10000_r10_m4000.rds
    log: logs/bias_sensitivity/run_dp0.2_k0.3_n10000_r10_m4000.log
    jobid: 435
    reason: Missing output files: results/bias_sensitivity/raw/dp0.2_k0.3_n10000_r10_m4000.rds
    wildcards: cell=dp0.2_k0.3_n10000_r10_m4000
    threads: 2
    resources: tmpdir=/tmp

[Tue Sep  1 23:30:25 2026]
Finished job 1034.
409 of 1923 steps (21%) done
Select jobs to execute...
Execute 1 jobs...

[Tue Sep  1 23:30:25 2026]
localrule run_cell:
    output: results/bias_sensitivity/raw/dp0.45_k-0.3_n10000_r10_m4000.rds
    log: logs/bias_sensitivity/run_dp0.45_k-0.3_n10000_r10_m4000.log
    jobid: 675
    reason: Missing output files: results/bias_sensitivity/raw/dp0.45_k-0.3_n10000_r10_m4000.rds
    wildcards: cell=dp0.45_k-0.3_n10000_r10_m4000
    threads: 2
    resources: tmpdir=/tmp

[Tue Sep  1 23:31:05 2026]
Finished job 757.
410 of 1923 steps (21%) done
Select jobs to execute...
Execute 1 jobs...

[Tue Sep  1 23:31:05 2026]
localrule run_cell:
    output: results/bias_sensitivity/raw/dp0.45_k0.3_n1000_r20_m4000.rds
    log: logs/bias_sensitivity/run_dp0.45_k0.3_n1000_r20_m4000.log
    jobid: 735
    reason: Missing output files: results/bias_sensitivity/raw/dp0.45_k0.3_n1000_r20_m4000.rds
    wildcards: cell=dp0.45_k0.3_n1000_r20_m4000
    threads: 2
    resources: tmpdir=/tmp

[Tue Sep  1 23:31:52 2026]
Finished job 1077.
411 of 1923 steps (21%) done
Select jobs to execute...
Execute 1 jobs...

[Tue Sep  1 23:31:52 2026]
localrule run_cell:
    output: results/bias_sensitivity/raw/dp0.4_k-0.3_n4000_r10_m4000.rds
    log: logs/bias_sensitivity/run_dp0.4_k-0.3_n4000_r10_m4000.log
    jobid: 795
    reason: Missing output files: results/bias_sensitivity/raw/dp0.4_k-0.3_n4000_r10_m4000.rds
    wildcards: cell=dp0.4_k-0.3_n4000_r10_m4000
    threads: 2
    resources: tmpdir=/tmp

[Tue Sep  1 23:32:04 2026]
Finished job 758.
412 of 1923 steps (21%) done
Select jobs to execute...
Execute 1 jobs...

[Tue Sep  1 23:32:04 2026]
localrule run_cell:
    output: results/bias_sensitivity/raw/dp0.4_k0.3_n6000_r20_m4000.rds
    log: logs/bias_sensitivity/run_dp0.4_k0.3_n6000_r20_m4000.log
    jobid: 855
    reason: Missing output files: results/bias_sensitivity/raw/dp0.4_k0.3_n6000_r20_m4000.rds
    wildcards: cell=dp0.4_k0.3_n6000_r20_m4000
    threads: 2
    resources: tmpdir=/tmp

[Tue Sep  1 23:32:27 2026]
Finished job 975.
413 of 1923 steps (21%) done
Select jobs to execute...
Execute 1 jobs...

[Tue Sep  1 23:32:27 2026]
localrule run_cell:
    output: results/bias_sensitivity/raw/dp0.3_k-0.3_n2000_r20_m2000.rds
    log: logs/bias_sensitivity/run_dp0.3_k-0.3_n2000_r20_m2000.log
    jobid: 598
    reason: Missing output files: results/bias_sensitivity/raw/dp0.3_k-0.3_n2000_r20_m2000.rds
    wildcards: cell=dp0.3_k-0.3_n2000_r20_m2000
    threads: 2
    resources: tmpdir=/tmp

[Tue Sep  1 23:32:31 2026]
Finished job 1215.
414 of 1923 steps (22%) done
Select jobs to execute...
Execute 1 jobs...

[Tue Sep  1 23:32:31 2026]
localrule run_cell:
    output: results/bias_sensitivity/raw/dp0.2_k-0.3_n6000_r10_m2000.rds
    log: logs/bias_sensitivity/run_dp0.2_k-0.3_n6000_r10_m2000.log
    jobid: 418
    reason: Missing output files: results/bias_sensitivity/raw/dp0.2_k-0.3_n6000_r10_m2000.rds
    wildcards: cell=dp0.2_k-0.3_n6000_r10_m2000
    threads: 2
    resources: tmpdir=/tmp

[Tue Sep  1 23:32:36 2026]
Finished job 1529.
415 of 1923 steps (22%) done
Select jobs to execute...
Execute 1 jobs...

[Tue Sep  1 23:32:36 2026]
localrule run_cell:
    output: results/bias_sensitivity/raw/dp0.35_k0.3_n1000_r10_m2000.rds
    log: logs/bias_sensitivity/run_dp0.35_k0.3_n1000_r10_m2000.log
    jobid: 538
    reason: Missing output files: results/bias_sensitivity/raw/dp0.35_k0.3_n1000_r10_m2000.rds
    wildcards: cell=dp0.35_k0.3_n1000_r10_m2000
    threads: 2
    resources: tmpdir=/tmp

[Tue Sep  1 23:33:07 2026]
Finished job 536.
416 of 1923 steps (22%) done
Select jobs to execute...
Execute 1 jobs...

[Tue Sep  1 23:33:07 2026]
localrule run_cell:
    output: results/bias_sensitivity/raw/dp0.25_k-0.3_n1000_r10_m2000.rds
    log: logs/bias_sensitivity/run_dp0.25_k-0.3_n1000_r10_m2000.log
    jobid: 298
    reason: Missing output files: results/bias_sensitivity/raw/dp0.25_k-0.3_n1000_r10_m2000.rds
    wildcards: cell=dp0.25_k-0.3_n1000_r10_m2000
    threads: 2
    resources: tmpdir=/tmp

[Tue Sep  1 23:33:33 2026]
Finished job 1412.
417 of 1923 steps (22%) done
Select jobs to execute...
Execute 1 jobs...

[Tue Sep  1 23:33:33 2026]
localrule run_cell:
    output: results/bias_sensitivity/raw/dp0.65_k-0.3_n2000_r20_m2000.rds
    log: logs/bias_sensitivity/run_dp0.65_k-0.3_n2000_r20_m2000.log
    jobid: 1078
    reason: Missing output files: results/bias_sensitivity/raw/dp0.65_k-0.3_n2000_r20_m2000.rds
    wildcards: cell=dp0.65_k-0.3_n2000_r20_m2000
    threads: 2
    resources: tmpdir=/tmp

[Tue Sep  1 23:33:55 2026]
Finished job 1728.
418 of 1923 steps (22%) done
Select jobs to execute...
Execute 1 jobs...

[Tue Sep  1 23:33:55 2026]
localrule run_cell:
    output: results/bias_sensitivity/raw/dp0.15_k0.3_n1000_r5_m4000.rds
    log: logs/bias_sensitivity/run_dp0.15_k0.3_n1000_r5_m4000.log
    jobid: 161
    reason: Missing output files: results/bias_sensitivity/raw/dp0.15_k0.3_n1000_r5_m4000.rds
    wildcards: cell=dp0.15_k0.3_n1000_r5_m4000
    threads: 2
    resources: tmpdir=/tmp

[Tue Sep  1 23:34:06 2026]
Finished job 794.
419 of 1923 steps (22%) done
Select jobs to execute...
Execute 1 jobs...

[Tue Sep  1 23:34:06 2026]
localrule run_cell:
    output: results/bias_sensitivity/raw/dp0.45_k0.3_n6000_r5_m4000.rds
    log: logs/bias_sensitivity/run_dp0.45_k0.3_n6000_r5_m4000.log
    jobid: 761
    reason: Missing output files: results/bias_sensitivity/raw/dp0.45_k0.3_n6000_r5_m4000.rds
    wildcards: cell=dp0.45_k0.3_n6000_r5_m4000
    threads: 2
    resources: tmpdir=/tmp

[Tue Sep  1 23:34:16 2026]
Finished job 735.
420 of 1923 steps (22%) done
Select jobs to execute...
Execute 1 jobs...

[Tue Sep  1 23:34:16 2026]
localrule run_cell:
    output: results/bias_sensitivity/raw/dp0.25_k-0.3_n6000_r15_m2000.rds
    log: logs/bias_sensitivity/run_dp0.25_k-0.3_n6000_r15_m2000.log
    jobid: 324
    reason: Missing output files: results/bias_sensitivity/raw/dp0.25_k-0.3_n6000_r15_m2000.rds
    wildcards: cell=dp0.25_k-0.3_n6000_r15_m2000
    threads: 2
    resources: tmpdir=/tmp

[Tue Sep  1 23:34:24 2026]
Finished job 1449.
421 of 1923 steps (22%) done
Select jobs to execute...
Execute 1 jobs...

[Tue Sep  1 23:34:24 2026]
localrule run_cell:
    output: results/bias_sensitivity/raw/dp0.9_k-0.3_n10000_r10_m2000.rds
    log: logs/bias_sensitivity/run_dp0.9_k-0.3_n10000_r10_m2000.log
    jobid: 1730
    reason: Missing output files: results/bias_sensitivity/raw/dp0.9_k-0.3_n10000_r10_m2000.rds
    wildcards: cell=dp0.9_k-0.3_n10000_r10_m2000
    threads: 2
    resources: tmpdir=/tmp

[Tue Sep  1 23:34:48 2026]
Finished job 417.
422 of 1923 steps (22%) done
Select jobs to execute...
Execute 1 jobs...

[Tue Sep  1 23:34:48 2026]
localrule run_cell:
    output: results/bias_sensitivity/raw/dp0.75_k-0.3_n8000_r15_m4000.rds
    log: logs/bias_sensitivity/run_dp0.75_k-0.3_n8000_r15_m4000.log
    jobid: 1293
    reason: Missing output files: results/bias_sensitivity/raw/dp0.75_k-0.3_n8000_r15_m4000.rds
    wildcards: cell=dp0.75_k-0.3_n8000_r15_m4000
    threads: 2
    resources: tmpdir=/tmp

[Tue Sep  1 23:35:11 2026]
Finished job 1172.
423 of 1923 steps (22%) done
Select jobs to execute...
Execute 1 jobs...

[Tue Sep  1 23:35:11 2026]
localrule run_cell:
    output: results/bias_sensitivity/raw/dp0.7_k0.3_n2000_r15_m4000.rds
    log: logs/bias_sensitivity/run_dp0.7_k0.3_n2000_r15_m4000.log
    jobid: 1413
    reason: Missing output files: results/bias_sensitivity/raw/dp0.7_k0.3_n2000_r15_m4000.rds
    wildcards: cell=dp0.7_k0.3_n2000_r15_m4000
    threads: 2
    resources: tmpdir=/tmp

[Tue Sep  1 23:35:45 2026]
Finished job 538.
424 of 1923 steps (22%) done
Select jobs to execute...
Execute 1 jobs...

[Tue Sep  1 23:35:45 2026]
localrule run_cell:
    output: results/bias_sensitivity/raw/dp0.85_k0.3_n8000_r15_m4000.rds
    log: logs/bias_sensitivity/run_dp0.85_k0.3_n8000_r15_m4000.log
    jobid: 1533
    reason: Missing output files: results/bias_sensitivity/raw/dp0.85_k0.3_n8000_r15_m4000.rds
    wildcards: cell=dp0.85_k0.3_n8000_r15_m4000
    threads: 2
    resources: tmpdir=/tmp

[Tue Sep  1 23:36:03 2026]
Finished job 1892.
425 of 1923 steps (22%) done
Select jobs to execute...
Execute 1 jobs...

[Tue Sep  1 23:36:03 2026]
localrule run_cell:
    output: results/bias_sensitivity/raw/dp0.8_k0.3_n10000_r5_m4000.rds
    log: logs/bias_sensitivity/run_dp0.8_k0.3_n10000_r5_m4000.log
    jobid: 1593
    reason: Missing output files: results/bias_sensitivity/raw/dp0.8_k0.3_n10000_r5_m4000.rds
    wildcards: cell=dp0.8_k0.3_n10000_r5_m4000
    threads: 2
    resources: tmpdir=/tmp

[Tue Sep  1 23:36:08 2026]
Finished job 298.
426 of 1923 steps (22%) done
Select jobs to execute...
Execute 1 jobs...

[Tue Sep  1 23:36:08 2026]
localrule run_cell:
    output: results/bias_sensitivity/raw/dp1_k-0.3_n10000_r5_m4000.rds
    log: logs/bias_sensitivity/run_dp1_k-0.3_n10000_r5_m4000.log
    jobid: 1833
    reason: Missing output files: results/bias_sensitivity/raw/dp1_k-0.3_n10000_r5_m4000.rds
    wildcards: cell=dp1_k-0.3_n10000_r5_m4000
    threads: 2
    resources: tmpdir=/tmp

[Tue Sep  1 23:36:39 2026]
Finished job 597.
427 of 1923 steps (22%) done
Select jobs to execute...
Execute 1 jobs...

[Tue Sep  1 23:36:39 2026]
localrule run_cell:
    output: results/bias_sensitivity/raw/dp1_k0.3_n2000_r15_m4000.rds
    log: logs/bias_sensitivity/run_dp1_k0.3_n2000_r15_m4000.log
    jobid: 1893
    reason: Missing output files: results/bias_sensitivity/raw/dp1_k0.3_n2000_r15_m4000.rds
    wildcards: cell=dp1_k0.3_n2000_r15_m4000
    threads: 2
    resources: tmpdir=/tmp

[Tue Sep  1 23:36:55 2026]
Finished job 161.
428 of 1923 steps (22%) done
Select jobs to execute...
Execute 1 jobs...

[Tue Sep  1 23:36:55 2026]
localrule run_cell:
    output: results/bias_sensitivity/raw/dp0.6_k-0.3_n2000_r15_m4000.rds
    log: logs/bias_sensitivity/run_dp0.6_k-0.3_n2000_r15_m4000.log
    jobid: 1173
    reason: Missing output files: results/bias_sensitivity/raw/dp0.6_k-0.3_n2000_r15_m4000.rds
    wildcards: cell=dp0.6_k-0.3_n2000_r15_m4000
    threads: 2
    resources: tmpdir=/tmp

[Tue Sep  1 23:37:21 2026]
Finished job 1831.
429 of 1923 steps (22%) done
Select jobs to execute...
Execute 1 jobs...

[Tue Sep  1 23:37:21 2026]
localrule run_cell:
    output: results/bias_sensitivity/raw/dp0.5_k-0.3_n1000_r5_m2000.rds
    log: logs/bias_sensitivity/run_dp0.5_k-0.3_n1000_r5_m2000.log
    jobid: 976
    reason: Missing output files: results/bias_sensitivity/raw/dp0.5_k-0.3_n1000_r5_m2000.rds
    wildcards: cell=dp0.5_k-0.3_n1000_r5_m2000
    threads: 2
    resources: tmpdir=/tmp

[Tue Sep  1 23:37:22 2026]
Finished job 323.
430 of 1923 steps (22%) done
Select jobs to execute...
Execute 1 jobs...

[Tue Sep  1 23:37:22 2026]
localrule run_cell:
    output: results/bias_sensitivity/raw/dp0.5_k0.3_n4000_r15_m2000.rds
    log: logs/bias_sensitivity/run_dp0.5_k0.3_n4000_r15_m2000.log
    jobid: 1036
    reason: Missing output files: results/bias_sensitivity/raw/dp0.5_k0.3_n4000_r15_m2000.rds
    wildcards: cell=dp0.5_k0.3_n4000_r15_m2000
    threads: 2
    resources: tmpdir=/tmp

[Tue Sep  1 23:38:09 2026]
Finished job 1588.
431 of 1923 steps (22%) done
Select jobs to execute...
Execute 1 jobs...

[Tue Sep  1 23:38:09 2026]
localrule run_cell:
    output: results/bias_sensitivity/raw/dp0.7_k0.3_n10000_r15_m2000.rds
    log: logs/bias_sensitivity/run_dp0.7_k0.3_n10000_r15_m2000.log
    jobid: 1396
    reason: Missing output files: results/bias_sensitivity/raw/dp0.7_k0.3_n10000_r15_m2000.rds
    wildcards: cell=dp0.7_k0.3_n10000_r15_m2000
    threads: 2
    resources: tmpdir=/tmp

[Tue Sep  1 23:38:19 2026]
Finished job 294.
432 of 1923 steps (22%) done
Select jobs to execute...
Execute 1 jobs...

[Tue Sep  1 23:38:19 2026]
localrule run_cell:
    output: results/bias_sensitivity/raw/dp0.2_k0.3_n10000_r15_m2000.rds
    log: logs/bias_sensitivity/run_dp0.2_k0.3_n10000_r15_m2000.log
    jobid: 436
    reason: Missing output files: results/bias_sensitivity/raw/dp0.2_k0.3_n10000_r15_m2000.rds
    wildcards: cell=dp0.2_k0.3_n10000_r15_m2000
    threads: 2
    resources: tmpdir=/tmp

[Tue Sep  1 23:38:48 2026]
Finished job 1035.
433 of 1923 steps (23%) done
Select jobs to execute...
Execute 1 jobs...

[Tue Sep  1 23:38:48 2026]
localrule run_cell:
    output: results/bias_sensitivity/raw/dp0.6_k0.3_n1000_r5_m2000.rds
    log: logs/bias_sensitivity/run_dp0.6_k0.3_n1000_r5_m2000.log
    jobid: 1216
    reason: Missing output files: results/bias_sensitivity/raw/dp0.6_k0.3_n1000_r5_m2000.rds
    wildcards: cell=dp0.6_k0.3_n1000_r5_m2000
    threads: 2
    resources: tmpdir=/tmp

[Tue Sep  1 23:39:47 2026]
Finished job 598.
434 of 1923 steps (23%) done
Select jobs to execute...
Execute 1 jobs...

[Tue Sep  1 23:39:47 2026]
localrule run_cell:
    output: results/bias_sensitivity/raw/dp0.45_k0.3_n1000_r5_m2000.rds
    log: logs/bias_sensitivity/run_dp0.45_k0.3_n1000_r5_m2000.log
    jobid: 736
    reason: Missing output files: results/bias_sensitivity/raw/dp0.45_k0.3_n1000_r5_m2000.rds
    wildcards: cell=dp0.45_k0.3_n1000_r5_m2000
    threads: 2
    resources: tmpdir=/tmp

[Tue Sep  1 23:39:59 2026]
Finished job 1390.
435 of 1923 steps (23%) done
Select jobs to execute...
Execute 1 jobs...

[Tue Sep  1 23:39:59 2026]
localrule run_cell:
    output: results/bias_sensitivity/raw/dp0.4_k-0.3_n4000_r15_m2000.rds
    log: logs/bias_sensitivity/run_dp0.4_k-0.3_n4000_r15_m2000.log
    jobid: 796
    reason: Missing output files: results/bias_sensitivity/raw/dp0.4_k-0.3_n4000_r15_m2000.rds
    wildcards: cell=dp0.4_k-0.3_n4000_r15_m2000
    threads: 2
    resources: tmpdir=/tmp

[Tue Sep  1 23:40:31 2026]
Finished job 976.
436 of 1923 steps (23%) done
Select jobs to execute...
Execute 1 jobs...

[Tue Sep  1 23:40:31 2026]
localrule run_cell:
    output: results/bias_sensitivity/raw/dp0.65_k-0.3_n6000_r5_m2000.rds
    log: logs/bias_sensitivity/run_dp0.65_k-0.3_n6000_r5_m2000.log
    jobid: 1096
    reason: Missing output files: results/bias_sensitivity/raw/dp0.65_k-0.3_n6000_r5_m2000.rds
    wildcards: cell=dp0.65_k-0.3_n6000_r5_m2000
    threads: 2
    resources: tmpdir=/tmp

[Tue Sep  1 23:40:47 2026]
Finished job 1078.
437 of 1923 steps (23%) done
Select jobs to execute...
Execute 1 jobs...

[Tue Sep  1 23:40:47 2026]
localrule run_cell:
    output: results/bias_sensitivity/raw/dp0.45_k-0.3_n10000_r15_m2000.rds
    log: logs/bias_sensitivity/run_dp0.45_k-0.3_n10000_r15_m2000.log
    jobid: 676
    reason: Missing output files: results/bias_sensitivity/raw/dp0.45_k-0.3_n10000_r15_m2000.rds
    wildcards: cell=dp0.45_k-0.3_n10000_r15_m2000
    threads: 2
    resources: tmpdir=/tmp

[Tue Sep  1 23:41:46 2026]
Finished job 1413.
438 of 1923 steps (23%) done
Select jobs to execute...
Execute 1 jobs...

[Tue Sep  1 23:41:46 2026]
localrule run_cell:
    output: results/bias_sensitivity/raw/dp0.55_k0.3_n10000_r15_m2000.rds
    log: logs/bias_sensitivity/run_dp0.55_k0.3_n10000_r15_m2000.log
    jobid: 916
    reason: Missing output files: results/bias_sensitivity/raw/dp0.55_k0.3_n10000_r15_m2000.rds
    wildcards: cell=dp0.55_k0.3_n10000_r15_m2000
    threads: 2
    resources: tmpdir=/tmp

[Tue Sep  1 23:41:56 2026]
Finished job 1216.
439 of 1923 steps (23%) done
Select jobs to execute...
Execute 1 jobs...

[Tue Sep  1 23:41:56 2026]
localrule run_cell:
    output: results/bias_sensitivity/raw/dp0.25_k-0.3_n1000_r10_m4000.rds
    log: logs/bias_sensitivity/run_dp0.25_k-0.3_n1000_r10_m4000.log
    jobid: 299
    reason: Missing output files: results/bias_sensitivity/raw/dp0.25_k-0.3_n1000_r10_m4000.rds
    wildcards: cell=dp0.25_k-0.3_n1000_r10_m4000
    threads: 2
    resources: tmpdir=/tmp

[Tue Sep  1 23:41:58 2026]
Finished job 795.
440 of 1923 steps (23%) done
Select jobs to execute...
Execute 1 jobs...

[Tue Sep  1 23:41:58 2026]
localrule run_cell:
    output: results/bias_sensitivity/raw/dp0.2_k-0.3_n6000_r10_m4000.rds
    log: logs/bias_sensitivity/run_dp0.2_k-0.3_n6000_r10_m4000.log
    jobid: 419
    reason: Missing output files: results/bias_sensitivity/raw/dp0.2_k-0.3_n6000_r10_m4000.rds
    wildcards: cell=dp0.2_k-0.3_n6000_r10_m4000
    threads: 2
    resources: tmpdir=/tmp

[Tue Sep  1 23:42:46 2026]
Finished job 537.
441 of 1923 steps (23%) done
Select jobs to execute...
Execute 1 jobs...

[Tue Sep  1 23:42:46 2026]
localrule run_cell:
    output: results/bias_sensitivity/raw/dp0.35_k0.3_n1000_r10_m4000.rds
    log: logs/bias_sensitivity/run_dp0.35_k0.3_n1000_r10_m4000.log
    jobid: 539
    reason: Missing output files: results/bias_sensitivity/raw/dp0.35_k0.3_n1000_r10_m4000.rds
    wildcards: cell=dp0.35_k0.3_n1000_r10_m4000
    threads: 2
    resources: tmpdir=/tmp

[Tue Sep  1 23:42:47 2026]
Finished job 852.
442 of 1923 steps (23%) done
Select jobs to execute...
Execute 1 jobs...

[Tue Sep  1 23:42:47 2026]
localrule run_cell:
    output: results/bias_sensitivity/raw/dp0.3_k-0.3_n2000_r20_m4000.rds
    log: logs/bias_sensitivity/run_dp0.3_k-0.3_n2000_r20_m4000.log
    jobid: 599
    reason: Missing output files: results/bias_sensitivity/raw/dp0.3_k-0.3_n2000_r20_m4000.rds
    wildcards: cell=dp0.3_k-0.3_n2000_r20_m4000
    threads: 2
    resources: tmpdir=/tmp

[Tue Sep  1 23:42:57 2026]
Finished job 736.
443 of 1923 steps (23%) done
Select jobs to execute...
Execute 1 jobs...

[Tue Sep  1 23:42:57 2026]
localrule run_cell:
    output: results/bias_sensitivity/raw/dp0.65_k-0.3_n2000_r20_m4000.rds
    log: logs/bias_sensitivity/run_dp0.65_k-0.3_n2000_r20_m4000.log
    jobid: 1079
    reason: Missing output files: results/bias_sensitivity/raw/dp0.65_k-0.3_n2000_r20_m4000.rds
    wildcards: cell=dp0.65_k-0.3_n2000_r20_m4000
    threads: 2
    resources: tmpdir=/tmp

[Tue Sep  1 23:43:02 2026]
Finished job 1093.
444 of 1923 steps (23%) done
Select jobs to execute...
Execute 1 jobs...

[Tue Sep  1 23:43:02 2026]
localrule run_cell:
    output: results/bias_sensitivity/raw/dp0.15_k0.3_n2000_r10_m2000.rds
    log: logs/bias_sensitivity/run_dp0.15_k0.3_n2000_r10_m2000.log
    jobid: 162
    reason: Missing output files: results/bias_sensitivity/raw/dp0.15_k0.3_n2000_r10_m2000.rds
    wildcards: cell=dp0.15_k0.3_n2000_r10_m2000
    threads: 2
    resources: tmpdir=/tmp

[Tue Sep  1 23:43:06 2026]
Finished job 432.
445 of 1923 steps (23%) done
Select jobs to execute...
Execute 1 jobs...

[Tue Sep  1 23:43:06 2026]
localrule run_cell:
    output: results/bias_sensitivity/raw/dp0.45_k0.3_n8000_r10_m2000.rds
    log: logs/bias_sensitivity/run_dp0.45_k0.3_n8000_r10_m2000.log
    jobid: 762
    reason: Missing output files: results/bias_sensitivity/raw/dp0.45_k0.3_n8000_r10_m2000.rds
    wildcards: cell=dp0.45_k0.3_n8000_r10_m2000
    threads: 2
    resources: tmpdir=/tmp

[Tue Sep  1 23:43:19 2026]
Finished job 1173.
446 of 1923 steps (23%) done
Select jobs to execute...
Execute 1 jobs...

[Tue Sep  1 23:43:19 2026]
localrule run_cell:
    output: results/bias_sensitivity/raw/dp0.25_k-0.3_n6000_r15_m4000.rds
    log: logs/bias_sensitivity/run_dp0.25_k-0.3_n6000_r15_m4000.log
    jobid: 325
    reason: Missing output files: results/bias_sensitivity/raw/dp0.25_k-0.3_n6000_r15_m4000.rds
    wildcards: cell=dp0.25_k-0.3_n6000_r15_m4000
    threads: 2
    resources: tmpdir=/tmp

[Tue Sep  1 23:43:55 2026]
Finished job 1893.
447 of 1923 steps (23%) done
Select jobs to execute...
Execute 1 jobs...

[Tue Sep  1 23:43:55 2026]
localrule run_cell:
    output: results/bias_sensitivity/raw/dp0.9_k-0.3_n10000_r10_m4000.rds
    log: logs/bias_sensitivity/run_dp0.9_k-0.3_n10000_r10_m4000.log
    jobid: 1731
    reason: Missing output files: results/bias_sensitivity/raw/dp0.9_k-0.3_n10000_r10_m4000.rds
    wildcards: cell=dp0.9_k-0.3_n10000_r10_m4000
    threads: 2
    resources: tmpdir=/tmp

[Tue Sep  1 23:44:45 2026]
Finished job 1292.
448 of 1923 steps (23%) done
Select jobs to execute...
Execute 1 jobs...

[Tue Sep  1 23:44:45 2026]
localrule run_cell:
    output: results/bias_sensitivity/raw/dp0.75_k-0.3_n8000_r20_m2000.rds
    log: logs/bias_sensitivity/run_dp0.75_k-0.3_n8000_r20_m2000.log
    jobid: 1294
    reason: Missing output files: results/bias_sensitivity/raw/dp0.75_k-0.3_n8000_r20_m2000.rds
    wildcards: cell=dp0.75_k-0.3_n8000_r20_m2000
    threads: 2
    resources: tmpdir=/tmp

[Tue Sep  1 23:45:01 2026]
Finished job 299.
449 of 1923 steps (23%) done
Select jobs to execute...
Execute 1 jobs...

[Tue Sep  1 23:45:01 2026]
localrule run_cell:
    output: results/bias_sensitivity/raw/dp0.7_k0.3_n2000_r20_m2000.rds
    log: logs/bias_sensitivity/run_dp0.7_k0.3_n2000_r20_m2000.log
    jobid: 1414
    reason: Missing output files: results/bias_sensitivity/raw/dp0.7_k0.3_n2000_r20_m2000.rds
    wildcards: cell=dp0.7_k0.3_n2000_r20_m2000
    threads: 2
    resources: tmpdir=/tmp

[Tue Sep  1 23:45:35 2026]
Finished job 911.
450 of 1923 steps (23%) done
Select jobs to execute...
Execute 1 jobs...

[Tue Sep  1 23:45:35 2026]
localrule run_cell:
    output: results/bias_sensitivity/raw/dp0.85_k0.3_n8000_r20_m2000.rds
    log: logs/bias_sensitivity/run_dp0.85_k0.3_n8000_r20_m2000.log
    jobid: 1534
    reason: Missing output files: results/bias_sensitivity/raw/dp0.85_k0.3_n8000_r20_m2000.rds
    wildcards: cell=dp0.85_k0.3_n8000_r20_m2000
    threads: 2
    resources: tmpdir=/tmp

[Tue Sep  1 23:45:56 2026]
Finished job 539.
451 of 1923 steps (23%) done
Select jobs to execute...
Execute 1 jobs...

[Tue Sep  1 23:45:56 2026]
localrule run_cell:
    output: results/bias_sensitivity/raw/dp0.8_k0.3_n1000_r10_m2000.rds
    log: logs/bias_sensitivity/run_dp0.8_k0.3_n1000_r10_m2000.log
    jobid: 1594
    reason: Missing output files: results/bias_sensitivity/raw/dp0.8_k0.3_n1000_r10_m2000.rds
    wildcards: cell=dp0.8_k0.3_n1000_r10_m2000
    threads: 2
    resources: tmpdir=/tmp

[Tue Sep  1 23:46:05 2026]
Finished job 1036.
452 of 1923 steps (24%) done
Select jobs to execute...
Execute 1 jobs...

[Tue Sep  1 23:46:05 2026]
localrule run_cell:
    output: results/bias_sensitivity/raw/dp1_k-0.3_n1000_r10_m2000.rds
    log: logs/bias_sensitivity/run_dp1_k-0.3_n1000_r10_m2000.log
    jobid: 1834
    reason: Missing output files: results/bias_sensitivity/raw/dp1_k-0.3_n1000_r10_m2000.rds
    wildcards: cell=dp1_k-0.3_n1000_r10_m2000
    threads: 2
    resources: tmpdir=/tmp

[Tue Sep  1 23:46:07 2026]
Finished job 1829.
453 of 1923 steps (24%) done
Select jobs to execute...
Execute 1 jobs...

[Tue Sep  1 23:46:07 2026]
localrule run_cell:
    output: results/bias_sensitivity/raw/dp0.55_k0.3_n8000_r15_m2000.rds
    log: logs/bias_sensitivity/run_dp0.55_k0.3_n8000_r15_m2000.log
    jobid: 956
    reason: Missing output files: results/bias_sensitivity/raw/dp0.55_k0.3_n8000_r15_m2000.rds
    wildcards: cell=dp0.55_k0.3_n8000_r15_m2000
    threads: 2
    resources: tmpdir=/tmp

[Tue Sep  1 23:46:13 2026]
Finished job 1589.
454 of 1923 steps (24%) done
Select jobs to execute...
Execute 1 jobs...

[Tue Sep  1 23:46:13 2026]
localrule run_cell:
    output: results/bias_sensitivity/raw/dp1_k0.3_n2000_r20_m2000.rds
    log: logs/bias_sensitivity/run_dp1_k0.3_n2000_r20_m2000.log
    jobid: 1894
    reason: Missing output files: results/bias_sensitivity/raw/dp1_k0.3_n2000_r20_m2000.rds
    wildcards: cell=dp1_k0.3_n2000_r20_m2000
    threads: 2
    resources: tmpdir=/tmp

[Tue Sep  1 23:47:03 2026]
Finished job 1290.
455 of 1923 steps (24%) done
Select jobs to execute...
Execute 1 jobs...

[Tue Sep  1 23:47:03 2026]
localrule run_cell:
    output: results/bias_sensitivity/raw/dp0.6_k-0.3_n2000_r20_m2000.rds
    log: logs/bias_sensitivity/run_dp0.6_k-0.3_n2000_r20_m2000.log
    jobid: 1174
    reason: Missing output files: results/bias_sensitivity/raw/dp0.6_k-0.3_n2000_r20_m2000.rds
    wildcards: cell=dp0.6_k-0.3_n2000_r20_m2000
    threads: 2
    resources: tmpdir=/tmp

[Tue Sep  1 23:47:43 2026]
Finished job 853.
456 of 1923 steps (24%) done
Select jobs to execute...
Execute 1 jobs...

[Tue Sep  1 23:47:43 2026]
localrule run_cell:
    output: results/bias_sensitivity/raw/dp0.65_k-0.3_n6000_r5_m4000.rds
    log: logs/bias_sensitivity/run_dp0.65_k-0.3_n6000_r5_m4000.log
    jobid: 1097
    reason: Missing output files: results/bias_sensitivity/raw/dp0.65_k-0.3_n6000_r5_m4000.rds
    wildcards: cell=dp0.65_k-0.3_n6000_r5_m4000
    threads: 2
    resources: tmpdir=/tmp

[Tue Sep  1 23:48:07 2026]
Finished job 1832.
457 of 1923 steps (24%) done
Select jobs to execute...
Execute 1 jobs...

[Tue Sep  1 23:48:07 2026]
localrule run_cell:
    output: results/bias_sensitivity/raw/dp0.5_k0.3_n4000_r15_m4000.rds
    log: logs/bias_sensitivity/run_dp0.5_k0.3_n4000_r15_m4000.log
    jobid: 1037
    reason: Missing output files: results/bias_sensitivity/raw/dp0.5_k0.3_n4000_r15_m4000.rds
    wildcards: cell=dp0.5_k0.3_n4000_r15_m4000
    threads: 2
    resources: tmpdir=/tmp

[Tue Sep  1 23:48:26 2026]
Finished job 599.
458 of 1923 steps (24%) done
Select jobs to execute...
Execute 1 jobs...

[Tue Sep  1 23:48:26 2026]
localrule run_cell:
    output: results/bias_sensitivity/raw/dp0.6_k0.3_n1000_r5_m4000.rds
    log: logs/bias_sensitivity/run_dp0.6_k0.3_n1000_r5_m4000.log
    jobid: 1217
    reason: Missing output files: results/bias_sensitivity/raw/dp0.6_k0.3_n1000_r5_m4000.rds
    wildcards: cell=dp0.6_k0.3_n1000_r5_m4000
    threads: 2
    resources: tmpdir=/tmp

[Tue Sep  1 23:48:45 2026]
Finished job 796.
459 of 1923 steps (24%) done
Select jobs to execute...
Execute 1 jobs...

[Tue Sep  1 23:48:45 2026]
localrule run_cell:
    output: results/bias_sensitivity/raw/dp0.2_k0.3_n10000_r15_m4000.rds
    log: logs/bias_sensitivity/run_dp0.2_k0.3_n10000_r15_m4000.log
    jobid: 437
    reason: Missing output files: results/bias_sensitivity/raw/dp0.2_k0.3_n10000_r15_m4000.rds
    wildcards: cell=dp0.2_k0.3_n10000_r15_m4000
    threads: 2
    resources: tmpdir=/tmp

[Tue Sep  1 23:48:47 2026]
Finished job 672.
460 of 1923 steps (24%) done
Select jobs to execute...
Execute 1 jobs...

[Tue Sep  1 23:48:47 2026]
localrule run_cell:
    output: results/bias_sensitivity/raw/dp0.45_k-0.3_n10000_r15_m4000.rds
    log: logs/bias_sensitivity/run_dp0.45_k-0.3_n10000_r15_m4000.log
    jobid: 677
    reason: Missing output files: results/bias_sensitivity/raw/dp0.45_k-0.3_n10000_r15_m4000.rds
    wildcards: cell=dp0.45_k-0.3_n10000_r15_m4000
    threads: 2
    resources: tmpdir=/tmp

[Tue Sep  1 23:48:49 2026]
Finished job 1079.
461 of 1923 steps (24%) done
Select jobs to execute...
Execute 1 jobs...

[Tue Sep  1 23:48:49 2026]
localrule run_cell:
    output: results/bias_sensitivity/raw/dp0.45_k0.3_n1000_r5_m4000.rds
    log: logs/bias_sensitivity/run_dp0.45_k0.3_n1000_r5_m4000.log
    jobid: 737
    reason: Missing output files: results/bias_sensitivity/raw/dp0.45_k0.3_n1000_r5_m4000.rds
    wildcards: cell=dp0.45_k0.3_n1000_r5_m4000
    threads: 2
    resources: tmpdir=/tmp

[Tue Sep  1 23:49:12 2026]
Finished job 1594.
462 of 1923 steps (24%) done
Select jobs to execute...
Execute 1 jobs...

[Tue Sep  1 23:49:12 2026]
localrule run_cell:
    output: results/bias_sensitivity/raw/dp0.4_k-0.3_n4000_r15_m4000.rds
    log: logs/bias_sensitivity/run_dp0.4_k-0.3_n4000_r15_m4000.log
    jobid: 797
    reason: Missing output files: results/bias_sensitivity/raw/dp0.4_k-0.3_n4000_r15_m4000.rds
    wildcards: cell=dp0.4_k-0.3_n4000_r15_m4000
    threads: 2
    resources: tmpdir=/tmp

[Tue Sep  1 23:49:22 2026]
Finished job 1834.
463 of 1923 steps (24%) done
Select jobs to execute...
Execute 1 jobs...

[Tue Sep  1 23:49:22 2026]
localrule run_cell:
    output: results/bias_sensitivity/raw/dp0.4_k0.3_n6000_r5_m4000.rds
    log: logs/bias_sensitivity/run_dp0.4_k0.3_n6000_r5_m4000.log
    jobid: 857
    reason: Missing output files: results/bias_sensitivity/raw/dp0.4_k0.3_n6000_r5_m4000.rds
    wildcards: cell=dp0.4_k0.3_n6000_r5_m4000
    threads: 2
    resources: tmpdir=/tmp

[Tue Sep  1 23:50:03 2026]
Finished job 1092.
464 of 1923 steps (24%) done
Select jobs to execute...
Execute 1 jobs...

[Tue Sep  1 23:50:03 2026]
localrule run_cell:
    output: results/bias_sensitivity/raw/dp0.55_k0.3_n10000_r15_m4000.rds
    log: logs/bias_sensitivity/run_dp0.55_k0.3_n10000_r15_m4000.log
    jobid: 917
    reason: Missing output files: results/bias_sensitivity/raw/dp0.55_k0.3_n10000_r15_m4000.rds
    wildcards: cell=dp0.55_k0.3_n10000_r15_m4000
    threads: 2
    resources: tmpdir=/tmp

[Tue Sep  1 23:50:18 2026]
Finished job 162.
465 of 1923 steps (24%) done
Select jobs to execute...
Execute 1 jobs...

[Tue Sep  1 23:50:18 2026]
localrule run_cell:
    output: results/bias_sensitivity/raw/dp0.5_k-0.3_n1000_r5_m4000.rds
    log: logs/bias_sensitivity/run_dp0.5_k-0.3_n1000_r5_m4000.log
    jobid: 977
    reason: Missing output files: results/bias_sensitivity/raw/dp0.5_k-0.3_n1000_r5_m4000.rds
    wildcards: cell=dp0.5_k-0.3_n1000_r5_m4000
    threads: 2
    resources: tmpdir=/tmp

[Tue Sep  1 23:50:48 2026]
Finished job 1830.
466 of 1923 steps (24%) done
Select jobs to execute...
Execute 1 jobs...

[Tue Sep  1 23:50:48 2026]
localrule run_cell:
    output: results/bias_sensitivity/raw/dp0.7_k0.3_n10000_r15_m4000.rds
    log: logs/bias_sensitivity/run_dp0.7_k0.3_n10000_r15_m4000.log
    jobid: 1397
    reason: Missing output files: results/bias_sensitivity/raw/dp0.7_k0.3_n10000_r15_m4000.rds
    wildcards: cell=dp0.7_k0.3_n10000_r15_m4000
    threads: 2
    resources: tmpdir=/tmp

[Tue Sep  1 23:50:49 2026]
Finished job 1414.
467 of 1923 steps (24%) done
Select jobs to execute...
Execute 1 jobs...

[Tue Sep  1 23:50:49 2026]
localrule run_cell:
    output: results/bias_sensitivity/raw/dp0.25_k-0.3_n1000_r15_m2000.rds
    log: logs/bias_sensitivity/run_dp0.25_k-0.3_n1000_r15_m2000.log
    jobid: 300
    reason: Missing output files: results/bias_sensitivity/raw/dp0.25_k-0.3_n1000_r15_m2000.rds
    wildcards: cell=dp0.25_k-0.3_n1000_r15_m2000
    threads: 2
    resources: tmpdir=/tmp

[Tue Sep  1 23:51:36 2026]
Finished job 1217.
468 of 1923 steps (24%) done
Select jobs to execute...
Execute 1 jobs...

[Tue Sep  1 23:51:36 2026]
localrule run_cell:
    output: results/bias_sensitivity/raw/dp0.2_k-0.3_n6000_r15_m2000.rds
    log: logs/bias_sensitivity/run_dp0.2_k-0.3_n6000_r15_m2000.log
    jobid: 420
    reason: Missing output files: results/bias_sensitivity/raw/dp0.2_k-0.3_n6000_r15_m2000.rds
    wildcards: cell=dp0.2_k-0.3_n6000_r15_m2000
    threads: 2
    resources: tmpdir=/tmp

[Tue Sep  1 23:52:01 2026]
Finished job 737.
469 of 1923 steps (24%) done
Select jobs to execute...
Execute 1 jobs...

[Tue Sep  1 23:52:01 2026]
localrule run_cell:
    output: results/bias_sensitivity/raw/dp0.45_k-0.3_n8000_r5_m2000.rds
    log: logs/bias_sensitivity/run_dp0.45_k-0.3_n8000_r5_m2000.log
    jobid: 720
    reason: Missing output files: results/bias_sensitivity/raw/dp0.45_k-0.3_n8000_r5_m2000.rds
    wildcards: cell=dp0.45_k-0.3_n8000_r5_m2000
    threads: 2
    resources: tmpdir=/tmp

[Tue Sep  1 23:52:39 2026]
Finished job 1094.
470 of 1923 steps (24%) done
Select jobs to execute...
Execute 1 jobs...

[Tue Sep  1 23:52:39 2026]
localrule run_cell:
    output: results/bias_sensitivity/raw/dp0.35_k0.3_n1000_r15_m2000.rds
    log: logs/bias_sensitivity/run_dp0.35_k0.3_n1000_r15_m2000.log
    jobid: 540
    reason: Missing output files: results/bias_sensitivity/raw/dp0.35_k0.3_n1000_r15_m2000.rds
    wildcards: cell=dp0.35_k0.3_n1000_r15_m2000
    threads: 2
    resources: tmpdir=/tmp

[Tue Sep  1 23:52:53 2026]
Finished job 1174.
471 of 1923 steps (24%) done
Select jobs to execute...
Execute 1 jobs...

[Tue Sep  1 23:52:53 2026]
localrule run_cell:
    output: results/bias_sensitivity/raw/dp0.3_k-0.3_n2000_r5_m2000.rds
    log: logs/bias_sensitivity/run_dp0.3_k-0.3_n2000_r5_m2000.log
    jobid: 600
    reason: Missing output files: results/bias_sensitivity/raw/dp0.3_k-0.3_n2000_r5_m2000.rds
    wildcards: cell=dp0.3_k-0.3_n2000_r5_m2000
    threads: 2
    resources: tmpdir=/tmp

[Tue Sep  1 23:53:22 2026]
Finished job 977.
472 of 1923 steps (25%) done
Select jobs to execute...
Execute 1 jobs...

[Tue Sep  1 23:53:22 2026]
localrule run_cell:
    output: results/bias_sensitivity/raw/dp0.65_k-0.3_n2000_r5_m2000.rds
    log: logs/bias_sensitivity/run_dp0.65_k-0.3_n2000_r5_m2000.log
    jobid: 1080
    reason: Missing output files: results/bias_sensitivity/raw/dp0.65_k-0.3_n2000_r5_m2000.rds
    wildcards: cell=dp0.65_k-0.3_n2000_r5_m2000
    threads: 2
    resources: tmpdir=/tmp

[Tue Sep  1 23:53:22 2026]
Finished job 419.
473 of 1923 steps (25%) done
Select jobs to execute...
Execute 1 jobs...

[Tue Sep  1 23:53:22 2026]
localrule run_cell:
    output: results/bias_sensitivity/raw/dp0.15_k0.3_n2000_r10_m4000.rds
    log: logs/bias_sensitivity/run_dp0.15_k0.3_n2000_r10_m4000.log
    jobid: 163
    reason: Missing output files: results/bias_sensitivity/raw/dp0.15_k0.3_n2000_r10_m4000.rds
    wildcards: cell=dp0.15_k0.3_n2000_r10_m4000
    threads: 2
    resources: tmpdir=/tmp

[Tue Sep  1 23:53:35 2026]
Finished job 1393.
474 of 1923 steps (25%) done
Select jobs to execute...
Execute 1 jobs...

[Tue Sep  1 23:53:35 2026]
localrule run_cell:
    output: results/bias_sensitivity/raw/dp0.45_k0.3_n8000_r10_m4000.rds
    log: logs/bias_sensitivity/run_dp0.45_k0.3_n8000_r10_m4000.log
    jobid: 763
    reason: Missing output files: results/bias_sensitivity/raw/dp0.45_k0.3_n8000_r10_m4000.rds
    wildcards: cell=dp0.45_k0.3_n8000_r10_m4000
    threads: 2
    resources: tmpdir=/tmp

[Tue Sep  1 23:53:48 2026]
Finished job 300.
475 of 1923 steps (25%) done
Select jobs to execute...
Execute 1 jobs...

[Tue Sep  1 23:53:48 2026]
localrule run_cell:
    output: results/bias_sensitivity/raw/dp0.25_k-0.3_n6000_r20_m2000.rds
    log: logs/bias_sensitivity/run_dp0.25_k-0.3_n6000_r20_m2000.log
    jobid: 326
    reason: Missing output files: results/bias_sensitivity/raw/dp0.25_k-0.3_n6000_r20_m2000.rds
    wildcards: cell=dp0.25_k-0.3_n6000_r20_m2000
    threads: 2
    resources: tmpdir=/tmp

[Tue Sep  1 23:54:37 2026]
Finished job 1730.
476 of 1923 steps (25%) done
Select jobs to execute...
Execute 1 jobs...

[Tue Sep  1 23:54:37 2026]
localrule run_cell:
    output: results/bias_sensitivity/raw/dp0.9_k-0.3_n10000_r15_m2000.rds
    log: logs/bias_sensitivity/run_dp0.9_k-0.3_n10000_r15_m2000.log
    jobid: 1732
    reason: Missing output files: results/bias_sensitivity/raw/dp0.9_k-0.3_n10000_r15_m2000.rds
    wildcards: cell=dp0.9_k-0.3_n10000_r15_m2000
    threads: 2
    resources: tmpdir=/tmp

[Tue Sep  1 23:54:52 2026]
Finished job 854.
477 of 1923 steps (25%) done
Select jobs to execute...
Execute 1 jobs...

[Tue Sep  1 23:54:52 2026]
localrule run_cell:
    output: results/bias_sensitivity/raw/dp0.75_k-0.3_n8000_r20_m4000.rds
    log: logs/bias_sensitivity/run_dp0.75_k-0.3_n8000_r20_m4000.log
    jobid: 1295
    reason: Missing output files: results/bias_sensitivity/raw/dp0.75_k-0.3_n8000_r20_m4000.rds
    wildcards: cell=dp0.75_k-0.3_n8000_r20_m4000
    threads: 2
    resources: tmpdir=/tmp

[Tue Sep  1 23:55:09 2026]
Finished job 436.
478 of 1923 steps (25%) done
Select jobs to execute...
Execute 1 jobs...

[Tue Sep  1 23:55:09 2026]
localrule run_cell:
    output: results/bias_sensitivity/raw/dp0.7_k0.3_n2000_r20_m4000.rds
    log: logs/bias_sensitivity/run_dp0.7_k0.3_n2000_r20_m4000.log
    jobid: 1415
    reason: Missing output files: results/bias_sensitivity/raw/dp0.7_k0.3_n2000_r20_m4000.rds
    wildcards: cell=dp0.7_k0.3_n2000_r20_m4000
    threads: 2
    resources: tmpdir=/tmp

[Tue Sep  1 23:55:43 2026]
Finished job 1833.
479 of 1923 steps (25%) done
Select jobs to execute...
Execute 1 jobs...

[Tue Sep  1 23:55:43 2026]
localrule run_cell:
    output: results/bias_sensitivity/raw/dp0.85_k0.3_n8000_r20_m4000.rds
    log: logs/bias_sensitivity/run_dp0.85_k0.3_n8000_r20_m4000.log
    jobid: 1535
    reason: Missing output files: results/bias_sensitivity/raw/dp0.85_k0.3_n8000_r20_m4000.rds
    wildcards: cell=dp0.85_k0.3_n8000_r20_m4000
    threads: 2
    resources: tmpdir=/tmp

[Tue Sep  1 23:55:44 2026]
Finished job 540.
480 of 1923 steps (25%) done
Select jobs to execute...
Execute 1 jobs...

[Tue Sep  1 23:55:44 2026]
localrule run_cell:
    output: results/bias_sensitivity/raw/dp0.8_k0.3_n1000_r10_m4000.rds
    log: logs/bias_sensitivity/run_dp0.8_k0.3_n1000_r10_m4000.log
    jobid: 1595
    reason: Missing output files: results/bias_sensitivity/raw/dp0.8_k0.3_n1000_r10_m4000.rds
    wildcards: cell=dp0.8_k0.3_n1000_r10_m4000
    threads: 2
    resources: tmpdir=/tmp

[Tue Sep  1 23:55:56 2026]
Finished job 1894.
481 of 1923 steps (25%) done
Select jobs to execute...
Execute 1 jobs...

[Tue Sep  1 23:55:57 2026]
localrule run_cell:
    output: results/bias_sensitivity/raw/dp1_k-0.3_n1000_r10_m4000.rds
    log: logs/bias_sensitivity/run_dp1_k-0.3_n1000_r10_m4000.log
    jobid: 1835
    reason: Missing output files: results/bias_sensitivity/raw/dp1_k-0.3_n1000_r10_m4000.rds
    wildcards: cell=dp1_k-0.3_n1000_r10_m4000
    threads: 2
    resources: tmpdir=/tmp

[Tue Sep  1 23:56:50 2026]
Finished job 1381.
482 of 1923 steps (25%) done
Select jobs to execute...
Execute 1 jobs...

[Tue Sep  1 23:56:50 2026]
localrule run_cell:
    output: results/bias_sensitivity/raw/dp1_k0.3_n2000_r20_m4000.rds
    log: logs/bias_sensitivity/run_dp1_k0.3_n2000_r20_m4000.log
    jobid: 1895
    reason: Missing output files: results/bias_sensitivity/raw/dp1_k0.3_n2000_r20_m4000.rds
    wildcards: cell=dp1_k0.3_n2000_r20_m4000
    threads: 2
    resources: tmpdir=/tmp

[Tue Sep  1 23:57:15 2026]
Finished job 1396.
483 of 1923 steps (25%) done
Select jobs to execute...
Execute 1 jobs...

[Tue Sep  1 23:57:15 2026]
localrule run_cell:
    output: results/bias_sensitivity/raw/dp0.6_k-0.3_n2000_r20_m4000.rds
    log: logs/bias_sensitivity/run_dp0.6_k-0.3_n2000_r20_m4000.log
    jobid: 1175
    reason: Missing output files: results/bias_sensitivity/raw/dp0.6_k-0.3_n2000_r20_m4000.rds
    wildcards: cell=dp0.6_k-0.3_n2000_r20_m4000
    threads: 2
    resources: tmpdir=/tmp

[Tue Sep  1 23:58:02 2026]
Finished job 435.
484 of 1923 steps (25%) done
Select jobs to execute...
Execute 1 jobs...

[Tue Sep  1 23:58:02 2026]
localrule run_cell:
    output: results/bias_sensitivity/raw/dp0.7_k0.3_n10000_r20_m2000.rds
    log: logs/bias_sensitivity/run_dp0.7_k0.3_n10000_r20_m2000.log
    jobid: 1398
    reason: Missing output files: results/bias_sensitivity/raw/dp0.7_k0.3_n10000_r20_m2000.rds
    wildcards: cell=dp0.7_k0.3_n10000_r20_m2000
    threads: 2
    resources: tmpdir=/tmp

[Tue Sep  1 23:58:04 2026]
Finished job 1037.
485 of 1923 steps (25%) done
Select jobs to execute...
Execute 1 jobs...

[Tue Sep  1 23:58:04 2026]
localrule run_cell:
    output: results/bias_sensitivity/raw/dp0.5_k-0.3_n2000_r10_m2000.rds
    log: logs/bias_sensitivity/run_dp0.5_k-0.3_n2000_r10_m2000.log
    jobid: 978
    reason: Missing output files: results/bias_sensitivity/raw/dp0.5_k-0.3_n2000_r10_m2000.rds
    wildcards: cell=dp0.5_k-0.3_n2000_r10_m2000
    threads: 2
    resources: tmpdir=/tmp

[Tue Sep  1 23:58:56 2026]
Finished job 1595.
486 of 1923 steps (25%) done
Select jobs to execute...
Execute 1 jobs...

[Tue Sep  1 23:58:56 2026]
localrule run_cell:
    output: results/bias_sensitivity/raw/dp0.6_k0.3_n2000_r10_m2000.rds
    log: logs/bias_sensitivity/run_dp0.6_k0.3_n2000_r10_m2000.log
    jobid: 1218
    reason: Missing output files: results/bias_sensitivity/raw/dp0.6_k0.3_n2000_r10_m2000.rds
    wildcards: cell=dp0.6_k0.3_n2000_r10_m2000
    threads: 2
    resources: tmpdir=/tmp

[Tue Sep  1 23:59:02 2026]
Finished job 797.
487 of 1923 steps (25%) done
Select jobs to execute...
Execute 1 jobs...

[Tue Sep  1 23:59:02 2026]
localrule run_cell:
    output: results/bias_sensitivity/raw/dp0.65_k-0.3_n8000_r10_m2000.rds
    log: logs/bias_sensitivity/run_dp0.65_k-0.3_n8000_r10_m2000.log
    jobid: 1098
    reason: Missing output files: results/bias_sensitivity/raw/dp0.65_k-0.3_n8000_r10_m2000.rds
    wildcards: cell=dp0.65_k-0.3_n8000_r10_m2000
    threads: 2
    resources: tmpdir=/tmp

[Tue Sep  1 23:59:14 2026]
Finished job 1835.
488 of 1923 steps (25%) done
Select jobs to execute...
Execute 1 jobs...

[Tue Sep  1 23:59:14 2026]
localrule run_cell:
    output: results/bias_sensitivity/raw/dp0.2_k0.3_n10000_r20_m2000.rds
    log: logs/bias_sensitivity/run_dp0.2_k0.3_n10000_r20_m2000.log
    jobid: 438
    reason: Missing output files: results/bias_sensitivity/raw/dp0.2_k0.3_n10000_r20_m2000.rds
    wildcards: cell=dp0.2_k0.3_n10000_r20_m2000
    threads: 2
    resources: tmpdir=/tmp

[Tue Sep  1 23:59:16 2026]
Finished job 163.
489 of 1923 steps (25%) done
Select jobs to execute...
Execute 1 jobs...

[Tue Sep  1 23:59:17 2026]
localrule run_cell:
    output: results/bias_sensitivity/raw/dp0.45_k-0.3_n10000_r20_m2000.rds
    log: logs/bias_sensitivity/run_dp0.45_k-0.3_n10000_r20_m2000.log
    jobid: 678
    reason: Missing output files: results/bias_sensitivity/raw/dp0.45_k-0.3_n10000_r20_m2000.rds
    wildcards: cell=dp0.45_k-0.3_n10000_r20_m2000
    threads: 2
    resources: tmpdir=/tmp

[Tue Sep  1 23:59:44 2026]
Finished job 1095.
490 of 1923 steps (25%) done
Select jobs to execute...
Execute 1 jobs...

[Tue Sep  1 23:59:44 2026]
localrule run_cell:
    output: results/bias_sensitivity/raw/dp0.45_k0.3_n2000_r10_m2000.rds
    log: logs/bias_sensitivity/run_dp0.45_k0.3_n2000_r10_m2000.log
    jobid: 738
    reason: Missing output files: results/bias_sensitivity/raw/dp0.45_k0.3_n2000_r10_m2000.rds
    wildcards: cell=dp0.45_k0.3_n2000_r10_m2000
    threads: 2
    resources: tmpdir=/tmp

[Tue Sep  1 23:59:58 2026]
Finished job 1080.
491 of 1923 steps (26%) done
Select jobs to execute...
Execute 1 jobs...

[Tue Sep  1 23:59:58 2026]
localrule run_cell:
    output: results/bias_sensitivity/raw/dp0.4_k-0.3_n4000_r20_m2000.rds
    log: logs/bias_sensitivity/run_dp0.4_k-0.3_n4000_r20_m2000.log
    jobid: 798
    reason: Missing output files: results/bias_sensitivity/raw/dp0.4_k-0.3_n4000_r20_m2000.rds
    wildcards: cell=dp0.4_k-0.3_n4000_r20_m2000
    threads: 2
    resources: tmpdir=/tmp

[Wed Sep  2 00:00:02 2026]
Finished job 1294.
492 of 1923 steps (26%) done
Select jobs to execute...
Execute 1 jobs...

[Wed Sep  2 00:00:02 2026]
localrule run_cell:
    output: results/bias_sensitivity/raw/dp0.4_k0.3_n8000_r10_m2000.rds
    log: logs/bias_sensitivity/run_dp0.4_k0.3_n8000_r10_m2000.log
    jobid: 858
    reason: Missing output files: results/bias_sensitivity/raw/dp0.4_k0.3_n8000_r10_m2000.rds
    wildcards: cell=dp0.4_k0.3_n8000_r10_m2000
    threads: 2
    resources: tmpdir=/tmp

[Wed Sep  2 00:00:06 2026]
Finished job 295.
493 of 1923 steps (26%) done
Select jobs to execute...
Execute 1 jobs...

[Wed Sep  2 00:00:06 2026]
localrule run_cell:
    output: results/bias_sensitivity/raw/dp0.55_k0.3_n10000_r20_m2000.rds
    log: logs/bias_sensitivity/run_dp0.55_k0.3_n10000_r20_m2000.log
    jobid: 918
    reason: Missing output files: results/bias_sensitivity/raw/dp0.55_k0.3_n10000_r20_m2000.rds
    wildcards: cell=dp0.55_k0.3_n10000_r20_m2000
    threads: 2
    resources: tmpdir=/tmp

[Wed Sep  2 00:00:06 2026]
Finished job 600.
494 of 1923 steps (26%) done
Select jobs to execute...
Execute 1 jobs...

[Wed Sep  2 00:00:06 2026]
localrule run_cell:
    output: results/bias_sensitivity/raw/dp0.35_k0.3_n1000_r15_m4000.rds
    log: logs/bias_sensitivity/run_dp0.35_k0.3_n1000_r15_m4000.log
    jobid: 541
    reason: Missing output files: results/bias_sensitivity/raw/dp0.35_k0.3_n1000_r15_m4000.rds
    wildcards: cell=dp0.35_k0.3_n1000_r15_m4000
    threads: 2
    resources: tmpdir=/tmp

[Wed Sep  2 00:01:12 2026]
Finished job 857.
495 of 1923 steps (26%) done
Select jobs to execute...
Execute 1 jobs...

[Wed Sep  2 00:01:12 2026]
localrule run_cell:
    output: results/bias_sensitivity/raw/dp0.65_k-0.3_n2000_r5_m4000.rds
    log: logs/bias_sensitivity/run_dp0.65_k-0.3_n2000_r5_m4000.log
    jobid: 1081
    reason: Missing output files: results/bias_sensitivity/raw/dp0.65_k-0.3_n2000_r5_m4000.rds
    wildcards: cell=dp0.65_k-0.3_n2000_r5_m4000
    threads: 2
    resources: tmpdir=/tmp

[Wed Sep  2 00:01:28 2026]
Finished job 1415.
496 of 1923 steps (26%) done
Select jobs to execute...
Execute 1 jobs...

[Wed Sep  2 00:01:28 2026]
localrule run_cell:
    output: results/bias_sensitivity/raw/dp0.2_k-0.3_n6000_r15_m4000.rds
    log: logs/bias_sensitivity/run_dp0.2_k-0.3_n6000_r15_m4000.log
    jobid: 421
    reason: Missing output files: results/bias_sensitivity/raw/dp0.2_k-0.3_n6000_r15_m4000.rds
    wildcards: cell=dp0.2_k-0.3_n6000_r15_m4000
    threads: 2
    resources: tmpdir=/tmp

[Wed Sep  2 00:01:37 2026]
Finished job 296.
497 of 1923 steps (26%) done
Select jobs to execute...
Execute 1 jobs...

[Wed Sep  2 00:01:37 2026]
localrule run_cell:
    output: results/bias_sensitivity/raw/dp0.3_k0.3_n6000_r15_m4000.rds
    log: logs/bias_sensitivity/run_dp0.3_k0.3_n6000_r15_m4000.log
    jobid: 661
    reason: Missing output files: results/bias_sensitivity/raw/dp0.3_k0.3_n6000_r15_m4000.rds
    wildcards: cell=dp0.3_k0.3_n6000_r15_m4000
    threads: 2
    resources: tmpdir=/tmp

[Wed Sep  2 00:02:01 2026]
Finished job 855.
498 of 1923 steps (26%) done
Select jobs to execute...
Execute 1 jobs...

[Wed Sep  2 00:02:01 2026]
localrule run_cell:
    output: results/bias_sensitivity/raw/dp0.3_k-0.3_n2000_r5_m4000.rds
    log: logs/bias_sensitivity/run_dp0.3_k-0.3_n2000_r5_m4000.log
    jobid: 601
    reason: Missing output files: results/bias_sensitivity/raw/dp0.3_k-0.3_n2000_r5_m4000.rds
    wildcards: cell=dp0.3_k-0.3_n2000_r5_m4000
    threads: 2
    resources: tmpdir=/tmp

[Wed Sep  2 00:03:02 2026]
Finished job 541.
499 of 1923 steps (26%) done
Select jobs to execute...
Execute 1 jobs...

[Wed Sep  2 00:03:02 2026]
localrule run_cell:
    output: results/bias_sensitivity/raw/dp0.25_k-0.3_n1000_r15_m4000.rds
    log: logs/bias_sensitivity/run_dp0.25_k-0.3_n1000_r15_m4000.log
    jobid: 301
    reason: Missing output files: results/bias_sensitivity/raw/dp0.25_k-0.3_n1000_r15_m4000.rds
    wildcards: cell=dp0.25_k-0.3_n1000_r15_m4000
    threads: 2
    resources: tmpdir=/tmp

[Wed Sep  2 00:03:27 2026]
Finished job 1175.
500 of 1923 steps (26%) done
Select jobs to execute...
Execute 1 jobs...

[Wed Sep  2 00:03:28 2026]
localrule run_cell:
    output: results/bias_sensitivity/raw/dp0.15_k0.3_n2000_r15_m2000.rds
    log: logs/bias_sensitivity/run_dp0.15_k0.3_n2000_r15_m2000.log
    jobid: 164
    reason: Missing output files: results/bias_sensitivity/raw/dp0.15_k0.3_n2000_r15_m2000.rds
    wildcards: cell=dp0.15_k0.3_n2000_r15_m2000
    threads: 2
    resources: tmpdir=/tmp

[Wed Sep  2 00:03:47 2026]
Finished job 1533.
501 of 1923 steps (26%) done
Select jobs to execute...
Execute 1 jobs...

[Wed Sep  2 00:03:47 2026]
localrule run_cell:
    output: results/bias_sensitivity/raw/dp0.45_k0.3_n8000_r15_m2000.rds
    log: logs/bias_sensitivity/run_dp0.45_k0.3_n8000_r15_m2000.log
    jobid: 764
    reason: Missing output files: results/bias_sensitivity/raw/dp0.45_k0.3_n8000_r15_m2000.rds
    wildcards: cell=dp0.45_k0.3_n8000_r15_m2000
    threads: 2
    resources: tmpdir=/tmp

[Wed Sep  2 00:03:55 2026]
Finished job 1532.
502 of 1923 steps (26%) done
Select jobs to execute...
Execute 1 jobs...

[Wed Sep  2 00:03:55 2026]
localrule run_cell:
    output: results/bias_sensitivity/raw/dp0.65_k0.3_n1000_r5_m2000.rds
    log: logs/bias_sensitivity/run_dp0.65_k0.3_n1000_r5_m2000.log
    jobid: 1120
    reason: Missing output files: results/bias_sensitivity/raw/dp0.65_k0.3_n1000_r5_m2000.rds
    wildcards: cell=dp0.65_k0.3_n1000_r5_m2000
    threads: 2
    resources: tmpdir=/tmp

[Wed Sep  2 00:03:59 2026]
Finished job 324.
503 of 1923 steps (26%) done
Select jobs to execute...
Execute 1 jobs...

[Wed Sep  2 00:03:59 2026]
localrule run_cell:
    output: results/bias_sensitivity/raw/dp0.95_k0.3_n4000_r10_m4000.rds
    log: logs/bias_sensitivity/run_dp0.95_k0.3_n4000_r10_m4000.log
    jobid: 1707
    reason: Missing output files: results/bias_sensitivity/raw/dp0.95_k0.3_n4000_r10_m4000.rds
    wildcards: cell=dp0.95_k0.3_n4000_r10_m4000
    threads: 2
    resources: tmpdir=/tmp

[Wed Sep  2 00:04:01 2026]
Finished job 978.
504 of 1923 steps (26%) done
Select jobs to execute...
Execute 1 jobs...

[Wed Sep  2 00:04:01 2026]
localrule run_cell:
    output: results/bias_sensitivity/raw/dp0.35_k0.3_n2000_r20_m2000.rds
    log: logs/bias_sensitivity/run_dp0.35_k0.3_n2000_r20_m2000.log
    jobid: 550
    reason: Missing output files: results/bias_sensitivity/raw/dp0.35_k0.3_n2000_r20_m2000.rds
    wildcards: cell=dp0.35_k0.3_n2000_r20_m2000
    threads: 2
    resources: tmpdir=/tmp

[Wed Sep  2 00:04:08 2026]
Finished job 1291.
505 of 1923 steps (26%) done
Select jobs to execute...
Execute 1 jobs...

[Wed Sep  2 00:04:08 2026]
localrule run_cell:
    output: results/bias_sensitivity/raw/dp0.75_k-0.3_n2000_r20_m2000.rds
    log: logs/bias_sensitivity/run_dp0.75_k-0.3_n2000_r20_m2000.log
    jobid: 1270
    reason: Missing output files: results/bias_sensitivity/raw/dp0.75_k-0.3_n2000_r20_m2000.rds
    wildcards: cell=dp0.75_k-0.3_n2000_r20_m2000
    threads: 2
    resources: tmpdir=/tmp

[Wed Sep  2 00:04:31 2026]
Finished job 856.
506 of 1923 steps (26%) done
Select jobs to execute...
Execute 1 jobs...

[Wed Sep  2 00:04:31 2026]
localrule run_cell:
    output: results/bias_sensitivity/raw/dp0.85_k0.3_n2000_r20_m2000.rds
    log: logs/bias_sensitivity/run_dp0.85_k0.3_n2000_r20_m2000.log
    jobid: 1510
    reason: Missing output files: results/bias_sensitivity/raw/dp0.85_k0.3_n2000_r20_m2000.rds
    wildcards: cell=dp0.85_k0.3_n2000_r20_m2000
    threads: 2
    resources: tmpdir=/tmp

[Wed Sep  2 00:05:31 2026]
Finished job 1895.
507 of 1923 steps (26%) done
Select jobs to execute...
Execute 1 jobs...

[Wed Sep  2 00:05:31 2026]
localrule run_cell:
    output: results/bias_sensitivity/raw/dp0.9_k0.3_n6000_r10_m2000.rds
    log: logs/bias_sensitivity/run_dp0.9_k0.3_n6000_r10_m2000.log
    jobid: 1810
    reason: Missing output files: results/bias_sensitivity/raw/dp0.9_k0.3_n6000_r10_m2000.rds
    wildcards: cell=dp0.9_k0.3_n6000_r10_m2000
    threads: 2
    resources: tmpdir=/tmp

[Wed Sep  2 00:05:33 2026]
Finished job 437.
508 of 1923 steps (26%) done
Select jobs to execute...
Execute 1 jobs...

[Wed Sep  2 00:05:33 2026]
localrule run_cell:
    output: results/bias_sensitivity/raw/dp0.95_k0.3_n1000_r10_m2000.rds
    log: logs/bias_sensitivity/run_dp0.95_k0.3_n1000_r10_m2000.log
    jobid: 1690
    reason: Missing output files: results/bias_sensitivity/raw/dp0.95_k0.3_n1000_r10_m2000.rds
    wildcards: cell=dp0.95_k0.3_n1000_r10_m2000
    threads: 2
    resources: tmpdir=/tmp

[Wed Sep  2 00:05:45 2026]
Finished job 1591.
509 of 1923 steps (26%) done
Select jobs to execute...
Execute 1 jobs...

[Wed Sep  2 00:05:45 2026]
localrule run_cell:
    output: results/bias_sensitivity/raw/dp0.8_k0.3_n8000_r20_m2000.rds
    log: logs/bias_sensitivity/run_dp0.8_k0.3_n8000_r20_m2000.log
    jobid: 1630
    reason: Missing output files: results/bias_sensitivity/raw/dp0.8_k0.3_n8000_r20_m2000.rds
    wildcards: cell=dp0.8_k0.3_n8000_r20_m2000
    threads: 2
    resources: tmpdir=/tmp

[Wed Sep  2 00:05:50 2026]
Finished job 738.
510 of 1923 steps (27%) done
Select jobs to execute...
Execute 1 jobs...

[Wed Sep  2 00:05:50 2026]
localrule run_cell:
    output: results/bias_sensitivity/raw/dp0.7_k0.3_n6000_r5_m4000.rds
    log: logs/bias_sensitivity/run_dp0.7_k0.3_n6000_r5_m4000.log
    jobid: 1433
    reason: Missing output files: results/bias_sensitivity/raw/dp0.7_k0.3_n6000_r5_m4000.rds
    wildcards: cell=dp0.7_k0.3_n6000_r5_m4000
    threads: 2
    resources: tmpdir=/tmp

[Wed Sep  2 00:06:03 2026]
Finished job 301.
511 of 1923 steps (27%) done
Select jobs to execute...
Execute 1 jobs...

[Wed Sep  2 00:06:03 2026]
localrule run_cell:
    output: results/bias_sensitivity/raw/dp0.15_k0.3_n4000_r15_m4000.rds
    log: logs/bias_sensitivity/run_dp0.15_k0.3_n4000_r15_m4000.log
    jobid: 173
    reason: Missing output files: results/bias_sensitivity/raw/dp0.15_k0.3_n4000_r15_m4000.rds
    wildcards: cell=dp0.15_k0.3_n4000_r15_m4000
    threads: 2
    resources: tmpdir=/tmp

[Wed Sep  2 00:06:16 2026]
Finished job 1218.
512 of 1923 steps (27%) done
Select jobs to execute...
Execute 1 jobs...

[Wed Sep  2 00:06:16 2026]
localrule run_cell:
    output: results/bias_sensitivity/raw/dp0.3_k0.3_n4000_r15_m4000.rds
    log: logs/bias_sensitivity/run_dp0.3_k0.3_n4000_r15_m4000.log
    jobid: 653
    reason: Missing output files: results/bias_sensitivity/raw/dp0.3_k0.3_n4000_r15_m4000.rds
    wildcards: cell=dp0.3_k0.3_n4000_r15_m4000
    threads: 2
    resources: tmpdir=/tmp

[Wed Sep  2 00:06:39 2026]
Finished job 677.
513 of 1923 steps (27%) done
Select jobs to execute...
Execute 1 jobs...

[Wed Sep  2 00:06:39 2026]
localrule run_cell:
    output: results/bias_sensitivity/raw/dp0.45_k-0.3_n6000_r5_m4000.rds
    log: logs/bias_sensitivity/run_dp0.45_k-0.3_n6000_r5_m4000.log
    jobid: 713
    reason: Missing output files: results/bias_sensitivity/raw/dp0.45_k-0.3_n6000_r5_m4000.rds
    wildcards: cell=dp0.45_k-0.3_n6000_r5_m4000
    threads: 2
    resources: tmpdir=/tmp

[Wed Sep  2 00:06:50 2026]
Finished job 297.
514 of 1923 steps (27%) done
Select jobs to execute...
Execute 1 jobs...

[Wed Sep  2 00:06:50 2026]
localrule run_cell:
    output: results/bias_sensitivity/raw/dp0.4_k0.3_n1000_r5_m4000.rds
    log: logs/bias_sensitivity/run_dp0.4_k0.3_n1000_r5_m4000.log
    jobid: 833
    reason: Missing output files: results/bias_sensitivity/raw/dp0.4_k0.3_n1000_r5_m4000.rds
    wildcards: cell=dp0.4_k0.3_n1000_r5_m4000
    threads: 2
    resources: tmpdir=/tmp

[Wed Sep  2 00:07:18 2026]
Finished job 1120.
515 of 1923 steps (27%) done
Select jobs to execute...
Execute 1 jobs...

[Wed Sep  2 00:07:18 2026]
localrule run_cell:
    output: results/bias_sensitivity/raw/dp0.85_k0.3_n10000_r15_m4000.rds
    log: logs/bias_sensitivity/run_dp0.85_k0.3_n10000_r15_m4000.log
    jobid: 1493
    reason: Missing output files: results/bias_sensitivity/raw/dp0.85_k0.3_n10000_r15_m4000.rds
    wildcards: cell=dp0.85_k0.3_n10000_r15_m4000
    threads: 2
    resources: tmpdir=/tmp

[Wed Sep  2 00:07:21 2026]
Finished job 720.
516 of 1923 steps (27%) done
Select jobs to execute...
Execute 1 jobs...

[Wed Sep  2 00:07:21 2026]
localrule run_cell:
    output: results/bias_sensitivity/raw/dp0.7_k-0.3_n4000_r15_m4000.rds
    log: logs/bias_sensitivity/run_dp0.7_k-0.3_n4000_r15_m4000.log
    jobid: 1373
    reason: Missing output files: results/bias_sensitivity/raw/dp0.7_k-0.3_n4000_r15_m4000.rds
    wildcards: cell=dp0.7_k-0.3_n4000_r15_m4000
    threads: 2
    resources: tmpdir=/tmp

[Wed Sep  2 00:07:47 2026]
Finished job 1081.
517 of 1923 steps (27%) done
Select jobs to execute...
Execute 1 jobs...

[Wed Sep  2 00:07:47 2026]
localrule run_cell:
    output: results/bias_sensitivity/raw/dp0.8_k-0.3_n1000_r5_m4000.rds
    log: logs/bias_sensitivity/run_dp0.8_k-0.3_n1000_r5_m4000.log
    jobid: 1553
    reason: Missing output files: results/bias_sensitivity/raw/dp0.8_k-0.3_n1000_r5_m4000.rds
    wildcards: cell=dp0.8_k-0.3_n1000_r5_m4000
    threads: 2
    resources: tmpdir=/tmp

[Wed Sep  2 00:08:17 2026]
Finished job 601.
518 of 1923 steps (27%) done
Select jobs to execute...
Execute 1 jobs...

[Wed Sep  2 00:08:17 2026]
localrule run_cell:
    output: results/bias_sensitivity/raw/dp0.75_k-0.3_n10000_r15_m4000.rds
    log: logs/bias_sensitivity/run_dp0.75_k-0.3_n10000_r15_m4000.log
    jobid: 1253
    reason: Missing output files: results/bias_sensitivity/raw/dp0.75_k-0.3_n10000_r15_m4000.rds
    wildcards: cell=dp0.75_k-0.3_n10000_r15_m4000
    threads: 2
    resources: tmpdir=/tmp

[Wed Sep  2 00:08:56 2026]
Finished job 763.
519 of 1923 steps (27%) done
Select jobs to execute...
Execute 1 jobs...

[Wed Sep  2 00:08:56 2026]
localrule run_cell:
    output: results/bias_sensitivity/raw/dp0.75_k0.3_n1000_r5_m4000.rds
    log: logs/bias_sensitivity/run_dp0.75_k0.3_n1000_r5_m4000.log
    jobid: 1313
    reason: Missing output files: results/bias_sensitivity/raw/dp0.75_k0.3_n1000_r5_m4000.rds
    wildcards: cell=dp0.75_k0.3_n1000_r5_m4000
    threads: 2
    resources: tmpdir=/tmp

[Wed Sep  2 00:08:58 2026]
Finished job 1690.
520 of 1923 steps (27%) done
Select jobs to execute...
Execute 1 jobs...

[Wed Sep  2 00:08:58 2026]
localrule run_cell:
    output: results/bias_sensitivity/raw/dp0.65_k0.3_n4000_r15_m4000.rds
    log: logs/bias_sensitivity/run_dp0.65_k0.3_n4000_r15_m4000.log
    jobid: 1133
    reason: Missing output files: results/bias_sensitivity/raw/dp0.65_k0.3_n4000_r15_m4000.rds
    wildcards: cell=dp0.65_k0.3_n4000_r15_m4000
    threads: 2
    resources: tmpdir=/tmp

[Wed Sep  2 00:08:59 2026]
Finished job 917.
521 of 1923 steps (27%) done
Select jobs to execute...
Execute 1 jobs...

[Wed Sep  2 00:08:59 2026]
localrule run_cell:
    output: results/bias_sensitivity/raw/dp0.55_k0.3_n6000_r5_m4000.rds
    log: logs/bias_sensitivity/run_dp0.55_k0.3_n6000_r5_m4000.log
    jobid: 953
    reason: Missing output files: results/bias_sensitivity/raw/dp0.55_k0.3_n6000_r5_m4000.rds
    wildcards: cell=dp0.55_k0.3_n6000_r5_m4000
    threads: 2
    resources: tmpdir=/tmp

[Wed Sep  2 00:09:10 2026]
Finished job 1531.
522 of 1923 steps (27%) done
Select jobs to execute...
Execute 1 jobs...

[Wed Sep  2 00:09:10 2026]
localrule run_cell:
    output: results/bias_sensitivity/raw/dp0.3_k0.3_n1000_r15_m2000.rds
    log: logs/bias_sensitivity/run_dp0.3_k0.3_n1000_r15_m2000.log
    jobid: 636
    reason: Missing output files: results/bias_sensitivity/raw/dp0.3_k0.3_n1000_r15_m2000.rds
    wildcards: cell=dp0.3_k0.3_n1000_r15_m2000
    threads: 2
    resources: tmpdir=/tmp

[Wed Sep  2 00:09:40 2026]
Finished job 164.
523 of 1923 steps (27%) done
Select jobs to execute...
Execute 1 jobs...

[Wed Sep  2 00:09:40 2026]
localrule run_cell:
    output: results/bias_sensitivity/raw/dp0.55_k-0.3_n1000_r15_m2000.rds
    log: logs/bias_sensitivity/run_dp0.55_k-0.3_n1000_r15_m2000.log
    jobid: 876
    reason: Missing output files: results/bias_sensitivity/raw/dp0.55_k-0.3_n1000_r15_m2000.rds
    wildcards: cell=dp0.55_k-0.3_n1000_r15_m2000
    threads: 2
    resources: tmpdir=/tmp

[Wed Sep  2 00:10:03 2026]
Finished job 833.
524 of 1923 steps (27%) done
Select jobs to execute...
Execute 1 jobs...

[Wed Sep  2 00:10:03 2026]
localrule run_cell:
    output: results/bias_sensitivity/raw/dp0.35_k0.3_n8000_r5_m2000.rds
    log: logs/bias_sensitivity/run_dp0.35_k0.3_n8000_r5_m2000.log
    jobid: 576
    reason: Missing output files: results/bias_sensitivity/raw/dp0.35_k0.3_n8000_r5_m2000.rds
    wildcards: cell=dp0.35_k0.3_n8000_r5_m2000
    threads: 2
    resources: tmpdir=/tmp

[Wed Sep  2 00:10:05 2026]
Finished job 798.
525 of 1923 steps (27%) done
Select jobs to execute...
Execute 1 jobs...

[Wed Sep  2 00:10:05 2026]
localrule run_cell:
    output: results/bias_sensitivity/raw/dp0.5_k-0.3_n6000_r15_m2000.rds
    log: logs/bias_sensitivity/run_dp0.5_k-0.3_n6000_r15_m2000.log
    jobid: 996
    reason: Missing output files: results/bias_sensitivity/raw/dp0.5_k-0.3_n6000_r15_m2000.rds
    wildcards: cell=dp0.5_k-0.3_n6000_r15_m2000
    threads: 2
    resources: tmpdir=/tmp

[Wed Sep  2 00:11:08 2026]
Finished job 1553.
526 of 1923 steps (27%) done
Select jobs to execute...
Execute 1 jobs...

[Wed Sep  2 00:11:08 2026]
localrule run_cell:
    output: results/bias_sensitivity/raw/dp0.05_k0.3_n4000_r20_m4000.rds
    log: logs/bias_sensitivity/run_dp0.05_k0.3_n4000_r20_m4000.log
    jobid: 79
    reason: Missing output files: results/bias_sensitivity/raw/dp0.05_k0.3_n4000_r20_m4000.rds
    wildcards: cell=dp0.05_k0.3_n4000_r20_m4000
    threads: 2
    resources: tmpdir=/tmp

[Wed Sep  2 00:11:12 2026]
Finished job 550.
527 of 1923 steps (27%) done
Select jobs to execute...
Execute 1 jobs...

[Wed Sep  2 00:11:12 2026]
localrule run_cell:
    output: results/bias_sensitivity/raw/dp0.95_k0.3_n4000_r15_m2000.rds
    log: logs/bias_sensitivity/run_dp0.95_k0.3_n4000_r15_m2000.log
    jobid: 1708
    reason: Missing output files: results/bias_sensitivity/raw/dp0.95_k0.3_n4000_r15_m2000.rds
    wildcards: cell=dp0.95_k0.3_n4000_r15_m2000
    threads: 2
    resources: tmpdir=/tmp

[Wed Sep  2 00:11:20 2026]
Finished job 1096.
528 of 1923 steps (27%) done
Select jobs to execute...
Execute 1 jobs...

[Wed Sep  2 00:11:20 2026]
localrule run_cell:
    output: results/bias_sensitivity/raw/dp0.35_k0.3_n2000_r20_m4000.rds
    log: logs/bias_sensitivity/run_dp0.35_k0.3_n2000_r20_m4000.log
    jobid: 551
    reason: Missing output files: results/bias_sensitivity/raw/dp0.35_k0.3_n2000_r20_m4000.rds
    wildcards: cell=dp0.35_k0.3_n2000_r20_m4000
    threads: 2
    resources: tmpdir=/tmp

[Wed Sep  2 00:11:34 2026]
Finished job 1270.
529 of 1923 steps (28%) done
Select jobs to execute...
Execute 1 jobs...

[Wed Sep  2 00:11:34 2026]
localrule run_cell:
    output: results/bias_sensitivity/raw/dp0.75_k-0.3_n2000_r20_m4000.rds
    log: logs/bias_sensitivity/run_dp0.75_k-0.3_n2000_r20_m4000.log
    jobid: 1271
    reason: Missing output files: results/bias_sensitivity/raw/dp0.75_k-0.3_n2000_r20_m4000.rds
    wildcards: cell=dp0.75_k-0.3_n2000_r20_m4000
    threads: 2
    resources: tmpdir=/tmp

[Wed Sep  2 00:11:56 2026]
Finished job 675.
530 of 1923 steps (28%) done
Select jobs to execute...
Execute 1 jobs...

[Wed Sep  2 00:11:56 2026]
localrule run_cell:
    output: results/bias_sensitivity/raw/dp0.85_k0.3_n2000_r20_m4000.rds
    log: logs/bias_sensitivity/run_dp0.85_k0.3_n2000_r20_m4000.log
    jobid: 1511
    reason: Missing output files: results/bias_sensitivity/raw/dp0.85_k0.3_n2000_r20_m4000.rds
    wildcards: cell=dp0.85_k0.3_n2000_r20_m4000
    threads: 2
    resources: tmpdir=/tmp

[Wed Sep  2 00:12:01 2026]
Finished job 760.
531 of 1923 steps (28%) done
Select jobs to execute...
Execute 1 jobs...

[Wed Sep  2 00:12:01 2026]
localrule run_cell:
    output: results/bias_sensitivity/raw/dp0.8_k0.3_n8000_r20_m4000.rds
    log: logs/bias_sensitivity/run_dp0.8_k0.3_n8000_r20_m4000.log
    jobid: 1631
    reason: Missing output files: results/bias_sensitivity/raw/dp0.8_k0.3_n8000_r20_m4000.rds
    wildcards: cell=dp0.8_k0.3_n8000_r20_m4000
    threads: 2
    resources: tmpdir=/tmp

[Wed Sep  2 00:12:04 2026]
Finished job 1510.
532 of 1923 steps (28%) done
Select jobs to execute...
Execute 1 jobs...

[Wed Sep  2 00:12:04 2026]
localrule run_cell:
    output: results/bias_sensitivity/raw/dp0.9_k0.3_n6000_r10_m4000.rds
    log: logs/bias_sensitivity/run_dp0.9_k0.3_n6000_r10_m4000.log
    jobid: 1811
    reason: Missing output files: results/bias_sensitivity/raw/dp0.9_k0.3_n6000_r10_m4000.rds
    wildcards: cell=dp0.9_k0.3_n6000_r10_m4000
    threads: 2
    resources: tmpdir=/tmp

[Wed Sep  2 00:12:16 2026]
Finished job 636.
533 of 1923 steps (28%) done
Select jobs to execute...
Execute 1 jobs...

[Wed Sep  2 00:12:16 2026]
localrule run_cell:
    output: results/bias_sensitivity/raw/dp0.95_k0.3_n1000_r10_m4000.rds
    log: logs/bias_sensitivity/run_dp0.95_k0.3_n1000_r10_m4000.log
    jobid: 1691
    reason: Missing output files: results/bias_sensitivity/raw/dp0.95_k0.3_n1000_r10_m4000.rds
    wildcards: cell=dp0.95_k0.3_n1000_r10_m4000
    threads: 2
    resources: tmpdir=/tmp

[Wed Sep  2 00:12:24 2026]
Finished job 1313.
534 of 1923 steps (28%) done
Select jobs to execute...
Execute 1 jobs...

[Wed Sep  2 00:12:24 2026]
localrule run_cell:
    output: results/bias_sensitivity/raw/dp0.4_k0.3_n2000_r10_m2000.rds
    log: logs/bias_sensitivity/run_dp0.4_k0.3_n2000_r10_m2000.log
    jobid: 834
    reason: Missing output files: results/bias_sensitivity/raw/dp0.4_k0.3_n2000_r10_m2000.rds
    wildcards: cell=dp0.4_k0.3_n2000_r10_m2000
    threads: 2
    resources: tmpdir=/tmp

[Wed Sep  2 00:12:57 2026]
Finished job 876.
535 of 1923 steps (28%) done
Select jobs to execute...
Execute 1 jobs...

[Wed Sep  2 00:12:57 2026]
localrule run_cell:
    output: results/bias_sensitivity/raw/dp0.75_k0.3_n2000_r10_m2000.rds
    log: logs/bias_sensitivity/run_dp0.75_k0.3_n2000_r10_m2000.log
    jobid: 1314
    reason: Missing output files: results/bias_sensitivity/raw/dp0.75_k0.3_n2000_r10_m2000.rds
    wildcards: cell=dp0.75_k0.3_n2000_r10_m2000
    threads: 2
    resources: tmpdir=/tmp

[Wed Sep  2 00:13:06 2026]
Finished job 421.
536 of 1923 steps (28%) done
Select jobs to execute...
Execute 1 jobs...

[Wed Sep  2 00:13:06 2026]
localrule run_cell:
    output: results/bias_sensitivity/raw/dp0.3_k0.3_n4000_r20_m2000.rds
    log: logs/bias_sensitivity/run_dp0.3_k0.3_n4000_r20_m2000.log
    jobid: 654
    reason: Missing output files: results/bias_sensitivity/raw/dp0.3_k0.3_n4000_r20_m2000.rds
    wildcards: cell=dp0.3_k0.3_n4000_r20_m2000
    threads: 2
    resources: tmpdir=/tmp

[Wed Sep  2 00:13:28 2026]
Finished job 661.
537 of 1923 steps (28%) done
Select jobs to execute...
Execute 1 jobs...

[Wed Sep  2 00:13:28 2026]
localrule run_cell:
    output: results/bias_sensitivity/raw/dp0.65_k0.3_n4000_r20_m2000.rds
    log: logs/bias_sensitivity/run_dp0.65_k0.3_n4000_r20_m2000.log
    jobid: 1134
    reason: Missing output files: results/bias_sensitivity/raw/dp0.65_k0.3_n4000_r20_m2000.rds
    wildcards: cell=dp0.65_k0.3_n4000_r20_m2000
    threads: 2
    resources: tmpdir=/tmp

[Wed Sep  2 00:13:45 2026]
Finished job 420.
538 of 1923 steps (28%) done
Select jobs to execute...
Execute 1 jobs...

[Wed Sep  2 00:13:45 2026]
localrule run_cell:
    output: results/bias_sensitivity/raw/dp0.5_k0.3_n10000_r20_m2000.rds
    log: logs/bias_sensitivity/run_dp0.5_k0.3_n10000_r20_m2000.log
    jobid: 1014
    reason: Missing output files: results/bias_sensitivity/raw/dp0.5_k0.3_n10000_r20_m2000.rds
    wildcards: cell=dp0.5_k0.3_n10000_r20_m2000
    threads: 2
    resources: tmpdir=/tmp

[Wed Sep  2 00:14:26 2026]
Finished job 916.
539 of 1923 steps (28%) done
Select jobs to execute...
Execute 1 jobs...

[Wed Sep  2 00:14:26 2026]
localrule run_cell:
    output: results/bias_sensitivity/raw/dp0.85_k0.3_n10000_r20_m2000.rds
    log: logs/bias_sensitivity/run_dp0.85_k0.3_n10000_r20_m2000.log
    jobid: 1494
    reason: Missing output files: results/bias_sensitivity/raw/dp0.85_k0.3_n10000_r20_m2000.rds
    wildcards: cell=dp0.85_k0.3_n10000_r20_m2000
    threads: 2
    resources: tmpdir=/tmp

[Wed Sep  2 00:14:31 2026]
Finished job 1729.
540 of 1923 steps (28%) done
Select jobs to execute...
Execute 1 jobs...

[Wed Sep  2 00:14:31 2026]
localrule run_cell:
    output: results/bias_sensitivity/raw/dp0.45_k-0.3_n8000_r10_m2000.rds
    log: logs/bias_sensitivity/run_dp0.45_k-0.3_n8000_r10_m2000.log
    jobid: 714
    reason: Missing output files: results/bias_sensitivity/raw/dp0.45_k-0.3_n8000_r10_m2000.rds
    wildcards: cell=dp0.45_k-0.3_n8000_r10_m2000
    threads: 2
    resources: tmpdir=/tmp

[Wed Sep  2 00:14:41 2026]
Finished job 1732.
541 of 1923 steps (28%) done
Select jobs to execute...
Execute 1 jobs...

[Wed Sep  2 00:14:41 2026]
localrule run_cell:
    output: results/bias_sensitivity/raw/dp0.15_k0.3_n4000_r20_m2000.rds
    log: logs/bias_sensitivity/run_dp0.15_k0.3_n4000_r20_m2000.log
    jobid: 174
    reason: Missing output files: results/bias_sensitivity/raw/dp0.15_k0.3_n4000_r20_m2000.rds
    wildcards: cell=dp0.15_k0.3_n4000_r20_m2000
    threads: 2
    resources: tmpdir=/tmp

[Wed Sep  2 00:14:50 2026]
Finished job 173.
542 of 1923 steps (28%) done
Select jobs to execute...
Execute 1 jobs...

[Wed Sep  2 00:14:50 2026]
localrule run_cell:
    output: results/bias_sensitivity/raw/dp0.7_k0.3_n8000_r10_m2000.rds
    log: logs/bias_sensitivity/run_dp0.7_k0.3_n8000_r10_m2000.log
    jobid: 1434
    reason: Missing output files: results/bias_sensitivity/raw/dp0.7_k0.3_n8000_r10_m2000.rds
    wildcards: cell=dp0.7_k0.3_n8000_r10_m2000
    threads: 2
    resources: tmpdir=/tmp

[Wed Sep  2 00:14:50 2026]
Finished job 1707.
543 of 1923 steps (28%) done
Select jobs to execute...
Execute 1 jobs...

[Wed Sep  2 00:14:50 2026]
localrule run_cell:
    output: results/bias_sensitivity/raw/dp0.55_k0.3_n8000_r10_m2000.rds
    log: logs/bias_sensitivity/run_dp0.55_k0.3_n8000_r10_m2000.log
    jobid: 954
    reason: Missing output files: results/bias_sensitivity/raw/dp0.55_k0.3_n8000_r10_m2000.rds
    wildcards: cell=dp0.55_k0.3_n8000_r10_m2000
    threads: 2
    resources: tmpdir=/tmp

[Wed Sep  2 00:15:07 2026]
Finished job 1098.
544 of 1923 steps (28%) done
Select jobs to execute...
Execute 1 jobs...

[Wed Sep  2 00:15:07 2026]
localrule run_cell:
    output: results/bias_sensitivity/raw/dp0.8_k-0.3_n2000_r10_m2000.rds
    log: logs/bias_sensitivity/run_dp0.8_k-0.3_n2000_r10_m2000.log
    jobid: 1554
    reason: Missing output files: results/bias_sensitivity/raw/dp0.8_k-0.3_n2000_r10_m2000.rds
    wildcards: cell=dp0.8_k-0.3_n2000_r10_m2000
    threads: 2
    resources: tmpdir=/tmp

[Wed Sep  2 00:15:19 2026]
Finished job 674.
545 of 1923 steps (28%) done
Select jobs to execute...
Execute 1 jobs...

[Wed Sep  2 00:15:19 2026]
localrule run_cell:
    output: results/bias_sensitivity/raw/dp0.7_k-0.3_n4000_r20_m2000.rds
    log: logs/bias_sensitivity/run_dp0.7_k-0.3_n4000_r20_m2000.log
    jobid: 1374
    reason: Missing output files: results/bias_sensitivity/raw/dp0.7_k-0.3_n4000_r20_m2000.rds
    wildcards: cell=dp0.7_k-0.3_n4000_r20_m2000
    threads: 2
    resources: tmpdir=/tmp

[Wed Sep  2 00:15:39 2026]
Finished job 1691.
546 of 1923 steps (28%) done
Select jobs to execute...
Execute 1 jobs...

[Wed Sep  2 00:15:39 2026]
localrule run_cell:
    output: results/bias_sensitivity/raw/dp0.75_k-0.3_n10000_r20_m2000.rds
    log: logs/bias_sensitivity/run_dp0.75_k-0.3_n10000_r20_m2000.log
    jobid: 1254
    reason: Missing output files: results/bias_sensitivity/raw/dp0.75_k-0.3_n10000_r20_m2000.rds
    wildcards: cell=dp0.75_k-0.3_n10000_r20_m2000
    threads: 2
    resources: tmpdir=/tmp

[Wed Sep  2 00:15:56 2026]
Finished job 434.
547 of 1923 steps (28%) done
Select jobs to execute...
Execute 1 jobs...

[Wed Sep  2 00:15:56 2026]
localrule run_cell:
    output: results/bias_sensitivity/raw/dp0.35_k0.3_n8000_r5_m4000.rds
    log: logs/bias_sensitivity/run_dp0.35_k0.3_n8000_r5_m4000.log
    jobid: 577
    reason: Missing output files: results/bias_sensitivity/raw/dp0.35_k0.3_n8000_r5_m4000.rds
    wildcards: cell=dp0.35_k0.3_n8000_r5_m4000
    threads: 2
    resources: tmpdir=/tmp

[Wed Sep  2 00:16:42 2026]
Finished job 653.
548 of 1923 steps (28%) done
Select jobs to execute...
Execute 1 jobs...

[Wed Sep  2 00:16:42 2026]
localrule run_cell:
    output: results/bias_sensitivity/raw/dp0.3_k0.3_n1000_r15_m4000.rds
    log: logs/bias_sensitivity/run_dp0.3_k0.3_n1000_r15_m4000.log
    jobid: 637
    reason: Missing output files: results/bias_sensitivity/raw/dp0.3_k0.3_n1000_r15_m4000.rds
    wildcards: cell=dp0.3_k0.3_n1000_r15_m4000
    threads: 2
    resources: tmpdir=/tmp

[Wed Sep  2 00:17:13 2026]
Finished job 1373.
549 of 1923 steps (29%) done
Select jobs to execute...
Execute 1 jobs...

[Wed Sep  2 00:17:13 2026]
localrule run_cell:
    output: results/bias_sensitivity/raw/dp0.55_k-0.3_n1000_r15_m4000.rds
    log: logs/bias_sensitivity/run_dp0.55_k-0.3_n1000_r15_m4000.log
    jobid: 877
    reason: Missing output files: results/bias_sensitivity/raw/dp0.55_k-0.3_n1000_r15_m4000.rds
    wildcards: cell=dp0.55_k-0.3_n1000_r15_m4000
    threads: 2
    resources: tmpdir=/tmp

[Wed Sep  2 00:17:26 2026]
Finished job 325.
550 of 1923 steps (29%) done
Select jobs to execute...
Execute 1 jobs...

[Wed Sep  2 00:17:26 2026]
localrule run_cell:
    output: results/bias_sensitivity/raw/dp0.5_k-0.3_n6000_r15_m4000.rds
    log: logs/bias_sensitivity/run_dp0.5_k-0.3_n6000_r15_m4000.log
    jobid: 997
    reason: Missing output files: results/bias_sensitivity/raw/dp0.5_k-0.3_n6000_r15_m4000.rds
    wildcards: cell=dp0.5_k-0.3_n6000_r15_m4000
    threads: 2
    resources: tmpdir=/tmp

[Wed Sep  2 00:17:44 2026]
Finished job 761.
551 of 1923 steps (29%) done
Select jobs to execute...
Execute 1 jobs...

[Wed Sep  2 00:17:44 2026]
localrule run_cell:
    output: results/bias_sensitivity/raw/dp0.05_k0.3_n4000_r5_m2000.rds
    log: logs/bias_sensitivity/run_dp0.05_k0.3_n4000_r5_m2000.log
    jobid: 80
    reason: Missing output files: results/bias_sensitivity/raw/dp0.05_k0.3_n4000_r5_m2000.rds
    wildcards: cell=dp0.05_k0.3_n4000_r5_m2000
    threads: 2
    resources: tmpdir=/tmp

[Wed Sep  2 00:17:52 2026]
Finished job 678.
552 of 1923 steps (29%) done
Select jobs to execute...
Execute 1 jobs...

[Wed Sep  2 00:17:53 2026]
localrule run_cell:
    output: results/bias_sensitivity/raw/dp0.95_k0.3_n4000_r15_m4000.rds
    log: logs/bias_sensitivity/run_dp0.95_k0.3_n4000_r15_m4000.log
    jobid: 1709
    reason: Missing output files: results/bias_sensitivity/raw/dp0.95_k0.3_n4000_r15_m4000.rds
    wildcards: cell=dp0.95_k0.3_n4000_r15_m4000
    threads: 2
    resources: tmpdir=/tmp

[Wed Sep  2 00:17:56 2026]
Finished job 433.
553 of 1923 steps (29%) done
Select jobs to execute...
Execute 1 jobs...

[Wed Sep  2 00:17:56 2026]
localrule run_cell:
    output: results/bias_sensitivity/raw/dp0.35_k0.3_n2000_r5_m2000.rds
    log: logs/bias_sensitivity/run_dp0.35_k0.3_n2000_r5_m2000.log
    jobid: 552
    reason: Missing output files: results/bias_sensitivity/raw/dp0.35_k0.3_n2000_r5_m2000.rds
    wildcards: cell=dp0.35_k0.3_n2000_r5_m2000
    threads: 2
    resources: tmpdir=/tmp

[Wed Sep  2 00:18:36 2026]
Finished job 1133.
554 of 1923 steps (29%) done
Select jobs to execute...
Execute 1 jobs...

[Wed Sep  2 00:18:36 2026]
localrule run_cell:
    output: results/bias_sensitivity/raw/dp0.75_k-0.3_n10000_r20_m4000.rds
    log: logs/bias_sensitivity/run_dp0.75_k-0.3_n10000_r20_m4000.log
    jobid: 1255
    reason: Missing output files: results/bias_sensitivity/raw/dp0.75_k-0.3_n10000_r20_m4000.rds
    wildcards: cell=dp0.75_k-0.3_n10000_r20_m4000
    threads: 2
    resources: tmpdir=/tmp

[Wed Sep  2 00:18:43 2026]
Finished job 834.
555 of 1923 steps (29%) done
Select jobs to execute...
Execute 1 jobs...

[Wed Sep  2 00:18:43 2026]
localrule run_cell:
    output: results/bias_sensitivity/raw/dp0.75_k-0.3_n2000_r5_m2000.rds
    log: logs/bias_sensitivity/run_dp0.75_k-0.3_n2000_r5_m2000.log
    jobid: 1272
    reason: Missing output files: results/bias_sensitivity/raw/dp0.75_k-0.3_n2000_r5_m2000.rds
    wildcards: cell=dp0.75_k-0.3_n2000_r5_m2000
    threads: 2
    resources: tmpdir=/tmp

[Wed Sep  2 00:19:08 2026]
Finished job 1810.
556 of 1923 steps (29%) done
Select jobs to execute...
Execute 1 jobs...

[Wed Sep  2 00:19:08 2026]
localrule run_cell:
    output: results/bias_sensitivity/raw/dp0.8_k0.3_n8000_r5_m2000.rds
    log: logs/bias_sensitivity/run_dp0.8_k0.3_n8000_r5_m2000.log
    jobid: 1632
    reason: Missing output files: results/bias_sensitivity/raw/dp0.8_k0.3_n8000_r5_m2000.rds
    wildcards: cell=dp0.8_k0.3_n8000_r5_m2000
    threads: 2
    resources: tmpdir=/tmp

[Wed Sep  2 00:19:20 2026]
Finished job 1271.
557 of 1923 steps (29%) done
Select jobs to execute...
Execute 1 jobs...

[Wed Sep  2 00:19:20 2026]
localrule run_cell:
    output: results/bias_sensitivity/raw/dp0.9_k0.3_n6000_r15_m2000.rds
    log: logs/bias_sensitivity/run_dp0.9_k0.3_n6000_r15_m2000.log
    jobid: 1812
    reason: Missing output files: results/bias_sensitivity/raw/dp0.9_k0.3_n6000_r15_m2000.rds
    wildcards: cell=dp0.9_k0.3_n6000_r15_m2000
    threads: 2
    resources: tmpdir=/tmp

[Wed Sep  2 00:19:24 2026]
Finished job 713.
558 of 1923 steps (29%) done
Select jobs to execute...
Execute 1 jobs...

[Wed Sep  2 00:19:24 2026]
localrule run_cell:
    output: results/bias_sensitivity/raw/dp0.85_k0.3_n2000_r5_m2000.rds
    log: logs/bias_sensitivity/run_dp0.85_k0.3_n2000_r5_m2000.log
    jobid: 1512
    reason: Missing output files: results/bias_sensitivity/raw/dp0.85_k0.3_n2000_r5_m2000.rds
    wildcards: cell=dp0.85_k0.3_n2000_r5_m2000
    threads: 2
    resources: tmpdir=/tmp

[Wed Sep  2 00:19:28 2026]
Finished job 551.
559 of 1923 steps (29%) done
Select jobs to execute...
Execute 1 jobs...

[Wed Sep  2 00:19:28 2026]
localrule run_cell:
    output: results/bias_sensitivity/raw/dp0.95_k0.3_n1000_r15_m2000.rds
    log: logs/bias_sensitivity/run_dp0.95_k0.3_n1000_r15_m2000.log
    jobid: 1692
    reason: Missing output files: results/bias_sensitivity/raw/dp0.95_k0.3_n1000_r15_m2000.rds
    wildcards: cell=dp0.95_k0.3_n1000_r15_m2000
    threads: 2
    resources: tmpdir=/tmp

[Wed Sep  2 00:19:28 2026]
Finished job 1511.
560 of 1923 steps (29%) done
Select jobs to execute...
Execute 1 jobs...

[Wed Sep  2 00:19:28 2026]
localrule run_cell:
    output: results/bias_sensitivity/raw/dp0.75_k0.3_n2000_r10_m4000.rds
    log: logs/bias_sensitivity/run_dp0.75_k0.3_n2000_r10_m4000.log
    jobid: 1315
    reason: Missing output files: results/bias_sensitivity/raw/dp0.75_k0.3_n2000_r10_m4000.rds
    wildcards: cell=dp0.75_k0.3_n2000_r10_m4000
    threads: 2
    resources: tmpdir=/tmp

[Wed Sep  2 00:19:41 2026]
Finished job 79.
561 of 1923 steps (29%) done
Select jobs to execute...
Execute 1 jobs...

[Wed Sep  2 00:19:41 2026]
localrule run_cell:
    output: results/bias_sensitivity/raw/dp0.8_k-0.3_n2000_r10_m4000.rds
    log: logs/bias_sensitivity/run_dp0.8_k-0.3_n2000_r10_m4000.log
    jobid: 1555
    reason: Missing output files: results/bias_sensitivity/raw/dp0.8_k-0.3_n2000_r10_m4000.rds
    wildcards: cell=dp0.8_k-0.3_n2000_r10_m4000
    threads: 2
    resources: tmpdir=/tmp

[Wed Sep  2 00:19:49 2026]
Finished job 637.
562 of 1923 steps (29%) done
Select jobs to execute...
Execute 1 jobs...

[Wed Sep  2 00:19:49 2026]
localrule run_cell:
    output: results/bias_sensitivity/raw/dp0.15_k0.3_n4000_r20_m4000.rds
    log: logs/bias_sensitivity/run_dp0.15_k0.3_n4000_r20_m4000.log
    jobid: 175
    reason: Missing output files: results/bias_sensitivity/raw/dp0.15_k0.3_n4000_r20_m4000.rds
    wildcards: cell=dp0.15_k0.3_n4000_r20_m4000
    threads: 2
    resources: tmpdir=/tmp

[Wed Sep  2 00:19:54 2026]
Finished job 914.
563 of 1923 steps (29%) done
Select jobs to execute...
Execute 1 jobs...

[Wed Sep  2 00:19:54 2026]
localrule run_cell:
    output: results/bias_sensitivity/raw/dp0.3_k0.3_n4000_r20_m4000.rds
    log: logs/bias_sensitivity/run_dp0.3_k0.3_n4000_r20_m4000.log
    jobid: 655
    reason: Missing output files: results/bias_sensitivity/raw/dp0.3_k0.3_n4000_r20_m4000.rds
    wildcards: cell=dp0.3_k0.3_n4000_r20_m4000
    threads: 2
    resources: tmpdir=/tmp

[Wed Sep  2 00:20:13 2026]
Finished job 1731.
564 of 1923 steps (29%) done
Select jobs to execute...
Execute 1 jobs...

[Wed Sep  2 00:20:13 2026]
localrule run_cell:
    output: results/bias_sensitivity/raw/dp0.45_k-0.3_n8000_r10_m4000.rds
    log: logs/bias_sensitivity/run_dp0.45_k-0.3_n8000_r10_m4000.log
    jobid: 715
    reason: Missing output files: results/bias_sensitivity/raw/dp0.45_k-0.3_n8000_r10_m4000.rds
    wildcards: cell=dp0.45_k-0.3_n8000_r10_m4000
    threads: 2
    resources: tmpdir=/tmp

[Wed Sep  2 00:20:20 2026]
Finished job 1257.
565 of 1923 steps (29%) done
Select jobs to execute...
Execute 1 jobs...

[Wed Sep  2 00:20:20 2026]
localrule run_cell:
    output: results/bias_sensitivity/raw/dp0.4_k0.3_n2000_r10_m4000.rds
    log: logs/bias_sensitivity/run_dp0.4_k0.3_n2000_r10_m4000.log
    jobid: 835
    reason: Missing output files: results/bias_sensitivity/raw/dp0.4_k0.3_n2000_r10_m4000.rds
    wildcards: cell=dp0.4_k0.3_n2000_r10_m4000
    threads: 2
    resources: tmpdir=/tmp

[Wed Sep  2 00:20:30 2026]
Finished job 877.
566 of 1923 steps (29%) done
Select jobs to execute...
Execute 1 jobs...

[Wed Sep  2 00:20:30 2026]
localrule run_cell:
    output: results/bias_sensitivity/raw/dp0.55_k0.3_n8000_r10_m4000.rds
    log: logs/bias_sensitivity/run_dp0.55_k0.3_n8000_r10_m4000.log
    jobid: 955
    reason: Missing output files: results/bias_sensitivity/raw/dp0.55_k0.3_n8000_r10_m4000.rds
    wildcards: cell=dp0.55_k0.3_n8000_r10_m4000
    threads: 2
    resources: tmpdir=/tmp

[Wed Sep  2 00:20:37 2026]
Finished job 1314.
567 of 1923 steps (29%) done
Select jobs to execute...
Execute 1 jobs...

[Wed Sep  2 00:20:37 2026]
localrule run_cell:
    output: results/bias_sensitivity/raw/dp0.7_k0.3_n8000_r10_m4000.rds
    log: logs/bias_sensitivity/run_dp0.7_k0.3_n8000_r10_m4000.log
    jobid: 1435
    reason: Missing output files: results/bias_sensitivity/raw/dp0.7_k0.3_n8000_r10_m4000.rds
    wildcards: cell=dp0.7_k0.3_n8000_r10_m4000
    threads: 2
    resources: tmpdir=/tmp

[Wed Sep  2 00:21:37 2026]
Finished job 676.
568 of 1923 steps (30%) done
Select jobs to execute...
Execute 1 jobs...

[Wed Sep  2 00:21:37 2026]
localrule run_cell:
    output: results/bias_sensitivity/raw/dp0.65_k0.3_n4000_r20_m4000.rds
    log: logs/bias_sensitivity/run_dp0.65_k0.3_n4000_r20_m4000.log
    jobid: 1135
    reason: Missing output files: results/bias_sensitivity/raw/dp0.65_k0.3_n4000_r20_m4000.rds
    wildcards: cell=dp0.65_k0.3_n4000_r20_m4000
    threads: 2
    resources: tmpdir=/tmp

[Wed Sep  2 00:21:54 2026]
Finished job 953.
569 of 1923 steps (30%) done
Select jobs to execute...
Execute 1 jobs...

[Wed Sep  2 00:21:54 2026]
localrule run_cell:
    output: results/bias_sensitivity/raw/dp0.5_k0.3_n10000_r20_m4000.rds
    log: logs/bias_sensitivity/run_dp0.5_k0.3_n10000_r20_m4000.log
    jobid: 1015
    reason: Missing output files: results/bias_sensitivity/raw/dp0.5_k0.3_n10000_r20_m4000.rds
    wildcards: cell=dp0.5_k0.3_n10000_r20_m4000
    threads: 2
    resources: tmpdir=/tmp

[Wed Sep  2 00:21:54 2026]
Finished job 1708.
570 of 1923 steps (30%) done
Select jobs to execute...
Execute 1 jobs...

[Wed Sep  2 00:21:55 2026]
localrule run_cell:
    output: results/bias_sensitivity/raw/dp0.85_k0.3_n10000_r20_m4000.rds
    log: logs/bias_sensitivity/run_dp0.85_k0.3_n10000_r20_m4000.log
    jobid: 1495
    reason: Missing output files: results/bias_sensitivity/raw/dp0.85_k0.3_n10000_r20_m4000.rds
    wildcards: cell=dp0.85_k0.3_n10000_r20_m4000
    threads: 2
    resources: tmpdir=/tmp

[Wed Sep  2 00:21:56 2026]
Finished job 996.
571 of 1923 steps (30%) done
Select jobs to execute...
Execute 1 jobs...

[Wed Sep  2 00:21:56 2026]
localrule run_cell:
    output: results/bias_sensitivity/raw/dp0.7_k-0.3_n4000_r20_m4000.rds
    log: logs/bias_sensitivity/run_dp0.7_k-0.3_n4000_r20_m4000.log
    jobid: 1375
    reason: Missing output files: results/bias_sensitivity/raw/dp0.7_k-0.3_n4000_r20_m4000.rds
    wildcards: cell=dp0.7_k-0.3_n4000_r20_m4000
    threads: 2
    resources: tmpdir=/tmp

[Wed Sep  2 00:22:46 2026]
Finished job 1692.
572 of 1923 steps (30%) done
Select jobs to execute...
Execute 1 jobs...

[Wed Sep  2 00:22:46 2026]
localrule run_cell:
    output: results/bias_sensitivity/raw/dp0.3_k0.3_n1000_r20_m2000.rds
    log: logs/bias_sensitivity/run_dp0.3_k0.3_n1000_r20_m2000.log
    jobid: 638
    reason: Missing output files: results/bias_sensitivity/raw/dp0.3_k0.3_n1000_r20_m2000.rds
    wildcards: cell=dp0.3_k0.3_n1000_r20_m2000
    threads: 2
    resources: tmpdir=/tmp

[Wed Sep  2 00:22:51 2026]
Finished job 1554.
573 of 1923 steps (30%) done
Select jobs to execute...
Execute 1 jobs...

[Wed Sep  2 00:22:51 2026]
localrule run_cell:
    output: results/bias_sensitivity/raw/dp0.3_k-0.3_n10000_r10_m2000.rds
    log: logs/bias_sensitivity/run_dp0.3_k-0.3_n10000_r10_m2000.log
    jobid: 578
    reason: Missing output files: results/bias_sensitivity/raw/dp0.3_k-0.3_n10000_r10_m2000.rds
    wildcards: cell=dp0.3_k-0.3_n10000_r10_m2000
    threads: 2
    resources: tmpdir=/tmp

[Wed Sep  2 00:22:53 2026]
Finished job 654.
574 of 1923 steps (30%) done
Select jobs to execute...
Execute 1 jobs...

[Wed Sep  2 00:22:53 2026]
localrule run_cell:
    output: results/bias_sensitivity/raw/dp0.5_k-0.3_n6000_r20_m2000.rds
    log: logs/bias_sensitivity/run_dp0.5_k-0.3_n6000_r20_m2000.log
    jobid: 998
    reason: Missing output files: results/bias_sensitivity/raw/dp0.5_k-0.3_n6000_r20_m2000.rds
    wildcards: cell=dp0.5_k-0.3_n6000_r20_m2000
    threads: 2
    resources: tmpdir=/tmp

[Wed Sep  2 00:22:57 2026]
Finished job 1134.
575 of 1923 steps (30%) done
Select jobs to execute...
Execute 1 jobs...

[Wed Sep  2 00:22:57 2026]
localrule run_cell:
    output: results/bias_sensitivity/raw/dp0.55_k-0.3_n1000_r20_m2000.rds
    log: logs/bias_sensitivity/run_dp0.55_k-0.3_n1000_r20_m2000.log
    jobid: 878
    reason: Missing output files: results/bias_sensitivity/raw/dp0.55_k-0.3_n1000_r20_m2000.rds
    wildcards: cell=dp0.55_k-0.3_n1000_r20_m2000
    threads: 2
    resources: tmpdir=/tmp

[Wed Sep  2 00:23:15 2026]
Finished job 174.
576 of 1923 steps (30%) done
Select jobs to execute...
Execute 1 jobs...

[Wed Sep  2 00:23:15 2026]
localrule run_cell:
    output: results/bias_sensitivity/raw/dp0.05_k0.3_n4000_r5_m4000.rds
    log: logs/bias_sensitivity/run_dp0.05_k0.3_n4000_r5_m4000.log
    jobid: 81
    reason: Missing output files: results/bias_sensitivity/raw/dp0.05_k0.3_n4000_r5_m4000.rds
    wildcards: cell=dp0.05_k0.3_n4000_r5_m4000
    threads: 2
    resources: tmpdir=/tmp

[Wed Sep  2 00:24:14 2026]
Finished job 552.
577 of 1923 steps (30%) done
Select jobs to execute...
Execute 1 jobs...

[Wed Sep  2 00:24:14 2026]
localrule run_cell:
    output: results/bias_sensitivity/raw/dp0.95_k0.3_n4000_r20_m2000.rds
    log: logs/bias_sensitivity/run_dp0.95_k0.3_n4000_r20_m2000.log
    jobid: 1710
    reason: Missing output files: results/bias_sensitivity/raw/dp0.95_k0.3_n4000_r20_m2000.rds
    wildcards: cell=dp0.95_k0.3_n4000_r20_m2000
    threads: 2
    resources: tmpdir=/tmp

[Wed Sep  2 00:24:28 2026]
Finished job 1394.
578 of 1923 steps (30%) done
Select jobs to execute...
Execute 1 jobs...

[Wed Sep  2 00:24:28 2026]
localrule run_cell:
    output: results/bias_sensitivity/raw/dp0.85_k0.3_n2000_r5_m4000.rds
    log: logs/bias_sensitivity/run_dp0.85_k0.3_n2000_r5_m4000.log
    jobid: 1513
    reason: Missing output files: results/bias_sensitivity/raw/dp0.85_k0.3_n2000_r5_m4000.rds
    wildcards: cell=dp0.85_k0.3_n2000_r5_m4000
    threads: 2
    resources: tmpdir=/tmp

[Wed Sep  2 00:24:44 2026]
Finished job 1395.
579 of 1923 steps (30%) done
Select jobs to execute...
Execute 1 jobs...

[Wed Sep  2 00:24:44 2026]
localrule run_cell:
    output: results/bias_sensitivity/raw/dp0.95_k0.3_n1000_r15_m4000.rds
    log: logs/bias_sensitivity/run_dp0.95_k0.3_n1000_r15_m4000.log
    jobid: 1693
    reason: Missing output files: results/bias_sensitivity/raw/dp0.95_k0.3_n1000_r15_m4000.rds
    wildcards: cell=dp0.95_k0.3_n1000_r15_m4000
    threads: 2
    resources: tmpdir=/tmp

[Wed Sep  2 00:25:02 2026]
Finished job 858.
580 of 1923 steps (30%) done
Select jobs to execute...
Execute 1 jobs...

[Wed Sep  2 00:25:02 2026]
localrule run_cell:
    output: results/bias_sensitivity/raw/dp0.8_k0.3_n8000_r5_m4000.rds
    log: logs/bias_sensitivity/run_dp0.8_k0.3_n8000_r5_m4000.log
    jobid: 1633
    reason: Missing output files: results/bias_sensitivity/raw/dp0.8_k0.3_n8000_r5_m4000.rds
    wildcards: cell=dp0.8_k0.3_n8000_r5_m4000
    threads: 2
    resources: tmpdir=/tmp

[Wed Sep  2 00:25:26 2026]
Finished job 762.
581 of 1923 steps (30%) done
Select jobs to execute...
Execute 1 jobs...

[Wed Sep  2 00:25:26 2026]
localrule run_cell:
    output: results/bias_sensitivity/raw/dp0.9_k0.3_n6000_r15_m4000.rds
    log: logs/bias_sensitivity/run_dp0.9_k0.3_n6000_r15_m4000.log
    jobid: 1813
    reason: Missing output files: results/bias_sensitivity/raw/dp0.9_k0.3_n6000_r15_m4000.rds
    wildcards: cell=dp0.9_k0.3_n6000_r15_m4000
    threads: 2
    resources: tmpdir=/tmp

[Wed Sep  2 00:25:31 2026]
Finished job 1374.
582 of 1923 steps (30%) done
Select jobs to execute...
Execute 1 jobs...

[Wed Sep  2 00:25:31 2026]
localrule run_cell:
    output: results/bias_sensitivity/raw/dp0.35_k0.3_n2000_r5_m4000.rds
    log: logs/bias_sensitivity/run_dp0.35_k0.3_n2000_r5_m4000.log
    jobid: 553
    reason: Missing output files: results/bias_sensitivity/raw/dp0.35_k0.3_n2000_r5_m4000.rds
    wildcards: cell=dp0.35_k0.3_n2000_r5_m4000
    threads: 2
    resources: tmpdir=/tmp

[Wed Sep  2 00:25:54 2026]
Finished job 638.
583 of 1923 steps (30%) done
Select jobs to execute...
Execute 1 jobs...

[Wed Sep  2 00:25:54 2026]
localrule run_cell:
    output: results/bias_sensitivity/raw/dp0.75_k-0.3_n2000_r5_m4000.rds
    log: logs/bias_sensitivity/run_dp0.75_k-0.3_n2000_r5_m4000.log
    jobid: 1273
    reason: Missing output files: results/bias_sensitivity/raw/dp0.75_k-0.3_n2000_r5_m4000.rds
    wildcards: cell=dp0.75_k-0.3_n2000_r5_m4000
    threads: 2
    resources: tmpdir=/tmp

[Wed Sep  2 00:26:07 2026]
Finished job 956.
584 of 1923 steps (30%) done
Select jobs to execute...
Execute 1 jobs...

[Wed Sep  2 00:26:07 2026]
localrule run_cell:
    output: results/bias_sensitivity/raw/dp0.45_k-0.3_n8000_r20_m4000.rds
    log: logs/bias_sensitivity/run_dp0.45_k-0.3_n8000_r20_m4000.log
    jobid: 719
    reason: Missing output files: results/bias_sensitivity/raw/dp0.45_k-0.3_n8000_r20_m4000.rds
    wildcards: cell=dp0.45_k-0.3_n8000_r20_m4000
    threads: 2
    resources: tmpdir=/tmp

[Wed Sep  2 00:26:12 2026]
Finished job 878.
585 of 1923 steps (30%) done
Select jobs to execute...
Execute 1 jobs...

[Wed Sep  2 00:26:12 2026]
localrule run_cell:
    output: results/bias_sensitivity/raw/dp0.5_k0.3_n10000_r5_m2000.rds
    log: logs/bias_sensitivity/run_dp0.5_k0.3_n10000_r5_m2000.log
    jobid: 1016
    reason: Missing output files: results/bias_sensitivity/raw/dp0.5_k0.3_n10000_r5_m2000.rds
    wildcards: cell=dp0.5_k0.3_n10000_r5_m2000
    threads: 2
    resources: tmpdir=/tmp

[Wed Sep  2 00:26:22 2026]
Finished job 438.
586 of 1923 steps (30%) done
Select jobs to execute...
Execute 1 jobs...

[Wed Sep  2 00:26:22 2026]
localrule run_cell:
    output: results/bias_sensitivity/raw/dp0.15_k0.3_n4000_r5_m2000.rds
    log: logs/bias_sensitivity/run_dp0.15_k0.3_n4000_r5_m2000.log
    jobid: 176
    reason: Missing output files: results/bias_sensitivity/raw/dp0.15_k0.3_n4000_r5_m2000.rds
    wildcards: cell=dp0.15_k0.3_n4000_r5_m2000
    threads: 2
    resources: tmpdir=/tmp

[Wed Sep  2 00:27:00 2026]
Finished job 1512.
587 of 1923 steps (31%) done
Select jobs to execute...
Execute 1 jobs...

[Wed Sep  2 00:27:00 2026]
localrule run_cell:
    output: results/bias_sensitivity/raw/dp0.3_k0.3_n4000_r5_m2000.rds
    log: logs/bias_sensitivity/run_dp0.3_k0.3_n4000_r5_m2000.log
    jobid: 656
    reason: Missing output files: results/bias_sensitivity/raw/dp0.3_k0.3_n4000_r5_m2000.rds
    wildcards: cell=dp0.3_k0.3_n4000_r5_m2000
    threads: 2
    resources: tmpdir=/tmp

[Wed Sep  2 00:27:05 2026]
Finished job 1315.
588 of 1923 steps (31%) done
Select jobs to execute...
Execute 1 jobs...

[Wed Sep  2 00:27:05 2026]
localrule run_cell:
    output: results/bias_sensitivity/raw/dp0.45_k-0.3_n8000_r15_m2000.rds
    log: logs/bias_sensitivity/run_dp0.45_k-0.3_n8000_r15_m2000.log
    jobid: 716
    reason: Missing output files: results/bias_sensitivity/raw/dp0.45_k-0.3_n8000_r15_m2000.rds
    wildcards: cell=dp0.45_k-0.3_n8000_r15_m2000
    threads: 2
    resources: tmpdir=/tmp

[Wed Sep  2 00:27:05 2026]
Finished job 80.
589 of 1923 steps (31%) done
Select jobs to execute...
Execute 1 jobs...

[Wed Sep  2 00:27:05 2026]
localrule run_cell:
    output: results/bias_sensitivity/raw/dp0.4_k0.3_n2000_r15_m2000.rds
    log: logs/bias_sensitivity/run_dp0.4_k0.3_n2000_r15_m2000.log
    jobid: 836
    reason: Missing output files: results/bias_sensitivity/raw/dp0.4_k0.3_n2000_r15_m2000.rds
    wildcards: cell=dp0.4_k0.3_n2000_r15_m2000
    threads: 2
    resources: tmpdir=/tmp

[Wed Sep  2 00:27:20 2026]
Finished job 1272.
590 of 1923 steps (31%) done
Select jobs to execute...
Execute 1 jobs...

[Wed Sep  2 00:27:20 2026]
localrule run_cell:
    output: results/bias_sensitivity/raw/dp0.7_k-0.3_n4000_r5_m2000.rds
    log: logs/bias_sensitivity/run_dp0.7_k-0.3_n4000_r5_m2000.log
    jobid: 1376
    reason: Missing output files: results/bias_sensitivity/raw/dp0.7_k-0.3_n4000_r5_m2000.rds
    wildcards: cell=dp0.7_k-0.3_n4000_r5_m2000
    threads: 2
    resources: tmpdir=/tmp

[Wed Sep  2 00:27:25 2026]
Finished job 835.
591 of 1923 steps (31%) done
Select jobs to execute...
Execute 1 jobs...

[Wed Sep  2 00:27:25 2026]
localrule run_cell:
    output: results/bias_sensitivity/raw/dp0.8_k-0.3_n2000_r15_m2000.rds
    log: logs/bias_sensitivity/run_dp0.8_k-0.3_n2000_r15_m2000.log
    jobid: 1556
    reason: Missing output files: results/bias_sensitivity/raw/dp0.8_k-0.3_n2000_r15_m2000.rds
    wildcards: cell=dp0.8_k-0.3_n2000_r15_m2000
    threads: 2
    resources: tmpdir=/tmp

[Wed Sep  2 00:27:42 2026]
Finished job 418.
592 of 1923 steps (31%) done
Select jobs to execute...
Execute 1 jobs...

[Wed Sep  2 00:27:42 2026]
localrule run_cell:
    output: results/bias_sensitivity/raw/dp0.75_k-0.3_n10000_r5_m2000.rds
    log: logs/bias_sensitivity/run_dp0.75_k-0.3_n10000_r5_m2000.log
    jobid: 1256
    reason: Missing output files: results/bias_sensitivity/raw/dp0.75_k-0.3_n10000_r5_m2000.rds
    wildcards: cell=dp0.75_k-0.3_n10000_r5_m2000
    threads: 2
    resources: tmpdir=/tmp

[Wed Sep  2 00:27:50 2026]
Finished job 1709.
593 of 1923 steps (31%) done
Select jobs to execute...
Execute 1 jobs...

[Wed Sep  2 00:27:50 2026]
localrule run_cell:
    output: results/bias_sensitivity/raw/dp0.85_k0.3_n10000_r5_m2000.rds
    log: logs/bias_sensitivity/run_dp0.85_k0.3_n10000_r5_m2000.log
    jobid: 1496
    reason: Missing output files: results/bias_sensitivity/raw/dp0.85_k0.3_n10000_r5_m2000.rds
    wildcards: cell=dp0.85_k0.3_n10000_r5_m2000
    threads: 2
    resources: tmpdir=/tmp

[Wed Sep  2 00:28:08 2026]
Finished job 1693.
594 of 1923 steps (31%) done
Select jobs to execute...
Execute 1 jobs...

[Wed Sep  2 00:28:08 2026]
localrule run_cell:
    output: results/bias_sensitivity/raw/dp0.7_k0.3_n8000_r15_m2000.rds
    log: logs/bias_sensitivity/run_dp0.7_k0.3_n8000_r15_m2000.log
    jobid: 1436
    reason: Missing output files: results/bias_sensitivity/raw/dp0.7_k0.3_n8000_r15_m2000.rds
    wildcards: cell=dp0.7_k0.3_n8000_r15_m2000
    threads: 2
    resources: tmpdir=/tmp

[Wed Sep  2 00:28:17 2026]
Finished job 1555.
595 of 1923 steps (31%) done
Select jobs to execute...
Execute 1 jobs...

[Wed Sep  2 00:28:17 2026]
localrule run_cell:
    output: results/bias_sensitivity/raw/dp0.75_k0.3_n2000_r15_m2000.rds
    log: logs/bias_sensitivity/run_dp0.75_k0.3_n2000_r15_m2000.log
    jobid: 1316
    reason: Missing output files: results/bias_sensitivity/raw/dp0.75_k0.3_n2000_r15_m2000.rds
    wildcards: cell=dp0.75_k0.3_n2000_r15_m2000
    threads: 2
    resources: tmpdir=/tmp

[Wed Sep  2 00:28:47 2026]
Finished job 1593.
596 of 1923 steps (31%) done
Select jobs to execute...
Execute 1 jobs...

[Wed Sep  2 00:28:47 2026]
localrule run_cell:
    output: results/bias_sensitivity/raw/dp0.65_k0.3_n4000_r5_m2000.rds
    log: logs/bias_sensitivity/run_dp0.65_k0.3_n4000_r5_m2000.log
    jobid: 1136
    reason: Missing output files: results/bias_sensitivity/raw/dp0.65_k0.3_n4000_r5_m2000.rds
    wildcards: cell=dp0.65_k0.3_n4000_r5_m2000
    threads: 2
    resources: tmpdir=/tmp

[Wed Sep  2 00:29:27 2026]
Finished job 175.
597 of 1923 steps (31%) done
Select jobs to execute...
Execute 1 jobs...

[Wed Sep  2 00:29:27 2026]
localrule run_cell:
    output: results/bias_sensitivity/raw/dp0.55_k-0.3_n1000_r20_m4000.rds
    log: logs/bias_sensitivity/run_dp0.55_k-0.3_n1000_r20_m4000.log
    jobid: 879
    reason: Missing output files: results/bias_sensitivity/raw/dp0.55_k-0.3_n1000_r20_m4000.rds
    wildcards: cell=dp0.55_k-0.3_n1000_r20_m4000
    threads: 2
    resources: tmpdir=/tmp

[Wed Sep  2 00:30:59 2026]
Finished job 655.
598 of 1923 steps (31%) done
Select jobs to execute...
Execute 1 jobs...

[Wed Sep  2 00:30:59 2026]
localrule run_cell:
    output: results/bias_sensitivity/raw/dp0.5_k-0.3_n6000_r20_m4000.rds
    log: logs/bias_sensitivity/run_dp0.5_k-0.3_n6000_r20_m4000.log
    jobid: 999
    reason: Missing output files: results/bias_sensitivity/raw/dp0.5_k-0.3_n6000_r20_m4000.rds
    wildcards: cell=dp0.5_k-0.3_n6000_r20_m4000
    threads: 2
    resources: tmpdir=/tmp

[Wed Sep  2 00:31:25 2026]
Finished job 577.
599 of 1923 steps (31%) done
Select jobs to execute...
Execute 1 jobs...

[Wed Sep  2 00:31:25 2026]
localrule run_cell:
    output: results/bias_sensitivity/raw/dp0.3_k0.3_n1000_r20_m4000.rds
    log: logs/bias_sensitivity/run_dp0.3_k0.3_n1000_r20_m4000.log
    jobid: 639
    reason: Missing output files: results/bias_sensitivity/raw/dp0.3_k0.3_n1000_r20_m4000.rds
    wildcards: cell=dp0.3_k0.3_n1000_r20_m4000
    threads: 2
    resources: tmpdir=/tmp

[Wed Sep  2 00:31:43 2026]
Finished job 1014.
600 of 1923 steps (31%) done
Select jobs to execute...
Execute 1 jobs...

[Wed Sep  2 00:31:43 2026]
localrule run_cell:
    output: results/bias_sensitivity/raw/dp0.3_k-0.3_n10000_r10_m4000.rds
    log: logs/bias_sensitivity/run_dp0.3_k-0.3_n10000_r10_m4000.log
    jobid: 579
    reason: Missing output files: results/bias_sensitivity/raw/dp0.3_k-0.3_n10000_r10_m4000.rds
    wildcards: cell=dp0.3_k-0.3_n10000_r10_m4000
    threads: 2
    resources: tmpdir=/tmp

[Wed Sep  2 00:32:01 2026]
Finished job 1135.
601 of 1923 steps (31%) done
Select jobs to execute...
Execute 1 jobs...

[Wed Sep  2 00:32:01 2026]
localrule run_cell:
    output: results/bias_sensitivity/raw/dp0.05_k0.3_n6000_r10_m2000.rds
    log: logs/bias_sensitivity/run_dp0.05_k0.3_n6000_r10_m2000.log
    jobid: 82
    reason: Missing output files: results/bias_sensitivity/raw/dp0.05_k0.3_n6000_r10_m2000.rds
    wildcards: cell=dp0.05_k0.3_n6000_r10_m2000
    threads: 2
    resources: tmpdir=/tmp

[Wed Sep  2 00:32:15 2026]
Finished job 1375.
602 of 1923 steps (31%) done
Select jobs to execute...
Execute 1 jobs...

[Wed Sep  2 00:32:15 2026]
localrule run_cell:
    output: results/bias_sensitivity/raw/dp0.95_k0.3_n4000_r20_m4000.rds
    log: logs/bias_sensitivity/run_dp0.95_k0.3_n4000_r20_m4000.log
    jobid: 1711
    reason: Missing output files: results/bias_sensitivity/raw/dp0.95_k0.3_n4000_r20_m4000.rds
    wildcards: cell=dp0.95_k0.3_n4000_r20_m4000
    threads: 2
    resources: tmpdir=/tmp

[Wed Sep  2 00:32:32 2026]
Finished job 1513.
603 of 1923 steps (31%) done
Select jobs to execute...
Execute 1 jobs...

[Wed Sep  2 00:32:32 2026]
localrule run_cell:
    output: results/bias_sensitivity/raw/dp0.95_k-0.3_n10000_r10_m2000.rds
    log: logs/bias_sensitivity/run_dp0.95_k-0.3_n10000_r10_m2000.log
    jobid: 1634
    reason: Missing output files: results/bias_sensitivity/raw/dp0.95_k-0.3_n10000_r10_m2000.rds
    wildcards: cell=dp0.95_k-0.3_n10000_r10_m2000
    threads: 2
    resources: tmpdir=/tmp

[Wed Sep  2 00:32:37 2026]
Finished job 879.
604 of 1923 steps (31%) done
Select jobs to execute...
Execute 1 jobs...

[Wed Sep  2 00:32:37 2026]
localrule run_cell:
    output: results/bias_sensitivity/raw/dp0.35_k0.3_n4000_r10_m2000.rds
    log: logs/bias_sensitivity/run_dp0.35_k0.3_n4000_r10_m2000.log
    jobid: 554
    reason: Missing output files: results/bias_sensitivity/raw/dp0.35_k0.3_n4000_r10_m2000.rds
    wildcards: cell=dp0.35_k0.3_n4000_r10_m2000
    threads: 2
    resources: tmpdir=/tmp

[Wed Sep  2 00:32:42 2026]
Finished job 81.
605 of 1923 steps (31%) done
Select jobs to execute...
Execute 1 jobs...

[Wed Sep  2 00:32:42 2026]
localrule run_cell:
    output: results/bias_sensitivity/raw/dp0.75_k-0.3_n4000_r10_m2000.rds
    log: logs/bias_sensitivity/run_dp0.75_k-0.3_n4000_r10_m2000.log
    jobid: 1274
    reason: Missing output files: results/bias_sensitivity/raw/dp0.75_k-0.3_n4000_r10_m2000.rds
    wildcards: cell=dp0.75_k-0.3_n4000_r10_m2000
    threads: 2
    resources: tmpdir=/tmp

[Wed Sep  2 00:32:59 2026]
Finished job 553.
606 of 1923 steps (32%) done
Select jobs to execute...
Execute 1 jobs...

[Wed Sep  2 00:32:59 2026]
localrule run_cell:
    output: results/bias_sensitivity/raw/dp0.85_k0.3_n4000_r10_m2000.rds
    log: logs/bias_sensitivity/run_dp0.85_k0.3_n4000_r10_m2000.log
    jobid: 1514
    reason: Missing output files: results/bias_sensitivity/raw/dp0.85_k0.3_n4000_r10_m2000.rds
    wildcards: cell=dp0.85_k0.3_n4000_r10_m2000
    threads: 2
    resources: tmpdir=/tmp

[Wed Sep  2 00:33:31 2026]
Finished job 836.
607 of 1923 steps (32%) done
Select jobs to execute...
Execute 1 jobs...

[Wed Sep  2 00:33:31 2026]
localrule run_cell:
    output: results/bias_sensitivity/raw/dp0.9_k0.3_n6000_r20_m2000.rds
    log: logs/bias_sensitivity/run_dp0.9_k0.3_n6000_r20_m2000.log
    jobid: 1814
    reason: Missing output files: results/bias_sensitivity/raw/dp0.9_k0.3_n6000_r20_m2000.rds
    wildcards: cell=dp0.9_k0.3_n6000_r20_m2000
    threads: 2
    resources: tmpdir=/tmp

[Wed Sep  2 00:33:33 2026]
Finished job 1273.
608 of 1923 steps (32%) done
Select jobs to execute...
Execute 1 jobs...

[Wed Sep  2 00:33:33 2026]
localrule run_cell:
    output: results/bias_sensitivity/raw/dp0.95_k0.3_n1000_r20_m2000.rds
    log: logs/bias_sensitivity/run_dp0.95_k0.3_n1000_r20_m2000.log
    jobid: 1694
    reason: Missing output files: results/bias_sensitivity/raw/dp0.95_k0.3_n1000_r20_m2000.rds
    wildcards: cell=dp0.95_k0.3_n1000_r20_m2000
    threads: 2
    resources: tmpdir=/tmp

[Wed Sep  2 00:33:54 2026]
Finished job 326.
609 of 1923 steps (32%) done
Select jobs to execute...
Execute 1 jobs...

[Wed Sep  2 00:33:54 2026]
localrule run_cell:
    output: results/bias_sensitivity/raw/dp0.7_k-0.3_n4000_r5_m4000.rds
    log: logs/bias_sensitivity/run_dp0.7_k-0.3_n4000_r5_m4000.log
    jobid: 1377
    reason: Missing output files: results/bias_sensitivity/raw/dp0.7_k-0.3_n4000_r5_m4000.rds
    wildcards: cell=dp0.7_k-0.3_n4000_r5_m4000
    threads: 2
    resources: tmpdir=/tmp

[Wed Sep  2 00:34:34 2026]
Finished job 1710.
610 of 1923 steps (32%) done
Select jobs to execute...
Execute 1 jobs...

[Wed Sep  2 00:34:34 2026]
localrule run_cell:
    output: results/bias_sensitivity/raw/dp0.3_k0.3_n4000_r5_m4000.rds
    log: logs/bias_sensitivity/run_dp0.3_k0.3_n4000_r5_m4000.log
    jobid: 657
    reason: Missing output files: results/bias_sensitivity/raw/dp0.3_k0.3_n4000_r5_m4000.rds
    wildcards: cell=dp0.3_k0.3_n4000_r5_m4000
    threads: 2
    resources: tmpdir=/tmp

[Wed Sep  2 00:34:34 2026]
Finished job 639.
611 of 1923 steps (32%) done
Select jobs to execute...
Execute 1 jobs...

[Wed Sep  2 00:34:34 2026]
localrule run_cell:
    output: results/bias_sensitivity/raw/dp0.75_k0.3_n2000_r15_m4000.rds
    log: logs/bias_sensitivity/run_dp0.75_k0.3_n2000_r15_m4000.log
    jobid: 1317
    reason: Missing output files: results/bias_sensitivity/raw/dp0.75_k0.3_n2000_r15_m4000.rds
    wildcards: cell=dp0.75_k0.3_n2000_r15_m4000
    threads: 2
    resources: tmpdir=/tmp

[Wed Sep  2 00:34:54 2026]
Finished job 1534.
612 of 1923 steps (32%) done
Select jobs to execute...
Execute 1 jobs...

[Wed Sep  2 00:34:54 2026]
localrule run_cell:
    output: results/bias_sensitivity/raw/dp0.65_k0.3_n4000_r5_m4000.rds
    log: logs/bias_sensitivity/run_dp0.65_k0.3_n4000_r5_m4000.log
    jobid: 1137
    reason: Missing output files: results/bias_sensitivity/raw/dp0.65_k0.3_n4000_r5_m4000.rds
    wildcards: cell=dp0.65_k0.3_n4000_r5_m4000
    threads: 2
    resources: tmpdir=/tmp

[Wed Sep  2 00:34:56 2026]
Finished job 1316.
613 of 1923 steps (32%) done
Select jobs to execute...
Execute 1 jobs...

[Wed Sep  2 00:34:56 2026]
localrule run_cell:
    output: results/bias_sensitivity/raw/dp0.15_k0.3_n4000_r5_m4000.rds
    log: logs/bias_sensitivity/run_dp0.15_k0.3_n4000_r5_m4000.log
    jobid: 177
    reason: Missing output files: results/bias_sensitivity/raw/dp0.15_k0.3_n4000_r5_m4000.rds
    wildcards: cell=dp0.15_k0.3_n4000_r5_m4000
    threads: 2
    resources: tmpdir=/tmp

[Wed Sep  2 00:34:57 2026]
Finished job 1556.
614 of 1923 steps (32%) done
Select jobs to execute...
Execute 1 jobs...

[Wed Sep  2 00:34:57 2026]
localrule run_cell:
    output: results/bias_sensitivity/raw/dp0.55_k0.3_n8000_r15_m4000.rds
    log: logs/bias_sensitivity/run_dp0.55_k0.3_n8000_r15_m4000.log
    jobid: 957
    reason: Missing output files: results/bias_sensitivity/raw/dp0.55_k0.3_n8000_r15_m4000.rds
    wildcards: cell=dp0.55_k0.3_n8000_r15_m4000
    threads: 2
    resources: tmpdir=/tmp

[Wed Sep  2 00:35:11 2026]
Finished job 176.
615 of 1923 steps (32%) done
Select jobs to execute...
Execute 1 jobs...

[Wed Sep  2 00:35:12 2026]
localrule run_cell:
    output: results/bias_sensitivity/raw/dp0.85_k0.3_n10000_r5_m4000.rds
    log: logs/bias_sensitivity/run_dp0.85_k0.3_n10000_r5_m4000.log
    jobid: 1497
    reason: Missing output files: results/bias_sensitivity/raw/dp0.85_k0.3_n10000_r5_m4000.rds
    wildcards: cell=dp0.85_k0.3_n10000_r5_m4000
    threads: 2
    resources: tmpdir=/tmp

[Wed Sep  2 00:36:44 2026]
Finished job 656.
616 of 1923 steps (32%) done
Select jobs to execute...
Execute 1 jobs...

[Wed Sep  2 00:36:44 2026]
localrule run_cell:
    output: results/bias_sensitivity/raw/dp0.45_k-0.3_n8000_r15_m4000.rds
    log: logs/bias_sensitivity/run_dp0.45_k-0.3_n8000_r15_m4000.log
    jobid: 717
    reason: Missing output files: results/bias_sensitivity/raw/dp0.45_k-0.3_n8000_r15_m4000.rds
    wildcards: cell=dp0.45_k-0.3_n8000_r15_m4000
    threads: 2
    resources: tmpdir=/tmp

[Wed Sep  2 00:36:48 2026]
Finished job 1097.
617 of 1923 steps (32%) done
Select jobs to execute...
Execute 1 jobs...

[Wed Sep  2 00:36:48 2026]
localrule run_cell:
    output: results/bias_sensitivity/raw/dp0.4_k0.3_n2000_r15_m4000.rds
    log: logs/bias_sensitivity/run_dp0.4_k0.3_n2000_r15_m4000.log
    jobid: 837
    reason: Missing output files: results/bias_sensitivity/raw/dp0.4_k0.3_n2000_r15_m4000.rds
    wildcards: cell=dp0.4_k0.3_n2000_r15_m4000
    threads: 2
    resources: tmpdir=/tmp

[Wed Sep  2 00:36:52 2026]
Finished job 1632.
618 of 1923 steps (32%) done
Select jobs to execute...
Execute 1 jobs...

[Wed Sep  2 00:36:52 2026]
localrule run_cell:
    output: results/bias_sensitivity/raw/dp0.5_k0.3_n10000_r5_m4000.rds
    log: logs/bias_sensitivity/run_dp0.5_k0.3_n10000_r5_m4000.log
    jobid: 1017
    reason: Missing output files: results/bias_sensitivity/raw/dp0.5_k0.3_n10000_r5_m4000.rds
    wildcards: cell=dp0.5_k0.3_n10000_r5_m4000
    threads: 2
    resources: tmpdir=/tmp

[Wed Sep  2 00:36:57 2026]
Finished job 1694.
619 of 1923 steps (32%) done
Select jobs to execute...
Execute 1 jobs...

[Wed Sep  2 00:36:57 2026]
localrule run_cell:
    output: results/bias_sensitivity/raw/dp0.7_k0.3_n8000_r15_m4000.rds
    log: logs/bias_sensitivity/run_dp0.7_k0.3_n8000_r15_m4000.log
    jobid: 1437
    reason: Missing output files: results/bias_sensitivity/raw/dp0.7_k0.3_n8000_r15_m4000.rds
    wildcards: cell=dp0.7_k0.3_n8000_r15_m4000
    threads: 2
    resources: tmpdir=/tmp

[Wed Sep  2 00:37:25 2026]
Finished job 1435.
620 of 1923 steps (32%) done
Select jobs to execute...
Execute 1 jobs...

[Wed Sep  2 00:37:25 2026]
localrule run_cell:
    output: results/bias_sensitivity/raw/dp0.8_k-0.3_n2000_r15_m4000.rds
    log: logs/bias_sensitivity/run_dp0.8_k-0.3_n2000_r15_m4000.log
    jobid: 1557
    reason: Missing output files: results/bias_sensitivity/raw/dp0.8_k-0.3_n2000_r15_m4000.rds
    wildcards: cell=dp0.8_k-0.3_n2000_r15_m4000
    threads: 2
    resources: tmpdir=/tmp

[Wed Sep  2 00:38:01 2026]
Finished job 1376.
621 of 1923 steps (32%) done
Select jobs to execute...
Execute 1 jobs...

[Wed Sep  2 00:38:02 2026]
localrule run_cell:
    output: results/bias_sensitivity/raw/dp0.55_k-0.3_n1000_r5_m2000.rds
    log: logs/bias_sensitivity/run_dp0.55_k-0.3_n1000_r5_m2000.log
    jobid: 880
    reason: Missing output files: results/bias_sensitivity/raw/dp0.55_k-0.3_n1000_r5_m2000.rds
    wildcards: cell=dp0.55_k-0.3_n1000_r5_m2000
    threads: 2
    resources: tmpdir=/tmp

[Wed Sep  2 00:38:39 2026]
Finished job 1136.
622 of 1923 steps (32%) done
Select jobs to execute...
Execute 1 jobs...

[Wed Sep  2 00:38:39 2026]
localrule run_cell:
    output: results/bias_sensitivity/raw/dp0.5_k-0.3_n6000_r5_m2000.rds
    log: logs/bias_sensitivity/run_dp0.5_k-0.3_n6000_r5_m2000.log
    jobid: 1000
    reason: Missing output files: results/bias_sensitivity/raw/dp0.5_k-0.3_n6000_r5_m2000.rds
    wildcards: cell=dp0.5_k-0.3_n6000_r5_m2000
    threads: 2
    resources: tmpdir=/tmp

[Wed Sep  2 00:41:14 2026]
Finished job 578.
623 of 1923 steps (32%) done
Select jobs to execute...
Execute 1 jobs...

[Wed Sep  2 00:41:14 2026]
localrule run_cell:
    output: results/bias_sensitivity/raw/dp0.3_k-0.3_n10000_r15_m2000.rds
    log: logs/bias_sensitivity/run_dp0.3_k-0.3_n10000_r15_m2000.log
    jobid: 580
    reason: Missing output files: results/bias_sensitivity/raw/dp0.3_k-0.3_n10000_r15_m2000.rds
    wildcards: cell=dp0.3_k-0.3_n10000_r15_m2000
    threads: 2
    resources: tmpdir=/tmp

[Wed Sep  2 00:41:16 2026]
Finished job 880.
624 of 1923 steps (32%) done
Select jobs to execute...
Execute 1 jobs...

[Wed Sep  2 00:41:16 2026]
localrule run_cell:
    output: results/bias_sensitivity/raw/dp0.3_k0.3_n1000_r5_m2000.rds
    log: logs/bias_sensitivity/run_dp0.3_k0.3_n1000_r5_m2000.log
    jobid: 640
    reason: Missing output files: results/bias_sensitivity/raw/dp0.3_k0.3_n1000_r5_m2000.rds
    wildcards: cell=dp0.3_k0.3_n1000_r5_m2000
    threads: 2
    resources: tmpdir=/tmp

[Wed Sep  2 00:41:46 2026]
Finished job 1317.
625 of 1923 steps (33%) done
Select jobs to execute...
Execute 1 jobs...

[Wed Sep  2 00:41:46 2026]
localrule run_cell:
    output: results/bias_sensitivity/raw/dp0.05_k0.3_n6000_r10_m4000.rds
    log: logs/bias_sensitivity/run_dp0.05_k0.3_n6000_r10_m4000.log
    jobid: 83
    reason: Missing output files: results/bias_sensitivity/raw/dp0.05_k0.3_n6000_r10_m4000.rds
    wildcards: cell=dp0.05_k0.3_n6000_r10_m4000
    threads: 2
    resources: tmpdir=/tmp

[Wed Sep  2 00:41:48 2026]
Finished job 714.
626 of 1923 steps (33%) done
Select jobs to execute...
Execute 1 jobs...

[Wed Sep  2 00:41:48 2026]
localrule run_cell:
    output: results/bias_sensitivity/raw/dp0.95_k0.3_n4000_r5_m2000.rds
    log: logs/bias_sensitivity/run_dp0.95_k0.3_n4000_r5_m2000.log
    jobid: 1712
    reason: Missing output files: results/bias_sensitivity/raw/dp0.95_k0.3_n4000_r5_m2000.rds
    wildcards: cell=dp0.95_k0.3_n4000_r5_m2000
    threads: 2
    resources: tmpdir=/tmp

[Wed Sep  2 00:42:00 2026]
Finished job 1711.
627 of 1923 steps (33%) done
Select jobs to execute...
Execute 1 jobs...

[Wed Sep  2 00:42:00 2026]
localrule run_cell:
    output: results/bias_sensitivity/raw/dp0.35_k0.3_n4000_r10_m4000.rds
    log: logs/bias_sensitivity/run_dp0.35_k0.3_n4000_r10_m4000.log
    jobid: 555
    reason: Missing output files: results/bias_sensitivity/raw/dp0.35_k0.3_n4000_r10_m4000.rds
    wildcards: cell=dp0.35_k0.3_n4000_r10_m4000
    threads: 2
    resources: tmpdir=/tmp

[Wed Sep  2 00:42:02 2026]
Finished job 1495.
628 of 1923 steps (33%) done
Select jobs to execute...
Execute 1 jobs...

[Wed Sep  2 00:42:03 2026]
localrule run_cell:
    output: results/bias_sensitivity/raw/dp0.75_k-0.3_n4000_r10_m4000.rds
    log: logs/bias_sensitivity/run_dp0.75_k-0.3_n4000_r10_m4000.log
    jobid: 1275
    reason: Missing output files: results/bias_sensitivity/raw/dp0.75_k-0.3_n4000_r10_m4000.rds
    wildcards: cell=dp0.75_k-0.3_n4000_r10_m4000
    threads: 2
    resources: tmpdir=/tmp

[Wed Sep  2 00:42:42 2026]
Finished job 554.
629 of 1923 steps (33%) done
Select jobs to execute...
Execute 1 jobs...

[Wed Sep  2 00:42:42 2026]
localrule run_cell:
    output: results/bias_sensitivity/raw/dp0.85_k0.3_n4000_r10_m4000.rds
    log: logs/bias_sensitivity/run_dp0.85_k0.3_n4000_r10_m4000.log
    jobid: 1515
    reason: Missing output files: results/bias_sensitivity/raw/dp0.85_k0.3_n4000_r10_m4000.rds
    wildcards: cell=dp0.85_k0.3_n4000_r10_m4000
    threads: 2
    resources: tmpdir=/tmp

[Wed Sep  2 00:43:19 2026]
Finished job 1274.
630 of 1923 steps (33%) done
Select jobs to execute...
Execute 1 jobs...

[Wed Sep  2 00:43:19 2026]
localrule run_cell:
    output: results/bias_sensitivity/raw/dp0.95_k-0.3_n10000_r10_m4000.rds
    log: logs/bias_sensitivity/run_dp0.95_k-0.3_n10000_r10_m4000.log
    jobid: 1635
    reason: Missing output files: results/bias_sensitivity/raw/dp0.95_k-0.3_n10000_r10_m4000.rds
    wildcards: cell=dp0.95_k-0.3_n10000_r10_m4000
    threads: 2
    resources: tmpdir=/tmp

[Wed Sep  2 00:43:37 2026]
Finished job 82.
631 of 1923 steps (33%) done
Select jobs to execute...
Execute 1 jobs...

[Wed Sep  2 00:43:37 2026]
localrule run_cell:
    output: results/bias_sensitivity/raw/dp0.9_k0.3_n6000_r20_m4000.rds
    log: logs/bias_sensitivity/run_dp0.9_k0.3_n6000_r20_m4000.log
    jobid: 1815
    reason: Missing output files: results/bias_sensitivity/raw/dp0.9_k0.3_n6000_r20_m4000.rds
    wildcards: cell=dp0.9_k0.3_n6000_r20_m4000
    threads: 2
    resources: tmpdir=/tmp

[Wed Sep  2 00:43:48 2026]
Finished job 1514.
632 of 1923 steps (33%) done
Select jobs to execute...
Execute 1 jobs...

[Wed Sep  2 00:43:48 2026]
localrule run_cell:
    output: results/bias_sensitivity/raw/dp0.95_k0.3_n1000_r20_m4000.rds
    log: logs/bias_sensitivity/run_dp0.95_k0.3_n1000_r20_m4000.log
    jobid: 1695
    reason: Missing output files: results/bias_sensitivity/raw/dp0.95_k0.3_n1000_r20_m4000.rds
    wildcards: cell=dp0.95_k0.3_n1000_r20_m4000
    threads: 2
    resources: tmpdir=/tmp

[Wed Sep  2 00:43:52 2026]
Finished job 837.
633 of 1923 steps (33%) done
Select jobs to execute...
Execute 1 jobs...

[Wed Sep  2 00:43:52 2026]
localrule run_cell:
    output: results/bias_sensitivity/raw/dp0.85_k-0.3_n2000_r5_m2000.rds
    log: logs/bias_sensitivity/run_dp0.85_k-0.3_n2000_r5_m2000.log
    jobid: 1464
    reason: Missing output files: results/bias_sensitivity/raw/dp0.85_k-0.3_n2000_r5_m2000.rds
    wildcards: cell=dp0.85_k-0.3_n2000_r5_m2000
    threads: 2
    resources: tmpdir=/tmp

[Wed Sep  2 00:43:55 2026]
Finished job 1557.
634 of 1923 steps (33%) done
Select jobs to execute...
Execute 1 jobs...

[Wed Sep  2 00:43:55 2026]
localrule run_cell:
    output: results/bias_sensitivity/raw/dp0.45_k0.3_n10000_r5_m4000.rds
    log: logs/bias_sensitivity/run_dp0.45_k0.3_n10000_r5_m4000.log
    jobid: 729
    reason: Missing output files: results/bias_sensitivity/raw/dp0.45_k0.3_n10000_r5_m4000.rds
    wildcards: cell=dp0.45_k0.3_n10000_r5_m4000
    threads: 2
    resources: tmpdir=/tmp

[Wed Sep  2 00:44:10 2026]
Finished job 177.
635 of 1923 steps (33%) done
Select jobs to execute...
Execute 1 jobs...

[Wed Sep  2 00:44:10 2026]
localrule run_cell:
    output: results/bias_sensitivity/raw/dp0.95_k0.3_n10000_r5_m4000.rds
    log: logs/bias_sensitivity/run_dp0.95_k0.3_n10000_r5_m4000.log
    jobid: 1689
    reason: Missing output files: results/bias_sensitivity/raw/dp0.95_k0.3_n10000_r5_m4000.rds
    wildcards: cell=dp0.95_k0.3_n10000_r5_m4000
    threads: 2
    resources: tmpdir=/tmp

[Wed Sep  2 00:44:15 2026]
Finished job 657.
636 of 1923 steps (33%) done
Select jobs to execute...
Execute 1 jobs...

[Wed Sep  2 00:44:15 2026]
localrule run_cell:
    output: results/bias_sensitivity/raw/dp0.05_k-0.3_n4000_r10_m4000.rds
    log: logs/bias_sensitivity/run_dp0.05_k-0.3_n4000_r10_m4000.log
    jobid: 27
    reason: Missing output files: results/bias_sensitivity/raw/dp0.05_k-0.3_n4000_r10_m4000.rds
    wildcards: cell=dp0.05_k-0.3_n4000_r10_m4000
    threads: 2
    resources: tmpdir=/tmp

[Wed Sep  2 00:44:25 2026]
Finished job 640.
637 of 1923 steps (33%) done
Select jobs to execute...
Execute 1 jobs...

[Wed Sep  2 00:44:25 2026]
localrule run_cell:
    output: results/bias_sensitivity/raw/dp0.05_k0.3_n6000_r20_m4000.rds
    log: logs/bias_sensitivity/run_dp0.05_k0.3_n6000_r20_m4000.log
    jobid: 87
    reason: Missing output files: results/bias_sensitivity/raw/dp0.05_k0.3_n6000_r20_m4000.rds
    wildcards: cell=dp0.05_k0.3_n6000_r20_m4000
    threads: 2
    resources: tmpdir=/tmp

[Wed Sep  2 00:44:49 2026]
Finished job 1137.
638 of 1923 steps (33%) done
Select jobs to execute...
Execute 1 jobs...

[Wed Sep  2 00:44:49 2026]
localrule run_cell:
    output: results/bias_sensitivity/raw/dp0.1_k-0.3_n1000_r20_m4000.rds
    log: logs/bias_sensitivity/run_dp0.1_k-0.3_n1000_r20_m4000.log
    jobid: 207
    reason: Missing output files: results/bias_sensitivity/raw/dp0.1_k-0.3_n1000_r20_m4000.rds
    wildcards: cell=dp0.1_k-0.3_n1000_r20_m4000
    threads: 2
    resources: tmpdir=/tmp

[Wed Sep  2 00:44:56 2026]
Finished job 1016.
639 of 1923 steps (33%) done
Select jobs to execute...
Execute 1 jobs...

[Wed Sep  2 00:44:56 2026]
localrule run_cell:
    output: results/bias_sensitivity/raw/dp0.25_k-0.3_n6000_r20_m4000.rds
    log: logs/bias_sensitivity/run_dp0.25_k-0.3_n6000_r20_m4000.log
    jobid: 327
    reason: Missing output files: results/bias_sensitivity/raw/dp0.25_k-0.3_n6000_r20_m4000.rds
    wildcards: cell=dp0.25_k-0.3_n6000_r20_m4000
    threads: 2
    resources: tmpdir=/tmp

[Wed Sep  2 00:45:14 2026]
Finished job 1293.
640 of 1923 steps (33%) done
Select jobs to execute...
Execute 1 jobs...

[Wed Sep  2 00:45:14 2026]
localrule run_cell:
    output: results/bias_sensitivity/raw/dp0.2_k0.3_n1000_r20_m4000.rds
    log: logs/bias_sensitivity/run_dp0.2_k0.3_n1000_r20_m4000.log
    jobid: 447
    reason: Missing output files: results/bias_sensitivity/raw/dp0.2_k0.3_n1000_r20_m4000.rds
    wildcards: cell=dp0.2_k0.3_n1000_r20_m4000
    threads: 2
    resources: tmpdir=/tmp

[Wed Sep  2 00:45:18 2026]
Finished job 764.
641 of 1923 steps (33%) done
Select jobs to execute...
Execute 1 jobs...

[Wed Sep  2 00:45:18 2026]
localrule run_cell:
    output: results/bias_sensitivity/raw/dp0.6_k0.3_n2000_r10_m4000.rds
    log: logs/bias_sensitivity/run_dp0.6_k0.3_n2000_r10_m4000.log
    jobid: 1219
    reason: Missing output files: results/bias_sensitivity/raw/dp0.6_k0.3_n2000_r10_m4000.rds
    wildcards: cell=dp0.6_k0.3_n2000_r10_m4000
    threads: 2
    resources: tmpdir=/tmp

[Wed Sep  2 00:45:19 2026]
Finished job 1377.
642 of 1923 steps (33%) done
Select jobs to execute...
Execute 1 jobs...

[Wed Sep  2 00:45:19 2026]
localrule run_cell:
    output: results/bias_sensitivity/raw/dp0.3_k0.3_n8000_r10_m4000.rds
    log: logs/bias_sensitivity/run_dp0.3_k0.3_n8000_r10_m4000.log
    jobid: 667
    reason: Missing output files: results/bias_sensitivity/raw/dp0.3_k0.3_n8000_r10_m4000.rds
    wildcards: cell=dp0.3_k0.3_n8000_r10_m4000
    threads: 2
    resources: tmpdir=/tmp

[Wed Sep  2 00:45:35 2026]
Finished job 576.
643 of 1923 steps (33%) done
Select jobs to execute...
Execute 1 jobs...

[Wed Sep  2 00:45:35 2026]
localrule run_cell:
    output: results/bias_sensitivity/raw/dp0.9_k0.3_n1000_r5_m4000.rds
    log: logs/bias_sensitivity/run_dp0.9_k0.3_n1000_r5_m4000.log
    jobid: 1793
    reason: Missing output files: results/bias_sensitivity/raw/dp0.9_k0.3_n1000_r5_m4000.rds
    wildcards: cell=dp0.9_k0.3_n1000_r5_m4000
    threads: 2
    resources: tmpdir=/tmp

[Wed Sep  2 00:46:02 2026]
Finished job 1592.
644 of 1923 steps (33%) done
Select jobs to execute...
Execute 1 jobs...

[Wed Sep  2 00:46:02 2026]
localrule run_cell:
    output: results/bias_sensitivity/raw/dp1_k-0.3_n4000_r15_m4000.rds
    log: logs/bias_sensitivity/run_dp1_k-0.3_n4000_r15_m4000.log
    jobid: 1853
    reason: Missing output files: results/bias_sensitivity/raw/dp1_k-0.3_n4000_r15_m4000.rds
    wildcards: cell=dp1_k-0.3_n4000_r15_m4000
    threads: 2
    resources: tmpdir=/tmp

[Wed Sep  2 00:46:54 2026]
Finished job 1695.
645 of 1923 steps (34%) done
Select jobs to execute...
Execute 1 jobs...

[Wed Sep  2 00:46:54 2026]
localrule run_cell:
    output: results/bias_sensitivity/raw/dp1_k0.3_n6000_r5_m4000.rds
    log: logs/bias_sensitivity/run_dp1_k0.3_n6000_r5_m4000.log
    jobid: 1913
    reason: Missing output files: results/bias_sensitivity/raw/dp1_k0.3_n6000_r5_m4000.rds
    wildcards: cell=dp1_k0.3_n6000_r5_m4000
    threads: 2
    resources: tmpdir=/tmp

[Wed Sep  2 00:47:09 2026]
Finished job 1630.
646 of 1923 steps (34%) done
Select jobs to execute...
Execute 1 jobs...

[Wed Sep  2 00:47:09 2026]
localrule run_cell:
    output: results/bias_sensitivity/raw/dp0.5_k-0.3_n2000_r10_m4000.rds
    log: logs/bias_sensitivity/run_dp0.5_k-0.3_n2000_r10_m4000.log
    jobid: 979
    reason: Missing output files: results/bias_sensitivity/raw/dp0.5_k-0.3_n2000_r10_m4000.rds
    wildcards: cell=dp0.5_k-0.3_n2000_r10_m4000
    threads: 2
    resources: tmpdir=/tmp

[Wed Sep  2 00:47:17 2026]
Finished job 1535.
647 of 1923 steps (34%) done
Select jobs to execute...
Execute 1 jobs...

[Wed Sep  2 00:47:17 2026]
localrule run_cell:
    output: results/bias_sensitivity/raw/dp0.6_k0.3_n10000_r15_m2000.rds
    log: logs/bias_sensitivity/run_dp0.6_k0.3_n10000_r15_m2000.log
    jobid: 1204
    reason: Missing output files: results/bias_sensitivity/raw/dp0.6_k0.3_n10000_r15_m2000.rds
    wildcards: cell=dp0.6_k0.3_n10000_r15_m2000
    threads: 2
    resources: tmpdir=/tmp

[Wed Sep  2 00:47:49 2026]
Finished job 207.
648 of 1923 steps (34%) done
Select jobs to execute...
Execute 1 jobs...

[Wed Sep  2 00:47:49 2026]
localrule run_cell:
    output: results/bias_sensitivity/raw/dp0.6_k-0.3_n1000_r10_m2000.rds
    log: logs/bias_sensitivity/run_dp0.6_k-0.3_n1000_r10_m2000.log
    jobid: 1162
    reason: Missing output files: results/bias_sensitivity/raw/dp0.6_k-0.3_n1000_r10_m2000.rds
    wildcards: cell=dp0.6_k-0.3_n1000_r10_m2000
    threads: 2
    resources: tmpdir=/tmp

[Wed Sep  2 00:48:02 2026]
Finished job 1631.
649 of 1923 steps (34%) done
Select jobs to execute...
Execute 1 jobs...

[Wed Sep  2 00:48:02 2026]
localrule run_cell:
    output: results/bias_sensitivity/raw/dp1_k0.3_n6000_r15_m4000.rds
    log: logs/bias_sensitivity/run_dp1_k0.3_n6000_r15_m4000.log
    jobid: 1909
    reason: Missing output files: results/bias_sensitivity/raw/dp1_k0.3_n6000_r15_m4000.rds
    wildcards: cell=dp1_k0.3_n6000_r15_m4000
    threads: 2
    resources: tmpdir=/tmp

[Wed Sep  2 00:48:19 2026]
Finished job 447.
650 of 1923 steps (34%) done
Select jobs to execute...
Execute 1 jobs...

[Wed Sep  2 00:48:19 2026]
localrule run_cell:
    output: results/bias_sensitivity/raw/dp0.7_k-0.3_n8000_r10_m4000.rds
    log: logs/bias_sensitivity/run_dp0.7_k-0.3_n8000_r10_m4000.log
    jobid: 1387
    reason: Missing output files: results/bias_sensitivity/raw/dp0.7_k-0.3_n8000_r10_m4000.rds
    wildcards: cell=dp0.7_k-0.3_n8000_r10_m4000
    threads: 2
    resources: tmpdir=/tmp

[Wed Sep  2 00:48:59 2026]
Finished job 1793.
651 of 1923 steps (34%) done
Select jobs to execute...
Execute 1 jobs...

[Wed Sep  2 00:48:59 2026]
localrule run_cell:
    output: results/bias_sensitivity/raw/dp1_k-0.3_n8000_r10_m4000.rds
    log: logs/bias_sensitivity/run_dp1_k-0.3_n8000_r10_m4000.log
    jobid: 1867
    reason: Missing output files: results/bias_sensitivity/raw/dp1_k-0.3_n8000_r10_m4000.rds
    wildcards: cell=dp1_k-0.3_n8000_r10_m4000
    threads: 2
    resources: tmpdir=/tmp

[Wed Sep  2 00:49:08 2026]
Finished job 1256.
652 of 1923 steps (34%) done
Select jobs to execute...
Execute 1 jobs...

[Wed Sep  2 00:49:08 2026]
localrule run_cell:
    output: results/bias_sensitivity/raw/dp0.8_k0.3_n1000_r15_m2000.rds
    log: logs/bias_sensitivity/run_dp0.8_k0.3_n1000_r15_m2000.log
    jobid: 1596
    reason: Missing output files: results/bias_sensitivity/raw/dp0.8_k0.3_n1000_r15_m2000.rds
    wildcards: cell=dp0.8_k0.3_n1000_r15_m2000
    threads: 2
    resources: tmpdir=/tmp

[Wed Sep  2 00:49:42 2026]
Finished job 579.
653 of 1923 steps (34%) done
Select jobs to execute...
Execute 1 jobs...

[Wed Sep  2 00:49:42 2026]
localrule run_cell:
    output: results/bias_sensitivity/raw/dp1_k0.3_n2000_r5_m2000.rds
    log: logs/bias_sensitivity/run_dp1_k0.3_n2000_r5_m2000.log
    jobid: 1896
    reason: Missing output files: results/bias_sensitivity/raw/dp1_k0.3_n2000_r5_m2000.rds
    wildcards: cell=dp1_k0.3_n2000_r5_m2000
    threads: 2
    resources: tmpdir=/tmp

[Wed Sep  2 00:50:17 2026]
Finished job 1812.
654 of 1923 steps (34%) done
Select jobs to execute...
Execute 1 jobs...

[Wed Sep  2 00:50:17 2026]
localrule run_cell:
    output: results/bias_sensitivity/raw/dp0.1_k-0.3_n2000_r5_m2000.rds
    log: logs/bias_sensitivity/run_dp0.1_k-0.3_n2000_r5_m2000.log
    jobid: 216
    reason: Missing output files: results/bias_sensitivity/raw/dp0.1_k-0.3_n2000_r5_m2000.rds
    wildcards: cell=dp0.1_k-0.3_n2000_r5_m2000
    threads: 2
    resources: tmpdir=/tmp

[Wed Sep  2 00:50:39 2026]
Finished job 1000.
655 of 1923 steps (34%) done
Select jobs to execute...
Execute 1 jobs...

[Wed Sep  2 00:50:39 2026]
localrule run_cell:
    output: results/bias_sensitivity/raw/dp0.35_k-0.3_n6000_r15_m2000.rds
    log: logs/bias_sensitivity/run_dp0.35_k-0.3_n6000_r15_m2000.log
    jobid: 516
    reason: Missing output files: results/bias_sensitivity/raw/dp0.35_k-0.3_n6000_r15_m2000.rds
    wildcards: cell=dp0.35_k-0.3_n6000_r15_m2000
    threads: 2
    resources: tmpdir=/tmp

[Wed Sep  2 00:50:57 2026]
Finished job 997.
656 of 1923 steps (34%) done
Select jobs to execute...
Execute 1 jobs...

[Wed Sep  2 00:50:57 2026]
localrule run_cell:
    output: results/bias_sensitivity/raw/dp0.55_k0.3_n2000_r5_m2000.rds
    log: logs/bias_sensitivity/run_dp0.55_k0.3_n2000_r5_m2000.log
    jobid: 936
    reason: Missing output files: results/bias_sensitivity/raw/dp0.55_k0.3_n2000_r5_m2000.rds
    wildcards: cell=dp0.55_k0.3_n2000_r5_m2000
    threads: 2
    resources: tmpdir=/tmp

[Wed Sep  2 00:51:06 2026]
Finished job 1162.
657 of 1923 steps (34%) done
Select jobs to execute...
Execute 1 jobs...

[Wed Sep  2 00:51:06 2026]
localrule run_cell:
    output: results/bias_sensitivity/raw/dp0.65_k0.3_n1000_r15_m2000.rds
    log: logs/bias_sensitivity/run_dp0.65_k0.3_n1000_r15_m2000.log
    jobid: 1116
    reason: Missing output files: results/bias_sensitivity/raw/dp0.65_k0.3_n1000_r15_m2000.rds
    wildcards: cell=dp0.65_k0.3_n1000_r15_m2000
    threads: 2
    resources: tmpdir=/tmp

[Wed Sep  2 00:51:44 2026]
Finished job 1712.
658 of 1923 steps (34%) done
Select jobs to execute...
Execute 1 jobs...

[Wed Sep  2 00:51:44 2026]
localrule run_cell:
    output: results/bias_sensitivity/raw/dp0.85_k-0.3_n6000_r15_m2000.rds
    log: logs/bias_sensitivity/run_dp0.85_k-0.3_n6000_r15_m2000.log
    jobid: 1476
    reason: Missing output files: results/bias_sensitivity/raw/dp0.85_k-0.3_n6000_r15_m2000.rds
    wildcards: cell=dp0.85_k-0.3_n6000_r15_m2000
    threads: 2
    resources: tmpdir=/tmp

[Wed Sep  2 00:51:49 2026]
Finished job 1275.
659 of 1923 steps (34%) done
Select jobs to execute...
Execute 1 jobs...

[Wed Sep  2 00:51:49 2026]
localrule run_cell:
    output: results/bias_sensitivity/raw/dp0.95_k-0.3_n2000_r5_m2000.rds
    log: logs/bias_sensitivity/run_dp0.95_k-0.3_n2000_r5_m2000.log
    jobid: 1656
    reason: Missing output files: results/bias_sensitivity/raw/dp0.95_k-0.3_n2000_r5_m2000.rds
    wildcards: cell=dp0.95_k-0.3_n2000_r5_m2000
    threads: 2
    resources: tmpdir=/tmp

[Wed Sep  2 00:52:07 2026]
Finished job 555.
660 of 1923 steps (34%) done
Select jobs to execute...
Execute 1 jobs...

[Wed Sep  2 00:52:07 2026]
localrule run_cell:
    output: results/bias_sensitivity/raw/dp0.7_k-0.3_n1000_r15_m2000.rds
    log: logs/bias_sensitivity/run_dp0.7_k-0.3_n1000_r15_m2000.log
    jobid: 1356
    reason: Missing output files: results/bias_sensitivity/raw/dp0.7_k-0.3_n1000_r15_m2000.rds
    wildcards: cell=dp0.7_k-0.3_n1000_r15_m2000
    threads: 2
    resources: tmpdir=/tmp

[Wed Sep  2 00:52:11 2026]
Finished job 1464.
661 of 1923 steps (34%) done
Select jobs to execute...
Execute 1 jobs...

[Wed Sep  2 00:52:11 2026]
localrule run_cell:
    output: results/bias_sensitivity/raw/dp1_k-0.3_n1000_r15_m2000.rds
    log: logs/bias_sensitivity/run_dp1_k-0.3_n1000_r15_m2000.log
    jobid: 1836
    reason: Missing output files: results/bias_sensitivity/raw/dp1_k-0.3_n1000_r15_m2000.rds
    wildcards: cell=dp1_k-0.3_n1000_r15_m2000
    threads: 2
    resources: tmpdir=/tmp

[Wed Sep  2 00:52:29 2026]
Finished job 1596.
662 of 1923 steps (34%) done
Select jobs to execute...
Execute 1 jobs...

[Wed Sep  2 00:52:29 2026]
localrule run_cell:
    output: results/bias_sensitivity/raw/dp0.95_k0.3_n6000_r15_m2000.rds
    log: logs/bias_sensitivity/run_dp0.95_k0.3_n6000_r15_m2000.log
    jobid: 1716
    reason: Missing output files: results/bias_sensitivity/raw/dp0.95_k0.3_n6000_r15_m2000.rds
    wildcards: cell=dp0.95_k0.3_n6000_r15_m2000
    threads: 2
    resources: tmpdir=/tmp

[Wed Sep  2 00:52:29 2026]
Finished job 1515.
663 of 1923 steps (34%) done
Select jobs to execute...
Execute 1 jobs...

[Wed Sep  2 00:52:29 2026]
localrule run_cell:
    output: results/bias_sensitivity/raw/dp0.85_k0.3_n8000_r5_m2000.rds
    log: logs/bias_sensitivity/run_dp0.85_k0.3_n8000_r5_m2000.log
    jobid: 1536
    reason: Missing output files: results/bias_sensitivity/raw/dp0.85_k0.3_n8000_r5_m2000.rds
    wildcards: cell=dp0.85_k0.3_n8000_r5_m2000
    threads: 2
    resources: tmpdir=/tmp

[Wed Sep  2 00:52:41 2026]
Finished job 1219.
664 of 1923 steps (35%) done
Select jobs to execute...
Execute 1 jobs...

[Wed Sep  2 00:52:41 2026]
localrule run_cell:
    output: results/bias_sensitivity/raw/dp0.4_k0.3_n8000_r5_m4000.rds
    log: logs/bias_sensitivity/run_dp0.4_k0.3_n8000_r5_m4000.log
    jobid: 865
    reason: Missing output files: results/bias_sensitivity/raw/dp0.4_k0.3_n8000_r5_m4000.rds
    wildcards: cell=dp0.4_k0.3_n8000_r5_m4000
    threads: 2
    resources: tmpdir=/tmp

[Wed Sep  2 00:53:25 2026]
Finished job 27.
665 of 1923 steps (35%) done
Select jobs to execute...
Execute 1 jobs...

[Wed Sep  2 00:53:25 2026]
localrule run_cell:
    output: results/bias_sensitivity/raw/dp0.9_k0.3_n8000_r5_m4000.rds
    log: logs/bias_sensitivity/run_dp0.9_k0.3_n8000_r5_m4000.log
    jobid: 1825
    reason: Missing output files: results/bias_sensitivity/raw/dp0.9_k0.3_n8000_r5_m4000.rds
    wildcards: cell=dp0.9_k0.3_n8000_r5_m4000
    threads: 2
    resources: tmpdir=/tmp

[Wed Sep  2 00:53:50 2026]
Finished job 1253.
666 of 1923 steps (35%) done
Select jobs to execute...
Execute 1 jobs...

[Wed Sep  2 00:53:50 2026]
localrule run_cell:
    output: results/bias_sensitivity/raw/dp0.9_k0.3_n8000_r20_m4000.rds
    log: logs/bias_sensitivity/run_dp0.9_k0.3_n8000_r20_m4000.log
    jobid: 1823
    reason: Missing output files: results/bias_sensitivity/raw/dp0.9_k0.3_n8000_r20_m4000.rds
    wildcards: cell=dp0.9_k0.3_n8000_r20_m4000
    threads: 2
    resources: tmpdir=/tmp

[Wed Sep  2 00:54:19 2026]
Finished job 1116.
667 of 1923 steps (35%) done
Select jobs to execute...
Execute 1 jobs...

[Wed Sep  2 00:54:19 2026]
localrule run_cell:
    output: results/bias_sensitivity/raw/dp1_k-0.3_n6000_r5_m4000.rds
    log: logs/bias_sensitivity/run_dp1_k-0.3_n6000_r5_m4000.log
    jobid: 1865
    reason: Missing output files: results/bias_sensitivity/raw/dp1_k-0.3_n6000_r5_m4000.rds
    wildcards: cell=dp1_k-0.3_n6000_r5_m4000
    threads: 2
    resources: tmpdir=/tmp

[Wed Sep  2 00:54:43 2026]
Finished job 715.
668 of 1923 steps (35%) done
Select jobs to execute...
Execute 1 jobs...

[Wed Sep  2 00:54:43 2026]
localrule run_cell:
    output: results/bias_sensitivity/raw/dp0.95_k-0.3_n10000_r20_m4000.rds
    log: logs/bias_sensitivity/run_dp0.95_k-0.3_n10000_r20_m4000.log
    jobid: 1639
    reason: Missing output files: results/bias_sensitivity/raw/dp0.95_k-0.3_n10000_r20_m4000.rds
    wildcards: cell=dp0.95_k-0.3_n10000_r20_m4000
    threads: 2
    resources: tmpdir=/tmp

[Wed Sep  2 00:55:21 2026]
Finished job 1836.
669 of 1923 steps (35%) done
Select jobs to execute...
Execute 1 jobs...

[Wed Sep  2 00:55:21 2026]
localrule run_cell:
    output: results/bias_sensitivity/raw/dp0.1_k0.3_n2000_r10_m4000.rds
    log: logs/bias_sensitivity/run_dp0.1_k0.3_n2000_r10_m4000.log
    jobid: 259
    reason: Missing output files: results/bias_sensitivity/raw/dp0.1_k0.3_n2000_r10_m4000.rds
    wildcards: cell=dp0.1_k0.3_n2000_r10_m4000
    threads: 2
    resources: tmpdir=/tmp

[Wed Sep  2 00:55:23 2026]
Finished job 1356.
670 of 1923 steps (35%) done
Select jobs to execute...
Execute 1 jobs...

[Wed Sep  2 00:55:23 2026]
localrule run_cell:
    output: results/bias_sensitivity/raw/dp0.35_k0.3_n4000_r20_m4000.rds
    log: logs/bias_sensitivity/run_dp0.35_k0.3_n4000_r20_m4000.log
    jobid: 559
    reason: Missing output files: results/bias_sensitivity/raw/dp0.35_k0.3_n4000_r20_m4000.rds
    wildcards: cell=dp0.35_k0.3_n4000_r20_m4000
    threads: 2
    resources: tmpdir=/tmp

[Wed Sep  2 00:55:28 2026]
Finished job 1254.
671 of 1923 steps (35%) done
Select jobs to execute...
Execute 1 jobs...

[Wed Sep  2 00:55:28 2026]
localrule run_cell:
    output: results/bias_sensitivity/raw/dp0.45_k0.3_n2000_r10_m4000.rds
    log: logs/bias_sensitivity/run_dp0.45_k0.3_n2000_r10_m4000.log
    jobid: 739
    reason: Missing output files: results/bias_sensitivity/raw/dp0.45_k0.3_n2000_r10_m4000.rds
    wildcards: cell=dp0.45_k0.3_n2000_r10_m4000
    threads: 2
    resources: tmpdir=/tmp

[Wed Sep  2 00:55:37 2026]
Finished job 1398.
672 of 1923 steps (35%) done
Select jobs to execute...
Execute 1 jobs...

[Wed Sep  2 00:55:37 2026]
localrule run_cell:
    output: results/bias_sensitivity/raw/dp0.4_k-0.3_n4000_r20_m4000.rds
    log: logs/bias_sensitivity/run_dp0.4_k-0.3_n4000_r20_m4000.log
    jobid: 799
    reason: Missing output files: results/bias_sensitivity/raw/dp0.4_k-0.3_n4000_r20_m4000.rds
    wildcards: cell=dp0.4_k-0.3_n4000_r20_m4000
    threads: 2
    resources: tmpdir=/tmp

[Wed Sep  2 00:55:39 2026]
Finished job 1255.
673 of 1923 steps (35%) done
Select jobs to execute...
Execute 1 jobs...

[Wed Sep  2 00:55:39 2026]
localrule run_cell:
    output: results/bias_sensitivity/raw/dp0.55_k0.3_n10000_r20_m4000.rds
    log: logs/bias_sensitivity/run_dp0.55_k0.3_n10000_r20_m4000.log
    jobid: 919
    reason: Missing output files: results/bias_sensitivity/raw/dp0.55_k0.3_n10000_r20_m4000.rds
    wildcards: cell=dp0.55_k0.3_n10000_r20_m4000
    threads: 2
    resources: tmpdir=/tmp

[Wed Sep  2 00:56:03 2026]
Finished job 1493.
674 of 1923 steps (35%) done
Select jobs to execute...
Execute 1 jobs...

[Wed Sep  2 00:56:03 2026]
localrule run_cell:
    output: results/bias_sensitivity/raw/dp0.5_k0.3_n4000_r20_m4000.rds
    log: logs/bias_sensitivity/run_dp0.5_k0.3_n4000_r20_m4000.log
    jobid: 1039
    reason: Missing output files: results/bias_sensitivity/raw/dp0.5_k0.3_n4000_r20_m4000.rds
    wildcards: cell=dp0.5_k0.3_n4000_r20_m4000
    threads: 2
    resources: tmpdir=/tmp

[Wed Sep  2 00:56:08 2026]
Finished job 1896.
675 of 1923 steps (35%) done
Select jobs to execute...
Execute 1 jobs...

[Wed Sep  2 00:56:08 2026]
localrule run_cell:
    output: results/bias_sensitivity/raw/dp0.65_k-0.3_n8000_r10_m4000.rds
    log: logs/bias_sensitivity/run_dp0.65_k-0.3_n8000_r10_m4000.log
    jobid: 1099
    reason: Missing output files: results/bias_sensitivity/raw/dp0.65_k-0.3_n8000_r10_m4000.rds
    wildcards: cell=dp0.65_k-0.3_n8000_r10_m4000
    threads: 2
    resources: tmpdir=/tmp

[Wed Sep  2 00:56:09 2026]
Finished job 1853.
676 of 1923 steps (35%) done
Select jobs to execute...
Execute 1 jobs...

[Wed Sep  2 00:56:09 2026]
localrule run_cell:
    output: results/bias_sensitivity/raw/dp0.75_k0.3_n8000_r10_m4000.rds
    log: logs/bias_sensitivity/run_dp0.75_k0.3_n8000_r10_m4000.log
    jobid: 1339
    reason: Missing output files: results/bias_sensitivity/raw/dp0.75_k0.3_n8000_r10_m4000.rds
    wildcards: cell=dp0.75_k0.3_n8000_r10_m4000
    threads: 2
    resources: tmpdir=/tmp

[Wed Sep  2 00:56:11 2026]
Finished job 1815.
677 of 1923 steps (35%) done
Select jobs to execute...
Execute 1 jobs...

[Wed Sep  2 00:56:11 2026]
localrule run_cell:
    output: results/bias_sensitivity/raw/dp0.85_k0.3_n4000_r20_m4000.rds
    log: logs/bias_sensitivity/run_dp0.85_k0.3_n4000_r20_m4000.log
    jobid: 1519
    reason: Missing output files: results/bias_sensitivity/raw/dp0.85_k0.3_n4000_r20_m4000.rds
    wildcards: cell=dp0.85_k0.3_n4000_r20_m4000
    threads: 2
    resources: tmpdir=/tmp

[Wed Sep  2 00:56:14 2026]
Finished job 979.
678 of 1923 steps (35%) done
Select jobs to execute...
Execute 1 jobs...

[Wed Sep  2 00:56:14 2026]
localrule run_cell:
    output: results/bias_sensitivity/raw/dp0.4_k0.3_n8000_r10_m4000.rds
    log: logs/bias_sensitivity/run_dp0.4_k0.3_n8000_r10_m4000.log
    jobid: 859
    reason: Missing output files: results/bias_sensitivity/raw/dp0.4_k0.3_n8000_r10_m4000.rds
    wildcards: cell=dp0.4_k0.3_n8000_r10_m4000
    threads: 2
    resources: tmpdir=/tmp

[Wed Sep  2 00:56:28 2026]
Finished job 327.
679 of 1923 steps (35%) done
Select jobs to execute...
Execute 1 jobs...

[Wed Sep  2 00:56:28 2026]
localrule run_cell:
    output: results/bias_sensitivity/raw/dp0.6_k-0.3_n10000_r20_m4000.rds
    log: logs/bias_sensitivity/run_dp0.6_k-0.3_n10000_r20_m4000.log
    jobid: 1159
    reason: Missing output files: results/bias_sensitivity/raw/dp0.6_k-0.3_n10000_r20_m4000.rds
    wildcards: cell=dp0.6_k-0.3_n10000_r20_m4000
    threads: 2
    resources: tmpdir=/tmp

[Wed Sep  2 00:56:37 2026]
Finished job 954.
680 of 1923 steps (35%) done
Select jobs to execute...
Execute 1 jobs...

[Wed Sep  2 00:56:37 2026]
localrule run_cell:
    output: results/bias_sensitivity/raw/dp0.75_k-0.3_n4000_r20_m4000.rds
    log: logs/bias_sensitivity/run_dp0.75_k-0.3_n4000_r20_m4000.log
    jobid: 1279
    reason: Missing output files: results/bias_sensitivity/raw/dp0.75_k-0.3_n4000_r20_m4000.rds
    wildcards: cell=dp0.75_k-0.3_n4000_r20_m4000
    threads: 2
    resources: tmpdir=/tmp

[Wed Sep  2 00:56:58 2026]
Finished job 918.
681 of 1923 steps (35%) done
Select jobs to execute...
Execute 1 jobs...

[Wed Sep  2 00:56:58 2026]
localrule run_cell:
    output: results/bias_sensitivity/raw/dp0.8_k-0.3_n8000_r10_m4000.rds
    log: logs/bias_sensitivity/run_dp0.8_k-0.3_n8000_r10_m4000.log
    jobid: 1579
    reason: Missing output files: results/bias_sensitivity/raw/dp0.8_k-0.3_n8000_r10_m4000.rds
    wildcards: cell=dp0.8_k-0.3_n8000_r10_m4000
    threads: 2
    resources: tmpdir=/tmp

[Wed Sep  2 00:57:18 2026]
Finished job 1813.
682 of 1923 steps (35%) done
Select jobs to execute...
Execute 1 jobs...

[Wed Sep  2 00:57:18 2026]
localrule run_cell:
    output: results/bias_sensitivity/raw/dp0.9_k0.3_n8000_r10_m4000.rds
    log: logs/bias_sensitivity/run_dp0.9_k0.3_n8000_r10_m4000.log
    jobid: 1819
    reason: Missing output files: results/bias_sensitivity/raw/dp0.9_k0.3_n8000_r10_m4000.rds
    wildcards: cell=dp0.9_k0.3_n8000_r10_m4000
    threads: 2
    resources: tmpdir=/tmp

[Wed Sep  2 00:57:24 2026]
Finished job 216.
683 of 1923 steps (36%) done
Select jobs to execute...
Execute 1 jobs...

[Wed Sep  2 00:57:24 2026]
localrule run_cell:
    output: results/bias_sensitivity/raw/dp0.7_k0.3_n10000_r20_m4000.rds
    log: logs/bias_sensitivity/run_dp0.7_k0.3_n10000_r20_m4000.log
    jobid: 1399
    reason: Missing output files: results/bias_sensitivity/raw/dp0.7_k0.3_n10000_r20_m4000.rds
    wildcards: cell=dp0.7_k0.3_n10000_r20_m4000
    threads: 2
    resources: tmpdir=/tmp

[Wed Sep  2 00:57:46 2026]
Finished job 1015.
684 of 1923 steps (36%) done
Select jobs to execute...
Execute 1 jobs...

[Wed Sep  2 00:57:46 2026]
localrule run_cell:
    output: results/bias_sensitivity/raw/dp1_k0.3_n4000_r5_m2000.rds
    log: logs/bias_sensitivity/run_dp1_k0.3_n4000_r5_m2000.log
    jobid: 1904
    reason: Missing output files: results/bias_sensitivity/raw/dp1_k0.3_n4000_r5_m2000.rds
    wildcards: cell=dp1_k0.3_n4000_r5_m2000
    threads: 2
    resources: tmpdir=/tmp

[Wed Sep  2 00:57:56 2026]
Finished job 1633.
685 of 1923 steps (36%) done
Select jobs to execute...
Execute 1 jobs...

[Wed Sep  2 00:57:56 2026]
localrule run_cell:
    output: results/bias_sensitivity/raw/dp0.95_k0.3_n2000_r10_m4000.rds
    log: logs/bias_sensitivity/run_dp0.95_k0.3_n2000_r10_m4000.log
    jobid: 1699
    reason: Missing output files: results/bias_sensitivity/raw/dp0.95_k0.3_n2000_r10_m4000.rds
    wildcards: cell=dp0.95_k0.3_n2000_r10_m4000
    threads: 2
    resources: tmpdir=/tmp

[Wed Sep  2 00:58:00 2026]
Finished job 1811.
686 of 1923 steps (36%) done
Select jobs to execute...
Execute 1 jobs...

[Wed Sep  2 00:58:00 2026]
localrule run_cell:
    output: results/bias_sensitivity/raw/dp1_k-0.3_n4000_r15_m2000.rds
    log: logs/bias_sensitivity/run_dp1_k-0.3_n4000_r15_m2000.log
    jobid: 1852
    reason: Missing output files: results/bias_sensitivity/raw/dp1_k-0.3_n4000_r15_m2000.rds
    wildcards: cell=dp1_k-0.3_n4000_r15_m2000
    threads: 2
    resources: tmpdir=/tmp

[Wed Sep  2 00:58:05 2026]
Finished job 936.
687 of 1923 steps (36%) done
Select jobs to execute...
Execute 1 jobs...

[Wed Sep  2 00:58:05 2026]
localrule run_cell:
    output: results/bias_sensitivity/raw/dp1_k0.3_n1000_r10_m2000.rds
    log: logs/bias_sensitivity/run_dp1_k0.3_n1000_r10_m2000.log
    jobid: 1882
    reason: Missing output files: results/bias_sensitivity/raw/dp1_k0.3_n1000_r10_m2000.rds
    wildcards: cell=dp1_k0.3_n1000_r10_m2000
    threads: 2
    resources: tmpdir=/tmp

[Wed Sep  2 00:58:17 2026]
Finished job 1656.
688 of 1923 steps (36%) done
Select jobs to execute...
Execute 1 jobs...

[Wed Sep  2 00:58:17 2026]
localrule run_cell:
    output: results/bias_sensitivity/raw/dp0.8_k0.3_n8000_r10_m4000.rds
    log: logs/bias_sensitivity/run_dp0.8_k0.3_n8000_r10_m4000.log
    jobid: 1627
    reason: Missing output files: results/bias_sensitivity/raw/dp0.8_k0.3_n8000_r10_m4000.rds
    wildcards: cell=dp0.8_k0.3_n8000_r10_m4000
    threads: 2
    resources: tmpdir=/tmp

[Wed Sep  2 00:59:31 2026]
Finished job 1913.
689 of 1923 steps (36%) done
Select jobs to execute...
Execute 1 jobs...

[Wed Sep  2 00:59:31 2026]
localrule run_cell:
    output: results/bias_sensitivity/raw/dp0.15_k0.3_n6000_r20_m2000.rds
    log: logs/bias_sensitivity/run_dp0.15_k0.3_n6000_r20_m2000.log
    jobid: 182
    reason: Missing output files: results/bias_sensitivity/raw/dp0.15_k0.3_n6000_r20_m2000.rds
    wildcards: cell=dp0.15_k0.3_n6000_r20_m2000
    threads: 2
    resources: tmpdir=/tmp

[Wed Sep  2 00:59:38 2026]
Finished job 719.
690 of 1923 steps (36%) done
Select jobs to execute...
Execute 1 jobs...

[Wed Sep  2 00:59:38 2026]
localrule run_cell:
    output: results/bias_sensitivity/raw/dp0.35_k0.3_n1000_r20_m2000.rds
    log: logs/bias_sensitivity/run_dp0.35_k0.3_n1000_r20_m2000.log
    jobid: 542
    reason: Missing output files: results/bias_sensitivity/raw/dp0.35_k0.3_n1000_r20_m2000.rds
    wildcards: cell=dp0.35_k0.3_n1000_r20_m2000
    threads: 2
    resources: tmpdir=/tmp

[Wed Sep  2 01:00:16 2026]
Finished job 717.
691 of 1923 steps (36%) done
Select jobs to execute...
Execute 1 jobs...

[Wed Sep  2 01:00:16 2026]
localrule run_cell:
    output: results/bias_sensitivity/raw/dp0.65_k0.3_n6000_r20_m2000.rds
    log: logs/bias_sensitivity/run_dp0.65_k0.3_n6000_r20_m2000.log
    jobid: 1142
    reason: Missing output files: results/bias_sensitivity/raw/dp0.65_k0.3_n6000_r20_m2000.rds
    wildcards: cell=dp0.65_k0.3_n6000_r20_m2000
    threads: 2
    resources: tmpdir=/tmp

[Wed Sep  2 01:00:33 2026]
Finished job 83.
692 of 1923 steps (36%) done
Select jobs to execute...
Execute 1 jobs...

[Wed Sep  2 01:00:33 2026]
localrule run_cell:
    output: results/bias_sensitivity/raw/dp0.75_k-0.3_n1000_r20_m2000.rds
    log: logs/bias_sensitivity/run_dp0.75_k-0.3_n1000_r20_m2000.log
    jobid: 1262
    reason: Missing output files: results/bias_sensitivity/raw/dp0.75_k-0.3_n1000_r20_m2000.rds
    wildcards: cell=dp0.75_k-0.3_n1000_r20_m2000
    threads: 2
    resources: tmpdir=/tmp

[Wed Sep  2 01:01:31 2026]
Finished job 1882.
693 of 1923 steps (36%) done
Select jobs to execute...
Execute 1 jobs...

[Wed Sep  2 01:01:31 2026]
localrule run_cell:
    output: results/bias_sensitivity/raw/dp0.2_k-0.3_n6000_r20_m2000.rds
    log: logs/bias_sensitivity/run_dp0.2_k-0.3_n6000_r20_m2000.log
    jobid: 422
    reason: Missing output files: results/bias_sensitivity/raw/dp0.2_k-0.3_n6000_r20_m2000.rds
    wildcards: cell=dp0.2_k-0.3_n6000_r20_m2000
    threads: 2
    resources: tmpdir=/tmp

[Wed Sep  2 01:02:25 2026]
Finished job 259.
694 of 1923 steps (36%) done
Select jobs to execute...
Execute 1 jobs...

[Wed Sep  2 01:02:25 2026]
localrule run_cell:
    output: results/bias_sensitivity/raw/dp0.4_k-0.3_n1000_r20_m2000.rds
    log: logs/bias_sensitivity/run_dp0.4_k-0.3_n1000_r20_m2000.log
    jobid: 782
    reason: Missing output files: results/bias_sensitivity/raw/dp0.4_k-0.3_n1000_r20_m2000.rds
    wildcards: cell=dp0.4_k-0.3_n1000_r20_m2000
    threads: 2
    resources: tmpdir=/tmp

[Wed Sep  2 01:02:50 2026]
Finished job 542.
695 of 1923 steps (36%) done
Select jobs to execute...
Execute 1 jobs...

[Wed Sep  2 01:02:50 2026]
localrule run_cell:
    output: results/bias_sensitivity/raw/dp0.55_k-0.3_n6000_r20_m2000.rds
    log: logs/bias_sensitivity/run_dp0.55_k-0.3_n6000_r20_m2000.log
    jobid: 902
    reason: Missing output files: results/bias_sensitivity/raw/dp0.55_k-0.3_n6000_r20_m2000.rds
    wildcards: cell=dp0.55_k-0.3_n6000_r20_m2000
    threads: 2
    resources: tmpdir=/tmp

[Wed Sep  2 01:03:10 2026]
Finished job 1397.
696 of 1923 steps (36%) done
Select jobs to execute...
Execute 1 jobs...

[Wed Sep  2 01:03:10 2026]
localrule run_cell:
    output: results/bias_sensitivity/raw/dp0.5_k-0.3_n10000_r10_m2000.rds
    log: logs/bias_sensitivity/run_dp0.5_k-0.3_n10000_r10_m2000.log
    jobid: 962
    reason: Missing output files: results/bias_sensitivity/raw/dp0.5_k-0.3_n10000_r10_m2000.rds
    wildcards: cell=dp0.5_k-0.3_n10000_r10_m2000
    threads: 2
    resources: tmpdir=/tmp

[Wed Sep  2 01:03:32 2026]
Finished job 739.
697 of 1923 steps (36%) done
Select jobs to execute...
Execute 1 jobs...

[Wed Sep  2 01:03:32 2026]
localrule run_cell:
    output: results/bias_sensitivity/raw/dp0.5_k0.3_n1000_r20_m2000.rds
    log: logs/bias_sensitivity/run_dp0.5_k0.3_n1000_r20_m2000.log
    jobid: 1022
    reason: Missing output files: results/bias_sensitivity/raw/dp0.5_k0.3_n1000_r20_m2000.rds
    wildcards: cell=dp0.5_k0.3_n1000_r20_m2000
    threads: 2
    resources: tmpdir=/tmp

[Wed Sep  2 01:03:45 2026]
Finished job 1262.
698 of 1923 steps (36%) done
Select jobs to execute...
Execute 1 jobs...

[Wed Sep  2 01:03:45 2026]
localrule run_cell:
    output: results/bias_sensitivity/raw/dp0.6_k0.3_n10000_r10_m2000.rds
    log: logs/bias_sensitivity/run_dp0.6_k0.3_n10000_r10_m2000.log
    jobid: 1202
    reason: Missing output files: results/bias_sensitivity/raw/dp0.6_k0.3_n10000_r10_m2000.rds
    wildcards: cell=dp0.6_k0.3_n10000_r10_m2000
    threads: 2
    resources: tmpdir=/tmp

[Wed Sep  2 01:03:59 2026]
Finished job 1635.
699 of 1923 steps (36%) done
Select jobs to execute...
Execute 1 jobs...

[Wed Sep  2 01:03:59 2026]
localrule run_cell:
    output: results/bias_sensitivity/raw/dp0.7_k-0.3_n6000_r20_m2000.rds
    log: logs/bias_sensitivity/run_dp0.7_k-0.3_n6000_r20_m2000.log
    jobid: 1382
    reason: Missing output files: results/bias_sensitivity/raw/dp0.7_k-0.3_n6000_r20_m2000.rds
    wildcards: cell=dp0.7_k-0.3_n6000_r20_m2000
    threads: 2
    resources: tmpdir=/tmp

[Wed Sep  2 01:04:40 2026]
Finished job 799.
700 of 1923 steps (36%) done
Select jobs to execute...
Execute 1 jobs...

[Wed Sep  2 01:04:40 2026]
localrule run_cell:
    output: results/bias_sensitivity/raw/dp0.85_k0.3_n1000_r20_m2000.rds
    log: logs/bias_sensitivity/run_dp0.85_k0.3_n1000_r20_m2000.log
    jobid: 1502
    reason: Missing output files: results/bias_sensitivity/raw/dp0.85_k0.3_n1000_r20_m2000.rds
    wildcards: cell=dp0.85_k0.3_n1000_r20_m2000
    threads: 2
    resources: tmpdir=/tmp

[Wed Sep  2 01:04:59 2026]
Finished job 559.
701 of 1923 steps (36%) done
Select jobs to execute...
Execute 1 jobs...

[Wed Sep  2 01:04:59 2026]
localrule run_cell:
    output: results/bias_sensitivity/raw/dp0.8_k-0.3_n4000_r10_m2000.rds
    log: logs/bias_sensitivity/run_dp0.8_k-0.3_n4000_r10_m2000.log
    jobid: 1562
    reason: Missing output files: results/bias_sensitivity/raw/dp0.8_k-0.3_n4000_r10_m2000.rds
    wildcards: cell=dp0.8_k-0.3_n4000_r10_m2000
    threads: 2
    resources: tmpdir=/tmp

[Wed Sep  2 01:05:22 2026]
Finished job 1689.
702 of 1923 steps (37%) done
Select jobs to execute...
Execute 1 jobs...

[Wed Sep  2 01:05:22 2026]
localrule run_cell:
    output: results/bias_sensitivity/raw/dp1_k-0.3_n6000_r20_m2000.rds
    log: logs/bias_sensitivity/run_dp1_k-0.3_n6000_r20_m2000.log
    jobid: 1862
    reason: Missing output files: results/bias_sensitivity/raw/dp1_k-0.3_n6000_r20_m2000.rds
    wildcards: cell=dp1_k-0.3_n6000_r20_m2000
    threads: 2
    resources: tmpdir=/tmp

[Wed Sep  2 01:05:31 2026]
Finished job 782.
703 of 1923 steps (37%) done
Select jobs to execute...
Execute 1 jobs...

[Wed Sep  2 01:05:31 2026]
localrule run_cell:
    output: results/bias_sensitivity/raw/dp0.75_k0.3_n10000_r10_m2000.rds
    log: logs/bias_sensitivity/run_dp0.75_k0.3_n10000_r10_m2000.log
    jobid: 1298
    reason: Missing output files: results/bias_sensitivity/raw/dp0.75_k0.3_n10000_r10_m2000.rds
    wildcards: cell=dp0.75_k0.3_n10000_r10_m2000
    threads: 2
    resources: tmpdir=/tmp

[Wed Sep  2 01:05:43 2026]
Finished job 1699.
704 of 1923 steps (37%) done
Select jobs to execute...
Execute 1 jobs...

[Wed Sep  2 01:05:43 2026]
localrule run_cell:
    output: results/bias_sensitivity/raw/dp0.05_k-0.3_n8000_r15_m4000.rds
    log: logs/bias_sensitivity/run_dp0.05_k-0.3_n8000_r15_m4000.log
    jobid: 45
    reason: Missing output files: results/bias_sensitivity/raw/dp0.05_k-0.3_n8000_r15_m4000.rds
    wildcards: cell=dp0.05_k-0.3_n8000_r15_m4000
    threads: 2
    resources: tmpdir=/tmp

[Wed Sep  2 01:05:44 2026]
Finished job 1039.
705 of 1923 steps (37%) done
Select jobs to execute...
Execute 1 jobs...

[Wed Sep  2 01:05:44 2026]
localrule run_cell:
    output: results/bias_sensitivity/raw/dp0.15_k-0.3_n10000_r5_m4000.rds
    log: logs/bias_sensitivity/run_dp0.15_k-0.3_n10000_r5_m4000.log
    jobid: 105
    reason: Missing output files: results/bias_sensitivity/raw/dp0.15_k-0.3_n10000_r5_m4000.rds
    wildcards: cell=dp0.15_k-0.3_n10000_r5_m4000
    threads: 2
    resources: tmpdir=/tmp

[Wed Sep  2 01:05:50 2026]
Finished job 1295.
706 of 1923 steps (37%) done
Select jobs to execute...
Execute 1 jobs...

[Wed Sep  2 01:05:50 2026]
localrule run_cell:
    output: results/bias_sensitivity/raw/dp0.15_k0.3_n2000_r15_m4000.rds
    log: logs/bias_sensitivity/run_dp0.15_k0.3_n2000_r15_m4000.log
    jobid: 165
    reason: Missing output files: results/bias_sensitivity/raw/dp0.15_k0.3_n2000_r15_m4000.rds
    wildcards: cell=dp0.15_k0.3_n2000_r15_m4000
    threads: 2
    resources: tmpdir=/tmp

[Wed Sep  2 01:05:54 2026]
Finished job 1436.
707 of 1923 steps (37%) done
Select jobs to execute...
Execute 1 jobs...

[Wed Sep  2 01:05:54 2026]
localrule run_cell:
    output: results/bias_sensitivity/raw/dp0.1_k-0.3_n4000_r5_m4000.rds
    log: logs/bias_sensitivity/run_dp0.1_k-0.3_n4000_r5_m4000.log
    jobid: 225
    reason: Missing output files: results/bias_sensitivity/raw/dp0.1_k-0.3_n4000_r5_m4000.rds
    wildcards: cell=dp0.1_k-0.3_n4000_r5_m4000
    threads: 2
    resources: tmpdir=/tmp

[Wed Sep  2 01:06:09 2026]
Finished job 1279.
708 of 1923 steps (37%) done
Select jobs to execute...
Execute 1 jobs...

[Wed Sep  2 01:06:09 2026]
localrule run_cell:
    output: results/bias_sensitivity/raw/dp0.1_k0.3_n8000_r15_m4000.rds
    log: logs/bias_sensitivity/run_dp0.1_k0.3_n8000_r15_m4000.log
    jobid: 285
    reason: Missing output files: results/bias_sensitivity/raw/dp0.1_k0.3_n8000_r15_m4000.rds
    wildcards: cell=dp0.1_k0.3_n8000_r15_m4000
    threads: 2
    resources: tmpdir=/tmp

[Wed Sep  2 01:06:20 2026]
Finished job 1519.
709 of 1923 steps (37%) done
Select jobs to execute...
Execute 1 jobs...

[Wed Sep  2 01:06:20 2026]
localrule run_cell:
    output: results/bias_sensitivity/raw/dp0.25_k0.3_n10000_r5_m4000.rds
    log: logs/bias_sensitivity/run_dp0.25_k0.3_n10000_r5_m4000.log
    jobid: 345
    reason: Missing output files: results/bias_sensitivity/raw/dp0.25_k0.3_n10000_r5_m4000.rds
    wildcards: cell=dp0.25_k0.3_n10000_r5_m4000
    threads: 2
    resources: tmpdir=/tmp

[Wed Sep  2 01:06:35 2026]
Finished job 1022.
710 of 1923 steps (37%) done
Select jobs to execute...
Execute 1 jobs...

[Wed Sep  2 01:06:35 2026]
localrule run_cell:
    output: results/bias_sensitivity/raw/dp0.2_k0.3_n4000_r5_m4000.rds
    log: logs/bias_sensitivity/run_dp0.2_k0.3_n4000_r5_m4000.log
    jobid: 465
    reason: Missing output files: results/bias_sensitivity/raw/dp0.2_k0.3_n4000_r5_m4000.rds
    wildcards: cell=dp0.2_k0.3_n4000_r5_m4000
    threads: 2
    resources: tmpdir=/tmp

[Wed Sep  2 01:06:50 2026]
Finished job 1634.
711 of 1923 steps (37%) done
Select jobs to execute...
Execute 1 jobs...

[Wed Sep  2 01:06:50 2026]
localrule run_cell:
    output: results/bias_sensitivity/raw/dp0.45_k-0.3_n4000_r5_m4000.rds
    log: logs/bias_sensitivity/run_dp0.45_k-0.3_n4000_r5_m4000.log
    jobid: 705
    reason: Missing output files: results/bias_sensitivity/raw/dp0.45_k-0.3_n4000_r5_m4000.rds
    wildcards: cell=dp0.45_k-0.3_n4000_r5_m4000
    threads: 2
    resources: tmpdir=/tmp

[Wed Sep  2 01:07:32 2026]
Finished job 1865.
712 of 1923 steps (37%) done
Select jobs to execute...
Execute 1 jobs...

[Wed Sep  2 01:07:32 2026]
localrule run_cell:
    output: results/bias_sensitivity/raw/dp0.45_k0.3_n8000_r15_m4000.rds
    log: logs/bias_sensitivity/run_dp0.45_k0.3_n8000_r15_m4000.log
    jobid: 765
    reason: Missing output files: results/bias_sensitivity/raw/dp0.45_k0.3_n8000_r15_m4000.rds
    wildcards: cell=dp0.45_k0.3_n8000_r15_m4000
    threads: 2
    resources: tmpdir=/tmp

[Wed Sep  2 01:07:45 2026]
Finished job 1904.
713 of 1923 steps (37%) done
Select jobs to execute...
Execute 1 jobs...

[Wed Sep  2 01:07:45 2026]
localrule run_cell:
    output: results/bias_sensitivity/raw/dp1_k0.3_n4000_r5_m4000.rds
    log: logs/bias_sensitivity/run_dp1_k0.3_n4000_r5_m4000.log
    jobid: 1905
    reason: Missing output files: results/bias_sensitivity/raw/dp1_k0.3_n4000_r5_m4000.rds
    wildcards: cell=dp1_k0.3_n4000_r5_m4000
    threads: 2
    resources: tmpdir=/tmp

[Wed Sep  2 01:07:57 2026]
Finished job 1502.
714 of 1923 steps (37%) done
Select jobs to execute...
Execute 1 jobs...

[Wed Sep  2 01:07:57 2026]
localrule run_cell:
    output: results/bias_sensitivity/raw/dp0.05_k-0.3_n4000_r15_m2000.rds
    log: logs/bias_sensitivity/run_dp0.05_k-0.3_n4000_r15_m2000.log
    jobid: 28
    reason: Missing output files: results/bias_sensitivity/raw/dp0.05_k-0.3_n4000_r15_m2000.rds
    wildcards: cell=dp0.05_k-0.3_n4000_r15_m2000
    threads: 2
    resources: tmpdir=/tmp

[Wed Sep  2 01:09:27 2026]
Finished job 1433.
715 of 1923 steps (37%) done
Select jobs to execute...
Execute 1 jobs...

[Wed Sep  2 01:09:28 2026]
localrule run_cell:
    output: results/bias_sensitivity/raw/dp0.05_k0.3_n6000_r5_m2000.rds
    log: logs/bias_sensitivity/run_dp0.05_k0.3_n6000_r5_m2000.log
    jobid: 88
    reason: Missing output files: results/bias_sensitivity/raw/dp0.05_k0.3_n6000_r5_m2000.rds
    wildcards: cell=dp0.05_k0.3_n6000_r5_m2000
    threads: 2
    resources: tmpdir=/tmp

[Wed Sep  2 01:09:49 2026]
Finished job 1536.
716 of 1923 steps (37%) done
Select jobs to execute...
Execute 1 jobs...

[Wed Sep  2 01:09:49 2026]
localrule run_cell:
    output: results/bias_sensitivity/raw/dp0.1_k-0.3_n1000_r5_m2000.rds
    log: logs/bias_sensitivity/run_dp0.1_k-0.3_n1000_r5_m2000.log
    jobid: 208
    reason: Missing output files: results/bias_sensitivity/raw/dp0.1_k-0.3_n1000_r5_m2000.rds
    wildcards: cell=dp0.1_k-0.3_n1000_r5_m2000
    threads: 2
    resources: tmpdir=/tmp

[Wed Sep  2 01:10:24 2026]
Finished job 1852.
717 of 1923 steps (37%) done
Select jobs to execute...
Execute 1 jobs...

[Wed Sep  2 01:10:24 2026]
localrule run_cell:
    output: results/bias_sensitivity/raw/dp0.25_k-0.3_n6000_r5_m2000.rds
    log: logs/bias_sensitivity/run_dp0.25_k-0.3_n6000_r5_m2000.log
    jobid: 328
    reason: Missing output files: results/bias_sensitivity/raw/dp0.25_k-0.3_n6000_r5_m2000.rds
    wildcards: cell=dp0.25_k-0.3_n6000_r5_m2000
    threads: 2
    resources: tmpdir=/tmp

[Wed Sep  2 01:11:23 2026]
Finished job 182.
718 of 1923 steps (37%) done
Select jobs to execute...
Execute 1 jobs...

[Wed Sep  2 01:11:23 2026]
localrule run_cell:
    output: results/bias_sensitivity/raw/dp0.2_k0.3_n1000_r5_m2000.rds
    log: logs/bias_sensitivity/run_dp0.2_k0.3_n1000_r5_m2000.log
    jobid: 448
    reason: Missing output files: results/bias_sensitivity/raw/dp0.2_k0.3_n1000_r5_m2000.rds
    wildcards: cell=dp0.2_k0.3_n1000_r5_m2000
    threads: 2
    resources: tmpdir=/tmp

[Wed Sep  2 01:11:59 2026]
Finished job 859.
719 of 1923 steps (37%) done
Select jobs to execute...
Execute 1 jobs...

[Wed Sep  2 01:11:59 2026]
localrule run_cell:
    output: results/bias_sensitivity/raw/dp0.8_k-0.3_n8000_r15_m2000.rds
    log: logs/bias_sensitivity/run_dp0.8_k-0.3_n8000_r15_m2000.log
    jobid: 1580
    reason: Missing output files: results/bias_sensitivity/raw/dp0.8_k-0.3_n8000_r15_m2000.rds
    wildcards: cell=dp0.8_k-0.3_n8000_r15_m2000
    threads: 2
    resources: tmpdir=/tmp

[Wed Sep  2 01:12:01 2026]
Finished job 165.
720 of 1923 steps (37%) done
Select jobs to execute...
Execute 1 jobs...

[Wed Sep  2 01:12:01 2026]
localrule run_cell:
    output: results/bias_sensitivity/raw/dp0.8_k-0.3_n10000_r10_m2000.rds
    log: logs/bias_sensitivity/run_dp0.8_k-0.3_n10000_r10_m2000.log
    jobid: 1538
    reason: Missing output files: results/bias_sensitivity/raw/dp0.8_k-0.3_n10000_r10_m2000.rds
    wildcards: cell=dp0.8_k-0.3_n10000_r10_m2000
    threads: 2
    resources: tmpdir=/tmp

[Wed Sep  2 01:12:30 2026]
Finished job 957.
721 of 1923 steps (37%) done
Select jobs to execute...
Execute 1 jobs...

[Wed Sep  2 01:12:30 2026]
localrule run_cell:
    output: results/bias_sensitivity/raw/dp0.75_k-0.3_n6000_r10_m4000.rds
    log: logs/bias_sensitivity/run_dp0.75_k-0.3_n6000_r10_m4000.log
    jobid: 1283
    reason: Missing output files: results/bias_sensitivity/raw/dp0.75_k-0.3_n6000_r10_m4000.rds
    wildcards: cell=dp0.75_k-0.3_n6000_r10_m4000
    threads: 2
    resources: tmpdir=/tmp

[Wed Sep  2 01:12:50 2026]
Finished job 1099.
722 of 1923 steps (38%) done
Select jobs to execute...
Execute 1 jobs...

[Wed Sep  2 01:12:50 2026]
localrule run_cell:
    output: results/bias_sensitivity/raw/dp0.85_k0.3_n2000_r15_m2000.rds
    log: logs/bias_sensitivity/run_dp0.85_k0.3_n2000_r15_m2000.log
    jobid: 1508
    reason: Missing output files: results/bias_sensitivity/raw/dp0.85_k0.3_n2000_r15_m2000.rds
    wildcards: cell=dp0.85_k0.3_n2000_r15_m2000
    threads: 2
    resources: tmpdir=/tmp

[Wed Sep  2 01:12:54 2026]
Finished job 208.
723 of 1923 steps (38%) done
Select jobs to execute...
Execute 1 jobs...

[Wed Sep  2 01:12:54 2026]
localrule run_cell:
    output: results/bias_sensitivity/raw/dp0.5_k-0.3_n4000_r10_m2000.rds
    log: logs/bias_sensitivity/run_dp0.5_k-0.3_n4000_r10_m2000.log
    jobid: 986
    reason: Missing output files: results/bias_sensitivity/raw/dp0.5_k-0.3_n4000_r10_m2000.rds
    wildcards: cell=dp0.5_k-0.3_n4000_r10_m2000
    threads: 2
    resources: tmpdir=/tmp

[Wed Sep  2 01:13:34 2026]
Finished job 422.
724 of 1923 steps (38%) done
Select jobs to execute...
Execute 1 jobs...

[Wed Sep  2 01:13:34 2026]
localrule run_cell:
    output: results/bias_sensitivity/raw/dp1_k0.3_n8000_r10_m2000.rds
    log: logs/bias_sensitivity/run_dp1_k0.3_n8000_r10_m2000.log
    jobid: 1914
    reason: Missing output files: results/bias_sensitivity/raw/dp1_k0.3_n8000_r10_m2000.rds
    wildcards: cell=dp1_k0.3_n8000_r10_m2000
    threads: 2
    resources: tmpdir=/tmp

[Wed Sep  2 01:14:26 2026]
Finished job 1476.
725 of 1923 steps (38%) done
Select jobs to execute...
Execute 1 jobs...

[Wed Sep  2 01:14:26 2026]
localrule run_cell:
    output: results/bias_sensitivity/raw/dp0.9_k0.3_n2000_r10_m2000.rds
    log: logs/bias_sensitivity/run_dp0.9_k0.3_n2000_r10_m2000.log
    jobid: 1794
    reason: Missing output files: results/bias_sensitivity/raw/dp0.9_k0.3_n2000_r10_m2000.rds
    wildcards: cell=dp0.9_k0.3_n2000_r10_m2000
    threads: 2
    resources: tmpdir=/tmp

[Wed Sep  2 01:14:31 2026]
Finished job 448.
726 of 1923 steps (38%) done
Select jobs to execute...
Execute 1 jobs...

[Wed Sep  2 01:14:31 2026]
localrule run_cell:
    output: results/bias_sensitivity/raw/dp1_k-0.3_n4000_r20_m2000.rds
    log: logs/bias_sensitivity/run_dp1_k-0.3_n4000_r20_m2000.log
    jobid: 1854
    reason: Missing output files: results/bias_sensitivity/raw/dp1_k-0.3_n4000_r20_m2000.rds
    wildcards: cell=dp1_k-0.3_n4000_r20_m2000
    threads: 2
    resources: tmpdir=/tmp

[Wed Sep  2 01:15:11 2026]
Finished job 225.
727 of 1923 steps (38%) done
Select jobs to execute...
Execute 1 jobs...

[Wed Sep  2 01:15:11 2026]
localrule run_cell:
    output: results/bias_sensitivity/raw/dp0.75_k0.3_n1000_r20_m2000.rds
    log: logs/bias_sensitivity/run_dp0.75_k0.3_n1000_r20_m2000.log
    jobid: 1310
    reason: Missing output files: results/bias_sensitivity/raw/dp0.75_k0.3_n1000_r20_m2000.rds
    wildcards: cell=dp0.75_k0.3_n1000_r20_m2000
    threads: 2
    resources: tmpdir=/tmp

[Wed Sep  2 01:15:34 2026]
Finished job 1562.
728 of 1923 steps (38%) done
Select jobs to execute...
Execute 1 jobs...

[Wed Sep  2 01:15:34 2026]
localrule run_cell:
    output: results/bias_sensitivity/raw/dp0.9_k0.3_n1000_r20_m2000.rds
    log: logs/bias_sensitivity/run_dp0.9_k0.3_n1000_r20_m2000.log
    jobid: 1790
    reason: Missing output files: results/bias_sensitivity/raw/dp0.9_k0.3_n1000_r20_m2000.rds
    wildcards: cell=dp0.9_k0.3_n1000_r20_m2000
    threads: 2
    resources: tmpdir=/tmp

[Wed Sep  2 01:15:40 2026]
Finished job 465.
729 of 1923 steps (38%) done
Select jobs to execute...
Execute 1 jobs...

[Wed Sep  2 01:15:40 2026]
localrule run_cell:
    output: results/bias_sensitivity/raw/dp1_k-0.3_n1000_r15_m4000.rds
    log: logs/bias_sensitivity/run_dp1_k-0.3_n1000_r15_m4000.log
    jobid: 1837
    reason: Missing output files: results/bias_sensitivity/raw/dp1_k-0.3_n1000_r15_m4000.rds
    wildcards: cell=dp1_k-0.3_n1000_r15_m4000
    threads: 2
    resources: tmpdir=/tmp

[Wed Sep  2 01:16:01 2026]
Finished job 902.
730 of 1923 steps (38%) done
Select jobs to execute...
Execute 1 jobs...

[Wed Sep  2 01:16:01 2026]
localrule run_cell:
    output: results/bias_sensitivity/raw/dp1_k0.3_n2000_r5_m4000.rds
    log: logs/bias_sensitivity/run_dp1_k0.3_n2000_r5_m4000.log
    jobid: 1897
    reason: Missing output files: results/bias_sensitivity/raw/dp1_k0.3_n2000_r5_m4000.rds
    wildcards: cell=dp1_k0.3_n2000_r5_m4000
    threads: 2
    resources: tmpdir=/tmp

[Wed Sep  2 01:16:14 2026]
Finished job 1627.
731 of 1923 steps (38%) done
Select jobs to execute...
Execute 1 jobs...

[Wed Sep  2 01:16:14 2026]
localrule run_cell:
    output: results/bias_sensitivity/raw/dp0.65_k0.3_n1000_r15_m4000.rds
    log: logs/bias_sensitivity/run_dp0.65_k0.3_n1000_r15_m4000.log
    jobid: 1117
    reason: Missing output files: results/bias_sensitivity/raw/dp0.65_k0.3_n1000_r15_m4000.rds
    wildcards: cell=dp0.65_k0.3_n1000_r15_m4000
    threads: 2
    resources: tmpdir=/tmp

[Wed Sep  2 01:16:23 2026]
Finished job 1159.
732 of 1923 steps (38%) done
Select jobs to execute...
Execute 1 jobs...

[Wed Sep  2 01:16:23 2026]
localrule run_cell:
    output: results/bias_sensitivity/raw/dp0.8_k0.3_n1000_r15_m4000.rds
    log: logs/bias_sensitivity/run_dp0.8_k0.3_n1000_r15_m4000.log
    jobid: 1597
    reason: Missing output files: results/bias_sensitivity/raw/dp0.8_k0.3_n1000_r15_m4000.rds
    wildcards: cell=dp0.8_k0.3_n1000_r15_m4000
    threads: 2
    resources: tmpdir=/tmp

[Wed Sep  2 01:16:46 2026]
Finished job 705.
733 of 1923 steps (38%) done
Select jobs to execute...
Execute 1 jobs...

[Wed Sep  2 01:16:47 2026]
localrule run_cell:
    output: results/bias_sensitivity/raw/dp0.95_k0.3_n6000_r15_m4000.rds
    log: logs/bias_sensitivity/run_dp0.95_k0.3_n6000_r15_m4000.log
    jobid: 1717
    reason: Missing output files: results/bias_sensitivity/raw/dp0.95_k0.3_n6000_r15_m4000.rds
    wildcards: cell=dp0.95_k0.3_n6000_r15_m4000
    threads: 2
    resources: tmpdir=/tmp

[Wed Sep  2 01:16:47 2026]
Finished job 1382.
734 of 1923 steps (38%) done
Select jobs to execute...
Execute 1 jobs...

[Wed Sep  2 01:16:47 2026]
localrule run_cell:
    output: results/bias_sensitivity/raw/dp0.1_k-0.3_n2000_r5_m4000.rds
    log: logs/bias_sensitivity/run_dp0.1_k-0.3_n2000_r5_m4000.log
    jobid: 217
    reason: Missing output files: results/bias_sensitivity/raw/dp0.1_k-0.3_n2000_r5_m4000.rds
    wildcards: cell=dp0.1_k-0.3_n2000_r5_m4000
    threads: 2
    resources: tmpdir=/tmp

[Wed Sep  2 01:16:50 2026]
Finished job 667.
735 of 1923 steps (38%) done
Select jobs to execute...
Execute 1 jobs...

[Wed Sep  2 01:16:50 2026]
localrule run_cell:
    output: results/bias_sensitivity/raw/dp0.95_k-0.3_n2000_r5_m4000.rds
    log: logs/bias_sensitivity/run_dp0.95_k-0.3_n2000_r5_m4000.log
    jobid: 1657
    reason: Missing output files: results/bias_sensitivity/raw/dp0.95_k-0.3_n2000_r5_m4000.rds
    wildcards: cell=dp0.95_k-0.3_n2000_r5_m4000
    threads: 2
    resources: tmpdir=/tmp

[Wed Sep  2 01:16:54 2026]
Finished job 1437.
736 of 1923 steps (38%) done
Select jobs to execute...
Execute 1 jobs...

[Wed Sep  2 01:16:54 2026]
localrule run_cell:
    output: results/bias_sensitivity/raw/dp0.7_k-0.3_n1000_r15_m4000.rds
    log: logs/bias_sensitivity/run_dp0.7_k-0.3_n1000_r15_m4000.log
    jobid: 1357
    reason: Missing output files: results/bias_sensitivity/raw/dp0.7_k-0.3_n1000_r15_m4000.rds
    wildcards: cell=dp0.7_k-0.3_n1000_r15_m4000
    threads: 2
    resources: tmpdir=/tmp

[Wed Sep  2 01:17:14 2026]
Finished job 28.
737 of 1923 steps (38%) done
Select jobs to execute...
Execute 1 jobs...

[Wed Sep  2 01:17:14 2026]
localrule run_cell:
    output: results/bias_sensitivity/raw/dp0.85_k-0.3_n6000_r15_m4000.rds
    log: logs/bias_sensitivity/run_dp0.85_k-0.3_n6000_r15_m4000.log
    jobid: 1477
    reason: Missing output files: results/bias_sensitivity/raw/dp0.85_k-0.3_n6000_r15_m4000.rds
    wildcards: cell=dp0.85_k-0.3_n6000_r15_m4000
    threads: 2
    resources: tmpdir=/tmp

[Wed Sep  2 01:17:17 2026]
Finished job 1434.
738 of 1923 steps (38%) done
Select jobs to execute...
Execute 1 jobs...

[Wed Sep  2 01:17:17 2026]
localrule run_cell:
    output: results/bias_sensitivity/raw/dp0.55_k0.3_n2000_r5_m4000.rds
    log: logs/bias_sensitivity/run_dp0.55_k0.3_n2000_r5_m4000.log
    jobid: 937
    reason: Missing output files: results/bias_sensitivity/raw/dp0.55_k0.3_n2000_r5_m4000.rds
    wildcards: cell=dp0.55_k0.3_n2000_r5_m4000
    threads: 2
    resources: tmpdir=/tmp

[Wed Sep  2 01:18:01 2026]
Finished job 1862.
739 of 1923 steps (38%) done
Select jobs to execute...
Execute 1 jobs...

[Wed Sep  2 01:18:01 2026]
localrule run_cell:
    output: results/bias_sensitivity/raw/dp0.85_k0.3_n8000_r5_m4000.rds
    log: logs/bias_sensitivity/run_dp0.85_k0.3_n8000_r5_m4000.log
    jobid: 1537
    reason: Missing output files: results/bias_sensitivity/raw/dp0.85_k0.3_n8000_r5_m4000.rds
    wildcards: cell=dp0.85_k0.3_n8000_r5_m4000
    threads: 2
    resources: tmpdir=/tmp

[Wed Sep  2 01:18:28 2026]
Finished job 1909.
740 of 1923 steps (38%) done
Select jobs to execute...
Execute 1 jobs...

[Wed Sep  2 01:18:28 2026]
localrule run_cell:
    output: results/bias_sensitivity/raw/dp0.95_k0.3_n4000_r10_m2000.rds
    log: logs/bias_sensitivity/run_dp0.95_k0.3_n4000_r10_m2000.log
    jobid: 1706
    reason: Missing output files: results/bias_sensitivity/raw/dp0.95_k0.3_n4000_r10_m2000.rds
    wildcards: cell=dp0.95_k0.3_n4000_r10_m2000
    threads: 2
    resources: tmpdir=/tmp

[Wed Sep  2 01:18:28 2026]
Finished job 1496.
741 of 1923 steps (39%) done
Select jobs to execute...
Execute 1 jobs...

[Wed Sep  2 01:18:28 2026]
localrule run_cell:
    output: results/bias_sensitivity/raw/dp0.5_k0.3_n8000_r20_m4000.rds
    log: logs/bias_sensitivity/run_dp0.5_k0.3_n8000_r20_m4000.log
    jobid: 1055
    reason: Missing output files: results/bias_sensitivity/raw/dp0.5_k0.3_n8000_r20_m4000.rds
    wildcards: cell=dp0.5_k0.3_n8000_r20_m4000
    threads: 2
    resources: tmpdir=/tmp

[Wed Sep  2 01:18:30 2026]
Finished job 1310.
742 of 1923 steps (39%) done
Select jobs to execute...
Execute 1 jobs...

[Wed Sep  2 01:18:30 2026]
localrule run_cell:
    output: results/bias_sensitivity/raw/dp0.6_k0.3_n6000_r15_m2000.rds
    log: logs/bias_sensitivity/run_dp0.6_k0.3_n6000_r15_m2000.log
    jobid: 1236
    reason: Missing output files: results/bias_sensitivity/raw/dp0.6_k0.3_n6000_r15_m2000.rds
    wildcards: cell=dp0.6_k0.3_n6000_r15_m2000
    threads: 2
    resources: tmpdir=/tmp

[Wed Sep  2 01:18:32 2026]
Finished job 955.
743 of 1923 steps (39%) done
Select jobs to execute...
Execute 1 jobs...

[Wed Sep  2 01:18:32 2026]
localrule run_cell:
    output: results/bias_sensitivity/raw/dp0.7_k0.3_n8000_r5_m4000.rds
    log: logs/bias_sensitivity/run_dp0.7_k0.3_n8000_r5_m4000.log
    jobid: 1441
    reason: Missing output files: results/bias_sensitivity/raw/dp0.7_k0.3_n8000_r5_m4000.rds
    wildcards: cell=dp0.7_k0.3_n8000_r5_m4000
    threads: 2
    resources: tmpdir=/tmp

[Wed Sep  2 01:18:43 2026]
Finished job 1494.
744 of 1923 steps (39%) done
Select jobs to execute...
Execute 1 jobs...

[Wed Sep  2 01:18:43 2026]
localrule run_cell:
    output: results/bias_sensitivity/raw/dp0.7_k0.3_n4000_r10_m4000.rds
    log: logs/bias_sensitivity/run_dp0.7_k0.3_n4000_r10_m4000.log
    jobid: 1419
    reason: Missing output files: results/bias_sensitivity/raw/dp0.7_k0.3_n4000_r10_m4000.rds
    wildcards: cell=dp0.7_k0.3_n4000_r10_m4000
    threads: 2
    resources: tmpdir=/tmp

[Wed Sep  2 01:18:56 2026]
Finished job 1837.
745 of 1923 steps (39%) done
Select jobs to execute...
Execute 1 jobs...

[Wed Sep  2 01:18:56 2026]
localrule run_cell:
    output: results/bias_sensitivity/raw/dp0.95_k-0.3_n10000_r5_m2000.rds
    log: logs/bias_sensitivity/run_dp0.95_k-0.3_n10000_r5_m2000.log
    jobid: 1640
    reason: Missing output files: results/bias_sensitivity/raw/dp0.95_k-0.3_n10000_r5_m2000.rds
    wildcards: cell=dp0.95_k-0.3_n10000_r5_m2000
    threads: 2
    resources: tmpdir=/tmp

[Wed Sep  2 01:18:59 2026]
Finished job 1790.
746 of 1923 steps (39%) done
Select jobs to execute...
Execute 1 jobs...

[Wed Sep  2 01:18:59 2026]
localrule run_cell:
    output: results/bias_sensitivity/raw/dp0.1_k0.3_n2000_r15_m2000.rds
    log: logs/bias_sensitivity/run_dp0.1_k0.3_n2000_r15_m2000.log
    jobid: 260
    reason: Missing output files: results/bias_sensitivity/raw/dp0.1_k0.3_n2000_r15_m2000.rds
    wildcards: cell=dp0.1_k0.3_n2000_r15_m2000
    threads: 2
    resources: tmpdir=/tmp

[Wed Sep  2 01:19:08 2026]
Finished job 1905.
747 of 1923 steps (39%) done
Select jobs to execute...
Execute 1 jobs...

[Wed Sep  2 01:19:08 2026]
localrule run_cell:
    output: results/bias_sensitivity/raw/dp0.35_k0.3_n4000_r5_m2000.rds
    log: logs/bias_sensitivity/run_dp0.35_k0.3_n4000_r5_m2000.log
    jobid: 560
    reason: Missing output files: results/bias_sensitivity/raw/dp0.35_k0.3_n4000_r5_m2000.rds
    wildcards: cell=dp0.35_k0.3_n4000_r5_m2000
    threads: 2
    resources: tmpdir=/tmp

[Wed Sep  2 01:19:26 2026]
Finished job 1508.
748 of 1923 steps (39%) done
Select jobs to execute...
Execute 1 jobs...

[Wed Sep  2 01:19:26 2026]
localrule run_cell:
    output: results/bias_sensitivity/raw/dp0.45_k0.3_n2000_r15_m2000.rds
    log: logs/bias_sensitivity/run_dp0.45_k0.3_n2000_r15_m2000.log
    jobid: 740
    reason: Missing output files: results/bias_sensitivity/raw/dp0.45_k0.3_n2000_r15_m2000.rds
    wildcards: cell=dp0.45_k0.3_n2000_r15_m2000
    threads: 2
    resources: tmpdir=/tmp

[Wed Sep  2 01:19:36 2026]
Finished job 1117.
749 of 1923 steps (39%) done
Select jobs to execute...
Execute 1 jobs...

[Wed Sep  2 01:19:36 2026]
localrule run_cell:
    output: results/bias_sensitivity/raw/dp0.4_k-0.3_n4000_r5_m2000.rds
    log: logs/bias_sensitivity/run_dp0.4_k-0.3_n4000_r5_m2000.log
    jobid: 800
    reason: Missing output files: results/bias_sensitivity/raw/dp0.4_k-0.3_n4000_r5_m2000.rds
    wildcards: cell=dp0.4_k-0.3_n4000_r5_m2000
    threads: 2
    resources: tmpdir=/tmp

[Wed Sep  2 01:19:44 2026]
Finished job 1597.
750 of 1923 steps (39%) done
Select jobs to execute...
Execute 1 jobs...

[Wed Sep  2 01:19:44 2026]
localrule run_cell:
    output: results/bias_sensitivity/raw/dp0.55_k0.3_n10000_r5_m2000.rds
    log: logs/bias_sensitivity/run_dp0.55_k0.3_n10000_r5_m2000.log
    jobid: 920
    reason: Missing output files: results/bias_sensitivity/raw/dp0.55_k0.3_n10000_r5_m2000.rds
    wildcards: cell=dp0.55_k0.3_n10000_r5_m2000
    threads: 2
    resources: tmpdir=/tmp

[Wed Sep  2 01:19:47 2026]
Finished job 87.
751 of 1923 steps (39%) done
Select jobs to execute...
Execute 1 jobs...

[Wed Sep  2 01:19:47 2026]
localrule run_cell:
    output: results/bias_sensitivity/raw/dp0.5_k0.3_n4000_r5_m2000.rds
    log: logs/bias_sensitivity/run_dp0.5_k0.3_n4000_r5_m2000.log
    jobid: 1040
    reason: Missing output files: results/bias_sensitivity/raw/dp0.5_k0.3_n4000_r5_m2000.rds
    wildcards: cell=dp0.5_k0.3_n4000_r5_m2000
    threads: 2
    resources: tmpdir=/tmp

[Wed Sep  2 01:19:50 2026]
Finished job 729.
752 of 1923 steps (39%) done
Select jobs to execute...
Execute 1 jobs...

[Wed Sep  2 01:19:50 2026]
localrule run_cell:
    output: results/bias_sensitivity/raw/dp0.65_k-0.3_n8000_r15_m2000.rds
    log: logs/bias_sensitivity/run_dp0.65_k-0.3_n8000_r15_m2000.log
    jobid: 1100
    reason: Missing output files: results/bias_sensitivity/raw/dp0.65_k-0.3_n8000_r15_m2000.rds
    wildcards: cell=dp0.65_k-0.3_n8000_r15_m2000
    threads: 2
    resources: tmpdir=/tmp

[Wed Sep  2 01:20:13 2026]
Finished job 1357.
753 of 1923 steps (39%) done
Select jobs to execute...
Execute 1 jobs...

[Wed Sep  2 01:20:13 2026]
localrule run_cell:
    output: results/bias_sensitivity/raw/dp0.75_k0.3_n8000_r15_m2000.rds
    log: logs/bias_sensitivity/run_dp0.75_k0.3_n8000_r15_m2000.log
    jobid: 1340
    reason: Missing output files: results/bias_sensitivity/raw/dp0.75_k0.3_n8000_r15_m2000.rds
    wildcards: cell=dp0.75_k0.3_n8000_r15_m2000
    threads: 2
    resources: tmpdir=/tmp

[Wed Sep  2 01:21:52 2026]
Finished job 1794.
754 of 1923 steps (39%) done
Select jobs to execute...
Execute 1 jobs...

[Wed Sep  2 01:21:52 2026]
localrule run_cell:
    output: results/bias_sensitivity/raw/dp0.85_k0.3_n4000_r5_m2000.rds
    log: logs/bias_sensitivity/run_dp0.85_k0.3_n4000_r5_m2000.log
    jobid: 1520
    reason: Missing output files: results/bias_sensitivity/raw/dp0.85_k0.3_n4000_r5_m2000.rds
    wildcards: cell=dp0.85_k0.3_n4000_r5_m2000
    threads: 2
    resources: tmpdir=/tmp

[Wed Sep  2 01:22:12 2026]
Finished job 998.
755 of 1923 steps (39%) done
Select jobs to execute...
Execute 1 jobs...

[Wed Sep  2 01:22:12 2026]
localrule run_cell:
    output: results/bias_sensitivity/raw/dp0.4_k0.3_n8000_r15_m2000.rds
    log: logs/bias_sensitivity/run_dp0.4_k0.3_n8000_r15_m2000.log
    jobid: 860
    reason: Missing output files: results/bias_sensitivity/raw/dp0.4_k0.3_n8000_r15_m2000.rds
    wildcards: cell=dp0.4_k0.3_n8000_r15_m2000
    threads: 2
    resources: tmpdir=/tmp

[Wed Sep  2 01:22:38 2026]
Finished job 999.
756 of 1923 steps (39%) done
Select jobs to execute...
Execute 1 jobs...

[Wed Sep  2 01:22:38 2026]
localrule run_cell:
    output: results/bias_sensitivity/raw/dp0.5_k-0.3_n2000_r15_m2000.rds
    log: logs/bias_sensitivity/run_dp0.5_k-0.3_n2000_r15_m2000.log
    jobid: 980
    reason: Missing output files: results/bias_sensitivity/raw/dp0.5_k-0.3_n2000_r15_m2000.rds
    wildcards: cell=dp0.5_k-0.3_n2000_r15_m2000
    threads: 2
    resources: tmpdir=/tmp

[Wed Sep  2 01:22:42 2026]
Finished job 1897.
757 of 1923 steps (39%) done
Select jobs to execute...
Execute 1 jobs...

[Wed Sep  2 01:22:42 2026]
localrule run_cell:
    output: results/bias_sensitivity/raw/dp0.6_k-0.3_n10000_r5_m2000.rds
    log: logs/bias_sensitivity/run_dp0.6_k-0.3_n10000_r5_m2000.log
    jobid: 1160
    reason: Missing output files: results/bias_sensitivity/raw/dp0.6_k-0.3_n10000_r5_m2000.rds
    wildcards: cell=dp0.6_k-0.3_n10000_r5_m2000
    threads: 2
    resources: tmpdir=/tmp

[Wed Sep  2 01:22:45 2026]
Finished job 217.
758 of 1923 steps (39%) done
Select jobs to execute...
Execute 1 jobs...

[Wed Sep  2 01:22:45 2026]
localrule run_cell:
    output: results/bias_sensitivity/raw/dp0.75_k-0.3_n4000_r5_m2000.rds
    log: logs/bias_sensitivity/run_dp0.75_k-0.3_n4000_r5_m2000.log
    jobid: 1280
    reason: Missing output files: results/bias_sensitivity/raw/dp0.75_k-0.3_n4000_r5_m2000.rds
    wildcards: cell=dp0.75_k-0.3_n4000_r5_m2000
    threads: 2
    resources: tmpdir=/tmp

[Wed Sep  2 01:23:39 2026]
Finished job 986.
759 of 1923 steps (39%) done
Select jobs to execute...
Execute 1 jobs...

[Wed Sep  2 01:23:39 2026]
localrule run_cell:
    output: results/bias_sensitivity/raw/dp0.9_k0.3_n8000_r15_m2000.rds
    log: logs/bias_sensitivity/run_dp0.9_k0.3_n8000_r15_m2000.log
    jobid: 1820
    reason: Missing output files: results/bias_sensitivity/raw/dp0.9_k0.3_n8000_r15_m2000.rds
    wildcards: cell=dp0.9_k0.3_n8000_r15_m2000
    threads: 2
    resources: tmpdir=/tmp

[Wed Sep  2 01:23:48 2026]
Finished job 1854.
760 of 1923 steps (40%) done
Select jobs to execute...
Execute 1 jobs...

[Wed Sep  2 01:23:48 2026]
localrule run_cell:
    output: results/bias_sensitivity/raw/dp0.7_k0.3_n10000_r5_m2000.rds
    log: logs/bias_sensitivity/run_dp0.7_k0.3_n10000_r5_m2000.log
    jobid: 1400
    reason: Missing output files: results/bias_sensitivity/raw/dp0.7_k0.3_n10000_r5_m2000.rds
    wildcards: cell=dp0.7_k0.3_n10000_r5_m2000
    threads: 2
    resources: tmpdir=/tmp

[Wed Sep  2 01:24:11 2026]
Finished job 716.
761 of 1923 steps (40%) done
Select jobs to execute...
Execute 1 jobs...

[Wed Sep  2 01:24:11 2026]
localrule run_cell:
    output: results/bias_sensitivity/raw/dp0.45_k-0.3_n1000_r15_m2000.rds
    log: logs/bias_sensitivity/run_dp0.45_k-0.3_n1000_r15_m2000.log
    jobid: 684
    reason: Missing output files: results/bias_sensitivity/raw/dp0.45_k-0.3_n1000_r15_m2000.rds
    wildcards: cell=dp0.45_k-0.3_n1000_r15_m2000
    threads: 2
    resources: tmpdir=/tmp

[Wed Sep  2 01:24:45 2026]
Finished job 937.
762 of 1923 steps (40%) done
Select jobs to execute...
Execute 1 jobs...

[Wed Sep  2 01:24:45 2026]
localrule run_cell:
    output: results/bias_sensitivity/raw/dp0.15_k0.3_n6000_r20_m4000.rds
    log: logs/bias_sensitivity/run_dp0.15_k0.3_n6000_r20_m4000.log
    jobid: 183
    reason: Missing output files: results/bias_sensitivity/raw/dp0.15_k0.3_n6000_r20_m4000.rds
    wildcards: cell=dp0.15_k0.3_n6000_r20_m4000
    threads: 2
    resources: tmpdir=/tmp

[Wed Sep  2 01:24:57 2026]
Finished job 1657.
763 of 1923 steps (40%) done
Select jobs to execute...
Execute 1 jobs...

[Wed Sep  2 01:24:57 2026]
localrule run_cell:
    output: results/bias_sensitivity/raw/dp0.35_k0.3_n1000_r20_m4000.rds
    log: logs/bias_sensitivity/run_dp0.35_k0.3_n1000_r20_m4000.log
    jobid: 543
    reason: Missing output files: results/bias_sensitivity/raw/dp0.35_k0.3_n1000_r20_m4000.rds
    wildcards: cell=dp0.35_k0.3_n1000_r20_m4000
    threads: 2
    resources: tmpdir=/tmp

[Wed Sep  2 01:24:59 2026]
Finished job 919.
764 of 1923 steps (40%) done
Select jobs to execute...
Execute 1 jobs...

[Wed Sep  2 01:24:59 2026]
localrule run_cell:
    output: results/bias_sensitivity/raw/dp0.65_k0.3_n6000_r20_m4000.rds
    log: logs/bias_sensitivity/run_dp0.65_k0.3_n6000_r20_m4000.log
    jobid: 1143
    reason: Missing output files: results/bias_sensitivity/raw/dp0.65_k0.3_n6000_r20_m4000.rds
    wildcards: cell=dp0.65_k0.3_n6000_r20_m4000
    threads: 2
    resources: tmpdir=/tmp

[Wed Sep  2 01:25:08 2026]
Finished job 1387.
765 of 1923 steps (40%) done
Select jobs to execute...
Execute 1 jobs...

[Wed Sep  2 01:25:08 2026]
localrule run_cell:
    output: results/bias_sensitivity/raw/dp0.75_k-0.3_n1000_r20_m4000.rds
    log: logs/bias_sensitivity/run_dp0.75_k-0.3_n1000_r20_m4000.log
    jobid: 1263
    reason: Missing output files: results/bias_sensitivity/raw/dp0.75_k-0.3_n1000_r20_m4000.rds
    wildcards: cell=dp0.75_k-0.3_n1000_r20_m4000
    threads: 2
    resources: tmpdir=/tmp

[Wed Sep  2 01:25:18 2026]
Finished job 1204.
766 of 1923 steps (40%) done
Select jobs to execute...
Execute 1 jobs...

[Wed Sep  2 01:25:18 2026]
localrule run_cell:
    output: results/bias_sensitivity/raw/dp0.2_k-0.3_n6000_r20_m4000.rds
    log: logs/bias_sensitivity/run_dp0.2_k-0.3_n6000_r20_m4000.log
    jobid: 423
    reason: Missing output files: results/bias_sensitivity/raw/dp0.2_k-0.3_n6000_r20_m4000.rds
    wildcards: cell=dp0.2_k-0.3_n6000_r20_m4000
    threads: 2
    resources: tmpdir=/tmp

[Wed Sep  2 01:25:33 2026]
Finished job 1819.
767 of 1923 steps (40%) done
Select jobs to execute...
Execute 1 jobs...

[Wed Sep  2 01:25:33 2026]
localrule run_cell:
    output: results/bias_sensitivity/raw/dp0.4_k-0.3_n1000_r20_m4000.rds
    log: logs/bias_sensitivity/run_dp0.4_k-0.3_n1000_r20_m4000.log
    jobid: 783
    reason: Missing output files: results/bias_sensitivity/raw/dp0.4_k-0.3_n1000_r20_m4000.rds
    wildcards: cell=dp0.4_k-0.3_n1000_r20_m4000
    threads: 2
    resources: tmpdir=/tmp

[Wed Sep  2 01:25:36 2026]
Finished job 1283.
768 of 1923 steps (40%) done
Select jobs to execute...
Execute 1 jobs...

[Wed Sep  2 01:25:36 2026]
localrule run_cell:
    output: results/bias_sensitivity/raw/dp0.55_k-0.3_n6000_r20_m4000.rds
    log: logs/bias_sensitivity/run_dp0.55_k-0.3_n6000_r20_m4000.log
    jobid: 903
    reason: Missing output files: results/bias_sensitivity/raw/dp0.55_k-0.3_n6000_r20_m4000.rds
    wildcards: cell=dp0.55_k-0.3_n6000_r20_m4000
    threads: 2
    resources: tmpdir=/tmp

[Wed Sep  2 01:25:36 2026]
Finished job 260.
769 of 1923 steps (40%) done
Select jobs to execute...
Execute 1 jobs...

[Wed Sep  2 01:25:36 2026]
localrule run_cell:
    output: results/bias_sensitivity/raw/dp0.5_k-0.3_n10000_r10_m4000.rds
    log: logs/bias_sensitivity/run_dp0.5_k-0.3_n10000_r10_m4000.log
    jobid: 963
    reason: Missing output files: results/bias_sensitivity/raw/dp0.5_k-0.3_n10000_r10_m4000.rds
    wildcards: cell=dp0.5_k-0.3_n10000_r10_m4000
    threads: 2
    resources: tmpdir=/tmp

[Wed Sep  2 01:27:15 2026]
Finished job 740.
770 of 1923 steps (40%) done
Select jobs to execute...
Execute 1 jobs...

[Wed Sep  2 01:27:15 2026]
localrule run_cell:
    output: results/bias_sensitivity/raw/dp0.5_k0.3_n1000_r20_m4000.rds
    log: logs/bias_sensitivity/run_dp0.5_k0.3_n1000_r20_m4000.log
    jobid: 1023
    reason: Missing output files: results/bias_sensitivity/raw/dp0.5_k0.3_n1000_r20_m4000.rds
    wildcards: cell=dp0.5_k0.3_n1000_r20_m4000
    threads: 2
    resources: tmpdir=/tmp

[Wed Sep  2 01:27:18 2026]
Finished job 684.
771 of 1923 steps (40%) done
Select jobs to execute...
Execute 1 jobs...

[Wed Sep  2 01:27:18 2026]
localrule run_cell:
    output: results/bias_sensitivity/raw/dp0.6_k0.3_n10000_r10_m4000.rds
    log: logs/bias_sensitivity/run_dp0.6_k0.3_n10000_r10_m4000.log
    jobid: 1203
    reason: Missing output files: results/bias_sensitivity/raw/dp0.6_k0.3_n10000_r10_m4000.rds
    wildcards: cell=dp0.6_k0.3_n10000_r10_m4000
    threads: 2
    resources: tmpdir=/tmp

[Wed Sep  2 01:27:31 2026]
Finished job 1017.
772 of 1923 steps (40%) done
Select jobs to execute...
Execute 1 jobs...

[Wed Sep  2 01:27:31 2026]
localrule run_cell:
    output: results/bias_sensitivity/raw/dp0.7_k-0.3_n6000_r20_m4000.rds
    log: logs/bias_sensitivity/run_dp0.7_k-0.3_n6000_r20_m4000.log
    jobid: 1383
    reason: Missing output files: results/bias_sensitivity/raw/dp0.7_k-0.3_n6000_r20_m4000.rds
    wildcards: cell=dp0.7_k-0.3_n6000_r20_m4000
    threads: 2
    resources: tmpdir=/tmp

[Wed Sep  2 01:27:58 2026]
Finished job 543.
773 of 1923 steps (40%) done
Select jobs to execute...
Execute 1 jobs...

[Wed Sep  2 01:27:58 2026]
localrule run_cell:
    output: results/bias_sensitivity/raw/dp0.85_k0.3_n1000_r20_m4000.rds
    log: logs/bias_sensitivity/run_dp0.85_k0.3_n1000_r20_m4000.log
    jobid: 1503
    reason: Missing output files: results/bias_sensitivity/raw/dp0.85_k0.3_n1000_r20_m4000.rds
    wildcards: cell=dp0.85_k0.3_n1000_r20_m4000
    threads: 2
    resources: tmpdir=/tmp

[Wed Sep  2 01:28:25 2026]
Finished job 1263.
774 of 1923 steps (40%) done
Select jobs to execute...
Execute 1 jobs...

[Wed Sep  2 01:28:25 2026]
localrule run_cell:
    output: results/bias_sensitivity/raw/dp0.8_k-0.3_n4000_r10_m4000.rds
    log: logs/bias_sensitivity/run_dp0.8_k-0.3_n4000_r10_m4000.log
    jobid: 1563
    reason: Missing output files: results/bias_sensitivity/raw/dp0.8_k-0.3_n4000_r10_m4000.rds
    wildcards: cell=dp0.8_k-0.3_n4000_r10_m4000
    threads: 2
    resources: tmpdir=/tmp

[Wed Sep  2 01:28:28 2026]
Finished job 1814.
775 of 1923 steps (40%) done
Select jobs to execute...
Execute 1 jobs...

[Wed Sep  2 01:28:28 2026]
localrule run_cell:
    output: results/bias_sensitivity/raw/dp1_k-0.3_n6000_r20_m4000.rds
    log: logs/bias_sensitivity/run_dp1_k-0.3_n6000_r20_m4000.log
    jobid: 1863
    reason: Missing output files: results/bias_sensitivity/raw/dp1_k-0.3_n6000_r20_m4000.rds
    wildcards: cell=dp1_k-0.3_n6000_r20_m4000
    threads: 2
    resources: tmpdir=/tmp

[Wed Sep  2 01:28:32 2026]
Finished job 1419.
776 of 1923 steps (40%) done
Select jobs to execute...
Execute 1 jobs...

[Wed Sep  2 01:28:32 2026]
localrule run_cell:
    output: results/bias_sensitivity/raw/dp0.05_k-0.3_n8000_r20_m2000.rds
    log: logs/bias_sensitivity/run_dp0.05_k-0.3_n8000_r20_m2000.log
    jobid: 46
    reason: Missing output files: results/bias_sensitivity/raw/dp0.05_k-0.3_n8000_r20_m2000.rds
    wildcards: cell=dp0.05_k-0.3_n8000_r20_m2000
    threads: 2
    resources: tmpdir=/tmp

[Wed Sep  2 01:28:35 2026]
Finished job 783.
777 of 1923 steps (40%) done
Select jobs to execute...
Execute 1 jobs...

[Wed Sep  2 01:28:35 2026]
localrule run_cell:
    output: results/bias_sensitivity/raw/dp0.15_k-0.3_n1000_r10_m2000.rds
    log: logs/bias_sensitivity/run_dp0.15_k-0.3_n1000_r10_m2000.log
    jobid: 106
    reason: Missing output files: results/bias_sensitivity/raw/dp0.15_k-0.3_n1000_r10_m2000.rds
    wildcards: cell=dp0.15_k-0.3_n1000_r10_m2000
    threads: 2
    resources: tmpdir=/tmp

[Wed Sep  2 01:28:58 2026]
Finished job 560.
778 of 1923 steps (40%) done
Select jobs to execute...
Execute 1 jobs...

[Wed Sep  2 01:28:58 2026]
localrule run_cell:
    output: results/bias_sensitivity/raw/dp0.15_k0.3_n2000_r20_m2000.rds
    log: logs/bias_sensitivity/run_dp0.15_k0.3_n2000_r20_m2000.log
    jobid: 166
    reason: Missing output files: results/bias_sensitivity/raw/dp0.15_k0.3_n2000_r20_m2000.rds
    wildcards: cell=dp0.15_k0.3_n2000_r20_m2000
    threads: 2
    resources: tmpdir=/tmp

[Wed Sep  2 01:29:36 2026]
Finished job 980.
779 of 1923 steps (41%) done
Select jobs to execute...
Execute 1 jobs...

[Wed Sep  2 01:29:36 2026]
localrule run_cell:
    output: results/bias_sensitivity/raw/dp0.1_k-0.3_n6000_r10_m2000.rds
    log: logs/bias_sensitivity/run_dp0.1_k-0.3_n6000_r10_m2000.log
    jobid: 226
    reason: Missing output files: results/bias_sensitivity/raw/dp0.1_k-0.3_n6000_r10_m2000.rds
    wildcards: cell=dp0.1_k-0.3_n6000_r10_m2000
    threads: 2
    resources: tmpdir=/tmp

[Wed Sep  2 01:29:36 2026]
Finished job 800.
780 of 1923 steps (41%) done
Select jobs to execute...
Execute 1 jobs...

[Wed Sep  2 01:29:36 2026]
localrule run_cell:
    output: results/bias_sensitivity/raw/dp0.1_k0.3_n8000_r20_m2000.rds
    log: logs/bias_sensitivity/run_dp0.1_k0.3_n8000_r20_m2000.log
    jobid: 286
    reason: Missing output files: results/bias_sensitivity/raw/dp0.1_k0.3_n8000_r20_m2000.rds
    wildcards: cell=dp0.1_k0.3_n8000_r20_m2000
    threads: 2
    resources: tmpdir=/tmp

[Wed Sep  2 01:29:40 2026]
Finished job 1040.
781 of 1923 steps (41%) done
Select jobs to execute...
Execute 1 jobs...

[Wed Sep  2 01:29:40 2026]
localrule run_cell:
    output: results/bias_sensitivity/raw/dp0.25_k0.3_n1000_r10_m2000.rds
    log: logs/bias_sensitivity/run_dp0.25_k0.3_n1000_r10_m2000.log
    jobid: 346
    reason: Missing output files: results/bias_sensitivity/raw/dp0.25_k0.3_n1000_r10_m2000.rds
    wildcards: cell=dp0.25_k0.3_n1000_r10_m2000
    threads: 2
    resources: tmpdir=/tmp

[Wed Sep  2 01:29:54 2026]
Finished job 1706.
782 of 1923 steps (41%) done
Select jobs to execute...
Execute 1 jobs...

[Wed Sep  2 01:29:54 2026]
localrule run_cell:
    output: results/bias_sensitivity/raw/dp0.2_k0.3_n6000_r10_m2000.rds
    log: logs/bias_sensitivity/run_dp0.2_k0.3_n6000_r10_m2000.log
    jobid: 466
    reason: Missing output files: results/bias_sensitivity/raw/dp0.2_k0.3_n6000_r10_m2000.rds
    wildcards: cell=dp0.2_k0.3_n6000_r10_m2000
    threads: 2
    resources: tmpdir=/tmp

[Wed Sep  2 01:30:20 2026]
Finished job 1023.
783 of 1923 steps (41%) done
Select jobs to execute...
Execute 1 jobs...

[Wed Sep  2 01:30:20 2026]
localrule run_cell:
    output: results/bias_sensitivity/raw/dp0.45_k-0.3_n6000_r10_m2000.rds
    log: logs/bias_sensitivity/run_dp0.45_k-0.3_n6000_r10_m2000.log
    jobid: 706
    reason: Missing output files: results/bias_sensitivity/raw/dp0.45_k-0.3_n6000_r10_m2000.rds
    wildcards: cell=dp0.45_k-0.3_n6000_r10_m2000
    threads: 2
    resources: tmpdir=/tmp

[Wed Sep  2 01:31:03 2026]
Finished job 1477.
784 of 1923 steps (41%) done
Select jobs to execute...
Execute 1 jobs...

[Wed Sep  2 01:31:03 2026]
localrule run_cell:
    output: results/bias_sensitivity/raw/dp0.45_k0.3_n8000_r20_m2000.rds
    log: logs/bias_sensitivity/run_dp0.45_k0.3_n8000_r20_m2000.log
    jobid: 766
    reason: Missing output files: results/bias_sensitivity/raw/dp0.45_k0.3_n8000_r20_m2000.rds
    wildcards: cell=dp0.45_k0.3_n8000_r20_m2000
    threads: 2
    resources: tmpdir=/tmp

[Wed Sep  2 01:31:20 2026]
Finished job 1503.
785 of 1923 steps (41%) done
Select jobs to execute...
Execute 1 jobs...

[Wed Sep  2 01:31:20 2026]
localrule run_cell:
    output: results/bias_sensitivity/raw/dp1_k0.3_n6000_r10_m2000.rds
    log: logs/bias_sensitivity/run_dp1_k0.3_n6000_r10_m2000.log
    jobid: 1906
    reason: Missing output files: results/bias_sensitivity/raw/dp1_k0.3_n6000_r10_m2000.rds
    wildcards: cell=dp1_k0.3_n6000_r10_m2000
    threads: 2
    resources: tmpdir=/tmp

[Wed Sep  2 01:31:26 2026]
Finished job 1236.
786 of 1923 steps (41%) done
Select jobs to execute...
Execute 1 jobs...

[Wed Sep  2 01:31:26 2026]
localrule run_cell:
    output: results/bias_sensitivity/raw/dp1_k-0.3_n4000_r10_m2000.rds
    log: logs/bias_sensitivity/run_dp1_k-0.3_n4000_r10_m2000.log
    jobid: 1850
    reason: Missing output files: results/bias_sensitivity/raw/dp1_k-0.3_n4000_r10_m2000.rds
    wildcards: cell=dp1_k-0.3_n4000_r10_m2000
    threads: 2
    resources: tmpdir=/tmp

[Wed Sep  2 01:31:27 2026]
Finished job 106.
787 of 1923 steps (41%) done
Select jobs to execute...
Execute 1 jobs...

[Wed Sep  2 01:31:27 2026]
localrule run_cell:
    output: results/bias_sensitivity/raw/dp0.05_k-0.3_n4000_r15_m4000.rds
    log: logs/bias_sensitivity/run_dp0.05_k-0.3_n4000_r15_m4000.log
    jobid: 29
    reason: Missing output files: results/bias_sensitivity/raw/dp0.05_k-0.3_n4000_r15_m4000.rds
    wildcards: cell=dp0.05_k-0.3_n4000_r15_m4000
    threads: 2
    resources: tmpdir=/tmp

[Wed Sep  2 01:32:45 2026]
Finished job 1280.
788 of 1923 steps (41%) done
Select jobs to execute...
Execute 1 jobs...

[Wed Sep  2 01:32:45 2026]
localrule run_cell:
    output: results/bias_sensitivity/raw/dp0.05_k0.3_n6000_r5_m4000.rds
    log: logs/bias_sensitivity/run_dp0.05_k0.3_n6000_r5_m4000.log
    jobid: 89
    reason: Missing output files: results/bias_sensitivity/raw/dp0.05_k0.3_n6000_r5_m4000.rds
    wildcards: cell=dp0.05_k0.3_n6000_r5_m4000
    threads: 2
    resources: tmpdir=/tmp

[Wed Sep  2 01:32:47 2026]
Finished job 346.
789 of 1923 steps (41%) done
Select jobs to execute...
Execute 1 jobs...

[Wed Sep  2 01:32:47 2026]
localrule run_cell:
    output: results/bias_sensitivity/raw/dp0.1_k-0.3_n1000_r5_m4000.rds
    log: logs/bias_sensitivity/run_dp0.1_k-0.3_n1000_r5_m4000.log
    jobid: 209
    reason: Missing output files: results/bias_sensitivity/raw/dp0.1_k-0.3_n1000_r5_m4000.rds
    wildcards: cell=dp0.1_k-0.3_n1000_r5_m4000
    threads: 2
    resources: tmpdir=/tmp

[Wed Sep  2 01:34:05 2026]
Finished job 1579.
790 of 1923 steps (41%) done
Select jobs to execute...
Execute 1 jobs...

[Wed Sep  2 01:34:05 2026]
localrule run_cell:
    output: results/bias_sensitivity/raw/dp0.25_k-0.3_n6000_r5_m4000.rds
    log: logs/bias_sensitivity/run_dp0.25_k-0.3_n6000_r5_m4000.log
    jobid: 329
    reason: Missing output files: results/bias_sensitivity/raw/dp0.25_k-0.3_n6000_r5_m4000.rds
    wildcards: cell=dp0.25_k-0.3_n6000_r5_m4000
    threads: 2
    resources: tmpdir=/tmp

[Wed Sep  2 01:35:24 2026]
Finished job 1537.
791 of 1923 steps (41%) done
Select jobs to execute...
Execute 1 jobs...

[Wed Sep  2 01:35:24 2026]
localrule run_cell:
    output: results/bias_sensitivity/raw/dp0.2_k0.3_n1000_r5_m4000.rds
    log: logs/bias_sensitivity/run_dp0.2_k0.3_n1000_r5_m4000.log
    jobid: 449
    reason: Missing output files: results/bias_sensitivity/raw/dp0.2_k0.3_n1000_r5_m4000.rds
    wildcards: cell=dp0.2_k0.3_n1000_r5_m4000
    threads: 2
    resources: tmpdir=/tmp

[Wed Sep  2 01:35:27 2026]
Finished job 1497.
792 of 1923 steps (41%) done
Select jobs to execute...
Execute 1 jobs...

[Wed Sep  2 01:35:27 2026]
localrule run_cell:
    output: results/bias_sensitivity/raw/dp1_k0.3_n8000_r5_m4000.rds
    log: logs/bias_sensitivity/run_dp1_k0.3_n8000_r5_m4000.log
    jobid: 1921
    reason: Missing output files: results/bias_sensitivity/raw/dp1_k0.3_n8000_r5_m4000.rds
    wildcards: cell=dp1_k0.3_n8000_r5_m4000
    threads: 2
    resources: tmpdir=/tmp

[Wed Sep  2 01:35:50 2026]
Finished job 209.
793 of 1923 steps (41%) done
Select jobs to execute...
Execute 1 jobs...

[Wed Sep  2 01:35:50 2026]
localrule run_cell:
    output: results/bias_sensitivity/raw/dp0.85_k-0.3_n2000_r15_m4000.rds
    log: logs/bias_sensitivity/run_dp0.85_k-0.3_n2000_r15_m4000.log
    jobid: 1461
    reason: Missing output files: results/bias_sensitivity/raw/dp0.85_k-0.3_n2000_r15_m4000.rds
    wildcards: cell=dp0.85_k-0.3_n2000_r15_m4000
    threads: 2
    resources: tmpdir=/tmp

[Wed Sep  2 01:36:08 2026]
Finished job 1825.
794 of 1923 steps (41%) done
Select jobs to execute...
Execute 1 jobs...

[Wed Sep  2 01:36:08 2026]
localrule run_cell:
    output: results/bias_sensitivity/raw/dp0.45_k0.3_n10000_r20_m2000.rds
    log: logs/bias_sensitivity/run_dp0.45_k0.3_n10000_r20_m2000.log
    jobid: 726
    reason: Missing output files: results/bias_sensitivity/raw/dp0.45_k0.3_n10000_r20_m2000.rds
    wildcards: cell=dp0.45_k0.3_n10000_r20_m2000
    threads: 2
    resources: tmpdir=/tmp

[Wed Sep  2 01:36:24 2026]
Finished job 1520.
795 of 1923 steps (41%) done
Select jobs to execute...
Execute 1 jobs...

[Wed Sep  2 01:36:24 2026]
localrule run_cell:
    output: results/bias_sensitivity/raw/dp0.95_k0.3_n10000_r20_m2000.rds
    log: logs/bias_sensitivity/run_dp0.95_k0.3_n10000_r20_m2000.log
    jobid: 1686
    reason: Missing output files: results/bias_sensitivity/raw/dp0.95_k0.3_n10000_r20_m2000.rds
    wildcards: cell=dp0.95_k0.3_n10000_r20_m2000
    threads: 2
    resources: tmpdir=/tmp

[Wed Sep  2 01:36:41 2026]
Finished job 183.
796 of 1923 steps (41%) done
Select jobs to execute...
Execute 1 jobs...

[Wed Sep  2 01:36:41 2026]
localrule run_cell:
    output: results/bias_sensitivity/raw/dp0.3_k0.3_n6000_r5_m2000.rds
    log: logs/bias_sensitivity/run_dp0.3_k0.3_n6000_r5_m2000.log
    jobid: 664
    reason: Missing output files: results/bias_sensitivity/raw/dp0.3_k0.3_n6000_r5_m2000.rds
    wildcards: cell=dp0.3_k0.3_n6000_r5_m2000
    threads: 2
    resources: tmpdir=/tmp

[Wed Sep  2 01:36:56 2026]
Finished job 962.
797 of 1923 steps (41%) done
Select jobs to execute...
Execute 1 jobs...

[Wed Sep  2 01:36:56 2026]
localrule run_cell:
    output: results/bias_sensitivity/raw/dp1_k0.3_n8000_r10_m4000.rds
    log: logs/bias_sensitivity/run_dp1_k0.3_n8000_r10_m4000.log
    jobid: 1915
    reason: Missing output files: results/bias_sensitivity/raw/dp1_k0.3_n8000_r10_m4000.rds
    wildcards: cell=dp1_k0.3_n8000_r10_m4000
    threads: 2
    resources: tmpdir=/tmp

[Wed Sep  2 01:37:03 2026]
Finished job 166.
798 of 1923 steps (41%) done
Select jobs to execute...
Execute 1 jobs...

[Wed Sep  2 01:37:03 2026]
localrule run_cell:
    output: results/bias_sensitivity/raw/dp0.9_k0.3_n2000_r10_m4000.rds
    log: logs/bias_sensitivity/run_dp0.9_k0.3_n2000_r10_m4000.log
    jobid: 1795
    reason: Missing output files: results/bias_sensitivity/raw/dp0.9_k0.3_n2000_r10_m4000.rds
    wildcards: cell=dp0.9_k0.3_n2000_r10_m4000
    threads: 2
    resources: tmpdir=/tmp

[Wed Sep  2 01:38:10 2026]
Finished job 903.
799 of 1923 steps (42%) done
Select jobs to execute...
Execute 1 jobs...

[Wed Sep  2 01:38:10 2026]
localrule run_cell:
    output: results/bias_sensitivity/raw/dp1_k-0.3_n4000_r20_m4000.rds
    log: logs/bias_sensitivity/run_dp1_k-0.3_n4000_r20_m4000.log
    jobid: 1855
    reason: Missing output files: results/bias_sensitivity/raw/dp1_k-0.3_n4000_r20_m4000.rds
    wildcards: cell=dp1_k-0.3_n4000_r20_m4000
    threads: 2
    resources: tmpdir=/tmp

[Wed Sep  2 01:38:22 2026]
Finished job 1563.
800 of 1923 steps (42%) done
Select jobs to execute...
Execute 1 jobs...

[Wed Sep  2 01:38:22 2026]
localrule run_cell:
    output: results/bias_sensitivity/raw/dp0.75_k0.3_n4000_r20_m4000.rds
    log: logs/bias_sensitivity/run_dp0.75_k0.3_n4000_r20_m4000.log
    jobid: 1327
    reason: Missing output files: results/bias_sensitivity/raw/dp0.75_k0.3_n4000_r20_m4000.rds
    wildcards: cell=dp0.75_k0.3_n4000_r20_m4000
    threads: 2
    resources: tmpdir=/tmp

[Wed Sep  2 01:38:24 2026]
Finished job 449.
801 of 1923 steps (42%) done
Select jobs to execute...
Execute 1 jobs...

[Wed Sep  2 01:38:24 2026]
localrule run_cell:
    output: results/bias_sensitivity/raw/dp0.6_k0.3_n8000_r10_m4000.rds
    log: logs/bias_sensitivity/run_dp0.6_k0.3_n8000_r10_m4000.log
    jobid: 1243
    reason: Missing output files: results/bias_sensitivity/raw/dp0.6_k0.3_n8000_r10_m4000.rds
    wildcards: cell=dp0.6_k0.3_n8000_r10_m4000
    threads: 2
    resources: tmpdir=/tmp

[Wed Sep  2 01:39:08 2026]
Finished job 865.
802 of 1923 steps (42%) done
Select jobs to execute...
Execute 1 jobs...

[Wed Sep  2 01:39:08 2026]
localrule run_cell:
    output: results/bias_sensitivity/raw/dp1_k-0.3_n1000_r20_m2000.rds
    log: logs/bias_sensitivity/run_dp1_k-0.3_n1000_r20_m2000.log
    jobid: 1838
    reason: Missing output files: results/bias_sensitivity/raw/dp1_k-0.3_n1000_r20_m2000.rds
    wildcards: cell=dp1_k-0.3_n1000_r20_m2000
    threads: 2
    resources: tmpdir=/tmp

[Wed Sep  2 01:39:14 2026]
Finished job 1399.
803 of 1923 steps (42%) done
Select jobs to execute...
Execute 1 jobs...

[Wed Sep  2 01:39:14 2026]
localrule run_cell:
    output: results/bias_sensitivity/raw/dp1_k0.3_n4000_r10_m2000.rds
    log: logs/bias_sensitivity/run_dp1_k0.3_n4000_r10_m2000.log
    jobid: 1898
    reason: Missing output files: results/bias_sensitivity/raw/dp1_k0.3_n4000_r10_m2000.rds
    wildcards: cell=dp1_k0.3_n4000_r10_m2000
    threads: 2
    resources: tmpdir=/tmp

[Wed Sep  2 01:39:37 2026]
Finished job 1867.
804 of 1923 steps (42%) done
Select jobs to execute...
Execute 1 jobs...

[Wed Sep  2 01:39:37 2026]
localrule run_cell:
    output: results/bias_sensitivity/raw/dp0.1_k-0.3_n4000_r10_m2000.rds
    log: logs/bias_sensitivity/run_dp0.1_k-0.3_n4000_r10_m2000.log
    jobid: 218
    reason: Missing output files: results/bias_sensitivity/raw/dp0.1_k-0.3_n4000_r10_m2000.rds
    wildcards: cell=dp0.1_k-0.3_n4000_r10_m2000
    threads: 2
    resources: tmpdir=/tmp

[Wed Sep  2 01:39:44 2026]
Finished job 920.
805 of 1923 steps (42%) done
Select jobs to execute...
Execute 1 jobs...

[Wed Sep  2 01:39:44 2026]
localrule run_cell:
    output: results/bias_sensitivity/raw/dp0.35_k-0.3_n6000_r20_m2000.rds
    log: logs/bias_sensitivity/run_dp0.35_k-0.3_n6000_r20_m2000.log
    jobid: 518
    reason: Missing output files: results/bias_sensitivity/raw/dp0.35_k-0.3_n6000_r20_m2000.rds
    wildcards: cell=dp0.35_k-0.3_n6000_r20_m2000
    threads: 2
    resources: tmpdir=/tmp

[Wed Sep  2 01:40:22 2026]
Finished job 1383.
806 of 1923 steps (42%) done
Select jobs to execute...
Execute 1 jobs...

[Wed Sep  2 01:40:22 2026]
localrule run_cell:
    output: results/bias_sensitivity/raw/dp0.95_k0.3_n6000_r20_m2000.rds
    log: logs/bias_sensitivity/run_dp0.95_k0.3_n6000_r20_m2000.log
    jobid: 1718
    reason: Missing output files: results/bias_sensitivity/raw/dp0.95_k0.3_n6000_r20_m2000.rds
    wildcards: cell=dp0.95_k0.3_n6000_r20_m2000
    threads: 2
    resources: tmpdir=/tmp

[Wed Sep  2 01:40:45 2026]
Finished job 1142.
807 of 1923 steps (42%) done
Select jobs to execute...
Execute 1 jobs...

[Wed Sep  2 01:40:45 2026]
localrule run_cell:
    output: results/bias_sensitivity/raw/dp0.55_k0.3_n4000_r10_m2000.rds
    log: logs/bias_sensitivity/run_dp0.55_k0.3_n4000_r10_m2000.log
    jobid: 938
    reason: Missing output files: results/bias_sensitivity/raw/dp0.55_k0.3_n4000_r10_m2000.rds
    wildcards: cell=dp0.55_k0.3_n4000_r10_m2000
    threads: 2
    resources: tmpdir=/tmp

[Wed Sep  2 01:41:32 2026]
Finished job 29.
808 of 1923 steps (42%) done
Select jobs to execute...
Execute 1 jobs...

[Wed Sep  2 01:41:32 2026]
localrule run_cell:
    output: results/bias_sensitivity/raw/dp0.65_k0.3_n1000_r20_m2000.rds
    log: logs/bias_sensitivity/run_dp0.65_k0.3_n1000_r20_m2000.log
    jobid: 1118
    reason: Missing output files: results/bias_sensitivity/raw/dp0.65_k0.3_n1000_r20_m2000.rds
    wildcards: cell=dp0.65_k0.3_n1000_r20_m2000
    threads: 2
    resources: tmpdir=/tmp

[Wed Sep  2 01:41:33 2026]
Finished job 328.
809 of 1923 steps (42%) done
Select jobs to execute...
Execute 1 jobs...

[Wed Sep  2 01:41:33 2026]
localrule run_cell:
    output: results/bias_sensitivity/raw/dp0.8_k0.3_n1000_r20_m2000.rds
    log: logs/bias_sensitivity/run_dp0.8_k0.3_n1000_r20_m2000.log
    jobid: 1598
    reason: Missing output files: results/bias_sensitivity/raw/dp0.8_k0.3_n1000_r20_m2000.rds
    wildcards: cell=dp0.8_k0.3_n1000_r20_m2000
    threads: 2
    resources: tmpdir=/tmp

[Wed Sep  2 01:41:33 2026]
Finished job 1850.
810 of 1923 steps (42%) done
Select jobs to execute...
Execute 1 jobs...

[Wed Sep  2 01:41:33 2026]
localrule run_cell:
    output: results/bias_sensitivity/raw/dp0.85_k-0.3_n6000_r20_m2000.rds
    log: logs/bias_sensitivity/run_dp0.85_k-0.3_n6000_r20_m2000.log
    jobid: 1478
    reason: Missing output files: results/bias_sensitivity/raw/dp0.85_k-0.3_n6000_r20_m2000.rds
    wildcards: cell=dp0.85_k-0.3_n6000_r20_m2000
    threads: 2
    resources: tmpdir=/tmp

[Wed Sep  2 01:42:20 2026]
Finished job 1838.
811 of 1923 steps (42%) done
Select jobs to execute...
Execute 1 jobs...

[Wed Sep  2 01:42:20 2026]
localrule run_cell:
    output: results/bias_sensitivity/raw/dp0.95_k-0.3_n4000_r10_m2000.rds
    log: logs/bias_sensitivity/run_dp0.95_k-0.3_n4000_r10_m2000.log
    jobid: 1658
    reason: Missing output files: results/bias_sensitivity/raw/dp0.95_k-0.3_n4000_r10_m2000.rds
    wildcards: cell=dp0.95_k-0.3_n4000_r10_m2000
    threads: 2
    resources: tmpdir=/tmp

[Wed Sep  2 01:43:05 2026]
Finished job 1461.
812 of 1923 steps (42%) done
Select jobs to execute...
Execute 1 jobs...

[Wed Sep  2 01:43:05 2026]
localrule run_cell:
    output: results/bias_sensitivity/raw/dp0.7_k-0.3_n1000_r20_m2000.rds
    log: logs/bias_sensitivity/run_dp0.7_k-0.3_n1000_r20_m2000.log
    jobid: 1358
    reason: Missing output files: results/bias_sensitivity/raw/dp0.7_k-0.3_n1000_r20_m2000.rds
    wildcards: cell=dp0.7_k-0.3_n1000_r20_m2000
    threads: 2
    resources: tmpdir=/tmp

[Wed Sep  2 01:43:16 2026]
Finished job 1160.
813 of 1923 steps (42%) done
Select jobs to execute...
Execute 1 jobs...

[Wed Sep  2 01:43:16 2026]
localrule run_cell:
    output: results/bias_sensitivity/raw/dp0.7_k-0.3_n6000_r5_m2000.rds
    log: logs/bias_sensitivity/run_dp0.7_k-0.3_n6000_r5_m2000.log
    jobid: 1384
    reason: Missing output files: results/bias_sensitivity/raw/dp0.7_k-0.3_n6000_r5_m2000.rds
    wildcards: cell=dp0.7_k-0.3_n6000_r5_m2000
    threads: 2
    resources: tmpdir=/tmp

[Wed Sep  2 01:43:22 2026]
Finished job 580.
814 of 1923 steps (42%) done
Select jobs to execute...
Execute 1 jobs...

[Wed Sep  2 01:43:22 2026]
localrule run_cell:
    output: results/bias_sensitivity/raw/dp0.4_k0.3_n8000_r20_m2000.rds
    log: logs/bias_sensitivity/run_dp0.4_k0.3_n8000_r20_m2000.log
    jobid: 862
    reason: Missing output files: results/bias_sensitivity/raw/dp0.4_k0.3_n8000_r20_m2000.rds
    wildcards: cell=dp0.4_k0.3_n8000_r20_m2000
    threads: 2
    resources: tmpdir=/tmp

[Wed Sep  2 01:43:48 2026]
Finished job 1339.
815 of 1923 steps (42%) done
Select jobs to execute...
Execute 1 jobs...

[Wed Sep  2 01:43:48 2026]
localrule run_cell:
    output: results/bias_sensitivity/raw/dp0.9_k0.3_n8000_r20_m2000.rds
    log: logs/bias_sensitivity/run_dp0.9_k0.3_n8000_r20_m2000.log
    jobid: 1822
    reason: Missing output files: results/bias_sensitivity/raw/dp0.9_k0.3_n8000_r20_m2000.rds
    wildcards: cell=dp0.9_k0.3_n8000_r20_m2000
    threads: 2
    resources: tmpdir=/tmp

[Wed Sep  2 01:43:49 2026]
Finished job 1795.
816 of 1923 steps (42%) done
Select jobs to execute...
Execute 1 jobs...

[Wed Sep  2 01:43:49 2026]
localrule run_cell:
    output: results/bias_sensitivity/raw/dp0.95_k-0.3_n10000_r5_m4000.rds
    log: logs/bias_sensitivity/run_dp0.95_k-0.3_n10000_r5_m4000.log
    jobid: 1641
    reason: Missing output files: results/bias_sensitivity/raw/dp0.95_k-0.3_n10000_r5_m4000.rds
    wildcards: cell=dp0.95_k-0.3_n10000_r5_m4000
    threads: 2
    resources: tmpdir=/tmp

[Wed Sep  2 01:43:56 2026]
Finished job 105.
817 of 1923 steps (42%) done
Select jobs to execute...
Execute 1 jobs...

[Wed Sep  2 01:43:56 2026]
localrule run_cell:
    output: results/bias_sensitivity/raw/dp0.1_k0.3_n2000_r15_m4000.rds
    log: logs/bias_sensitivity/run_dp0.1_k0.3_n2000_r15_m4000.log
    jobid: 261
    reason: Missing output files: results/bias_sensitivity/raw/dp0.1_k0.3_n2000_r15_m4000.rds
    wildcards: cell=dp0.1_k0.3_n2000_r15_m4000
    threads: 2
    resources: tmpdir=/tmp

[Wed Sep  2 01:44:11 2026]
Finished job 1906.
818 of 1923 steps (43%) done
Select jobs to execute...
Execute 1 jobs...

[Wed Sep  2 01:44:11 2026]
localrule run_cell:
    output: results/bias_sensitivity/raw/dp0.35_k0.3_n4000_r5_m4000.rds
    log: logs/bias_sensitivity/run_dp0.35_k0.3_n4000_r5_m4000.log
    jobid: 561
    reason: Missing output files: results/bias_sensitivity/raw/dp0.35_k0.3_n4000_r5_m4000.rds
    wildcards: cell=dp0.35_k0.3_n4000_r5_m4000
    threads: 2
    resources: tmpdir=/tmp

[Wed Sep  2 01:44:23 2026]
Finished job 1914.
819 of 1923 steps (43%) done
Select jobs to execute...
Execute 1 jobs...

[Wed Sep  2 01:44:23 2026]
localrule run_cell:
    output: results/bias_sensitivity/raw/dp0.45_k0.3_n2000_r15_m4000.rds
    log: logs/bias_sensitivity/run_dp0.45_k0.3_n2000_r15_m4000.log
    jobid: 741
    reason: Missing output files: results/bias_sensitivity/raw/dp0.45_k0.3_n2000_r15_m4000.rds
    wildcards: cell=dp0.45_k0.3_n2000_r15_m4000
    threads: 2
    resources: tmpdir=/tmp

[Wed Sep  2 01:44:28 2026]
Finished job 89.
820 of 1923 steps (43%) done
Select jobs to execute...
Execute 1 jobs...

[Wed Sep  2 01:44:28 2026]
localrule run_cell:
    output: results/bias_sensitivity/raw/dp0.4_k-0.3_n4000_r5_m4000.rds
    log: logs/bias_sensitivity/run_dp0.4_k-0.3_n4000_r5_m4000.log
    jobid: 801
    reason: Missing output files: results/bias_sensitivity/raw/dp0.4_k-0.3_n4000_r5_m4000.rds
    wildcards: cell=dp0.4_k-0.3_n4000_r5_m4000
    threads: 2
    resources: tmpdir=/tmp

[Wed Sep  2 01:44:50 2026]
Finished job 1118.
821 of 1923 steps (43%) done
Select jobs to execute...
Execute 1 jobs...

[Wed Sep  2 01:44:50 2026]
localrule run_cell:
    output: results/bias_sensitivity/raw/dp0.55_k0.3_n10000_r5_m4000.rds
    log: logs/bias_sensitivity/run_dp0.55_k0.3_n10000_r5_m4000.log
    jobid: 921
    reason: Missing output files: results/bias_sensitivity/raw/dp0.55_k0.3_n10000_r5_m4000.rds
    wildcards: cell=dp0.55_k0.3_n10000_r5_m4000
    threads: 2
    resources: tmpdir=/tmp

[Wed Sep  2 01:44:53 2026]
Finished job 1598.
822 of 1923 steps (43%) done
Select jobs to execute...
Execute 1 jobs...

[Wed Sep  2 01:44:53 2026]
localrule run_cell:
    output: results/bias_sensitivity/raw/dp0.5_k0.3_n4000_r5_m4000.rds
    log: logs/bias_sensitivity/run_dp0.5_k0.3_n4000_r5_m4000.log
    jobid: 1041
    reason: Missing output files: results/bias_sensitivity/raw/dp0.5_k0.3_n4000_r5_m4000.rds
    wildcards: cell=dp0.5_k0.3_n4000_r5_m4000
    threads: 2
    resources: tmpdir=/tmp

[Wed Sep  2 01:45:15 2026]
Finished job 1580.
823 of 1923 steps (43%) done
Select jobs to execute...
Execute 1 jobs...

[Wed Sep  2 01:45:15 2026]
localrule run_cell:
    output: results/bias_sensitivity/raw/dp0.65_k-0.3_n8000_r15_m4000.rds
    log: logs/bias_sensitivity/run_dp0.65_k-0.3_n8000_r15_m4000.log
    jobid: 1101
    reason: Missing output files: results/bias_sensitivity/raw/dp0.65_k-0.3_n8000_r15_m4000.rds
    wildcards: cell=dp0.65_k-0.3_n8000_r15_m4000
    threads: 2
    resources: tmpdir=/tmp

[Wed Sep  2 01:45:51 2026]
Finished job 765.
824 of 1923 steps (43%) done
Select jobs to execute...
Execute 1 jobs...

[Wed Sep  2 01:45:51 2026]
localrule run_cell:
    output: results/bias_sensitivity/raw/dp0.75_k0.3_n8000_r15_m4000.rds
    log: logs/bias_sensitivity/run_dp0.75_k0.3_n8000_r15_m4000.log
    jobid: 1341
    reason: Missing output files: results/bias_sensitivity/raw/dp0.75_k0.3_n8000_r15_m4000.rds
    wildcards: cell=dp0.75_k0.3_n8000_r15_m4000
    threads: 2
    resources: tmpdir=/tmp

[Wed Sep  2 01:46:05 2026]
Finished job 516.
825 of 1923 steps (43%) done
Select jobs to execute...
Execute 1 jobs...

[Wed Sep  2 01:46:05 2026]
localrule run_cell:
    output: results/bias_sensitivity/raw/dp0.7_k0.3_n10000_r5_m4000.rds
    log: logs/bias_sensitivity/run_dp0.7_k0.3_n10000_r5_m4000.log
    jobid: 1401
    reason: Missing output files: results/bias_sensitivity/raw/dp0.7_k0.3_n10000_r5_m4000.rds
    wildcards: cell=dp0.7_k0.3_n10000_r5_m4000
    threads: 2
    resources: tmpdir=/tmp

[Wed Sep  2 01:46:15 2026]
Finished job 1441.
826 of 1923 steps (43%) done
Select jobs to execute...
Execute 1 jobs...

[Wed Sep  2 01:46:15 2026]
localrule run_cell:
    output: results/bias_sensitivity/raw/dp0.85_k0.3_n4000_r5_m4000.rds
    log: logs/bias_sensitivity/run_dp0.85_k0.3_n4000_r5_m4000.log
    jobid: 1521
    reason: Missing output files: results/bias_sensitivity/raw/dp0.85_k0.3_n4000_r5_m4000.rds
    wildcards: cell=dp0.85_k0.3_n4000_r5_m4000
    threads: 2
    resources: tmpdir=/tmp

[Wed Sep  2 01:46:25 2026]
Finished job 766.
827 of 1923 steps (43%) done
Select jobs to execute...
Execute 1 jobs...

[Wed Sep  2 01:46:25 2026]
localrule run_cell:
    output: results/bias_sensitivity/raw/dp0.4_k0.3_n8000_r15_m4000.rds
    log: logs/bias_sensitivity/run_dp0.4_k0.3_n8000_r15_m4000.log
    jobid: 861
    reason: Missing output files: results/bias_sensitivity/raw/dp0.4_k0.3_n8000_r15_m4000.rds
    wildcards: cell=dp0.4_k0.3_n8000_r15_m4000
    threads: 2
    resources: tmpdir=/tmp

[Wed Sep  2 01:46:31 2026]
Finished job 1358.
828 of 1923 steps (43%) done
Select jobs to execute...
Execute 1 jobs...

[Wed Sep  2 01:46:31 2026]
localrule run_cell:
    output: results/bias_sensitivity/raw/dp0.5_k-0.3_n2000_r15_m4000.rds
    log: logs/bias_sensitivity/run_dp0.5_k-0.3_n2000_r15_m4000.log
    jobid: 981
    reason: Missing output files: results/bias_sensitivity/raw/dp0.5_k-0.3_n2000_r15_m4000.rds
    wildcards: cell=dp0.5_k-0.3_n2000_r15_m4000
    threads: 2
    resources: tmpdir=/tmp

[Wed Sep  2 01:47:17 2026]
Finished job 1716.
829 of 1923 steps (43%) done
Select jobs to execute...
Execute 1 jobs...

[Wed Sep  2 01:47:17 2026]
localrule run_cell:
    output: results/bias_sensitivity/raw/dp0.6_k-0.3_n10000_r5_m4000.rds
    log: logs/bias_sensitivity/run_dp0.6_k-0.3_n10000_r5_m4000.log
    jobid: 1161
    reason: Missing output files: results/bias_sensitivity/raw/dp0.6_k-0.3_n10000_r5_m4000.rds
    wildcards: cell=dp0.6_k-0.3_n10000_r5_m4000
    threads: 2
    resources: tmpdir=/tmp

[Wed Sep  2 01:47:26 2026]
Finished job 1855.
830 of 1923 steps (43%) done
Select jobs to execute...
Execute 1 jobs...

[Wed Sep  2 01:47:26 2026]
localrule run_cell:
    output: results/bias_sensitivity/raw/dp0.75_k-0.3_n4000_r5_m4000.rds
    log: logs/bias_sensitivity/run_dp0.75_k-0.3_n4000_r5_m4000.log
    jobid: 1281
    reason: Missing output files: results/bias_sensitivity/raw/dp0.75_k-0.3_n4000_r5_m4000.rds
    wildcards: cell=dp0.75_k-0.3_n4000_r5_m4000
    threads: 2
    resources: tmpdir=/tmp

[Wed Sep  2 01:47:37 2026]
Finished job 45.
831 of 1923 steps (43%) done
Select jobs to execute...
Execute 1 jobs...

[Wed Sep  2 01:47:37 2026]
localrule run_cell:
    output: results/bias_sensitivity/raw/dp0.8_k-0.3_n8000_r15_m4000.rds
    log: logs/bias_sensitivity/run_dp0.8_k-0.3_n8000_r15_m4000.log
    jobid: 1581
    reason: Missing output files: results/bias_sensitivity/raw/dp0.8_k-0.3_n8000_r15_m4000.rds
    wildcards: cell=dp0.8_k-0.3_n8000_r15_m4000
    threads: 2
    resources: tmpdir=/tmp

[Wed Sep  2 01:47:54 2026]
Finished job 1327.
832 of 1923 steps (43%) done
Select jobs to execute...
Execute 1 jobs...

[Wed Sep  2 01:47:54 2026]
localrule run_cell:
    output: results/bias_sensitivity/raw/dp0.9_k0.3_n8000_r15_m4000.rds
    log: logs/bias_sensitivity/run_dp0.9_k0.3_n8000_r15_m4000.log
    jobid: 1821
    reason: Missing output files: results/bias_sensitivity/raw/dp0.9_k0.3_n8000_r15_m4000.rds
    wildcards: cell=dp0.9_k0.3_n8000_r15_m4000
    threads: 2
    resources: tmpdir=/tmp

[Wed Sep  2 01:48:36 2026]
Finished job 218.
833 of 1923 steps (43%) done
Select jobs to execute...
Execute 1 jobs...

[Wed Sep  2 01:48:36 2026]
localrule run_cell:
    output: results/bias_sensitivity/raw/dp0.8_k-0.3_n4000_r20_m4000.rds
    log: logs/bias_sensitivity/run_dp0.8_k-0.3_n4000_r20_m4000.log
    jobid: 1567
    reason: Missing output files: results/bias_sensitivity/raw/dp0.8_k-0.3_n4000_r20_m4000.rds
    wildcards: cell=dp0.8_k-0.3_n4000_r20_m4000
    threads: 2
    resources: tmpdir=/tmp

[Wed Sep  2 01:49:02 2026]
Finished job 1898.
834 of 1923 steps (43%) done
Select jobs to execute...
Execute 1 jobs...

[Wed Sep  2 01:49:02 2026]
localrule run_cell:
    output: results/bias_sensitivity/raw/dp0.15_k0.3_n6000_r5_m2000.rds
    log: logs/bias_sensitivity/run_dp0.15_k0.3_n6000_r5_m2000.log
    jobid: 184
    reason: Missing output files: results/bias_sensitivity/raw/dp0.15_k0.3_n6000_r5_m2000.rds
    wildcards: cell=dp0.15_k0.3_n6000_r5_m2000
    threads: 2
    resources: tmpdir=/tmp

[Wed Sep  2 01:49:46 2026]
Finished job 1863.
835 of 1923 steps (43%) done
Select jobs to execute...
Execute 1 jobs...

[Wed Sep  2 01:49:46 2026]
localrule run_cell:
    output: results/bias_sensitivity/raw/dp0.35_k0.3_n1000_r5_m2000.rds
    log: logs/bias_sensitivity/run_dp0.35_k0.3_n1000_r5_m2000.log
    jobid: 544
    reason: Missing output files: results/bias_sensitivity/raw/dp0.35_k0.3_n1000_r5_m2000.rds
    wildcards: cell=dp0.35_k0.3_n1000_r5_m2000
    threads: 2
    resources: tmpdir=/tmp

[Wed Sep  2 01:50:34 2026]
Finished job 741.
836 of 1923 steps (43%) done
Select jobs to execute...
Execute 1 jobs...

[Wed Sep  2 01:50:34 2026]
localrule run_cell:
    output: results/bias_sensitivity/raw/dp0.65_k0.3_n6000_r5_m2000.rds
    log: logs/bias_sensitivity/run_dp0.65_k0.3_n6000_r5_m2000.log
    jobid: 1144
    reason: Missing output files: results/bias_sensitivity/raw/dp0.65_k0.3_n6000_r5_m2000.rds
    wildcards: cell=dp0.65_k0.3_n6000_r5_m2000
    threads: 2
    resources: tmpdir=/tmp

[Wed Sep  2 01:50:54 2026]
Finished job 261.
837 of 1923 steps (44%) done
Select jobs to execute...
Execute 1 jobs...

[Wed Sep  2 01:50:54 2026]
localrule run_cell:
    output: results/bias_sensitivity/raw/dp0.75_k-0.3_n1000_r5_m2000.rds
    log: logs/bias_sensitivity/run_dp0.75_k-0.3_n1000_r5_m2000.log
    jobid: 1264
    reason: Missing output files: results/bias_sensitivity/raw/dp0.75_k-0.3_n1000_r5_m2000.rds
    wildcards: cell=dp0.75_k-0.3_n1000_r5_m2000
    threads: 2
    resources: tmpdir=/tmp

[Wed Sep  2 01:50:59 2026]
Finished job 286.
838 of 1923 steps (44%) done
Select jobs to execute...
Execute 1 jobs...

[Wed Sep  2 01:50:59 2026]
localrule run_cell:
    output: results/bias_sensitivity/raw/dp1_k-0.3_n6000_r5_m2000.rds
    log: logs/bias_sensitivity/run_dp1_k-0.3_n6000_r5_m2000.log
    jobid: 1864
    reason: Missing output files: results/bias_sensitivity/raw/dp1_k-0.3_n6000_r5_m2000.rds
    wildcards: cell=dp1_k-0.3_n6000_r5_m2000
    threads: 2
    resources: tmpdir=/tmp

[Wed Sep  2 01:51:05 2026]
Finished job 1820.
839 of 1923 steps (44%) done
Select jobs to execute...
Execute 1 jobs...

[Wed Sep  2 01:51:05 2026]
localrule run_cell:
    output: results/bias_sensitivity/raw/dp0.2_k-0.3_n6000_r5_m2000.rds
    log: logs/bias_sensitivity/run_dp0.2_k-0.3_n6000_r5_m2000.log
    jobid: 424
    reason: Missing output files: results/bias_sensitivity/raw/dp0.2_k-0.3_n6000_r5_m2000.rds
    wildcards: cell=dp0.2_k-0.3_n6000_r5_m2000
    threads: 2
    resources: tmpdir=/tmp

[Wed Sep  2 01:51:18 2026]
Finished job 938.
840 of 1923 steps (44%) done
Select jobs to execute...
Execute 1 jobs...

[Wed Sep  2 01:51:18 2026]
localrule run_cell:
    output: results/bias_sensitivity/raw/dp0.4_k-0.3_n1000_r5_m2000.rds
    log: logs/bias_sensitivity/run_dp0.4_k-0.3_n1000_r5_m2000.log
    jobid: 784
    reason: Missing output files: results/bias_sensitivity/raw/dp0.4_k-0.3_n1000_r5_m2000.rds
    wildcards: cell=dp0.4_k-0.3_n1000_r5_m2000
    threads: 2
    resources: tmpdir=/tmp

[Wed Sep  2 01:51:24 2026]
Finished job 285.
841 of 1923 steps (44%) done
Select jobs to execute...
Execute 1 jobs...

[Wed Sep  2 01:51:24 2026]
localrule run_cell:
    output: results/bias_sensitivity/raw/dp0.55_k-0.3_n6000_r5_m2000.rds
    log: logs/bias_sensitivity/run_dp0.55_k-0.3_n6000_r5_m2000.log
    jobid: 904
    reason: Missing output files: results/bias_sensitivity/raw/dp0.55_k-0.3_n6000_r5_m2000.rds
    wildcards: cell=dp0.55_k-0.3_n6000_r5_m2000
    threads: 2
    resources: tmpdir=/tmp

[Wed Sep  2 01:51:53 2026]
Finished job 1639.
842 of 1923 steps (44%) done
Select jobs to execute...
Execute 1 jobs...

[Wed Sep  2 01:51:53 2026]
localrule run_cell:
    output: results/bias_sensitivity/raw/dp0.5_k-0.3_n10000_r15_m2000.rds
    log: logs/bias_sensitivity/run_dp0.5_k-0.3_n10000_r15_m2000.log
    jobid: 964
    reason: Missing output files: results/bias_sensitivity/raw/dp0.5_k-0.3_n10000_r15_m2000.rds
    wildcards: cell=dp0.5_k-0.3_n10000_r15_m2000
    threads: 2
    resources: tmpdir=/tmp

[Wed Sep  2 01:52:32 2026]
Finished job 1100.
843 of 1923 steps (44%) done
Select jobs to execute...
Execute 1 jobs...

[Wed Sep  2 01:52:32 2026]
localrule run_cell:
    output: results/bias_sensitivity/raw/dp0.5_k0.3_n1000_r5_m2000.rds
    log: logs/bias_sensitivity/run_dp0.5_k0.3_n1000_r5_m2000.log
    jobid: 1024
    reason: Missing output files: results/bias_sensitivity/raw/dp0.5_k0.3_n1000_r5_m2000.rds
    wildcards: cell=dp0.5_k0.3_n1000_r5_m2000
    threads: 2
    resources: tmpdir=/tmp

[Wed Sep  2 01:52:36 2026]
Finished job 88.
844 of 1923 steps (44%) done
Select jobs to execute...
Execute 1 jobs...

[Wed Sep  2 01:52:36 2026]
localrule run_cell:
    output: results/bias_sensitivity/raw/dp0.85_k0.3_n1000_r5_m2000.rds
    log: logs/bias_sensitivity/run_dp0.85_k0.3_n1000_r5_m2000.log
    jobid: 1504
    reason: Missing output files: results/bias_sensitivity/raw/dp0.85_k0.3_n1000_r5_m2000.rds
    wildcards: cell=dp0.85_k0.3_n1000_r5_m2000
    threads: 2
    resources: tmpdir=/tmp

[Wed Sep  2 01:52:39 2026]
Finished job 1202.
845 of 1923 steps (44%) done
Select jobs to execute...
Execute 1 jobs...

[Wed Sep  2 01:52:39 2026]
localrule run_cell:
    output: results/bias_sensitivity/raw/dp0.8_k-0.3_n4000_r15_m2000.rds
    log: logs/bias_sensitivity/run_dp0.8_k-0.3_n4000_r15_m2000.log
    jobid: 1564
    reason: Missing output files: results/bias_sensitivity/raw/dp0.8_k-0.3_n4000_r15_m2000.rds
    wildcards: cell=dp0.8_k-0.3_n4000_r15_m2000
    threads: 2
    resources: tmpdir=/tmp

[Wed Sep  2 01:52:51 2026]
Finished job 1658.
846 of 1923 steps (44%) done
Select jobs to execute...
Execute 1 jobs...

[Wed Sep  2 01:52:51 2026]
localrule run_cell:
    output: results/bias_sensitivity/raw/dp0.55_k0.3_n4000_r15_m4000.rds
    log: logs/bias_sensitivity/run_dp0.55_k0.3_n4000_r15_m4000.log
    jobid: 941
    reason: Missing output files: results/bias_sensitivity/raw/dp0.55_k0.3_n4000_r15_m4000.rds
    wildcards: cell=dp0.55_k0.3_n4000_r15_m4000
    threads: 2
    resources: tmpdir=/tmp

[Wed Sep  2 01:52:58 2026]
Finished job 544.
847 of 1923 steps (44%) done
Select jobs to execute...
Execute 1 jobs...

[Wed Sep  2 01:52:58 2026]
localrule run_cell:
    output: results/bias_sensitivity/raw/dp0.95_k-0.3_n1000_r20_m2000.rds
    log: logs/bias_sensitivity/run_dp0.95_k-0.3_n1000_r20_m2000.log
    jobid: 1646
    reason: Missing output files: results/bias_sensitivity/raw/dp0.95_k-0.3_n1000_r20_m2000.rds
    wildcards: cell=dp0.95_k-0.3_n1000_r20_m2000
    threads: 2
    resources: tmpdir=/tmp

[Wed Sep  2 01:53:02 2026]
Finished job 1718.
848 of 1923 steps (44%) done
Select jobs to execute...
Execute 1 jobs...

[Wed Sep  2 01:53:02 2026]
localrule run_cell:
    output: results/bias_sensitivity/raw/dp0.8_k0.3_n2000_r15_m2000.rds
    log: logs/bias_sensitivity/run_dp0.8_k0.3_n2000_r15_m2000.log
    jobid: 1604
    reason: Missing output files: results/bias_sensitivity/raw/dp0.8_k0.3_n2000_r15_m2000.rds
    wildcards: cell=dp0.8_k0.3_n2000_r15_m2000
    threads: 2
    resources: tmpdir=/tmp

[Wed Sep  2 01:53:16 2026]
Finished job 561.
849 of 1923 steps (44%) done
Select jobs to execute...
Execute 1 jobs...

[Wed Sep  2 01:53:16 2026]
localrule run_cell:
    output: results/bias_sensitivity/raw/dp1_k0.3_n10000_r20_m4000.rds
    log: logs/bias_sensitivity/run_dp1_k0.3_n10000_r20_m4000.log
    jobid: 1879
    reason: Missing output files: results/bias_sensitivity/raw/dp1_k0.3_n10000_r20_m4000.rds
    wildcards: cell=dp1_k0.3_n10000_r20_m4000
    threads: 2
    resources: tmpdir=/tmp

[Wed Sep  2 01:53:17 2026]
Finished job 226.
850 of 1923 steps (44%) done
Select jobs to execute...
Execute 1 jobs...

[Wed Sep  2 01:53:17 2026]
localrule run_cell:
    output: results/bias_sensitivity/raw/dp0.8_k0.3_n6000_r5_m2000.rds
    log: logs/bias_sensitivity/run_dp0.8_k0.3_n6000_r5_m2000.log
    jobid: 1624
    reason: Missing output files: results/bias_sensitivity/raw/dp0.8_k0.3_n6000_r5_m2000.rds
    wildcards: cell=dp0.8_k0.3_n6000_r5_m2000
    threads: 2
    resources: tmpdir=/tmp

[Wed Sep  2 01:53:41 2026]
Finished job 329.
851 of 1923 steps (44%) done
Select jobs to execute...
Execute 1 jobs...

[Wed Sep  2 01:53:41 2026]
localrule run_cell:
    output: results/bias_sensitivity/raw/dp0.55_k0.3_n2000_r10_m4000.rds
    log: logs/bias_sensitivity/run_dp0.55_k0.3_n2000_r10_m4000.log
    jobid: 931
    reason: Missing output files: results/bias_sensitivity/raw/dp0.55_k0.3_n2000_r10_m4000.rds
    wildcards: cell=dp0.55_k0.3_n2000_r10_m4000
    threads: 2
    resources: tmpdir=/tmp

[Wed Sep  2 01:53:53 2026]
Finished job 1041.
852 of 1923 steps (44%) done
Select jobs to execute...
Execute 1 jobs...

[Wed Sep  2 01:53:53 2026]
localrule run_cell:
    output: results/bias_sensitivity/raw/dp1_k-0.3_n2000_r5_m4000.rds
    log: logs/bias_sensitivity/run_dp1_k-0.3_n2000_r5_m4000.log
    jobid: 1849
    reason: Missing output files: results/bias_sensitivity/raw/dp1_k-0.3_n2000_r5_m4000.rds
    wildcards: cell=dp1_k-0.3_n2000_r5_m4000
    threads: 2
    resources: tmpdir=/tmp

[Wed Sep  2 01:54:12 2026]
Finished job 1264.
853 of 1923 steps (44%) done
Select jobs to execute...
Execute 1 jobs...

[Wed Sep  2 01:54:12 2026]
localrule run_cell:
    output: results/bias_sensitivity/raw/dp0.05_k-0.3_n8000_r20_m4000.rds
    log: logs/bias_sensitivity/run_dp0.05_k-0.3_n8000_r20_m4000.log
    jobid: 47
    reason: Missing output files: results/bias_sensitivity/raw/dp0.05_k-0.3_n8000_r20_m4000.rds
    wildcards: cell=dp0.05_k-0.3_n8000_r20_m4000
    threads: 2
    resources: tmpdir=/tmp

[Wed Sep  2 01:54:15 2026]
Finished job 1055.
854 of 1923 steps (44%) done
Select jobs to execute...
Execute 1 jobs...

[Wed Sep  2 01:54:15 2026]
localrule run_cell:
    output: results/bias_sensitivity/raw/dp0.15_k-0.3_n1000_r10_m4000.rds
    log: logs/bias_sensitivity/run_dp0.15_k-0.3_n1000_r10_m4000.log
    jobid: 107
    reason: Missing output files: results/bias_sensitivity/raw/dp0.15_k-0.3_n1000_r10_m4000.rds
    wildcards: cell=dp0.15_k-0.3_n1000_r10_m4000
    threads: 2
    resources: tmpdir=/tmp

[Wed Sep  2 01:54:28 2026]
Finished job 784.
855 of 1923 steps (44%) done
Select jobs to execute...
Execute 1 jobs...

[Wed Sep  2 01:54:28 2026]
localrule run_cell:
    output: results/bias_sensitivity/raw/dp0.15_k0.3_n2000_r20_m4000.rds
    log: logs/bias_sensitivity/run_dp0.15_k0.3_n2000_r20_m4000.log
    jobid: 167
    reason: Missing output files: results/bias_sensitivity/raw/dp0.15_k0.3_n2000_r20_m4000.rds
    wildcards: cell=dp0.15_k0.3_n2000_r20_m4000
    threads: 2
    resources: tmpdir=/tmp

[Wed Sep  2 01:54:29 2026]
Finished job 726.
856 of 1923 steps (45%) done
Select jobs to execute...
Execute 1 jobs...

[Wed Sep  2 01:54:29 2026]
localrule run_cell:
    output: results/bias_sensitivity/raw/dp0.1_k-0.3_n6000_r10_m4000.rds
    log: logs/bias_sensitivity/run_dp0.1_k-0.3_n6000_r10_m4000.log
    jobid: 227
    reason: Missing output files: results/bias_sensitivity/raw/dp0.1_k-0.3_n6000_r10_m4000.rds
    wildcards: cell=dp0.1_k-0.3_n6000_r10_m4000
    threads: 2
    resources: tmpdir=/tmp

[Wed Sep  2 01:54:59 2026]
Finished job 801.
857 of 1923 steps (45%) done
Select jobs to execute...
Execute 1 jobs...

[Wed Sep  2 01:54:59 2026]
localrule run_cell:
    output: results/bias_sensitivity/raw/dp0.1_k0.3_n8000_r20_m4000.rds
    log: logs/bias_sensitivity/run_dp0.1_k0.3_n8000_r20_m4000.log
    jobid: 287
    reason: Missing output files: results/bias_sensitivity/raw/dp0.1_k0.3_n8000_r20_m4000.rds
    wildcards: cell=dp0.1_k0.3_n8000_r20_m4000
    threads: 2
    resources: tmpdir=/tmp

[Wed Sep  2 01:55:01 2026]
Finished job 1823.
858 of 1923 steps (45%) done
Select jobs to execute...
Execute 1 jobs...

[Wed Sep  2 01:55:01 2026]
localrule run_cell:
    output: results/bias_sensitivity/raw/dp0.25_k0.3_n1000_r10_m4000.rds
    log: logs/bias_sensitivity/run_dp0.25_k0.3_n1000_r10_m4000.log
    jobid: 347
    reason: Missing output files: results/bias_sensitivity/raw/dp0.25_k0.3_n1000_r10_m4000.rds
    wildcards: cell=dp0.25_k0.3_n1000_r10_m4000
    threads: 2
    resources: tmpdir=/tmp

[Wed Sep  2 01:55:32 2026]
Finished job 981.
859 of 1923 steps (45%) done
Select jobs to execute...
Execute 1 jobs...

[Wed Sep  2 01:55:32 2026]
localrule run_cell:
    output: results/bias_sensitivity/raw/dp0.2_k0.3_n6000_r10_m4000.rds
    log: logs/bias_sensitivity/run_dp0.2_k0.3_n6000_r10_m4000.log
    jobid: 467
    reason: Missing output files: results/bias_sensitivity/raw/dp0.2_k0.3_n6000_r10_m4000.rds
    wildcards: cell=dp0.2_k0.3_n6000_r10_m4000
    threads: 2
    resources: tmpdir=/tmp

[Wed Sep  2 01:55:35 2026]
Finished job 1024.
860 of 1923 steps (45%) done
Select jobs to execute...
Execute 1 jobs...

[Wed Sep  2 01:55:35 2026]
localrule run_cell:
    output: results/bias_sensitivity/raw/dp0.45_k-0.3_n6000_r10_m4000.rds
    log: logs/bias_sensitivity/run_dp0.45_k-0.3_n6000_r10_m4000.log
    jobid: 707
    reason: Missing output files: results/bias_sensitivity/raw/dp0.45_k-0.3_n6000_r10_m4000.rds
    wildcards: cell=dp0.45_k-0.3_n6000_r10_m4000
    threads: 2
    resources: tmpdir=/tmp

[Wed Sep  2 01:55:44 2026]
Finished job 1340.
861 of 1923 steps (45%) done
Select jobs to execute...
Execute 1 jobs...

[Wed Sep  2 01:55:44 2026]
localrule run_cell:
    output: results/bias_sensitivity/raw/dp0.45_k0.3_n8000_r20_m4000.rds
    log: logs/bias_sensitivity/run_dp0.45_k0.3_n8000_r20_m4000.log
    jobid: 767
    reason: Missing output files: results/bias_sensitivity/raw/dp0.45_k0.3_n8000_r20_m4000.rds
    wildcards: cell=dp0.45_k0.3_n8000_r20_m4000
    threads: 2
    resources: tmpdir=/tmp

[Wed Sep  2 01:55:56 2026]
Finished job 1504.
862 of 1923 steps (45%) done
Select jobs to execute...
Execute 1 jobs...

[Wed Sep  2 01:55:56 2026]
localrule run_cell:
    output: results/bias_sensitivity/raw/dp1_k0.3_n6000_r10_m4000.rds
    log: logs/bias_sensitivity/run_dp1_k0.3_n6000_r10_m4000.log
    jobid: 1907
    reason: Missing output files: results/bias_sensitivity/raw/dp1_k0.3_n6000_r10_m4000.rds
    wildcards: cell=dp1_k0.3_n6000_r10_m4000
    threads: 2
    resources: tmpdir=/tmp

[Wed Sep  2 01:56:13 2026]
Finished job 1646.
863 of 1923 steps (45%) done
Select jobs to execute...
Execute 1 jobs...

[Wed Sep  2 01:56:13 2026]
localrule run_cell:
    output: results/bias_sensitivity/raw/dp0.85_k0.3_n1000_r15_m2000.rds
    log: logs/bias_sensitivity/run_dp0.85_k0.3_n1000_r15_m2000.log
    jobid: 1500
    reason: Missing output files: results/bias_sensitivity/raw/dp0.85_k0.3_n1000_r15_m2000.rds
    wildcards: cell=dp0.85_k0.3_n1000_r15_m2000
    threads: 2
    resources: tmpdir=/tmp

[Wed Sep  2 01:56:19 2026]
Finished job 1384.
864 of 1923 steps (45%) done
Select jobs to execute...
Execute 1 jobs...

[Wed Sep  2 01:56:19 2026]
localrule run_cell:
    output: results/bias_sensitivity/raw/dp0.05_k-0.3_n4000_r20_m2000.rds
    log: logs/bias_sensitivity/run_dp0.05_k-0.3_n4000_r20_m2000.log
    jobid: 30
    reason: Missing output files: results/bias_sensitivity/raw/dp0.05_k-0.3_n4000_r20_m2000.rds
    wildcards: cell=dp0.05_k-0.3_n4000_r20_m2000
    threads: 2
    resources: tmpdir=/tmp

[Wed Sep  2 01:56:20 2026]
Finished job 1521.
865 of 1923 steps (45%) done
Select jobs to execute...
Execute 1 jobs...

[Wed Sep  2 01:56:20 2026]
localrule run_cell:
    output: results/bias_sensitivity/raw/dp0.05_k0.3_n8000_r10_m2000.rds
    log: logs/bias_sensitivity/run_dp0.05_k0.3_n8000_r10_m2000.log
    jobid: 90
    reason: Missing output files: results/bias_sensitivity/raw/dp0.05_k0.3_n8000_r10_m2000.rds
    wildcards: cell=dp0.05_k0.3_n8000_r10_m2000
    threads: 2
    resources: tmpdir=/tmp

[Wed Sep  2 01:56:31 2026]
Finished job 1400.
866 of 1923 steps (45%) done
Select jobs to execute...
Execute 1 jobs...

[Wed Sep  2 01:56:31 2026]
localrule run_cell:
    output: results/bias_sensitivity/raw/dp0.1_k-0.3_n2000_r10_m2000.rds
    log: logs/bias_sensitivity/run_dp0.1_k-0.3_n2000_r10_m2000.log
    jobid: 210
    reason: Missing output files: results/bias_sensitivity/raw/dp0.1_k-0.3_n2000_r10_m2000.rds
    wildcards: cell=dp0.1_k-0.3_n2000_r10_m2000
    threads: 2
    resources: tmpdir=/tmp

[Wed Sep  2 01:56:34 2026]
Finished job 1298.
867 of 1923 steps (45%) done
Select jobs to execute...
Execute 1 jobs...

[Wed Sep  2 01:56:34 2026]
localrule run_cell:
    output: results/bias_sensitivity/raw/dp0.25_k-0.3_n8000_r10_m2000.rds
    log: logs/bias_sensitivity/run_dp0.25_k-0.3_n8000_r10_m2000.log
    jobid: 330
    reason: Missing output files: results/bias_sensitivity/raw/dp0.25_k-0.3_n8000_r10_m2000.rds
    wildcards: cell=dp0.25_k-0.3_n8000_r10_m2000
    threads: 2
    resources: tmpdir=/tmp

[Wed Sep  2 01:57:26 2026]
Finished job 107.
868 of 1923 steps (45%) done
Select jobs to execute...
Execute 1 jobs...

[Wed Sep  2 01:57:26 2026]
localrule run_cell:
    output: results/bias_sensitivity/raw/dp0.2_k0.3_n2000_r10_m2000.rds
    log: logs/bias_sensitivity/run_dp0.2_k0.3_n2000_r10_m2000.log
    jobid: 450
    reason: Missing output files: results/bias_sensitivity/raw/dp0.2_k0.3_n2000_r10_m2000.rds
    wildcards: cell=dp0.2_k0.3_n2000_r10_m2000
    threads: 2
    resources: tmpdir=/tmp

[Wed Sep  2 01:57:46 2026]
Finished job 1538.
869 of 1923 steps (45%) done
Select jobs to execute...
Execute 1 jobs...

[Wed Sep  2 01:57:46 2026]
localrule run_cell:
    output: results/bias_sensitivity/raw/dp0.5_k0.3_n1000_r5_m4000.rds
    log: logs/bias_sensitivity/run_dp0.5_k0.3_n1000_r5_m4000.log
    jobid: 1025
    reason: Missing output files: results/bias_sensitivity/raw/dp0.5_k0.3_n1000_r5_m4000.rds
    wildcards: cell=dp0.5_k0.3_n1000_r5_m4000
    threads: 2
    resources: tmpdir=/tmp

[Wed Sep  2 01:58:01 2026]
Finished job 347.
870 of 1923 steps (45%) done
Select jobs to execute...
Execute 1 jobs...

[Wed Sep  2 01:58:01 2026]
localrule run_cell:
    output: results/bias_sensitivity/raw/dp0.85_k0.3_n1000_r5_m4000.rds
    log: logs/bias_sensitivity/run_dp0.85_k0.3_n1000_r5_m4000.log
    jobid: 1505
    reason: Missing output files: results/bias_sensitivity/raw/dp0.85_k0.3_n1000_r5_m4000.rds
    wildcards: cell=dp0.85_k0.3_n1000_r5_m4000
    threads: 2
    resources: tmpdir=/tmp

[Wed Sep  2 01:58:07 2026]
Finished job 1281.
871 of 1923 steps (45%) done
Select jobs to execute...
Execute 1 jobs...

[Wed Sep  2 01:58:07 2026]
localrule run_cell:
    output: results/bias_sensitivity/raw/dp0.5_k-0.3_n2000_r20_m4000.rds
    log: logs/bias_sensitivity/run_dp0.5_k-0.3_n2000_r20_m4000.log
    jobid: 983
    reason: Missing output files: results/bias_sensitivity/raw/dp0.5_k-0.3_n2000_r20_m4000.rds
    wildcards: cell=dp0.5_k-0.3_n2000_r20_m4000
    threads: 2
    resources: tmpdir=/tmp

[Wed Sep  2 01:59:33 2026]
Finished job 1567.
872 of 1923 steps (45%) done
Select jobs to execute...
Execute 1 jobs...

[Wed Sep  2 01:59:33 2026]
localrule run_cell:
    output: results/bias_sensitivity/raw/dp1_k-0.3_n4000_r5_m2000.rds
    log: logs/bias_sensitivity/run_dp1_k-0.3_n4000_r5_m2000.log
    jobid: 1856
    reason: Missing output files: results/bias_sensitivity/raw/dp1_k-0.3_n4000_r5_m2000.rds
    wildcards: cell=dp1_k-0.3_n4000_r5_m2000
    threads: 2
    resources: tmpdir=/tmp

[Wed Sep  2 01:59:35 2026]
Finished job 1500.
873 of 1923 steps (45%) done
Select jobs to execute...
Execute 1 jobs...

[Wed Sep  2 01:59:35 2026]
localrule run_cell:
    output: results/bias_sensitivity/raw/dp1_k0.3_n8000_r15_m2000.rds
    log: logs/bias_sensitivity/run_dp1_k0.3_n8000_r15_m2000.log
    jobid: 1916
    reason: Missing output files: results/bias_sensitivity/raw/dp1_k0.3_n8000_r15_m2000.rds
    wildcards: cell=dp1_k0.3_n8000_r15_m2000
    threads: 2
    resources: tmpdir=/tmp

[Wed Sep  2 01:59:57 2026]
Finished job 1604.
874 of 1923 steps (45%) done
Select jobs to execute...
Execute 1 jobs...

[Wed Sep  2 01:59:57 2026]
localrule run_cell:
    output: results/bias_sensitivity/raw/dp0.9_k0.3_n2000_r15_m2000.rds
    log: logs/bias_sensitivity/run_dp0.9_k0.3_n2000_r15_m2000.log
    jobid: 1796
    reason: Missing output files: results/bias_sensitivity/raw/dp0.9_k0.3_n2000_r15_m2000.rds
    wildcards: cell=dp0.9_k0.3_n2000_r15_m2000
    threads: 2
    resources: tmpdir=/tmp

[Wed Sep  2 02:00:03 2026]
Finished job 423.
875 of 1923 steps (46%) done
Select jobs to execute...
Execute 1 jobs...

[Wed Sep  2 02:00:03 2026]
localrule run_cell:
    output: results/bias_sensitivity/raw/dp0.6_k-0.3_n1000_r20_m2000.rds
    log: logs/bias_sensitivity/run_dp0.6_k-0.3_n1000_r20_m2000.log
    jobid: 1166
    reason: Missing output files: results/bias_sensitivity/raw/dp0.6_k-0.3_n1000_r20_m2000.rds
    wildcards: cell=dp0.6_k-0.3_n1000_r20_m2000
    threads: 2
    resources: tmpdir=/tmp

[Wed Sep  2 02:00:08 2026]
Finished job 345.
876 of 1923 steps (46%) done
Select jobs to execute...
Execute 1 jobs...

[Wed Sep  2 02:00:08 2026]
localrule run_cell:
    output: results/bias_sensitivity/raw/dp1_k0.3_n4000_r10_m4000.rds
    log: logs/bias_sensitivity/run_dp1_k0.3_n4000_r10_m4000.log
    jobid: 1899
    reason: Missing output files: results/bias_sensitivity/raw/dp1_k0.3_n4000_r10_m4000.rds
    wildcards: cell=dp1_k0.3_n4000_r10_m4000
    threads: 2
    resources: tmpdir=/tmp

[Wed Sep  2 02:00:43 2026]
Finished job 167.
877 of 1923 steps (46%) done
Select jobs to execute...
Execute 1 jobs...

[Wed Sep  2 02:00:43 2026]
localrule run_cell:
    output: results/bias_sensitivity/raw/dp0.1_k-0.3_n4000_r10_m4000.rds
    log: logs/bias_sensitivity/run_dp0.1_k-0.3_n4000_r10_m4000.log
    jobid: 219
    reason: Missing output files: results/bias_sensitivity/raw/dp0.1_k-0.3_n4000_r10_m4000.rds
    wildcards: cell=dp0.1_k-0.3_n4000_r10_m4000
    threads: 2
    resources: tmpdir=/tmp

[Wed Sep  2 02:00:54 2026]
Finished job 1849.
878 of 1923 steps (46%) done
Select jobs to execute...
Execute 1 jobs...

[Wed Sep  2 02:00:54 2026]
localrule run_cell:
    output: results/bias_sensitivity/raw/dp0.35_k-0.3_n6000_r20_m4000.rds
    log: logs/bias_sensitivity/run_dp0.35_k-0.3_n6000_r20_m4000.log
    jobid: 519
    reason: Missing output files: results/bias_sensitivity/raw/dp0.35_k-0.3_n6000_r20_m4000.rds
    wildcards: cell=dp0.35_k-0.3_n6000_r20_m4000
    threads: 2
    resources: tmpdir=/tmp

[Wed Sep  2 02:00:59 2026]
Finished job 1025.
879 of 1923 steps (46%) done
Select jobs to execute...
Execute 1 jobs...

[Wed Sep  2 02:00:59 2026]
localrule run_cell:
    output: results/bias_sensitivity/raw/dp0.55_k0.3_n4000_r10_m4000.rds
    log: logs/bias_sensitivity/run_dp0.55_k0.3_n4000_r10_m4000.log
    jobid: 939
    reason: Missing output files: results/bias_sensitivity/raw/dp0.55_k0.3_n4000_r10_m4000.rds
    wildcards: cell=dp0.55_k0.3_n4000_r10_m4000
    threads: 2
    resources: tmpdir=/tmp

[Wed Sep  2 02:01:10 2026]
Finished job 184.
880 of 1923 steps (46%) done
Select jobs to execute...
Execute 1 jobs...

[Wed Sep  2 02:01:10 2026]
localrule run_cell:
    output: results/bias_sensitivity/raw/dp0.7_k-0.3_n1000_r20_m4000.rds
    log: logs/bias_sensitivity/run_dp0.7_k-0.3_n1000_r20_m4000.log
    jobid: 1359
    reason: Missing output files: results/bias_sensitivity/raw/dp0.7_k-0.3_n1000_r20_m4000.rds
    wildcards: cell=dp0.7_k-0.3_n1000_r20_m4000
    threads: 2
    resources: tmpdir=/tmp

[Wed Sep  2 02:01:14 2026]
Finished job 931.
881 of 1923 steps (46%) done
Select jobs to execute...
Execute 1 jobs...

[Wed Sep  2 02:01:14 2026]
localrule run_cell:
    output: results/bias_sensitivity/raw/dp0.95_k-0.3_n4000_r10_m4000.rds
    log: logs/bias_sensitivity/run_dp0.95_k-0.3_n4000_r10_m4000.log
    jobid: 1659
    reason: Missing output files: results/bias_sensitivity/raw/dp0.95_k-0.3_n4000_r10_m4000.rds
    wildcards: cell=dp0.95_k-0.3_n4000_r10_m4000
    threads: 2
    resources: tmpdir=/tmp

[Wed Sep  2 02:01:23 2026]
Finished job 1505.
882 of 1923 steps (46%) done
Select jobs to execute...
Execute 1 jobs...

[Wed Sep  2 02:01:23 2026]
localrule run_cell:
    output: results/bias_sensitivity/raw/dp0.8_k0.3_n1000_r20_m4000.rds
    log: logs/bias_sensitivity/run_dp0.8_k0.3_n1000_r20_m4000.log
    jobid: 1599
    reason: Missing output files: results/bias_sensitivity/raw/dp0.8_k0.3_n1000_r20_m4000.rds
    wildcards: cell=dp0.8_k0.3_n1000_r20_m4000
    threads: 2
    resources: tmpdir=/tmp

[Wed Sep  2 02:02:21 2026]
Finished job 1341.
883 of 1923 steps (46%) done
Select jobs to execute...
Execute 1 jobs...

[Wed Sep  2 02:02:21 2026]
localrule run_cell:
    output: results/bias_sensitivity/raw/dp0.95_k0.3_n6000_r20_m4000.rds
    log: logs/bias_sensitivity/run_dp0.95_k0.3_n6000_r20_m4000.log
    jobid: 1719
    reason: Missing output files: results/bias_sensitivity/raw/dp0.95_k0.3_n6000_r20_m4000.rds
    wildcards: cell=dp0.95_k0.3_n6000_r20_m4000
    threads: 2
    resources: tmpdir=/tmp

[Wed Sep  2 02:03:05 2026]
Finished job 941.
884 of 1923 steps (46%) done
Select jobs to execute...
Execute 1 jobs...

[Wed Sep  2 02:03:05 2026]
localrule run_cell:
    output: results/bias_sensitivity/raw/dp0.65_k0.3_n1000_r20_m4000.rds
    log: logs/bias_sensitivity/run_dp0.65_k0.3_n1000_r20_m4000.log
    jobid: 1119
    reason: Missing output files: results/bias_sensitivity/raw/dp0.65_k0.3_n1000_r20_m4000.rds
    wildcards: cell=dp0.65_k0.3_n1000_r20_m4000
    threads: 2
    resources: tmpdir=/tmp

[Wed Sep  2 02:03:12 2026]
Finished job 1564.
885 of 1923 steps (46%) done
Select jobs to execute...
Execute 1 jobs...

[Wed Sep  2 02:03:12 2026]
localrule run_cell:
    output: results/bias_sensitivity/raw/dp1_k-0.3_n1000_r20_m4000.rds
    log: logs/bias_sensitivity/run_dp1_k-0.3_n1000_r20_m4000.log
    jobid: 1839
    reason: Missing output files: results/bias_sensitivity/raw/dp1_k-0.3_n1000_r20_m4000.rds
    wildcards: cell=dp1_k-0.3_n1000_r20_m4000
    threads: 2
    resources: tmpdir=/tmp

[Wed Sep  2 02:03:18 2026]
Finished job 1166.
886 of 1923 steps (46%) done
Select jobs to execute...
Execute 1 jobs...

[Wed Sep  2 02:03:18 2026]
localrule run_cell:
    output: results/bias_sensitivity/raw/dp0.85_k-0.3_n6000_r20_m4000.rds
    log: logs/bias_sensitivity/run_dp0.85_k-0.3_n6000_r20_m4000.log
    jobid: 1479
    reason: Missing output files: results/bias_sensitivity/raw/dp0.85_k-0.3_n6000_r20_m4000.rds
    wildcards: cell=dp0.85_k-0.3_n6000_r20_m4000
    threads: 2
    resources: tmpdir=/tmp

[Wed Sep  2 02:03:22 2026]
Finished job 46.
887 of 1923 steps (46%) done
Select jobs to execute...
Execute 1 jobs...

[Wed Sep  2 02:03:22 2026]
localrule run_cell:
    output: results/bias_sensitivity/raw/dp0.8_k-0.3_n10000_r10_m4000.rds
    log: logs/bias_sensitivity/run_dp0.8_k-0.3_n10000_r10_m4000.log
    jobid: 1539
    reason: Missing output files: results/bias_sensitivity/raw/dp0.8_k-0.3_n10000_r10_m4000.rds
    wildcards: cell=dp0.8_k-0.3_n10000_r10_m4000
    threads: 2
    resources: tmpdir=/tmp

[Wed Sep  2 02:03:38 2026]
Finished job 210.
888 of 1923 steps (46%) done
Select jobs to execute...
Execute 1 jobs...

[Wed Sep  2 02:03:38 2026]
localrule run_cell:
    output: results/bias_sensitivity/raw/dp0.9_k0.3_n1000_r10_m4000.rds
    log: logs/bias_sensitivity/run_dp0.9_k0.3_n1000_r10_m4000.log
    jobid: 1787
    reason: Missing output files: results/bias_sensitivity/raw/dp0.9_k0.3_n1000_r10_m4000.rds
    wildcards: cell=dp0.9_k0.3_n1000_r10_m4000
    threads: 2
    resources: tmpdir=/tmp

[Wed Sep  2 02:03:48 2026]
Finished job 450.
889 of 1923 steps (46%) done
Select jobs to execute...
Execute 1 jobs...

[Wed Sep  2 02:03:48 2026]
localrule run_cell:
    output: results/bias_sensitivity/raw/dp0.95_k0.3_n2000_r20_m4000.rds
    log: logs/bias_sensitivity/run_dp0.95_k0.3_n2000_r20_m4000.log
    jobid: 1703
    reason: Missing output files: results/bias_sensitivity/raw/dp0.95_k0.3_n2000_r20_m4000.rds
    wildcards: cell=dp0.95_k0.3_n2000_r20_m4000
    threads: 2
    resources: tmpdir=/tmp

[Wed Sep  2 02:04:27 2026]
Finished job 1359.
890 of 1923 steps (46%) done
Select jobs to execute...
Execute 1 jobs...

[Wed Sep  2 02:04:27 2026]
localrule run_cell:
    output: results/bias_sensitivity/raw/dp0.75_k0.3_n8000_r20_m2000.rds
    log: logs/bias_sensitivity/run_dp0.75_k0.3_n8000_r20_m2000.log
    jobid: 1342
    reason: Missing output files: results/bias_sensitivity/raw/dp0.75_k0.3_n8000_r20_m2000.rds
    wildcards: cell=dp0.75_k0.3_n8000_r20_m2000
    threads: 2
    resources: tmpdir=/tmp

[Wed Sep  2 02:04:34 2026]
Finished job 1821.
891 of 1923 steps (46%) done
Select jobs to execute...
Execute 1 jobs...

[Wed Sep  2 02:04:34 2026]
localrule run_cell:
    output: results/bias_sensitivity/raw/dp0.95_k-0.3_n1000_r10_m2000.rds
    log: logs/bias_sensitivity/run_dp0.95_k-0.3_n1000_r10_m2000.log
    jobid: 1642
    reason: Missing output files: results/bias_sensitivity/raw/dp0.95_k-0.3_n1000_r10_m2000.rds
    wildcards: cell=dp0.95_k-0.3_n1000_r10_m2000
    threads: 2
    resources: tmpdir=/tmp

[Wed Sep  2 02:04:37 2026]
Finished job 1599.
892 of 1923 steps (46%) done
Select jobs to execute...
Execute 1 jobs...

[Wed Sep  2 02:04:37 2026]
localrule run_cell:
    output: results/bias_sensitivity/raw/dp0.1_k0.3_n2000_r20_m2000.rds
    log: logs/bias_sensitivity/run_dp0.1_k0.3_n2000_r20_m2000.log
    jobid: 262
    reason: Missing output files: results/bias_sensitivity/raw/dp0.1_k0.3_n2000_r20_m2000.rds
    wildcards: cell=dp0.1_k0.3_n2000_r20_m2000
    threads: 2
    resources: tmpdir=/tmp

[Wed Sep  2 02:05:37 2026]
Finished job 30.
893 of 1923 steps (46%) done
Select jobs to execute...
Execute 1 jobs...

[Wed Sep  2 02:05:37 2026]
localrule run_cell:
    output: results/bias_sensitivity/raw/dp0.35_k0.3_n6000_r10_m2000.rds
    log: logs/bias_sensitivity/run_dp0.35_k0.3_n6000_r10_m2000.log
    jobid: 562
    reason: Missing output files: results/bias_sensitivity/raw/dp0.35_k0.3_n6000_r10_m2000.rds
    wildcards: cell=dp0.35_k0.3_n6000_r10_m2000
    threads: 2
    resources: tmpdir=/tmp

[Wed Sep  2 02:05:44 2026]
Finished job 983.
894 of 1923 steps (46%) done
Select jobs to execute...
Execute 1 jobs...

[Wed Sep  2 02:05:44 2026]
localrule run_cell:
    output: results/bias_sensitivity/raw/dp0.45_k0.3_n2000_r20_m2000.rds
    log: logs/bias_sensitivity/run_dp0.45_k0.3_n2000_r20_m2000.log
    jobid: 742
    reason: Missing output files: results/bias_sensitivity/raw/dp0.45_k0.3_n2000_r20_m2000.rds
    wildcards: cell=dp0.45_k0.3_n2000_r20_m2000
    threads: 2
    resources: tmpdir=/tmp

[Wed Sep  2 02:06:24 2026]
Finished job 1119.
895 of 1923 steps (47%) done
Select jobs to execute...
Execute 1 jobs...

[Wed Sep  2 02:06:24 2026]
localrule run_cell:
    output: results/bias_sensitivity/raw/dp0.4_k-0.3_n6000_r10_m2000.rds
    log: logs/bias_sensitivity/run_dp0.4_k-0.3_n6000_r10_m2000.log
    jobid: 802
    reason: Missing output files: results/bias_sensitivity/raw/dp0.4_k-0.3_n6000_r10_m2000.rds
    wildcards: cell=dp0.4_k-0.3_n6000_r10_m2000
    threads: 2
    resources: tmpdir=/tmp

[Wed Sep  2 02:06:27 2026]
Finished job 1839.
896 of 1923 steps (47%) done
Select jobs to execute...
Execute 1 jobs...

[Wed Sep  2 02:06:27 2026]
localrule run_cell:
    output: results/bias_sensitivity/raw/dp0.55_k0.3_n1000_r10_m2000.rds
    log: logs/bias_sensitivity/run_dp0.55_k0.3_n1000_r10_m2000.log
    jobid: 922
    reason: Missing output files: results/bias_sensitivity/raw/dp0.55_k0.3_n1000_r10_m2000.rds
    wildcards: cell=dp0.55_k0.3_n1000_r10_m2000
    threads: 2
    resources: tmpdir=/tmp

[Wed Sep  2 02:06:35 2026]
Finished job 1796.
897 of 1923 steps (47%) done
Select jobs to execute...
Execute 1 jobs...

[Wed Sep  2 02:06:35 2026]
localrule run_cell:
    output: results/bias_sensitivity/raw/dp0.5_k0.3_n6000_r10_m2000.rds
    log: logs/bias_sensitivity/run_dp0.5_k0.3_n6000_r10_m2000.log
    jobid: 1042
    reason: Missing output files: results/bias_sensitivity/raw/dp0.5_k0.3_n6000_r10_m2000.rds
    wildcards: cell=dp0.5_k0.3_n6000_r10_m2000
    threads: 2
    resources: tmpdir=/tmp

[Wed Sep  2 02:06:35 2026]
Finished job 1203.
898 of 1923 steps (47%) done
Select jobs to execute...
Execute 1 jobs...

[Wed Sep  2 02:06:35 2026]
localrule run_cell:
    output: results/bias_sensitivity/raw/dp0.7_k0.3_n1000_r10_m2000.rds
    log: logs/bias_sensitivity/run_dp0.7_k0.3_n1000_r10_m2000.log
    jobid: 1402
    reason: Missing output files: results/bias_sensitivity/raw/dp0.7_k0.3_n1000_r10_m2000.rds
    wildcards: cell=dp0.7_k0.3_n1000_r10_m2000
    threads: 2
    resources: tmpdir=/tmp

[Wed Sep  2 02:06:52 2026]
Finished job 1401.
899 of 1923 steps (47%) done
Select jobs to execute...
Execute 1 jobs...

[Wed Sep  2 02:06:52 2026]
localrule run_cell:
    output: results/bias_sensitivity/raw/dp0.65_k-0.3_n8000_r20_m2000.rds
    log: logs/bias_sensitivity/run_dp0.65_k-0.3_n8000_r20_m2000.log
    jobid: 1102
    reason: Missing output files: results/bias_sensitivity/raw/dp0.65_k-0.3_n8000_r20_m2000.rds
    wildcards: cell=dp0.65_k-0.3_n8000_r20_m2000
    threads: 2
    resources: tmpdir=/tmp

[Wed Sep  2 02:06:55 2026]
Finished job 227.
900 of 1923 steps (47%) done
Select jobs to execute...
Execute 1 jobs...

[Wed Sep  2 02:06:55 2026]
localrule run_cell:
    output: results/bias_sensitivity/raw/dp0.5_k-0.3_n2000_r20_m2000.rds
    log: logs/bias_sensitivity/run_dp0.5_k-0.3_n2000_r20_m2000.log
    jobid: 982
    reason: Missing output files: results/bias_sensitivity/raw/dp0.5_k-0.3_n2000_r20_m2000.rds
    wildcards: cell=dp0.5_k-0.3_n2000_r20_m2000
    threads: 2
    resources: tmpdir=/tmp

[Wed Sep  2 02:07:07 2026]
Finished job 1787.
901 of 1923 steps (47%) done
Select jobs to execute...
Execute 1 jobs...

[Wed Sep  2 02:07:07 2026]
localrule run_cell:
    output: results/bias_sensitivity/raw/dp0.75_k-0.3_n6000_r10_m2000.rds
    log: logs/bias_sensitivity/run_dp0.75_k-0.3_n6000_r10_m2000.log
    jobid: 1282
    reason: Missing output files: results/bias_sensitivity/raw/dp0.75_k-0.3_n6000_r10_m2000.rds
    wildcards: cell=dp0.75_k-0.3_n6000_r10_m2000
    threads: 2
    resources: tmpdir=/tmp

[Wed Sep  2 02:08:01 2026]
Finished job 1642.
902 of 1923 steps (47%) done
Select jobs to execute...
Execute 1 jobs...

[Wed Sep  2 02:08:01 2026]
localrule run_cell:
    output: results/bias_sensitivity/raw/dp0.8_k-0.3_n8000_r20_m2000.rds
    log: logs/bias_sensitivity/run_dp0.8_k-0.3_n8000_r20_m2000.log
    jobid: 1582
    reason: Missing output files: results/bias_sensitivity/raw/dp0.8_k-0.3_n8000_r20_m2000.rds
    wildcards: cell=dp0.8_k-0.3_n8000_r20_m2000
    threads: 2
    resources: tmpdir=/tmp

[Wed Sep  2 02:08:31 2026]
Finished job 47.
903 of 1923 steps (47%) done
Select jobs to execute...
Execute 1 jobs...

[Wed Sep  2 02:08:31 2026]
localrule run_cell:
    output: results/bias_sensitivity/raw/dp0.85_k0.3_n6000_r10_m2000.rds
    log: logs/bias_sensitivity/run_dp0.85_k0.3_n6000_r10_m2000.log
    jobid: 1522
    reason: Missing output files: results/bias_sensitivity/raw/dp0.85_k0.3_n6000_r10_m2000.rds
    wildcards: cell=dp0.85_k0.3_n6000_r10_m2000
    threads: 2
    resources: tmpdir=/tmp

[Wed Sep  2 02:08:32 2026]
Finished job 860.
904 of 1923 steps (47%) done
Select jobs to execute...
Execute 1 jobs...

[Wed Sep  2 02:08:32 2026]
localrule run_cell:
    output: results/bias_sensitivity/raw/dp1_k0.3_n1000_r20_m2000.rds
    log: logs/bias_sensitivity/run_dp1_k0.3_n1000_r20_m2000.log
    jobid: 1886
    reason: Missing output files: results/bias_sensitivity/raw/dp1_k0.3_n1000_r20_m2000.rds
    wildcards: cell=dp1_k0.3_n1000_r20_m2000
    threads: 2
    resources: tmpdir=/tmp

[Wed Sep  2 02:08:37 2026]
Finished job 518.
905 of 1923 steps (47%) done
Select jobs to execute...
Execute 1 jobs...

[Wed Sep  2 02:08:37 2026]
localrule run_cell:
    output: results/bias_sensitivity/raw/dp0.7_k0.3_n2000_r5_m2000.rds
    log: logs/bias_sensitivity/run_dp0.7_k0.3_n2000_r5_m2000.log
    jobid: 1416
    reason: Missing output files: results/bias_sensitivity/raw/dp0.7_k0.3_n2000_r5_m2000.rds
    wildcards: cell=dp0.7_k0.3_n2000_r5_m2000
    threads: 2
    resources: tmpdir=/tmp

[Wed Sep  2 02:09:07 2026]
Finished job 466.
906 of 1923 steps (47%) done
Select jobs to execute...
Execute 1 jobs...

[Wed Sep  2 02:09:07 2026]
localrule run_cell:
    output: results/bias_sensitivity/raw/dp0.15_k0.3_n6000_r5_m4000.rds
    log: logs/bias_sensitivity/run_dp0.15_k0.3_n6000_r5_m4000.log
    jobid: 185
    reason: Missing output files: results/bias_sensitivity/raw/dp0.15_k0.3_n6000_r5_m4000.rds
    wildcards: cell=dp0.15_k0.3_n6000_r5_m4000
    threads: 2
    resources: tmpdir=/tmp

[Wed Sep  2 02:09:11 2026]
Finished job 1243.
907 of 1923 steps (47%) done
Select jobs to execute...
Execute 1 jobs...

[Wed Sep  2 02:09:11 2026]
localrule run_cell:
    output: results/bias_sensitivity/raw/dp0.35_k0.3_n1000_r5_m4000.rds
    log: logs/bias_sensitivity/run_dp0.35_k0.3_n1000_r5_m4000.log
    jobid: 545
    reason: Missing output files: results/bias_sensitivity/raw/dp0.35_k0.3_n1000_r5_m4000.rds
    wildcards: cell=dp0.35_k0.3_n1000_r5_m4000
    threads: 2
    resources: tmpdir=/tmp

[Wed Sep  2 02:09:25 2026]
Finished job 1640.
908 of 1923 steps (47%) done
Select jobs to execute...
Execute 1 jobs...

[Wed Sep  2 02:09:25 2026]
localrule run_cell:
    output: results/bias_sensitivity/raw/dp0.65_k0.3_n6000_r5_m4000.rds
    log: logs/bias_sensitivity/run_dp0.65_k0.3_n6000_r5_m4000.log
    jobid: 1145
    reason: Missing output files: results/bias_sensitivity/raw/dp0.65_k0.3_n6000_r5_m4000.rds
    wildcards: cell=dp0.65_k0.3_n6000_r5_m4000
    threads: 2
    resources: tmpdir=/tmp

[Wed Sep  2 02:09:38 2026]
Finished job 922.
909 of 1923 steps (47%) done
Select jobs to execute...
Execute 1 jobs...

[Wed Sep  2 02:09:39 2026]
localrule run_cell:
    output: results/bias_sensitivity/raw/dp0.75_k-0.3_n1000_r5_m4000.rds
    log: logs/bias_sensitivity/run_dp0.75_k-0.3_n1000_r5_m4000.log
    jobid: 1265
    reason: Missing output files: results/bias_sensitivity/raw/dp0.75_k-0.3_n1000_r5_m4000.rds
    wildcards: cell=dp0.75_k-0.3_n1000_r5_m4000
    threads: 2
    resources: tmpdir=/tmp

[Wed Sep  2 02:09:49 2026]
Finished job 1402.
910 of 1923 steps (47%) done
Select jobs to execute...
Execute 1 jobs...

[Wed Sep  2 02:09:49 2026]
localrule run_cell:
    output: results/bias_sensitivity/raw/dp0.2_k-0.3_n6000_r5_m4000.rds
    log: logs/bias_sensitivity/run_dp0.2_k-0.3_n6000_r5_m4000.log
    jobid: 425
    reason: Missing output files: results/bias_sensitivity/raw/dp0.2_k-0.3_n6000_r5_m4000.rds
    wildcards: cell=dp0.2_k-0.3_n6000_r5_m4000
    threads: 2
    resources: tmpdir=/tmp

[Wed Sep  2 02:09:52 2026]
Finished job 1856.
911 of 1923 steps (47%) done
Select jobs to execute...
Execute 1 jobs...

[Wed Sep  2 02:09:52 2026]
localrule run_cell:
    output: results/bias_sensitivity/raw/dp0.4_k-0.3_n1000_r5_m4000.rds
    log: logs/bias_sensitivity/run_dp0.4_k-0.3_n1000_r5_m4000.log
    jobid: 785
    reason: Missing output files: results/bias_sensitivity/raw/dp0.4_k-0.3_n1000_r5_m4000.rds
    wildcards: cell=dp0.4_k-0.3_n1000_r5_m4000
    threads: 2
    resources: tmpdir=/tmp

[Wed Sep  2 02:10:14 2026]
Finished job 262.
912 of 1923 steps (47%) done
Select jobs to execute...
Execute 1 jobs...

[Wed Sep  2 02:10:14 2026]
localrule run_cell:
    output: results/bias_sensitivity/raw/dp0.55_k-0.3_n6000_r5_m4000.rds
    log: logs/bias_sensitivity/run_dp0.55_k-0.3_n6000_r5_m4000.log
    jobid: 905
    reason: Missing output files: results/bias_sensitivity/raw/dp0.55_k-0.3_n6000_r5_m4000.rds
    wildcards: cell=dp0.55_k-0.3_n6000_r5_m4000
    threads: 2
    resources: tmpdir=/tmp

[Wed Sep  2 02:10:26 2026]
Finished job 939.
913 of 1923 steps (47%) done
Select jobs to execute...
Execute 1 jobs...

[Wed Sep  2 02:10:26 2026]
localrule run_cell:
    output: results/bias_sensitivity/raw/dp0.5_k-0.3_n10000_r15_m4000.rds
    log: logs/bias_sensitivity/run_dp0.5_k-0.3_n10000_r15_m4000.log
    jobid: 965
    reason: Missing output files: results/bias_sensitivity/raw/dp0.5_k-0.3_n10000_r15_m4000.rds
    wildcards: cell=dp0.5_k-0.3_n10000_r15_m4000
    threads: 2
    resources: tmpdir=/tmp

[Wed Sep  2 02:10:39 2026]
Finished job 219.
914 of 1923 steps (48%) done
Select jobs to execute...
Execute 1 jobs...

[Wed Sep  2 02:10:39 2026]
localrule run_cell:
    output: results/bias_sensitivity/raw/dp0.6_k0.3_n10000_r15_m4000.rds
    log: logs/bias_sensitivity/run_dp0.6_k0.3_n10000_r15_m4000.log
    jobid: 1205
    reason: Missing output files: results/bias_sensitivity/raw/dp0.6_k0.3_n10000_r15_m4000.rds
    wildcards: cell=dp0.6_k0.3_n10000_r15_m4000
    threads: 2
    resources: tmpdir=/tmp

[Wed Sep  2 02:10:44 2026]
Finished job 1703.
915 of 1923 steps (48%) done
Select jobs to execute...
Execute 1 jobs...

[Wed Sep  2 02:10:44 2026]
localrule run_cell:
    output: results/bias_sensitivity/raw/dp0.7_k-0.3_n6000_r5_m4000.rds
    log: logs/bias_sensitivity/run_dp0.7_k-0.3_n6000_r5_m4000.log
    jobid: 1385
    reason: Missing output files: results/bias_sensitivity/raw/dp0.7_k-0.3_n6000_r5_m4000.rds
    wildcards: cell=dp0.7_k-0.3_n6000_r5_m4000
    threads: 2
    resources: tmpdir=/tmp

[Wed Sep  2 02:11:01 2026]
Finished job 706.
916 of 1923 steps (48%) done
Select jobs to execute...
Execute 1 jobs...

[Wed Sep  2 02:11:01 2026]
localrule run_cell:
    output: results/bias_sensitivity/raw/dp0.8_k-0.3_n4000_r15_m4000.rds
    log: logs/bias_sensitivity/run_dp0.8_k-0.3_n4000_r15_m4000.log
    jobid: 1565
    reason: Missing output files: results/bias_sensitivity/raw/dp0.8_k-0.3_n4000_r15_m4000.rds
    wildcards: cell=dp0.8_k-0.3_n4000_r15_m4000
    threads: 2
    resources: tmpdir=/tmp

[Wed Sep  2 02:11:11 2026]
Finished job 1899.
917 of 1923 steps (48%) done
Select jobs to execute...
Execute 1 jobs...

[Wed Sep  2 02:11:11 2026]
localrule run_cell:
    output: results/bias_sensitivity/raw/dp0.75_k0.3_n10000_r20_m2000.rds
    log: logs/bias_sensitivity/run_dp0.75_k0.3_n10000_r20_m2000.log
    jobid: 1302
    reason: Missing output files: results/bias_sensitivity/raw/dp0.75_k0.3_n10000_r20_m2000.rds
    wildcards: cell=dp0.75_k0.3_n10000_r20_m2000
    threads: 2
    resources: tmpdir=/tmp

[Wed Sep  2 02:11:33 2026]
Finished job 1659.
918 of 1923 steps (48%) done
Select jobs to execute...
Execute 1 jobs...

[Wed Sep  2 02:11:33 2026]
localrule run_cell:
    output: results/bias_sensitivity/raw/dp0.3_k-0.3_n4000_r5_m4000.rds
    log: logs/bias_sensitivity/run_dp0.3_k-0.3_n4000_r5_m4000.log
    jobid: 609
    reason: Missing output files: results/bias_sensitivity/raw/dp0.3_k-0.3_n4000_r5_m4000.rds
    wildcards: cell=dp0.3_k-0.3_n4000_r5_m4000
    threads: 2
    resources: tmpdir=/tmp

[Wed Sep  2 02:11:47 2026]
Finished job 1886.
919 of 1923 steps (48%) done
Select jobs to execute...
Execute 1 jobs...

[Wed Sep  2 02:11:47 2026]
localrule run_cell:
    output: results/bias_sensitivity/raw/dp0.05_k-0.3_n8000_r5_m2000.rds
    log: logs/bias_sensitivity/run_dp0.05_k-0.3_n8000_r5_m2000.log
    jobid: 48
    reason: Missing output files: results/bias_sensitivity/raw/dp0.05_k-0.3_n8000_r5_m2000.rds
    wildcards: cell=dp0.05_k-0.3_n8000_r5_m2000
    threads: 2
    resources: tmpdir=/tmp

[Wed Sep  2 02:11:55 2026]
Finished job 742.
920 of 1923 steps (48%) done
Select jobs to execute...
Execute 1 jobs...

[Wed Sep  2 02:11:55 2026]
localrule run_cell:
    output: results/bias_sensitivity/raw/dp0.15_k-0.3_n1000_r15_m2000.rds
    log: logs/bias_sensitivity/run_dp0.15_k-0.3_n1000_r15_m2000.log
    jobid: 108
    reason: Missing output files: results/bias_sensitivity/raw/dp0.15_k-0.3_n1000_r15_m2000.rds
    wildcards: cell=dp0.15_k-0.3_n1000_r15_m2000
    threads: 2
    resources: tmpdir=/tmp

[Wed Sep  2 02:12:18 2026]
Finished job 545.
921 of 1923 steps (48%) done
Select jobs to execute...
Execute 1 jobs...

[Wed Sep  2 02:12:18 2026]
localrule run_cell:
    output: results/bias_sensitivity/raw/dp0.15_k0.3_n2000_r5_m2000.rds
    log: logs/bias_sensitivity/run_dp0.15_k0.3_n2000_r5_m2000.log
    jobid: 168
    reason: Missing output files: results/bias_sensitivity/raw/dp0.15_k0.3_n2000_r5_m2000.rds
    wildcards: cell=dp0.15_k0.3_n2000_r5_m2000
    threads: 2
    resources: tmpdir=/tmp

[Wed Sep  2 02:12:46 2026]
Finished job 519.
922 of 1923 steps (48%) done
Select jobs to execute...
Execute 1 jobs...

[Wed Sep  2 02:12:46 2026]
localrule run_cell:
    output: results/bias_sensitivity/raw/dp0.1_k-0.3_n6000_r15_m2000.rds
    log: logs/bias_sensitivity/run_dp0.1_k-0.3_n6000_r15_m2000.log
    jobid: 228
    reason: Missing output files: results/bias_sensitivity/raw/dp0.1_k-0.3_n6000_r15_m2000.rds
    wildcards: cell=dp0.1_k-0.3_n6000_r15_m2000
    threads: 2
    resources: tmpdir=/tmp

[Wed Sep  2 02:13:02 2026]
Finished job 1265.
923 of 1923 steps (48%) done
Select jobs to execute...
Execute 1 jobs...

[Wed Sep  2 02:13:02 2026]
localrule run_cell:
    output: results/bias_sensitivity/raw/dp0.1_k0.3_n8000_r5_m2000.rds
    log: logs/bias_sensitivity/run_dp0.1_k0.3_n8000_r5_m2000.log
    jobid: 288
    reason: Missing output files: results/bias_sensitivity/raw/dp0.1_k0.3_n8000_r5_m2000.rds
    wildcards: cell=dp0.1_k0.3_n8000_r5_m2000
    threads: 2
    resources: tmpdir=/tmp

[Wed Sep  2 02:13:03 2026]
Finished job 785.
924 of 1923 steps (48%) done
Select jobs to execute...
Execute 1 jobs...

[Wed Sep  2 02:13:03 2026]
localrule run_cell:
    output: results/bias_sensitivity/raw/dp0.25_k0.3_n1000_r15_m2000.rds
    log: logs/bias_sensitivity/run_dp0.25_k0.3_n1000_r15_m2000.log
    jobid: 348
    reason: Missing output files: results/bias_sensitivity/raw/dp0.25_k0.3_n1000_r15_m2000.rds
    wildcards: cell=dp0.25_k0.3_n1000_r15_m2000
    threads: 2
    resources: tmpdir=/tmp

[Wed Sep  2 02:13:59 2026]
Finished job 1915.
925 of 1923 steps (48%) done
Select jobs to execute...
Execute 1 jobs...

[Wed Sep  2 02:13:59 2026]
localrule run_cell:
    output: results/bias_sensitivity/raw/dp0.2_k0.3_n6000_r15_m2000.rds
    log: logs/bias_sensitivity/run_dp0.2_k0.3_n6000_r15_m2000.log
    jobid: 468
    reason: Missing output files: results/bias_sensitivity/raw/dp0.2_k0.3_n6000_r15_m2000.rds
    wildcards: cell=dp0.2_k0.3_n6000_r15_m2000
    threads: 2
    resources: tmpdir=/tmp

[Wed Sep  2 02:14:06 2026]
Finished job 982.
926 of 1923 steps (48%) done
Select jobs to execute...
Execute 1 jobs...

[Wed Sep  2 02:14:06 2026]
localrule run_cell:
    output: results/bias_sensitivity/raw/dp0.45_k-0.3_n6000_r15_m2000.rds
    log: logs/bias_sensitivity/run_dp0.45_k-0.3_n6000_r15_m2000.log
    jobid: 708
    reason: Missing output files: results/bias_sensitivity/raw/dp0.45_k-0.3_n6000_r15_m2000.rds
    wildcards: cell=dp0.45_k-0.3_n6000_r15_m2000
    threads: 2
    resources: tmpdir=/tmp

[Wed Sep  2 02:14:25 2026]
Finished job 1921.
927 of 1923 steps (48%) done
Select jobs to execute...
Execute 1 jobs...

[Wed Sep  2 02:14:25 2026]
localrule run_cell:
    output: results/bias_sensitivity/raw/dp0.45_k0.3_n8000_r5_m2000.rds
    log: logs/bias_sensitivity/run_dp0.45_k0.3_n8000_r5_m2000.log
    jobid: 768
    reason: Missing output files: results/bias_sensitivity/raw/dp0.45_k0.3_n8000_r5_m2000.rds
    wildcards: cell=dp0.45_k0.3_n8000_r5_m2000
    threads: 2
    resources: tmpdir=/tmp

[Wed Sep  2 02:14:42 2026]
Finished job 1416.
928 of 1923 steps (48%) done
Select jobs to execute...
Execute 1 jobs...

[Wed Sep  2 02:14:42 2026]
localrule run_cell:
    output: results/bias_sensitivity/raw/dp1_k0.3_n6000_r15_m2000.rds
    log: logs/bias_sensitivity/run_dp1_k0.3_n6000_r15_m2000.log
    jobid: 1908
    reason: Missing output files: results/bias_sensitivity/raw/dp1_k0.3_n6000_r15_m2000.rds
    wildcards: cell=dp1_k0.3_n6000_r15_m2000
    threads: 2
    resources: tmpdir=/tmp

[Wed Sep  2 02:15:08 2026]
Finished job 108.
929 of 1923 steps (48%) done
Select jobs to execute...
Execute 1 jobs...

[Wed Sep  2 02:15:08 2026]
localrule run_cell:
    output: results/bias_sensitivity/raw/dp0.05_k-0.3_n4000_r20_m4000.rds
    log: logs/bias_sensitivity/run_dp0.05_k-0.3_n4000_r20_m4000.log
    jobid: 31
    reason: Missing output files: results/bias_sensitivity/raw/dp0.05_k-0.3_n4000_r20_m4000.rds
    wildcards: cell=dp0.05_k-0.3_n4000_r20_m4000
    threads: 2
    resources: tmpdir=/tmp

[Wed Sep  2 02:16:10 2026]
Finished job 348.
930 of 1923 steps (48%) done
Select jobs to execute...
Execute 1 jobs...

[Wed Sep  2 02:16:10 2026]
localrule run_cell:
    output: results/bias_sensitivity/raw/dp0.05_k0.3_n8000_r10_m4000.rds
    log: logs/bias_sensitivity/run_dp0.05_k0.3_n8000_r10_m4000.log
    jobid: 91
    reason: Missing output files: results/bias_sensitivity/raw/dp0.05_k0.3_n8000_r10_m4000.rds
    wildcards: cell=dp0.05_k0.3_n8000_r10_m4000
    threads: 2
    resources: tmpdir=/tmp

[Wed Sep  2 02:16:50 2026]
Finished job 1144.
931 of 1923 steps (48%) done
Select jobs to execute...
Execute 1 jobs...

[Wed Sep  2 02:16:50 2026]
localrule run_cell:
    output: results/bias_sensitivity/raw/dp0.1_k-0.3_n2000_r10_m4000.rds
    log: logs/bias_sensitivity/run_dp0.1_k-0.3_n2000_r10_m4000.log
    jobid: 211
    reason: Missing output files: results/bias_sensitivity/raw/dp0.1_k-0.3_n2000_r10_m4000.rds
    wildcards: cell=dp0.1_k-0.3_n2000_r10_m4000
    threads: 2
    resources: tmpdir=/tmp

[Wed Sep  2 02:16:51 2026]
Finished job 562.
932 of 1923 steps (48%) done
Select jobs to execute...
Execute 1 jobs...

[Wed Sep  2 02:16:51 2026]
localrule run_cell:
    output: results/bias_sensitivity/raw/dp0.25_k-0.3_n8000_r10_m4000.rds
    log: logs/bias_sensitivity/run_dp0.25_k-0.3_n8000_r10_m4000.log
    jobid: 331
    reason: Missing output files: results/bias_sensitivity/raw/dp0.25_k-0.3_n8000_r10_m4000.rds
    wildcards: cell=dp0.25_k-0.3_n8000_r10_m4000
    threads: 2
    resources: tmpdir=/tmp

[Wed Sep  2 02:16:54 2026]
Finished job 1478.
933 of 1923 steps (49%) done
Select jobs to execute...
Execute 1 jobs...

[Wed Sep  2 02:16:54 2026]
localrule run_cell:
    output: results/bias_sensitivity/raw/dp0.2_k0.3_n2000_r10_m4000.rds
    log: logs/bias_sensitivity/run_dp0.2_k0.3_n2000_r10_m4000.log
    jobid: 451
    reason: Missing output files: results/bias_sensitivity/raw/dp0.2_k0.3_n2000_r10_m4000.rds
    wildcards: cell=dp0.2_k0.3_n2000_r10_m4000
    threads: 2
    resources: tmpdir=/tmp

[Wed Sep  2 02:17:25 2026]
Finished job 168.
934 of 1923 steps (49%) done
Select jobs to execute...
Execute 1 jobs...

[Wed Sep  2 02:17:25 2026]
localrule run_cell:
    output: results/bias_sensitivity/raw/dp0.8_k-0.3_n8000_r5_m2000.rds
    log: logs/bias_sensitivity/run_dp0.8_k-0.3_n8000_r5_m2000.log
    jobid: 1584
    reason: Missing output files: results/bias_sensitivity/raw/dp0.8_k-0.3_n8000_r5_m2000.rds
    wildcards: cell=dp0.8_k-0.3_n8000_r5_m2000
    threads: 2
    resources: tmpdir=/tmp

[Wed Sep  2 02:17:32 2026]
Finished job 1042.
935 of 1923 steps (49%) done
Select jobs to execute...
Execute 1 jobs...

[Wed Sep  2 02:17:32 2026]
localrule run_cell:
    output: results/bias_sensitivity/raw/dp0.8_k-0.3_n10000_r20_m2000.rds
    log: logs/bias_sensitivity/run_dp0.8_k-0.3_n10000_r20_m2000.log
    jobid: 1542
    reason: Missing output files: results/bias_sensitivity/raw/dp0.8_k-0.3_n10000_r20_m2000.rds
    wildcards: cell=dp0.8_k-0.3_n10000_r20_m2000
    threads: 2
    resources: tmpdir=/tmp

[Wed Sep  2 02:19:25 2026]
Finished job 1282.
936 of 1923 steps (49%) done
Select jobs to execute...
Execute 1 jobs...

[Wed Sep  2 02:19:25 2026]
localrule run_cell:
    output: results/bias_sensitivity/raw/dp1_k0.3_n8000_r20_m2000.rds
    log: logs/bias_sensitivity/run_dp1_k0.3_n8000_r20_m2000.log
    jobid: 1918
    reason: Missing output files: results/bias_sensitivity/raw/dp1_k0.3_n8000_r20_m2000.rds
    wildcards: cell=dp1_k0.3_n8000_r20_m2000
    threads: 2
    resources: tmpdir=/tmp

[Wed Sep  2 02:19:37 2026]
Finished job 921.
937 of 1923 steps (49%) done
Select jobs to execute...
Execute 1 jobs...

[Wed Sep  2 02:19:37 2026]
localrule run_cell:
    output: results/bias_sensitivity/raw/dp0.45_k0.3_n10000_r10_m4000.rds
    log: logs/bias_sensitivity/run_dp0.45_k0.3_n10000_r10_m4000.log
    jobid: 723
    reason: Missing output files: results/bias_sensitivity/raw/dp0.45_k0.3_n10000_r10_m4000.rds
    wildcards: cell=dp0.45_k0.3_n10000_r10_m4000
    threads: 2
    resources: tmpdir=/tmp

[Wed Sep  2 02:20:34 2026]
Finished job 425.
938 of 1923 steps (49%) done
Select jobs to execute...
Execute 1 jobs...

[Wed Sep  2 02:20:34 2026]
localrule run_cell:
    output: results/bias_sensitivity/raw/dp0.95_k0.3_n10000_r10_m4000.rds
    log: logs/bias_sensitivity/run_dp0.95_k0.3_n10000_r10_m4000.log
    jobid: 1683
    reason: Missing output files: results/bias_sensitivity/raw/dp0.95_k0.3_n10000_r10_m4000.rds
    wildcards: cell=dp0.95_k0.3_n10000_r10_m4000
    threads: 2
    resources: tmpdir=/tmp

[Wed Sep  2 02:20:40 2026]
Finished job 1719.
939 of 1923 steps (49%) done
Select jobs to execute...
Execute 1 jobs...

[Wed Sep  2 02:20:40 2026]
localrule run_cell:
    output: results/bias_sensitivity/raw/dp0.9_k0.3_n2000_r15_m4000.rds
    log: logs/bias_sensitivity/run_dp0.9_k0.3_n2000_r15_m4000.log
    jobid: 1797
    reason: Missing output files: results/bias_sensitivity/raw/dp0.9_k0.3_n2000_r15_m4000.rds
    wildcards: cell=dp0.9_k0.3_n2000_r15_m4000
    threads: 2
    resources: tmpdir=/tmp

[Wed Sep  2 02:20:46 2026]
Finished job 609.
940 of 1923 steps (49%) done
Select jobs to execute...
Execute 1 jobs...

[Wed Sep  2 02:20:46 2026]
localrule run_cell:
    output: results/bias_sensitivity/raw/dp1_k-0.3_n4000_r5_m4000.rds
    log: logs/bias_sensitivity/run_dp1_k-0.3_n4000_r5_m4000.log
    jobid: 1857
    reason: Missing output files: results/bias_sensitivity/raw/dp1_k-0.3_n4000_r5_m4000.rds
    wildcards: cell=dp1_k-0.3_n4000_r5_m4000
    threads: 2
    resources: tmpdir=/tmp

[Wed Sep  2 02:21:34 2026]
Finished job 467.
941 of 1923 steps (49%) done
Select jobs to execute...
Execute 1 jobs...

[Wed Sep  2 02:21:34 2026]
localrule run_cell:
    output: results/bias_sensitivity/raw/dp1_k0.3_n8000_r15_m4000.rds
    log: logs/bias_sensitivity/run_dp1_k0.3_n8000_r15_m4000.log
    jobid: 1917
    reason: Missing output files: results/bias_sensitivity/raw/dp1_k0.3_n8000_r15_m4000.rds
    wildcards: cell=dp1_k0.3_n8000_r15_m4000
    threads: 2
    resources: tmpdir=/tmp

[Wed Sep  2 02:21:42 2026]
Finished job 1565.
942 of 1923 steps (49%) done
Select jobs to execute...
Execute 1 jobs...

[Wed Sep  2 02:21:42 2026]
localrule run_cell:
    output: results/bias_sensitivity/raw/dp0.8_k0.3_n4000_r10_m4000.rds
    log: logs/bias_sensitivity/run_dp0.8_k0.3_n4000_r10_m4000.log
    jobid: 1611
    reason: Missing output files: results/bias_sensitivity/raw/dp0.8_k0.3_n4000_r10_m4000.rds
    wildcards: cell=dp0.8_k0.3_n4000_r10_m4000
    threads: 2
    resources: tmpdir=/tmp

[Wed Sep  2 02:21:46 2026]
Finished job 1102.
943 of 1923 steps (49%) done
Select jobs to execute...
Execute 1 jobs...

[Wed Sep  2 02:21:46 2026]
localrule run_cell:
    output: results/bias_sensitivity/raw/dp0.8_k-0.3_n2000_r20_m4000.rds
    log: logs/bias_sensitivity/run_dp0.8_k-0.3_n2000_r20_m4000.log
    jobid: 1559
    reason: Missing output files: results/bias_sensitivity/raw/dp0.8_k-0.3_n2000_r20_m4000.rds
    wildcards: cell=dp0.8_k-0.3_n2000_r20_m4000
    threads: 2
    resources: tmpdir=/tmp

[Wed Sep  2 02:21:54 2026]
Finished job 424.
944 of 1923 steps (49%) done
Select jobs to execute...
Execute 1 jobs...

[Wed Sep  2 02:21:54 2026]
localrule run_cell:
    output: results/bias_sensitivity/raw/dp0.75_k0.3_n4000_r15_m2000.rds
    log: logs/bias_sensitivity/run_dp0.75_k0.3_n4000_r15_m2000.log
    jobid: 1324
    reason: Missing output files: results/bias_sensitivity/raw/dp0.75_k0.3_n4000_r15_m2000.rds
    wildcards: cell=dp0.75_k0.3_n4000_r15_m2000
    threads: 2
    resources: tmpdir=/tmp

[Wed Sep  2 02:22:12 2026]
Finished job 1717.
945 of 1923 steps (49%) done
Select jobs to execute...
Execute 1 jobs...

[Wed Sep  2 02:22:12 2026]
localrule run_cell:
    output: results/bias_sensitivity/raw/dp0.8_k0.3_n1000_r5_m2000.rds
    log: logs/bias_sensitivity/run_dp0.8_k0.3_n1000_r5_m2000.log
    jobid: 1600
    reason: Missing output files: results/bias_sensitivity/raw/dp0.8_k0.3_n1000_r5_m2000.rds
    wildcards: cell=dp0.8_k0.3_n1000_r5_m2000
    threads: 2
    resources: tmpdir=/tmp

[Wed Sep  2 02:22:21 2026]
Finished job 211.
946 of 1923 steps (49%) done
Select jobs to execute...
Execute 1 jobs...

[Wed Sep  2 02:22:21 2026]
localrule run_cell:
    output: results/bias_sensitivity/raw/dp0.85_k-0.3_n6000_r5_m2000.rds
    log: logs/bias_sensitivity/run_dp0.85_k-0.3_n6000_r5_m2000.log
    jobid: 1480
    reason: Missing output files: results/bias_sensitivity/raw/dp0.85_k-0.3_n6000_r5_m2000.rds
    wildcards: cell=dp0.85_k-0.3_n6000_r5_m2000
    threads: 2
    resources: tmpdir=/tmp

[Wed Sep  2 02:22:25 2026]
Finished job 330.
947 of 1923 steps (49%) done
Select jobs to execute...
Execute 1 jobs...

[Wed Sep  2 02:22:25 2026]
localrule run_cell:
    output: results/bias_sensitivity/raw/dp1_k0.3_n4000_r15_m2000.rds
    log: logs/bias_sensitivity/run_dp1_k0.3_n4000_r15_m2000.log
    jobid: 1900
    reason: Missing output files: results/bias_sensitivity/raw/dp1_k0.3_n4000_r15_m2000.rds
    wildcards: cell=dp1_k0.3_n4000_r15_m2000
    threads: 2
    resources: tmpdir=/tmp

[Wed Sep  2 02:22:32 2026]
Finished job 451.
948 of 1923 steps (49%) done
Select jobs to execute...
Execute 1 jobs...

[Wed Sep  2 02:22:32 2026]
localrule run_cell:
    output: results/bias_sensitivity/raw/dp0.1_k-0.3_n4000_r15_m2000.rds
    log: logs/bias_sensitivity/run_dp0.1_k-0.3_n4000_r15_m2000.log
    jobid: 220
    reason: Missing output files: results/bias_sensitivity/raw/dp0.1_k-0.3_n4000_r15_m2000.rds
    wildcards: cell=dp0.1_k-0.3_n4000_r15_m2000
    threads: 2
    resources: tmpdir=/tmp

[Wed Sep  2 02:22:53 2026]
Finished job 1101.
949 of 1923 steps (49%) done
Select jobs to execute...
Execute 1 jobs...

[Wed Sep  2 02:22:53 2026]
localrule run_cell:
    output: results/bias_sensitivity/raw/dp0.35_k-0.3_n6000_r5_m2000.rds
    log: logs/bias_sensitivity/run_dp0.35_k-0.3_n6000_r5_m2000.log
    jobid: 520
    reason: Missing output files: results/bias_sensitivity/raw/dp0.35_k-0.3_n6000_r5_m2000.rds
    wildcards: cell=dp0.35_k-0.3_n6000_r5_m2000
    threads: 2
    resources: tmpdir=/tmp

[Wed Sep  2 02:23:10 2026]
Finished job 31.
950 of 1923 steps (49%) done
Select jobs to execute...
Execute 1 jobs...

[Wed Sep  2 02:23:10 2026]
localrule run_cell:
    output: results/bias_sensitivity/raw/dp0.55_k0.3_n4000_r15_m2000.rds
    log: logs/bias_sensitivity/run_dp0.55_k0.3_n4000_r15_m2000.log
    jobid: 940
    reason: Missing output files: results/bias_sensitivity/raw/dp0.55_k0.3_n4000_r15_m2000.rds
    wildcards: cell=dp0.55_k0.3_n4000_r15_m2000
    threads: 2
    resources: tmpdir=/tmp

[Wed Sep  2 02:24:21 2026]
Finished job 1641.
951 of 1923 steps (49%) done
Select jobs to execute...
Execute 1 jobs...

[Wed Sep  2 02:24:21 2026]
localrule run_cell:
    output: results/bias_sensitivity/raw/dp0.95_k-0.3_n4000_r15_m2000.rds
    log: logs/bias_sensitivity/run_dp0.95_k-0.3_n4000_r15_m2000.log
    jobid: 1660
    reason: Missing output files: results/bias_sensitivity/raw/dp0.95_k-0.3_n4000_r15_m2000.rds
    wildcards: cell=dp0.95_k-0.3_n4000_r15_m2000
    threads: 2
    resources: tmpdir=/tmp

[Wed Sep  2 02:24:28 2026]
Finished job 963.
952 of 1923 steps (50%) done
Select jobs to execute...
Execute 1 jobs...

[Wed Sep  2 02:24:28 2026]
localrule run_cell:
    output: results/bias_sensitivity/raw/dp0.7_k-0.3_n1000_r5_m2000.rds
    log: logs/bias_sensitivity/run_dp0.7_k-0.3_n1000_r5_m2000.log
    jobid: 1360
    reason: Missing output files: results/bias_sensitivity/raw/dp0.7_k-0.3_n1000_r5_m2000.rds
    wildcards: cell=dp0.7_k-0.3_n1000_r5_m2000
    threads: 2
    resources: tmpdir=/tmp

[Wed Sep  2 02:25:26 2026]
Finished job 664.
953 of 1923 steps (50%) done
Select jobs to execute...
Execute 1 jobs...

[Wed Sep  2 02:25:26 2026]
localrule run_cell:
    output: results/bias_sensitivity/raw/dp1_k-0.3_n1000_r5_m2000.rds
    log: logs/bias_sensitivity/run_dp1_k-0.3_n1000_r5_m2000.log
    jobid: 1840
    reason: Missing output files: results/bias_sensitivity/raw/dp1_k-0.3_n1000_r5_m2000.rds
    wildcards: cell=dp1_k-0.3_n1000_r5_m2000
    threads: 2
    resources: tmpdir=/tmp

[Wed Sep  2 02:25:30 2026]
Finished job 904.
954 of 1923 steps (50%) done
Select jobs to execute...
Execute 1 jobs...

[Wed Sep  2 02:25:30 2026]
localrule run_cell:
    output: results/bias_sensitivity/raw/dp0.95_k0.3_n6000_r5_m2000.rds
    log: logs/bias_sensitivity/run_dp0.95_k0.3_n6000_r5_m2000.log
    jobid: 1720
    reason: Missing output files: results/bias_sensitivity/raw/dp0.95_k0.3_n6000_r5_m2000.rds
    wildcards: cell=dp0.95_k0.3_n6000_r5_m2000
    threads: 2
    resources: tmpdir=/tmp

[Wed Sep  2 02:25:33 2026]
Finished job 708.
955 of 1923 steps (50%) done
Select jobs to execute...
Execute 1 jobs...

[Wed Sep  2 02:25:33 2026]
localrule run_cell:
    output: results/bias_sensitivity/raw/dp0.8_k-0.3_n10000_r15_m2000.rds
    log: logs/bias_sensitivity/run_dp0.8_k-0.3_n10000_r15_m2000.log
    jobid: 1540
    reason: Missing output files: results/bias_sensitivity/raw/dp0.8_k-0.3_n10000_r15_m2000.rds
    wildcards: cell=dp0.8_k-0.3_n10000_r15_m2000
    threads: 2
    resources: tmpdir=/tmp

[Wed Sep  2 02:25:34 2026]
Finished job 1600.
956 of 1923 steps (50%) done
Select jobs to execute...
Execute 1 jobs...

[Wed Sep  2 02:25:34 2026]
localrule run_cell:
    output: results/bias_sensitivity/raw/dp0.6_k0.3_n6000_r5_m2000.rds
    log: logs/bias_sensitivity/run_dp0.6_k0.3_n6000_r5_m2000.log
    jobid: 1240
    reason: Missing output files: results/bias_sensitivity/raw/dp0.6_k0.3_n6000_r5_m2000.rds
    wildcards: cell=dp0.6_k0.3_n6000_r5_m2000
    threads: 2
    resources: tmpdir=/tmp

[Wed Sep  2 02:25:46 2026]
Finished job 1522.
957 of 1923 steps (50%) done
Select jobs to execute...
Execute 1 jobs...

[Wed Sep  2 02:25:46 2026]
localrule run_cell:
    output: results/bias_sensitivity/raw/dp0.7_k0.3_n4000_r20_m4000.rds
    log: logs/bias_sensitivity/run_dp0.7_k0.3_n4000_r20_m4000.log
    jobid: 1423
    reason: Missing output files: results/bias_sensitivity/raw/dp0.7_k0.3_n4000_r20_m4000.rds
    wildcards: cell=dp0.7_k0.3_n4000_r20_m4000
    threads: 2
    resources: tmpdir=/tmp

[Wed Sep  2 02:27:15 2026]
Finished job 965.
958 of 1923 steps (50%) done
Select jobs to execute...
Execute 1 jobs...

[Wed Sep  2 02:27:15 2026]
localrule run_cell:
    output: results/bias_sensitivity/raw/dp0.1_k0.3_n2000_r20_m4000.rds
    log: logs/bias_sensitivity/run_dp0.1_k0.3_n2000_r20_m4000.log
    jobid: 263
    reason: Missing output files: results/bias_sensitivity/raw/dp0.1_k0.3_n2000_r20_m4000.rds
    wildcards: cell=dp0.1_k0.3_n2000_r20_m4000
    threads: 2
    resources: tmpdir=/tmp

[Wed Sep  2 02:27:18 2026]
Finished job 1143.
959 of 1923 steps (50%) done
Select jobs to execute...
Execute 1 jobs...

[Wed Sep  2 02:27:18 2026]
localrule run_cell:
    output: results/bias_sensitivity/raw/dp0.35_k0.3_n6000_r10_m4000.rds
    log: logs/bias_sensitivity/run_dp0.35_k0.3_n6000_r10_m4000.log
    jobid: 563
    reason: Missing output files: results/bias_sensitivity/raw/dp0.35_k0.3_n6000_r10_m4000.rds
    wildcards: cell=dp0.35_k0.3_n6000_r10_m4000
    threads: 2
    resources: tmpdir=/tmp

[Wed Sep  2 02:27:50 2026]
Finished job 1360.
960 of 1923 steps (50%) done
Select jobs to execute...
Execute 1 jobs...

[Wed Sep  2 02:27:50 2026]
localrule run_cell:
    output: results/bias_sensitivity/raw/dp0.45_k0.3_n2000_r20_m4000.rds
    log: logs/bias_sensitivity/run_dp0.45_k0.3_n2000_r20_m4000.log
    jobid: 743
    reason: Missing output files: results/bias_sensitivity/raw/dp0.45_k0.3_n2000_r20_m4000.rds
    wildcards: cell=dp0.45_k0.3_n2000_r20_m4000
    threads: 2
    resources: tmpdir=/tmp

[Wed Sep  2 02:27:51 2026]
Finished job 1822.
961 of 1923 steps (50%) done
Select jobs to execute...
Execute 1 jobs...

[Wed Sep  2 02:27:51 2026]
localrule run_cell:
    output: results/bias_sensitivity/raw/dp0.4_k-0.3_n6000_r10_m4000.rds
    log: logs/bias_sensitivity/run_dp0.4_k-0.3_n6000_r10_m4000.log
    jobid: 803
    reason: Missing output files: results/bias_sensitivity/raw/dp0.4_k-0.3_n6000_r10_m4000.rds
    wildcards: cell=dp0.4_k-0.3_n6000_r10_m4000
    threads: 2
    resources: tmpdir=/tmp

[Wed Sep  2 02:27:54 2026]
Finished job 1797.
962 of 1923 steps (50%) done
Select jobs to execute...
Execute 1 jobs...

[Wed Sep  2 02:27:54 2026]
localrule run_cell:
    output: results/bias_sensitivity/raw/dp0.55_k0.3_n1000_r10_m4000.rds
    log: logs/bias_sensitivity/run_dp0.55_k0.3_n1000_r10_m4000.log
    jobid: 923
    reason: Missing output files: results/bias_sensitivity/raw/dp0.55_k0.3_n1000_r10_m4000.rds
    wildcards: cell=dp0.55_k0.3_n1000_r10_m4000
    threads: 2
    resources: tmpdir=/tmp

[Wed Sep  2 02:28:33 2026]
Finished job 1624.
963 of 1923 steps (50%) done
Select jobs to execute...
Execute 1 jobs...

[Wed Sep  2 02:28:33 2026]
localrule run_cell:
    output: results/bias_sensitivity/raw/dp0.5_k0.3_n6000_r10_m4000.rds
    log: logs/bias_sensitivity/run_dp0.5_k0.3_n6000_r10_m4000.log
    jobid: 1043
    reason: Missing output files: results/bias_sensitivity/raw/dp0.5_k0.3_n6000_r10_m4000.rds
    wildcards: cell=dp0.5_k0.3_n6000_r10_m4000
    threads: 2
    resources: tmpdir=/tmp

[Wed Sep  2 02:28:44 2026]
Finished job 1840.
964 of 1923 steps (50%) done
Select jobs to execute...
Execute 1 jobs...

[Wed Sep  2 02:28:44 2026]
localrule run_cell:
    output: results/bias_sensitivity/raw/dp0.95_k-0.3_n1000_r10_m4000.rds
    log: logs/bias_sensitivity/run_dp0.95_k-0.3_n1000_r10_m4000.log
    jobid: 1643
    reason: Missing output files: results/bias_sensitivity/raw/dp0.95_k-0.3_n1000_r10_m4000.rds
    wildcards: cell=dp0.95_k-0.3_n1000_r10_m4000
    threads: 2
    resources: tmpdir=/tmp

[Wed Sep  2 02:28:45 2026]
Finished job 1559.
965 of 1923 steps (50%) done
Select jobs to execute...
Execute 1 jobs...

[Wed Sep  2 02:28:45 2026]
localrule run_cell:
    output: results/bias_sensitivity/raw/dp0.75_k0.3_n8000_r20_m4000.rds
    log: logs/bias_sensitivity/run_dp0.75_k0.3_n8000_r20_m4000.log
    jobid: 1343
    reason: Missing output files: results/bias_sensitivity/raw/dp0.75_k0.3_n8000_r20_m4000.rds
    wildcards: cell=dp0.75_k0.3_n8000_r20_m4000
    threads: 2
    resources: tmpdir=/tmp

[Wed Sep  2 02:28:52 2026]
Finished job 1879.
966 of 1923 steps (50%) done
Select jobs to execute...
Execute 1 jobs...

[Wed Sep  2 02:28:52 2026]
localrule run_cell:
    output: results/bias_sensitivity/raw/dp0.85_k0.3_n6000_r10_m4000.rds
    log: logs/bias_sensitivity/run_dp0.85_k0.3_n6000_r10_m4000.log
    jobid: 1523
    reason: Missing output files: results/bias_sensitivity/raw/dp0.85_k0.3_n6000_r10_m4000.rds
    wildcards: cell=dp0.85_k0.3_n6000_r10_m4000
    threads: 2
    resources: tmpdir=/tmp

[Wed Sep  2 02:29:19 2026]
Finished job 1479.
967 of 1923 steps (50%) done
Select jobs to execute...
Execute 1 jobs...

[Wed Sep  2 02:29:19 2026]
localrule run_cell:
    output: results/bias_sensitivity/raw/dp0.7_k0.3_n1000_r10_m4000.rds
    log: logs/bias_sensitivity/run_dp0.7_k0.3_n1000_r10_m4000.log
    jobid: 1403
    reason: Missing output files: results/bias_sensitivity/raw/dp0.7_k0.3_n1000_r10_m4000.rds
    wildcards: cell=dp0.7_k0.3_n1000_r10_m4000
    threads: 2
    resources: tmpdir=/tmp

[Wed Sep  2 02:29:22 2026]
Finished job 964.
968 of 1923 steps (50%) done
Select jobs to execute...
Execute 1 jobs...

[Wed Sep  2 02:29:22 2026]
localrule run_cell:
    output: results/bias_sensitivity/raw/dp0.65_k-0.3_n8000_r20_m4000.rds
    log: logs/bias_sensitivity/run_dp0.65_k-0.3_n8000_r20_m4000.log
    jobid: 1103
    reason: Missing output files: results/bias_sensitivity/raw/dp0.65_k-0.3_n8000_r20_m4000.rds
    wildcards: cell=dp0.65_k-0.3_n8000_r20_m4000
    threads: 2
    resources: tmpdir=/tmp

[Wed Sep  2 02:29:25 2026]
Finished job 862.
969 of 1923 steps (50%) done
Select jobs to execute...
Execute 1 jobs...

[Wed Sep  2 02:29:25 2026]
localrule run_cell:
    output: results/bias_sensitivity/raw/dp0.4_k0.3_n8000_r20_m4000.rds
    log: logs/bias_sensitivity/run_dp0.4_k0.3_n8000_r20_m4000.log
    jobid: 863
    reason: Missing output files: results/bias_sensitivity/raw/dp0.4_k0.3_n8000_r20_m4000.rds
    wildcards: cell=dp0.4_k0.3_n8000_r20_m4000
    threads: 2
    resources: tmpdir=/tmp

[Wed Sep  2 02:29:43 2026]
Finished job 91.
970 of 1923 steps (50%) done
Select jobs to execute...
Execute 1 jobs...

[Wed Sep  2 02:29:43 2026]
localrule run_cell:
    output: results/bias_sensitivity/raw/dp0.6_k-0.3_n1000_r10_m4000.rds
    log: logs/bias_sensitivity/run_dp0.6_k-0.3_n1000_r10_m4000.log
    jobid: 1163
    reason: Missing output files: results/bias_sensitivity/raw/dp0.6_k-0.3_n1000_r10_m4000.rds
    wildcards: cell=dp0.6_k-0.3_n1000_r10_m4000
    threads: 2
    resources: tmpdir=/tmp

[Wed Sep  2 02:30:06 2026]
Finished job 1342.
971 of 1923 steps (50%) done
Select jobs to execute...
Execute 1 jobs...

[Wed Sep  2 02:30:06 2026]
localrule run_cell:
    output: results/bias_sensitivity/raw/dp0.8_k-0.3_n8000_r20_m4000.rds
    log: logs/bias_sensitivity/run_dp0.8_k-0.3_n8000_r20_m4000.log
    jobid: 1583
    reason: Missing output files: results/bias_sensitivity/raw/dp0.8_k-0.3_n8000_r20_m4000.rds
    wildcards: cell=dp0.8_k-0.3_n8000_r20_m4000
    threads: 2
    resources: tmpdir=/tmp

[Wed Sep  2 02:30:10 2026]
Finished job 1145.
972 of 1923 steps (51%) done
Select jobs to execute...
Execute 1 jobs...

[Wed Sep  2 02:30:10 2026]
localrule run_cell:
    output: results/bias_sensitivity/raw/dp0.15_k0.3_n8000_r10_m2000.rds
    log: logs/bias_sensitivity/run_dp0.15_k0.3_n8000_r10_m2000.log
    jobid: 186
    reason: Missing output files: results/bias_sensitivity/raw/dp0.15_k0.3_n8000_r10_m2000.rds
    wildcards: cell=dp0.15_k0.3_n8000_r10_m2000
    threads: 2
    resources: tmpdir=/tmp

[Wed Sep  2 02:31:07 2026]
Finished job 923.
973 of 1923 steps (51%) done
Select jobs to execute...
Execute 1 jobs...

[Wed Sep  2 02:31:07 2026]
localrule run_cell:
    output: results/bias_sensitivity/raw/dp0.35_k0.3_n2000_r10_m2000.rds
    log: logs/bias_sensitivity/run_dp0.35_k0.3_n2000_r10_m2000.log
    jobid: 546
    reason: Missing output files: results/bias_sensitivity/raw/dp0.35_k0.3_n2000_r10_m2000.rds
    wildcards: cell=dp0.35_k0.3_n2000_r10_m2000
    threads: 2
    resources: tmpdir=/tmp

[Wed Sep  2 02:31:09 2026]
Finished job 331.
974 of 1923 steps (51%) done
Select jobs to execute...
Execute 1 jobs...

[Wed Sep  2 02:31:09 2026]
localrule run_cell:
    output: results/bias_sensitivity/raw/dp0.65_k0.3_n8000_r10_m2000.rds
    log: logs/bias_sensitivity/run_dp0.65_k0.3_n8000_r10_m2000.log
    jobid: 1146
    reason: Missing output files: results/bias_sensitivity/raw/dp0.65_k0.3_n8000_r10_m2000.rds
    wildcards: cell=dp0.65_k0.3_n8000_r10_m2000
    threads: 2
    resources: tmpdir=/tmp

[Wed Sep  2 02:31:24 2026]
Finished job 1611.
975 of 1923 steps (51%) done
Select jobs to execute...
Execute 1 jobs...

[Wed Sep  2 02:31:24 2026]
localrule run_cell:
    output: results/bias_sensitivity/raw/dp0.75_k-0.3_n2000_r10_m2000.rds
    log: logs/bias_sensitivity/run_dp0.75_k-0.3_n2000_r10_m2000.log
    jobid: 1266
    reason: Missing output files: results/bias_sensitivity/raw/dp0.75_k-0.3_n2000_r10_m2000.rds
    wildcards: cell=dp0.75_k-0.3_n2000_r10_m2000
    threads: 2
    resources: tmpdir=/tmp

[Wed Sep  2 02:31:27 2026]
Finished job 861.
976 of 1923 steps (51%) done
Select jobs to execute...
Execute 1 jobs...

[Wed Sep  2 02:31:27 2026]
localrule run_cell:
    output: results/bias_sensitivity/raw/dp0.2_k-0.3_n8000_r10_m2000.rds
    log: logs/bias_sensitivity/run_dp0.2_k-0.3_n8000_r10_m2000.log
    jobid: 426
    reason: Missing output files: results/bias_sensitivity/raw/dp0.2_k-0.3_n8000_r10_m2000.rds
    wildcards: cell=dp0.2_k-0.3_n8000_r10_m2000
    threads: 2
    resources: tmpdir=/tmp

[Wed Sep  2 02:31:29 2026]
Finished job 1324.
977 of 1923 steps (51%) done
Select jobs to execute...
Execute 1 jobs...

[Wed Sep  2 02:31:29 2026]
localrule run_cell:
    output: results/bias_sensitivity/raw/dp0.4_k-0.3_n2000_r10_m2000.rds
    log: logs/bias_sensitivity/run_dp0.4_k-0.3_n2000_r10_m2000.log
    jobid: 786
    reason: Missing output files: results/bias_sensitivity/raw/dp0.4_k-0.3_n2000_r10_m2000.rds
    wildcards: cell=dp0.4_k-0.3_n2000_r10_m2000
    threads: 2
    resources: tmpdir=/tmp

[Wed Sep  2 02:31:51 2026]
Finished job 1900.
978 of 1923 steps (51%) done
Select jobs to execute...
Execute 1 jobs...

[Wed Sep  2 02:31:51 2026]
localrule run_cell:
    output: results/bias_sensitivity/raw/dp0.55_k-0.3_n8000_r10_m2000.rds
    log: logs/bias_sensitivity/run_dp0.55_k-0.3_n8000_r10_m2000.log
    jobid: 906
    reason: Missing output files: results/bias_sensitivity/raw/dp0.55_k-0.3_n8000_r10_m2000.rds
    wildcards: cell=dp0.55_k-0.3_n8000_r10_m2000
    threads: 2
    resources: tmpdir=/tmp

[Wed Sep  2 02:32:03 2026]
Finished job 1857.
979 of 1923 steps (51%) done
Select jobs to execute...
Execute 1 jobs...

[Wed Sep  2 02:32:03 2026]
localrule run_cell:
    output: results/bias_sensitivity/raw/dp0.5_k-0.3_n10000_r20_m2000.rds
    log: logs/bias_sensitivity/run_dp0.5_k-0.3_n10000_r20_m2000.log
    jobid: 966
    reason: Missing output files: results/bias_sensitivity/raw/dp0.5_k-0.3_n10000_r20_m2000.rds
    wildcards: cell=dp0.5_k-0.3_n10000_r20_m2000
    threads: 2
    resources: tmpdir=/tmp

[Wed Sep  2 02:32:05 2026]
Finished job 1643.
980 of 1923 steps (51%) done
Select jobs to execute...
Execute 1 jobs...

[Wed Sep  2 02:32:05 2026]
localrule run_cell:
    output: results/bias_sensitivity/raw/dp0.5_k0.3_n2000_r10_m2000.rds
    log: logs/bias_sensitivity/run_dp0.5_k0.3_n2000_r10_m2000.log
    jobid: 1026
    reason: Missing output files: results/bias_sensitivity/raw/dp0.5_k0.3_n2000_r10_m2000.rds
    wildcards: cell=dp0.5_k0.3_n2000_r10_m2000
    threads: 2
    resources: tmpdir=/tmp

[Wed Sep  2 02:32:32 2026]
Finished job 940.
981 of 1923 steps (51%) done
Select jobs to execute...
Execute 1 jobs...

[Wed Sep  2 02:32:32 2026]
localrule run_cell:
    output: results/bias_sensitivity/raw/dp0.6_k0.3_n10000_r20_m2000.rds
    log: logs/bias_sensitivity/run_dp0.6_k0.3_n10000_r20_m2000.log
    jobid: 1206
    reason: Missing output files: results/bias_sensitivity/raw/dp0.6_k0.3_n10000_r20_m2000.rds
    wildcards: cell=dp0.6_k0.3_n10000_r20_m2000
    threads: 2
    resources: tmpdir=/tmp

[Wed Sep  2 02:32:43 2026]
Finished job 1403.
982 of 1923 steps (51%) done
Select jobs to execute...
Execute 1 jobs...

[Wed Sep  2 02:32:43 2026]
localrule run_cell:
    output: results/bias_sensitivity/raw/dp0.7_k-0.3_n8000_r10_m2000.rds
    log: logs/bias_sensitivity/run_dp0.7_k-0.3_n8000_r10_m2000.log
    jobid: 1386
    reason: Missing output files: results/bias_sensitivity/raw/dp0.7_k-0.3_n8000_r10_m2000.rds
    wildcards: cell=dp0.7_k-0.3_n8000_r10_m2000
    threads: 2
    resources: tmpdir=/tmp

[Wed Sep  2 02:32:45 2026]
Finished job 220.
983 of 1923 steps (51%) done
Select jobs to execute...
Execute 1 jobs...

[Wed Sep  2 02:32:45 2026]
localrule run_cell:
    output: results/bias_sensitivity/raw/dp0.85_k0.3_n2000_r10_m2000.rds
    log: logs/bias_sensitivity/run_dp0.85_k0.3_n2000_r10_m2000.log
    jobid: 1506
    reason: Missing output files: results/bias_sensitivity/raw/dp0.85_k0.3_n2000_r10_m2000.rds
    wildcards: cell=dp0.85_k0.3_n2000_r10_m2000
    threads: 2
    resources: tmpdir=/tmp

[Wed Sep  2 02:32:57 2026]
Finished job 1163.
984 of 1923 steps (51%) done
Select jobs to execute...
Execute 1 jobs...

[Wed Sep  2 02:32:57 2026]
localrule run_cell:
    output: results/bias_sensitivity/raw/dp0.8_k-0.3_n4000_r20_m2000.rds
    log: logs/bias_sensitivity/run_dp0.8_k-0.3_n4000_r20_m2000.log
    jobid: 1566
    reason: Missing output files: results/bias_sensitivity/raw/dp0.8_k-0.3_n4000_r20_m2000.rds
    wildcards: cell=dp0.8_k-0.3_n4000_r20_m2000
    threads: 2
    resources: tmpdir=/tmp

[Wed Sep  2 02:34:17 2026]
Finished job 743.
985 of 1923 steps (51%) done
Select jobs to execute...
Execute 1 jobs...

[Wed Sep  2 02:34:17 2026]
localrule run_cell:
    output: results/bias_sensitivity/raw/dp1_k-0.3_n8000_r10_m2000.rds
    log: logs/bias_sensitivity/run_dp1_k-0.3_n8000_r10_m2000.log
    jobid: 1866
    reason: Missing output files: results/bias_sensitivity/raw/dp1_k-0.3_n8000_r10_m2000.rds
    wildcards: cell=dp1_k-0.3_n8000_r10_m2000
    threads: 2
    resources: tmpdir=/tmp

[Wed Sep  2 02:34:38 2026]
Finished job 1660.
986 of 1923 steps (51%) done
Select jobs to execute...
Execute 1 jobs...

[Wed Sep  2 02:34:38 2026]
localrule run_cell:
    output: results/bias_sensitivity/raw/dp0.05_k-0.3_n8000_r5_m4000.rds
    log: logs/bias_sensitivity/run_dp0.05_k-0.3_n8000_r5_m4000.log
    jobid: 49
    reason: Missing output files: results/bias_sensitivity/raw/dp0.05_k-0.3_n8000_r5_m4000.rds
    wildcards: cell=dp0.05_k-0.3_n8000_r5_m4000
    threads: 2
    resources: tmpdir=/tmp

[Wed Sep  2 02:34:42 2026]
Finished job 1582.
987 of 1923 steps (51%) done
Select jobs to execute...
Execute 1 jobs...

[Wed Sep  2 02:34:42 2026]
localrule run_cell:
    output: results/bias_sensitivity/raw/dp0.15_k-0.3_n1000_r15_m4000.rds
    log: logs/bias_sensitivity/run_dp0.15_k-0.3_n1000_r15_m4000.log
    jobid: 109
    reason: Missing output files: results/bias_sensitivity/raw/dp0.15_k-0.3_n1000_r15_m4000.rds
    wildcards: cell=dp0.15_k-0.3_n1000_r15_m4000
    threads: 2
    resources: tmpdir=/tmp

[Wed Sep  2 02:34:56 2026]
Finished job 520.
988 of 1923 steps (51%) done
Select jobs to execute...
Execute 1 jobs...

[Wed Sep  2 02:34:56 2026]
localrule run_cell:
    output: results/bias_sensitivity/raw/dp0.15_k0.3_n2000_r5_m4000.rds
    log: logs/bias_sensitivity/run_dp0.15_k0.3_n2000_r5_m4000.log
    jobid: 169
    reason: Missing output files: results/bias_sensitivity/raw/dp0.15_k0.3_n2000_r5_m4000.rds
    wildcards: cell=dp0.15_k0.3_n2000_r5_m4000
    threads: 2
    resources: tmpdir=/tmp

[Wed Sep  2 02:35:12 2026]
Finished job 48.
989 of 1923 steps (51%) done
Select jobs to execute...
Execute 1 jobs...

[Wed Sep  2 02:35:12 2026]
localrule run_cell:
    output: results/bias_sensitivity/raw/dp0.1_k-0.3_n6000_r15_m4000.rds
    log: logs/bias_sensitivity/run_dp0.1_k-0.3_n6000_r15_m4000.log
    jobid: 229
    reason: Missing output files: results/bias_sensitivity/raw/dp0.1_k-0.3_n6000_r15_m4000.rds
    wildcards: cell=dp0.1_k-0.3_n6000_r15_m4000
    threads: 2
    resources: tmpdir=/tmp

[Wed Sep  2 02:35:26 2026]
Finished job 263.
990 of 1923 steps (51%) done
Select jobs to execute...
Execute 1 jobs...

[Wed Sep  2 02:35:26 2026]
localrule run_cell:
    output: results/bias_sensitivity/raw/dp0.1_k0.3_n8000_r5_m4000.rds
    log: logs/bias_sensitivity/run_dp0.1_k0.3_n8000_r5_m4000.log
    jobid: 289
    reason: Missing output files: results/bias_sensitivity/raw/dp0.1_k0.3_n8000_r5_m4000.rds
    wildcards: cell=dp0.1_k0.3_n8000_r5_m4000
    threads: 2
    resources: tmpdir=/tmp

[Wed Sep  2 02:35:43 2026]
Finished job 1480.
991 of 1923 steps (52%) done
Select jobs to execute...
Execute 1 jobs...

[Wed Sep  2 02:35:43 2026]
localrule run_cell:
    output: results/bias_sensitivity/raw/dp0.25_k0.3_n1000_r15_m4000.rds
    log: logs/bias_sensitivity/run_dp0.25_k0.3_n1000_r15_m4000.log
    jobid: 349
    reason: Missing output files: results/bias_sensitivity/raw/dp0.25_k0.3_n1000_r15_m4000.rds
    wildcards: cell=dp0.25_k0.3_n1000_r15_m4000
    threads: 2
    resources: tmpdir=/tmp

[Wed Sep  2 02:36:25 2026]
Finished job 1539.
992 of 1923 steps (52%) done
Select jobs to execute...
Execute 1 jobs...

[Wed Sep  2 02:36:25 2026]
localrule run_cell:
    output: results/bias_sensitivity/raw/dp0.2_k0.3_n6000_r15_m4000.rds
    log: logs/bias_sensitivity/run_dp0.2_k0.3_n6000_r15_m4000.log
    jobid: 469
    reason: Missing output files: results/bias_sensitivity/raw/dp0.2_k0.3_n6000_r15_m4000.rds
    wildcards: cell=dp0.2_k0.3_n6000_r15_m4000
    threads: 2
    resources: tmpdir=/tmp

[Wed Sep  2 02:36:37 2026]
Finished job 1542.
993 of 1923 steps (52%) done
Select jobs to execute...
Execute 1 jobs...

[Wed Sep  2 02:36:37 2026]
localrule run_cell:
    output: results/bias_sensitivity/raw/dp0.45_k-0.3_n6000_r15_m4000.rds
    log: logs/bias_sensitivity/run_dp0.45_k-0.3_n6000_r15_m4000.log
    jobid: 709
    reason: Missing output files: results/bias_sensitivity/raw/dp0.45_k-0.3_n6000_r15_m4000.rds
    wildcards: cell=dp0.45_k-0.3_n6000_r15_m4000
    threads: 2
    resources: tmpdir=/tmp

[Wed Sep  2 02:37:02 2026]
Finished job 1423.
994 of 1923 steps (52%) done
Select jobs to execute...
Execute 1 jobs...

[Wed Sep  2 02:37:02 2026]
localrule run_cell:
    output: results/bias_sensitivity/raw/dp0.45_k0.3_n8000_r5_m4000.rds
    log: logs/bias_sensitivity/run_dp0.45_k0.3_n8000_r5_m4000.log
    jobid: 769
    reason: Missing output files: results/bias_sensitivity/raw/dp0.45_k0.3_n8000_r5_m4000.rds
    wildcards: cell=dp0.45_k0.3_n8000_r5_m4000
    threads: 2
    resources: tmpdir=/tmp

[Wed Sep  2 02:37:42 2026]
Finished job 109.
995 of 1923 steps (52%) done
Select jobs to execute...
Execute 1 jobs...

[Wed Sep  2 02:37:42 2026]
localrule run_cell:
    output: results/bias_sensitivity/raw/dp0.65_k0.3_n1000_r5_m4000.rds
    log: logs/bias_sensitivity/run_dp0.65_k0.3_n1000_r5_m4000.log
    jobid: 1121
    reason: Missing output files: results/bias_sensitivity/raw/dp0.65_k0.3_n1000_r5_m4000.rds
    wildcards: cell=dp0.65_k0.3_n1000_r5_m4000
    threads: 2
    resources: tmpdir=/tmp

[Wed Sep  2 02:37:59 2026]
Finished job 1581.
996 of 1923 steps (52%) done
Select jobs to execute...
Execute 1 jobs...

[Wed Sep  2 02:37:59 2026]
localrule run_cell:
    output: results/bias_sensitivity/raw/dp1_k-0.3_n2000_r20_m2000.rds
    log: logs/bias_sensitivity/run_dp1_k-0.3_n2000_r20_m2000.log
    jobid: 1846
    reason: Missing output files: results/bias_sensitivity/raw/dp1_k-0.3_n2000_r20_m2000.rds
    wildcards: cell=dp1_k-0.3_n2000_r20_m2000
    threads: 2
    resources: tmpdir=/tmp

[Wed Sep  2 02:38:22 2026]
Finished job 767.
997 of 1923 steps (52%) done
Select jobs to execute...
Execute 1 jobs...

[Wed Sep  2 02:38:22 2026]
localrule run_cell:
    output: results/bias_sensitivity/raw/dp0.05_k-0.3_n4000_r5_m2000.rds
    log: logs/bias_sensitivity/run_dp0.05_k-0.3_n4000_r5_m2000.log
    jobid: 32
    reason: Missing output files: results/bias_sensitivity/raw/dp0.05_k-0.3_n4000_r5_m2000.rds
    wildcards: cell=dp0.05_k-0.3_n4000_r5_m2000
    threads: 2
    resources: tmpdir=/tmp

[Wed Sep  2 02:38:27 2026]
Finished job 185.
998 of 1923 steps (52%) done
Select jobs to execute...
Execute 1 jobs...

[Wed Sep  2 02:38:27 2026]
localrule run_cell:
    output: results/bias_sensitivity/raw/dp0.05_k0.3_n8000_r15_m2000.rds
    log: logs/bias_sensitivity/run_dp0.05_k0.3_n8000_r15_m2000.log
    jobid: 92
    reason: Missing output files: results/bias_sensitivity/raw/dp0.05_k0.3_n8000_r15_m2000.rds
    wildcards: cell=dp0.05_k0.3_n8000_r15_m2000
    threads: 2
    resources: tmpdir=/tmp

[Wed Sep  2 02:38:38 2026]
Finished job 1266.
999 of 1923 steps (52%) done
Select jobs to execute...
Execute 1 jobs...

[Wed Sep  2 02:38:38 2026]
localrule run_cell:
    output: results/bias_sensitivity/raw/dp0.1_k-0.3_n2000_r15_m2000.rds
    log: logs/bias_sensitivity/run_dp0.1_k-0.3_n2000_r15_m2000.log
    jobid: 212
    reason: Missing output files: results/bias_sensitivity/raw/dp0.1_k-0.3_n2000_r15_m2000.rds
    wildcards: cell=dp0.1_k-0.3_n2000_r15_m2000
    threads: 2
    resources: tmpdir=/tmp

[Wed Sep  2 02:38:48 2026]
Finished job 546.
1000 of 1923 steps (52%) done
Select jobs to execute...
Execute 1 jobs...

[Wed Sep  2 02:38:48 2026]
localrule run_cell:
    output: results/bias_sensitivity/raw/dp0.25_k-0.3_n8000_r15_m2000.rds
    log: logs/bias_sensitivity/run_dp0.25_k-0.3_n8000_r15_m2000.log
    jobid: 332
    reason: Missing output files: results/bias_sensitivity/raw/dp0.25_k-0.3_n8000_r15_m2000.rds
    wildcards: cell=dp0.25_k-0.3_n8000_r15_m2000
    threads: 2
    resources: tmpdir=/tmp

[Wed Sep  2 02:38:48 2026]
Finished job 349.
1001 of 1923 steps (52%) done
Select jobs to execute...
Execute 1 jobs...

[Wed Sep  2 02:38:48 2026]
localrule run_cell:
    output: results/bias_sensitivity/raw/dp0.2_k0.3_n2000_r15_m2000.rds
    log: logs/bias_sensitivity/run_dp0.2_k0.3_n2000_r15_m2000.log
    jobid: 452
    reason: Missing output files: results/bias_sensitivity/raw/dp0.2_k0.3_n2000_r15_m2000.rds
    wildcards: cell=dp0.2_k0.3_n2000_r15_m2000
    threads: 2
    resources: tmpdir=/tmp

[Wed Sep  2 02:39:02 2026]
Finished job 1720.
1002 of 1923 steps (52%) done
Select jobs to execute...
Execute 1 jobs...

[Wed Sep  2 02:39:02 2026]
localrule run_cell:
    output: results/bias_sensitivity/raw/dp0.85_k-0.3_n2000_r5_m4000.rds
    log: logs/bias_sensitivity/run_dp0.85_k-0.3_n2000_r5_m4000.log
    jobid: 1465
    reason: Missing output files: results/bias_sensitivity/raw/dp0.85_k-0.3_n2000_r5_m4000.rds
    wildcards: cell=dp0.85_k-0.3_n2000_r5_m4000
    threads: 2
    resources: tmpdir=/tmp

[Wed Sep  2 02:39:12 2026]
Finished job 1916.
1003 of 1923 steps (52%) done
Select jobs to execute...
Execute 1 jobs...

[Wed Sep  2 02:39:12 2026]
localrule run_cell:
    output: results/bias_sensitivity/raw/dp0.75_k-0.3_n1000_r10_m2000.rds
    log: logs/bias_sensitivity/run_dp0.75_k-0.3_n1000_r10_m2000.log
    jobid: 1258
    reason: Missing output files: results/bias_sensitivity/raw/dp0.75_k-0.3_n1000_r10_m2000.rds
    wildcards: cell=dp0.75_k-0.3_n1000_r10_m2000
    threads: 2
    resources: tmpdir=/tmp

[Wed Sep  2 02:39:14 2026]
Finished job 1026.
1004 of 1923 steps (52%) done
Select jobs to execute...
Execute 1 jobs...

[Wed Sep  2 02:39:14 2026]
localrule run_cell:
    output: results/bias_sensitivity/raw/dp0.7_k0.3_n8000_r20_m2000.rds
    log: logs/bias_sensitivity/run_dp0.7_k0.3_n8000_r20_m2000.log
    jobid: 1438
    reason: Missing output files: results/bias_sensitivity/raw/dp0.7_k0.3_n8000_r20_m2000.rds
    wildcards: cell=dp0.7_k0.3_n8000_r20_m2000
    threads: 2
    resources: tmpdir=/tmp

[Wed Sep  2 02:39:41 2026]
Finished job 786.
1005 of 1923 steps (52%) done
Select jobs to execute...
Execute 1 jobs...

[Wed Sep  2 02:39:41 2026]
localrule run_cell:
    output: results/bias_sensitivity/raw/dp0.55_k0.3_n8000_r20_m2000.rds
    log: logs/bias_sensitivity/run_dp0.55_k0.3_n8000_r20_m2000.log
    jobid: 958
    reason: Missing output files: results/bias_sensitivity/raw/dp0.55_k0.3_n8000_r20_m2000.rds
    wildcards: cell=dp0.55_k0.3_n8000_r20_m2000
    threads: 2
    resources: tmpdir=/tmp

[Wed Sep  2 02:40:00 2026]
Finished job 90.
1006 of 1923 steps (52%) done
Select jobs to execute...
Execute 1 jobs...

[Wed Sep  2 02:40:00 2026]
localrule run_cell:
    output: results/bias_sensitivity/raw/dp0.4_k0.3_n2000_r20_m2000.rds
    log: logs/bias_sensitivity/run_dp0.4_k0.3_n2000_r20_m2000.log
    jobid: 838
    reason: Missing output files: results/bias_sensitivity/raw/dp0.4_k0.3_n2000_r20_m2000.rds
    wildcards: cell=dp0.4_k0.3_n2000_r20_m2000
    threads: 2
    resources: tmpdir=/tmp

[Wed Sep  2 02:40:42 2026]
Finished job 1506.
1007 of 1923 steps (52%) done
Select jobs to execute...
Execute 1 jobs...

[Wed Sep  2 02:40:42 2026]
localrule run_cell:
    output: results/bias_sensitivity/raw/dp0.75_k0.3_n2000_r20_m2000.rds
    log: logs/bias_sensitivity/run_dp0.75_k0.3_n2000_r20_m2000.log
    jobid: 1318
    reason: Missing output files: results/bias_sensitivity/raw/dp0.75_k0.3_n2000_r20_m2000.rds
    wildcards: cell=dp0.75_k0.3_n2000_r20_m2000
    threads: 2
    resources: tmpdir=/tmp

[Wed Sep  2 02:40:57 2026]
Finished job 169.
1008 of 1923 steps (52%) done
Select jobs to execute...
Execute 1 jobs...

[Wed Sep  2 02:40:57 2026]
localrule run_cell:
    output: results/bias_sensitivity/raw/dp0.5_k0.3_n1000_r10_m2000.rds
    log: logs/bias_sensitivity/run_dp0.5_k0.3_n1000_r10_m2000.log
    jobid: 1018
    reason: Missing output files: results/bias_sensitivity/raw/dp0.5_k0.3_n1000_r10_m2000.rds
    wildcards: cell=dp0.5_k0.3_n1000_r10_m2000
    threads: 2
    resources: tmpdir=/tmp

[Wed Sep  2 02:41:06 2026]
Finished job 1121.
1009 of 1923 steps (52%) done
Select jobs to execute...
Execute 1 jobs...

[Wed Sep  2 02:41:06 2026]
localrule run_cell:
    output: results/bias_sensitivity/raw/dp0.3_k0.3_n6000_r10_m2000.rds
    log: logs/bias_sensitivity/run_dp0.3_k0.3_n6000_r10_m2000.log
    jobid: 658
    reason: Missing output files: results/bias_sensitivity/raw/dp0.3_k0.3_n6000_r10_m2000.rds
    wildcards: cell=dp0.3_k0.3_n6000_r10_m2000
    threads: 2
    resources: tmpdir=/tmp

[Wed Sep  2 02:42:20 2026]
Finished job 1258.
1010 of 1923 steps (53%) done
Select jobs to execute...
Execute 1 jobs...

[Wed Sep  2 02:42:20 2026]
localrule run_cell:
    output: results/bias_sensitivity/raw/dp0.45_k-0.3_n8000_r20_m2000.rds
    log: logs/bias_sensitivity/run_dp0.45_k-0.3_n8000_r20_m2000.log
    jobid: 718
    reason: Missing output files: results/bias_sensitivity/raw/dp0.45_k-0.3_n8000_r20_m2000.rds
    wildcards: cell=dp0.45_k-0.3_n8000_r20_m2000
    threads: 2
    resources: tmpdir=/tmp

[Wed Sep  2 02:42:26 2026]
Finished job 1523.
1011 of 1923 steps (53%) done
Select jobs to execute...
Execute 1 jobs...

[Wed Sep  2 02:42:26 2026]
localrule run_cell:
    output: results/bias_sensitivity/raw/dp0.15_k0.3_n6000_r10_m2000.rds
    log: logs/bias_sensitivity/run_dp0.15_k0.3_n6000_r10_m2000.log
    jobid: 178
    reason: Missing output files: results/bias_sensitivity/raw/dp0.15_k0.3_n6000_r10_m2000.rds
    wildcards: cell=dp0.15_k0.3_n6000_r10_m2000
    threads: 2
    resources: tmpdir=/tmp

[Wed Sep  2 02:42:28 2026]
Finished job 1566.
1012 of 1923 steps (53%) done
Select jobs to execute...
Execute 1 jobs...

[Wed Sep  2 02:42:28 2026]
localrule run_cell:
    output: results/bias_sensitivity/raw/dp0.65_k0.3_n6000_r10_m2000.rds
    log: logs/bias_sensitivity/run_dp0.65_k0.3_n6000_r10_m2000.log
    jobid: 1138
    reason: Missing output files: results/bias_sensitivity/raw/dp0.65_k0.3_n6000_r10_m2000.rds
    wildcards: cell=dp0.65_k0.3_n6000_r10_m2000
    threads: 2
    resources: tmpdir=/tmp

[Wed Sep  2 02:43:27 2026]
Finished job 1864.
1013 of 1923 steps (53%) done
Select jobs to execute...
Execute 1 jobs...

[Wed Sep  2 02:43:27 2026]
localrule run_cell:
    output: results/bias_sensitivity/raw/dp0.9_k0.3_n2000_r20_m2000.rds
    log: logs/bias_sensitivity/run_dp0.9_k0.3_n2000_r20_m2000.log
    jobid: 1798
    reason: Missing output files: results/bias_sensitivity/raw/dp0.9_k0.3_n2000_r20_m2000.rds
    wildcards: cell=dp0.9_k0.3_n2000_r20_m2000
    threads: 2
    resources: tmpdir=/tmp

[Wed Sep  2 02:44:07 2026]
Finished job 1018.
1014 of 1923 steps (53%) done
Select jobs to execute...
Execute 1 jobs...

[Wed Sep  2 02:44:07 2026]
localrule run_cell:
    output: results/bias_sensitivity/raw/dp1_k-0.3_n6000_r10_m2000.rds
    log: logs/bias_sensitivity/run_dp1_k-0.3_n6000_r10_m2000.log
    jobid: 1858
    reason: Missing output files: results/bias_sensitivity/raw/dp1_k-0.3_n6000_r10_m2000.rds
    wildcards: cell=dp1_k-0.3_n6000_r10_m2000
    threads: 2
    resources: tmpdir=/tmp

[Wed Sep  2 02:44:34 2026]
Finished job 1302.
1015 of 1923 steps (53%) done
Select jobs to execute...
Execute 1 jobs...

[Wed Sep  2 02:44:34 2026]
localrule run_cell:
    output: results/bias_sensitivity/raw/dp0.85_k0.3_n1000_r10_m2000.rds
    log: logs/bias_sensitivity/run_dp0.85_k0.3_n1000_r10_m2000.log
    jobid: 1498
    reason: Missing output files: results/bias_sensitivity/raw/dp0.85_k0.3_n1000_r10_m2000.rds
    wildcards: cell=dp0.85_k0.3_n1000_r10_m2000
    threads: 2
    resources: tmpdir=/tmp

[Wed Sep  2 02:44:43 2026]
Finished job 186.
1016 of 1923 steps (53%) done
Select jobs to execute...
Execute 1 jobs...

[Wed Sep  2 02:44:43 2026]
localrule run_cell:
    output: results/bias_sensitivity/raw/dp0.8_k-0.3_n2000_r20_m2000.rds
    log: logs/bias_sensitivity/run_dp0.8_k-0.3_n2000_r20_m2000.log
    jobid: 1558
    reason: Missing output files: results/bias_sensitivity/raw/dp0.8_k-0.3_n2000_r20_m2000.rds
    wildcards: cell=dp0.8_k-0.3_n2000_r20_m2000
    threads: 2
    resources: tmpdir=/tmp

[Wed Sep  2 02:44:43 2026]
Finished job 707.
1017 of 1923 steps (53%) done
Select jobs to execute...
Execute 1 jobs...

[Wed Sep  2 02:44:43 2026]
localrule run_cell:
    output: results/bias_sensitivity/raw/dp0.7_k-0.3_n6000_r10_m2000.rds
    log: logs/bias_sensitivity/run_dp0.7_k-0.3_n6000_r10_m2000.log
    jobid: 1378
    reason: Missing output files: results/bias_sensitivity/raw/dp0.7_k-0.3_n6000_r10_m2000.rds
    wildcards: cell=dp0.7_k-0.3_n6000_r10_m2000
    threads: 2
    resources: tmpdir=/tmp

[Wed Sep  2 02:45:00 2026]
Finished job 1686.
1018 of 1923 steps (53%) done
Select jobs to execute...
Execute 1 jobs...

[Wed Sep  2 02:45:00 2026]
localrule run_cell:
    output: results/bias_sensitivity/raw/dp0.5_k-0.3_n6000_r5_m4000.rds
    log: logs/bias_sensitivity/run_dp0.5_k-0.3_n6000_r5_m4000.log
    jobid: 1001
    reason: Missing output files: results/bias_sensitivity/raw/dp0.5_k-0.3_n6000_r5_m4000.rds
    wildcards: cell=dp0.5_k-0.3_n6000_r5_m4000
    threads: 2
    resources: tmpdir=/tmp

[Wed Sep  2 02:45:16 2026]
Finished job 287.
1019 of 1923 steps (53%) done
Select jobs to execute...
Execute 1 jobs...

[Wed Sep  2 02:45:16 2026]
localrule run_cell:
    output: results/bias_sensitivity/raw/dp0.3_k-0.3_n10000_r15_m4000.rds
    log: logs/bias_sensitivity/run_dp0.3_k-0.3_n10000_r15_m4000.log
    jobid: 581
    reason: Missing output files: results/bias_sensitivity/raw/dp0.3_k-0.3_n10000_r15_m4000.rds
    wildcards: cell=dp0.3_k-0.3_n10000_r15_m4000
    threads: 2
    resources: tmpdir=/tmp

[Wed Sep  2 02:45:22 2026]
Finished job 1103.
1020 of 1923 steps (53%) done
Select jobs to execute...
Execute 1 jobs...

[Wed Sep  2 02:45:22 2026]
localrule run_cell:
    output: results/bias_sensitivity/raw/dp0.3_k0.3_n1000_r5_m4000.rds
    log: logs/bias_sensitivity/run_dp0.3_k0.3_n1000_r5_m4000.log
    jobid: 641
    reason: Missing output files: results/bias_sensitivity/raw/dp0.3_k0.3_n1000_r5_m4000.rds
    wildcards: cell=dp0.3_k0.3_n1000_r5_m4000
    threads: 2
    resources: tmpdir=/tmp

[Wed Sep  2 02:45:31 2026]
Finished job 212.
1021 of 1923 steps (53%) done
Select jobs to execute...
Execute 1 jobs...

[Wed Sep  2 02:45:31 2026]
localrule run_cell:
    output: results/bias_sensitivity/raw/dp0.55_k-0.3_n1000_r5_m4000.rds
    log: logs/bias_sensitivity/run_dp0.55_k-0.3_n1000_r5_m4000.log
    jobid: 881
    reason: Missing output files: results/bias_sensitivity/raw/dp0.55_k-0.3_n1000_r5_m4000.rds
    wildcards: cell=dp0.55_k-0.3_n1000_r5_m4000
    threads: 2
    resources: tmpdir=/tmp

[Wed Sep  2 02:45:33 2026]
Finished job 1846.
1022 of 1923 steps (53%) done
Select jobs to execute...
Execute 1 jobs...

[Wed Sep  2 02:45:33 2026]
localrule run_cell:
    output: results/bias_sensitivity/raw/dp1_k-0.3_n1000_r5_m4000.rds
    log: logs/bias_sensitivity/run_dp1_k-0.3_n1000_r5_m4000.log
    jobid: 1841
    reason: Missing output files: results/bias_sensitivity/raw/dp1_k-0.3_n1000_r5_m4000.rds
    wildcards: cell=dp1_k-0.3_n1000_r5_m4000
    threads: 2
    resources: tmpdir=/tmp

[Wed Sep  2 02:46:07 2026]
Finished job 426.
1023 of 1923 steps (53%) done
Select jobs to execute...
Execute 1 jobs...

[Wed Sep  2 02:46:07 2026]
localrule run_cell:
    output: results/bias_sensitivity/raw/dp0.95_k0.3_n6000_r5_m4000.rds
    log: logs/bias_sensitivity/run_dp0.95_k0.3_n6000_r5_m4000.log
    jobid: 1721
    reason: Missing output files: results/bias_sensitivity/raw/dp0.95_k0.3_n6000_r5_m4000.rds
    wildcards: cell=dp0.95_k0.3_n6000_r5_m4000
    threads: 2
    resources: tmpdir=/tmp

[Wed Sep  2 02:46:10 2026]
Finished job 468.
1024 of 1923 steps (53%) done
Select jobs to execute...
Execute 1 jobs...

[Wed Sep  2 02:46:10 2026]
localrule run_cell:
    output: results/bias_sensitivity/raw/dp0.8_k0.3_n1000_r5_m4000.rds
    log: logs/bias_sensitivity/run_dp0.8_k0.3_n1000_r5_m4000.log
    jobid: 1601
    reason: Missing output files: results/bias_sensitivity/raw/dp0.8_k0.3_n1000_r5_m4000.rds
    wildcards: cell=dp0.8_k0.3_n1000_r5_m4000
    threads: 2
    resources: tmpdir=/tmp

[Wed Sep  2 02:46:35 2026]
Finished job 452.
1025 of 1923 steps (53%) done
Select jobs to execute...
Execute 1 jobs...

[Wed Sep  2 02:46:35 2026]
localrule run_cell:
    output: results/bias_sensitivity/raw/dp1_k0.3_n4000_r15_m4000.rds
    log: logs/bias_sensitivity/run_dp1_k0.3_n4000_r15_m4000.log
    jobid: 1901
    reason: Missing output files: results/bias_sensitivity/raw/dp1_k0.3_n4000_r15_m4000.rds
    wildcards: cell=dp1_k0.3_n4000_r15_m4000
    threads: 2
    resources: tmpdir=/tmp

[Wed Sep  2 02:46:35 2026]
Finished job 1907.
1026 of 1923 steps (53%) done
Select jobs to execute...
Execute 1 jobs...

[Wed Sep  2 02:46:35 2026]
localrule run_cell:
    output: results/bias_sensitivity/raw/dp0.1_k-0.3_n4000_r15_m4000.rds
    log: logs/bias_sensitivity/run_dp0.1_k-0.3_n4000_r15_m4000.log
    jobid: 221
    reason: Missing output files: results/bias_sensitivity/raw/dp0.1_k-0.3_n4000_r15_m4000.rds
    wildcards: cell=dp0.1_k-0.3_n4000_r15_m4000
    threads: 2
    resources: tmpdir=/tmp

[Wed Sep  2 02:46:50 2026]
Finished job 229.
1027 of 1923 steps (53%) done
Select jobs to execute...
Execute 1 jobs...

[Wed Sep  2 02:46:50 2026]
localrule run_cell:
    output: results/bias_sensitivity/raw/dp0.35_k-0.3_n6000_r5_m4000.rds
    log: logs/bias_sensitivity/run_dp0.35_k-0.3_n6000_r5_m4000.log
    jobid: 521
    reason: Missing output files: results/bias_sensitivity/raw/dp0.35_k-0.3_n6000_r5_m4000.rds
    wildcards: cell=dp0.35_k-0.3_n6000_r5_m4000
    threads: 2
    resources: tmpdir=/tmp

[Wed Sep  2 02:47:09 2026]
Finished job 1465.
1028 of 1923 steps (53%) done
Select jobs to execute...
Execute 1 jobs...

[Wed Sep  2 02:47:09 2026]
localrule run_cell:
    output: results/bias_sensitivity/raw/dp0.85_k-0.3_n6000_r5_m4000.rds
    log: logs/bias_sensitivity/run_dp0.85_k-0.3_n6000_r5_m4000.log
    jobid: 1481
    reason: Missing output files: results/bias_sensitivity/raw/dp0.85_k-0.3_n6000_r5_m4000.rds
    wildcards: cell=dp0.85_k-0.3_n6000_r5_m4000
    threads: 2
    resources: tmpdir=/tmp

[Wed Sep  2 02:47:42 2026]
Finished job 32.
1029 of 1923 steps (54%) done
Select jobs to execute...
Execute 1 jobs...

[Wed Sep  2 02:47:42 2026]
localrule run_cell:
    output: results/bias_sensitivity/raw/dp0.95_k-0.3_n4000_r15_m4000.rds
    log: logs/bias_sensitivity/run_dp0.95_k-0.3_n4000_r15_m4000.log
    jobid: 1661
    reason: Missing output files: results/bias_sensitivity/raw/dp0.95_k-0.3_n4000_r15_m4000.rds
    wildcards: cell=dp0.95_k-0.3_n4000_r15_m4000
    threads: 2
    resources: tmpdir=/tmp

[Wed Sep  2 02:47:57 2026]
Finished job 1318.
1030 of 1923 steps (54%) done
Select jobs to execute...
Execute 1 jobs...

[Wed Sep  2 02:47:57 2026]
localrule run_cell:
    output: results/bias_sensitivity/raw/dp0.8_k-0.3_n10000_r15_m4000.rds
    log: logs/bias_sensitivity/run_dp0.8_k-0.3_n10000_r15_m4000.log
    jobid: 1541
    reason: Missing output files: results/bias_sensitivity/raw/dp0.8_k-0.3_n10000_r15_m4000.rds
    wildcards: cell=dp0.8_k-0.3_n10000_r15_m4000
    threads: 2
    resources: tmpdir=/tmp

[Wed Sep  2 02:47:57 2026]
Finished job 1498.
1031 of 1923 steps (54%) done
Select jobs to execute...
Execute 1 jobs...

[Wed Sep  2 02:47:57 2026]
localrule run_cell:
    output: results/bias_sensitivity/raw/dp1_k0.3_n6000_r20_m2000.rds
    log: logs/bias_sensitivity/run_dp1_k0.3_n6000_r20_m2000.log
    jobid: 1910
    reason: Missing output files: results/bias_sensitivity/raw/dp1_k0.3_n6000_r20_m2000.rds
    wildcards: cell=dp1_k0.3_n6000_r20_m2000
    threads: 2
    resources: tmpdir=/tmp

[Wed Sep  2 02:48:16 2026]
Finished job 838.
1032 of 1923 steps (54%) done
Select jobs to execute...
Execute 1 jobs...

[Wed Sep  2 02:48:16 2026]
localrule run_cell:
    output: results/bias_sensitivity/raw/dp0.7_k-0.3_n8000_r15_m2000.rds
    log: logs/bias_sensitivity/run_dp0.7_k-0.3_n8000_r15_m2000.log
    jobid: 1388
    reason: Missing output files: results/bias_sensitivity/raw/dp0.7_k-0.3_n8000_r15_m2000.rds
    wildcards: cell=dp0.7_k-0.3_n8000_r15_m2000
    threads: 2
    resources: tmpdir=/tmp

[Wed Sep  2 02:48:26 2026]
Finished job 641.
1033 of 1923 steps (54%) done
Select jobs to execute...
Execute 1 jobs...

[Wed Sep  2 02:48:26 2026]
localrule run_cell:
    output: results/bias_sensitivity/raw/dp1_k-0.3_n8000_r15_m2000.rds
    log: logs/bias_sensitivity/run_dp1_k-0.3_n8000_r15_m2000.log
    jobid: 1868
    reason: Missing output files: results/bias_sensitivity/raw/dp1_k-0.3_n8000_r15_m2000.rds
    wildcards: cell=dp1_k-0.3_n8000_r15_m2000
    threads: 2
    resources: tmpdir=/tmp

[Wed Sep  2 02:48:49 2026]
Finished job 881.
1034 of 1923 steps (54%) done
Select jobs to execute...
Execute 1 jobs...

[Wed Sep  2 02:48:49 2026]
localrule run_cell:
    output: results/bias_sensitivity/raw/dp0.55_k-0.3_n10000_r10_m2000.rds
    log: logs/bias_sensitivity/run_dp0.55_k-0.3_n10000_r10_m2000.log
    jobid: 866
    reason: Missing output files: results/bias_sensitivity/raw/dp0.55_k-0.3_n10000_r10_m2000.rds
    wildcards: cell=dp0.55_k-0.3_n10000_r10_m2000
    threads: 2
    resources: tmpdir=/tmp

[Wed Sep  2 02:48:50 2026]
Finished job 1841.
1035 of 1923 steps (54%) done
Select jobs to execute...
Execute 1 jobs...

[Wed Sep  2 02:48:50 2026]
localrule run_cell:
    output: results/bias_sensitivity/raw/dp1_k-0.3_n10000_r10_m2000.rds
    log: logs/bias_sensitivity/run_dp1_k-0.3_n10000_r10_m2000.log
    jobid: 1826
    reason: Missing output files: results/bias_sensitivity/raw/dp1_k-0.3_n10000_r10_m2000.rds
    wildcards: cell=dp1_k-0.3_n10000_r10_m2000
    threads: 2
    resources: tmpdir=/tmp

[Wed Sep  2 02:49:29 2026]
Finished job 1601.
1036 of 1923 steps (54%) done
Select jobs to execute...
Execute 1 jobs...

[Wed Sep  2 02:49:29 2026]
localrule run_cell:
    output: results/bias_sensitivity/raw/dp0.05_k0.3_n6000_r15_m2000.rds
    log: logs/bias_sensitivity/run_dp0.05_k0.3_n6000_r15_m2000.log
    jobid: 84
    reason: Missing output files: results/bias_sensitivity/raw/dp0.05_k0.3_n6000_r15_m2000.rds
    wildcards: cell=dp0.05_k0.3_n6000_r15_m2000
    threads: 2
    resources: tmpdir=/tmp

[Wed Sep  2 02:49:46 2026]
Finished job 966.
1037 of 1923 steps (54%) done
Select jobs to execute...
Execute 1 jobs...

[Wed Sep  2 02:49:46 2026]
localrule run_cell:
    output: results/bias_sensitivity/raw/dp0.7_k0.3_n1000_r15_m2000.rds
    log: logs/bias_sensitivity/run_dp0.7_k0.3_n1000_r15_m2000.log
    jobid: 1404
    reason: Missing output files: results/bias_sensitivity/raw/dp0.7_k0.3_n1000_r15_m2000.rds
    wildcards: cell=dp0.7_k0.3_n1000_r15_m2000
    threads: 2
    resources: tmpdir=/tmp

[Wed Sep  2 02:49:49 2026]
Finished job 905.
1038 of 1923 steps (54%) done
Select jobs to execute...
Execute 1 jobs...

[Wed Sep  2 02:49:49 2026]
localrule run_cell:
    output: results/bias_sensitivity/raw/dp0.1_k0.3_n2000_r5_m2000.rds
    log: logs/bias_sensitivity/run_dp0.1_k0.3_n2000_r5_m2000.log
    jobid: 264
    reason: Missing output files: results/bias_sensitivity/raw/dp0.1_k0.3_n2000_r5_m2000.rds
    wildcards: cell=dp0.1_k0.3_n2000_r5_m2000
    threads: 2
    resources: tmpdir=/tmp

[Wed Sep  2 02:50:13 2026]
Finished job 1798.
1039 of 1923 steps (54%) done
Select jobs to execute...
Execute 1 jobs...

[Wed Sep  2 02:50:13 2026]
localrule run_cell:
    output: results/bias_sensitivity/raw/dp0.35_k0.3_n6000_r15_m2000.rds
    log: logs/bias_sensitivity/run_dp0.35_k0.3_n6000_r15_m2000.log
    jobid: 564
    reason: Missing output files: results/bias_sensitivity/raw/dp0.35_k0.3_n6000_r15_m2000.rds
    wildcards: cell=dp0.35_k0.3_n6000_r15_m2000
    threads: 2
    resources: tmpdir=/tmp

[Wed Sep  2 02:51:17 2026]
Finished job 1866.
1040 of 1923 steps (54%) done
Select jobs to execute...
Execute 1 jobs...

[Wed Sep  2 02:51:17 2026]
localrule run_cell:
    output: results/bias_sensitivity/raw/dp0.45_k0.3_n2000_r5_m2000.rds
    log: logs/bias_sensitivity/run_dp0.45_k0.3_n2000_r5_m2000.log
    jobid: 744
    reason: Missing output files: results/bias_sensitivity/raw/dp0.45_k0.3_n2000_r5_m2000.rds
    wildcards: cell=dp0.45_k0.3_n2000_r5_m2000
    threads: 2
    resources: tmpdir=/tmp

[Wed Sep  2 02:51:30 2026]
Finished job 1205.
1041 of 1923 steps (54%) done
Select jobs to execute...
Execute 1 jobs...

[Wed Sep  2 02:51:30 2026]
localrule run_cell:
    output: results/bias_sensitivity/raw/dp0.4_k-0.3_n6000_r15_m2000.rds
    log: logs/bias_sensitivity/run_dp0.4_k-0.3_n6000_r15_m2000.log
    jobid: 804
    reason: Missing output files: results/bias_sensitivity/raw/dp0.4_k-0.3_n6000_r15_m2000.rds
    wildcards: cell=dp0.4_k-0.3_n6000_r15_m2000
    threads: 2
    resources: tmpdir=/tmp

[Wed Sep  2 02:51:34 2026]
Finished job 1161.
1042 of 1923 steps (54%) done
Select jobs to execute...
Execute 1 jobs...

[Wed Sep  2 02:51:34 2026]
localrule run_cell:
    output: results/bias_sensitivity/raw/dp0.55_k0.3_n1000_r15_m2000.rds
    log: logs/bias_sensitivity/run_dp0.55_k0.3_n1000_r15_m2000.log
    jobid: 924
    reason: Missing output files: results/bias_sensitivity/raw/dp0.55_k0.3_n1000_r15_m2000.rds
    wildcards: cell=dp0.55_k0.3_n1000_r15_m2000
    threads: 2
    resources: tmpdir=/tmp

[Wed Sep  2 02:52:04 2026]
Finished job 1908.
1043 of 1923 steps (54%) done
Select jobs to execute...
Execute 1 jobs...

[Wed Sep  2 02:52:04 2026]
localrule run_cell:
    output: results/bias_sensitivity/raw/dp0.5_k0.3_n6000_r15_m2000.rds
    log: logs/bias_sensitivity/run_dp0.5_k0.3_n6000_r15_m2000.log
    jobid: 1044
    reason: Missing output files: results/bias_sensitivity/raw/dp0.5_k0.3_n6000_r15_m2000.rds
    wildcards: cell=dp0.5_k0.3_n6000_r15_m2000
    threads: 2
    resources: tmpdir=/tmp

[Wed Sep  2 02:52:56 2026]
Finished job 769.
1044 of 1923 steps (54%) done
Select jobs to execute...
Execute 1 jobs...

[Wed Sep  2 02:52:56 2026]
localrule run_cell:
    output: results/bias_sensitivity/raw/dp0.65_k-0.3_n8000_r5_m2000.rds
    log: logs/bias_sensitivity/run_dp0.65_k-0.3_n8000_r5_m2000.log
    jobid: 1104
    reason: Missing output files: results/bias_sensitivity/raw/dp0.65_k-0.3_n8000_r5_m2000.rds
    wildcards: cell=dp0.65_k-0.3_n8000_r5_m2000
    threads: 2
    resources: tmpdir=/tmp

[Wed Sep  2 02:53:00 2026]
Finished job 1558.
1045 of 1923 steps (54%) done
Select jobs to execute...
Execute 1 jobs...

[Wed Sep  2 02:53:00 2026]
localrule run_cell:
    output: results/bias_sensitivity/raw/dp0.75_k0.3_n8000_r5_m2000.rds
    log: logs/bias_sensitivity/run_dp0.75_k0.3_n8000_r5_m2000.log
    jobid: 1344
    reason: Missing output files: results/bias_sensitivity/raw/dp0.75_k0.3_n8000_r5_m2000.rds
    wildcards: cell=dp0.75_k0.3_n8000_r5_m2000
    threads: 2
    resources: tmpdir=/tmp

[Wed Sep  2 02:53:02 2026]
Finished job 1404.
1046 of 1923 steps (54%) done
Select jobs to execute...
Execute 1 jobs...

[Wed Sep  2 02:53:02 2026]
localrule run_cell:
    output: results/bias_sensitivity/raw/dp0.85_k0.3_n6000_r15_m2000.rds
    log: logs/bias_sensitivity/run_dp0.85_k0.3_n6000_r15_m2000.log
    jobid: 1524
    reason: Missing output files: results/bias_sensitivity/raw/dp0.85_k0.3_n6000_r15_m2000.rds
    wildcards: cell=dp0.85_k0.3_n6000_r15_m2000
    threads: 2
    resources: tmpdir=/tmp

[Wed Sep  2 02:53:06 2026]
Finished job 92.
1047 of 1923 steps (54%) done
Select jobs to execute...
Execute 1 jobs...

[Wed Sep  2 02:53:06 2026]
localrule run_cell:
    output: results/bias_sensitivity/raw/dp0.95_k-0.3_n1000_r15_m2000.rds
    log: logs/bias_sensitivity/run_dp0.95_k-0.3_n1000_r15_m2000.log
    jobid: 1644
    reason: Missing output files: results/bias_sensitivity/raw/dp0.95_k-0.3_n1000_r15_m2000.rds
    wildcards: cell=dp0.95_k-0.3_n1000_r15_m2000
    threads: 2
    resources: tmpdir=/tmp

[Wed Sep  2 02:54:50 2026]
Finished job 924.
1048 of 1923 steps (54%) done
Select jobs to execute...
Execute 1 jobs...

[Wed Sep  2 02:54:50 2026]
localrule run_cell:
    output: results/bias_sensitivity/raw/dp0.4_k0.3_n8000_r5_m2000.rds
    log: logs/bias_sensitivity/run_dp0.4_k0.3_n8000_r5_m2000.log
    jobid: 864
    reason: Missing output files: results/bias_sensitivity/raw/dp0.4_k0.3_n8000_r5_m2000.rds
    wildcards: cell=dp0.4_k0.3_n8000_r5_m2000
    threads: 2
    resources: tmpdir=/tmp

[Wed Sep  2 02:55:53 2026]
Finished job 221.
1049 of 1923 steps (55%) done
Select jobs to execute...
Execute 1 jobs...

[Wed Sep  2 02:55:53 2026]
localrule run_cell:
    output: results/bias_sensitivity/raw/dp0.5_k-0.3_n2000_r5_m2000.rds
    log: logs/bias_sensitivity/run_dp0.5_k-0.3_n2000_r5_m2000.log
    jobid: 984
    reason: Missing output files: results/bias_sensitivity/raw/dp0.5_k-0.3_n2000_r5_m2000.rds
    wildcards: cell=dp0.5_k-0.3_n2000_r5_m2000
    threads: 2
    resources: tmpdir=/tmp

[Wed Sep  2 02:55:56 2026]
Finished job 1438.
1050 of 1923 steps (55%) done
Select jobs to execute...
Execute 1 jobs...

[Wed Sep  2 02:55:56 2026]
localrule run_cell:
    output: results/bias_sensitivity/raw/dp0.6_k-0.3_n1000_r15_m2000.rds
    log: logs/bias_sensitivity/run_dp0.6_k-0.3_n1000_r15_m2000.log
    jobid: 1164
    reason: Missing output files: results/bias_sensitivity/raw/dp0.6_k-0.3_n1000_r15_m2000.rds
    wildcards: cell=dp0.6_k-0.3_n1000_r15_m2000
    threads: 2
    resources: tmpdir=/tmp

[Wed Sep  2 02:56:11 2026]
Finished job 958.
1051 of 1923 steps (55%) done
Select jobs to execute...
Execute 1 jobs...

[Wed Sep  2 02:56:11 2026]
localrule run_cell:
    output: results/bias_sensitivity/raw/dp0.75_k-0.3_n6000_r15_m2000.rds
    log: logs/bias_sensitivity/run_dp0.75_k-0.3_n6000_r15_m2000.log
    jobid: 1284
    reason: Missing output files: results/bias_sensitivity/raw/dp0.75_k-0.3_n6000_r15_m2000.rds
    wildcards: cell=dp0.75_k-0.3_n6000_r15_m2000
    threads: 2
    resources: tmpdir=/tmp

[Wed Sep  2 02:56:19 2026]
Finished job 1644.
1052 of 1923 steps (55%) done
Select jobs to execute...
Execute 1 jobs...

[Wed Sep  2 02:56:19 2026]
localrule run_cell:
    output: results/bias_sensitivity/raw/dp0.9_k0.3_n8000_r5_m2000.rds
    log: logs/bias_sensitivity/run_dp0.9_k0.3_n8000_r5_m2000.log
    jobid: 1824
    reason: Missing output files: results/bias_sensitivity/raw/dp0.9_k0.3_n8000_r5_m2000.rds
    wildcards: cell=dp0.9_k0.3_n8000_r5_m2000
    threads: 2
    resources: tmpdir=/tmp

[Wed Sep  2 02:56:40 2026]
Finished job 1584.
1053 of 1923 steps (55%) done
Select jobs to execute...
Execute 1 jobs...

[Wed Sep  2 02:56:40 2026]
localrule run_cell:
    output: results/bias_sensitivity/raw/dp0.95_k0.3_n2000_r15_m2000.rds
    log: logs/bias_sensitivity/run_dp0.95_k0.3_n2000_r15_m2000.log
    jobid: 1700
    reason: Missing output files: results/bias_sensitivity/raw/dp0.95_k0.3_n2000_r15_m2000.rds
    wildcards: cell=dp0.95_k0.3_n2000_r15_m2000
    threads: 2
    resources: tmpdir=/tmp

[Wed Sep  2 02:56:42 2026]
Finished job 264.
1054 of 1923 steps (55%) done
Select jobs to execute...
Execute 1 jobs...

[Wed Sep  2 02:56:42 2026]
localrule run_cell:
    output: results/bias_sensitivity/raw/dp0.5_k0.3_n6000_r5_m4000.rds
    log: logs/bias_sensitivity/run_dp0.5_k0.3_n6000_r5_m4000.log
    jobid: 1049
    reason: Missing output files: results/bias_sensitivity/raw/dp0.5_k0.3_n6000_r5_m4000.rds
    wildcards: cell=dp0.5_k0.3_n6000_r5_m4000
    threads: 2
    resources: tmpdir=/tmp

[Wed Sep  2 02:56:45 2026]
Finished job 1901.
1055 of 1923 steps (55%) done
Select jobs to execute...
Execute 1 jobs...

[Wed Sep  2 02:56:45 2026]
localrule run_cell:
    output: results/bias_sensitivity/raw/dp1_k0.3_n1000_r10_m4000.rds
    log: logs/bias_sensitivity/run_dp1_k0.3_n1000_r10_m4000.log
    jobid: 1883
    reason: Missing output files: results/bias_sensitivity/raw/dp1_k0.3_n1000_r10_m4000.rds
    wildcards: cell=dp1_k0.3_n1000_r10_m4000
    threads: 2
    resources: tmpdir=/tmp

[Wed Sep  2 02:57:48 2026]
Finished job 288.
1056 of 1923 steps (55%) done
Select jobs to execute...
Execute 1 jobs...

[Wed Sep  2 02:57:48 2026]
localrule run_cell:
    output: results/bias_sensitivity/raw/dp0.6_k-0.3_n6000_r20_m2000.rds
    log: logs/bias_sensitivity/run_dp0.6_k-0.3_n6000_r20_m2000.log
    jobid: 1190
    reason: Missing output files: results/bias_sensitivity/raw/dp0.6_k-0.3_n6000_r20_m2000.rds
    wildcards: cell=dp0.6_k-0.3_n6000_r20_m2000
    threads: 2
    resources: tmpdir=/tmp

[Wed Sep  2 02:57:48 2026]
Finished job 744.
1057 of 1923 steps (55%) done
Select jobs to execute...
Execute 1 jobs...

[Wed Sep  2 02:57:48 2026]
localrule run_cell:
    output: results/bias_sensitivity/raw/dp0.15_k0.3_n8000_r10_m4000.rds
    log: logs/bias_sensitivity/run_dp0.15_k0.3_n8000_r10_m4000.log
    jobid: 187
    reason: Missing output files: results/bias_sensitivity/raw/dp0.15_k0.3_n8000_r10_m4000.rds
    wildcards: cell=dp0.15_k0.3_n8000_r10_m4000
    threads: 2
    resources: tmpdir=/tmp

[Wed Sep  2 02:58:28 2026]
Finished job 1661.
1058 of 1923 steps (55%) done
Select jobs to execute...
Execute 1 jobs...

[Wed Sep  2 02:58:28 2026]
localrule run_cell:
    output: results/bias_sensitivity/raw/dp0.35_k0.3_n2000_r10_m4000.rds
    log: logs/bias_sensitivity/run_dp0.35_k0.3_n2000_r10_m4000.log
    jobid: 547
    reason: Missing output files: results/bias_sensitivity/raw/dp0.35_k0.3_n2000_r10_m4000.rds
    wildcards: cell=dp0.35_k0.3_n2000_r10_m4000
    threads: 2
    resources: tmpdir=/tmp

[Wed Sep  2 02:59:08 2026]
Finished job 1164.
1059 of 1923 steps (55%) done
Select jobs to execute...
Execute 1 jobs...

[Wed Sep  2 02:59:08 2026]
localrule run_cell:
    output: results/bias_sensitivity/raw/dp0.65_k0.3_n8000_r10_m4000.rds
    log: logs/bias_sensitivity/run_dp0.65_k0.3_n8000_r10_m4000.log
    jobid: 1147
    reason: Missing output files: results/bias_sensitivity/raw/dp0.65_k0.3_n8000_r10_m4000.rds
    wildcards: cell=dp0.65_k0.3_n8000_r10_m4000
    threads: 2
    resources: tmpdir=/tmp

[Wed Sep  2 02:59:12 2026]
Finished job 521.
1060 of 1923 steps (55%) done
Select jobs to execute...
Execute 1 jobs...

[Wed Sep  2 02:59:12 2026]
localrule run_cell:
    output: results/bias_sensitivity/raw/dp0.75_k-0.3_n2000_r10_m4000.rds
    log: logs/bias_sensitivity/run_dp0.75_k-0.3_n2000_r10_m4000.log
    jobid: 1267
    reason: Missing output files: results/bias_sensitivity/raw/dp0.75_k-0.3_n2000_r10_m4000.rds
    wildcards: cell=dp0.75_k-0.3_n2000_r10_m4000
    threads: 2
    resources: tmpdir=/tmp

[Wed Sep  2 03:00:02 2026]
Finished job 1883.
1061 of 1923 steps (55%) done
Select jobs to execute...
Execute 1 jobs...

[Wed Sep  2 03:00:03 2026]
localrule run_cell:
    output: results/bias_sensitivity/raw/dp0.2_k-0.3_n8000_r10_m4000.rds
    log: logs/bias_sensitivity/run_dp0.2_k-0.3_n8000_r10_m4000.log
    jobid: 427
    reason: Missing output files: results/bias_sensitivity/raw/dp0.2_k-0.3_n8000_r10_m4000.rds
    wildcards: cell=dp0.2_k-0.3_n8000_r10_m4000
    threads: 2
    resources: tmpdir=/tmp

[Wed Sep  2 03:00:30 2026]
Finished job 1910.
1062 of 1923 steps (55%) done
Select jobs to execute...
Execute 1 jobs...

[Wed Sep  2 03:00:30 2026]
localrule run_cell:
    output: results/bias_sensitivity/raw/dp0.4_k-0.3_n2000_r10_m4000.rds
    log: logs/bias_sensitivity/run_dp0.4_k-0.3_n2000_r10_m4000.log
    jobid: 787
    reason: Missing output files: results/bias_sensitivity/raw/dp0.4_k-0.3_n2000_r10_m4000.rds
    wildcards: cell=dp0.4_k-0.3_n2000_r10_m4000
    threads: 2
    resources: tmpdir=/tmp

[Wed Sep  2 03:00:35 2026]
Finished job 1721.
1063 of 1923 steps (55%) done
Select jobs to execute...
Execute 1 jobs...

[Wed Sep  2 03:00:35 2026]
localrule run_cell:
    output: results/bias_sensitivity/raw/dp0.55_k-0.3_n8000_r10_m4000.rds
    log: logs/bias_sensitivity/run_dp0.55_k-0.3_n8000_r10_m4000.log
    jobid: 907
    reason: Missing output files: results/bias_sensitivity/raw/dp0.55_k-0.3_n8000_r10_m4000.rds
    wildcards: cell=dp0.55_k-0.3_n8000_r10_m4000
    threads: 2
    resources: tmpdir=/tmp

[Wed Sep  2 03:00:35 2026]
Finished job 1385.
1064 of 1923 steps (55%) done
Select jobs to execute...
Execute 1 jobs...

[Wed Sep  2 03:00:35 2026]
localrule run_cell:
    output: results/bias_sensitivity/raw/dp0.5_k-0.3_n10000_r20_m4000.rds
    log: logs/bias_sensitivity/run_dp0.5_k-0.3_n10000_r20_m4000.log
    jobid: 967
    reason: Missing output files: results/bias_sensitivity/raw/dp0.5_k-0.3_n10000_r20_m4000.rds
    wildcards: cell=dp0.5_k-0.3_n10000_r20_m4000
    threads: 2
    resources: tmpdir=/tmp

[Wed Sep  2 03:00:39 2026]
Finished job 1240.
1065 of 1923 steps (55%) done
Select jobs to execute...
Execute 1 jobs...

[Wed Sep  2 03:00:39 2026]
localrule run_cell:
    output: results/bias_sensitivity/raw/dp0.5_k0.3_n2000_r10_m4000.rds
    log: logs/bias_sensitivity/run_dp0.5_k0.3_n2000_r10_m4000.log
    jobid: 1027
    reason: Missing output files: results/bias_sensitivity/raw/dp0.5_k0.3_n2000_r10_m4000.rds
    wildcards: cell=dp0.5_k0.3_n2000_r10_m4000
    threads: 2
    resources: tmpdir=/tmp

[Wed Sep  2 03:01:00 2026]
Finished job 228.
1066 of 1923 steps (55%) done
Select jobs to execute...
Execute 1 jobs...

[Wed Sep  2 03:01:00 2026]
localrule run_cell:
    output: results/bias_sensitivity/raw/dp0.6_k0.3_n10000_r20_m4000.rds
    log: logs/bias_sensitivity/run_dp0.6_k0.3_n10000_r20_m4000.log
    jobid: 1207
    reason: Missing output files: results/bias_sensitivity/raw/dp0.6_k0.3_n10000_r20_m4000.rds
    wildcards: cell=dp0.6_k0.3_n10000_r20_m4000
    threads: 2
    resources: tmpdir=/tmp

[Wed Sep  2 03:01:22 2026]
Finished job 802.
1067 of 1923 steps (55%) done
Select jobs to execute...
Execute 1 jobs...

[Wed Sep  2 03:01:22 2026]
localrule run_cell:
    output: results/bias_sensitivity/raw/dp0.85_k0.3_n2000_r10_m4000.rds
    log: logs/bias_sensitivity/run_dp0.85_k0.3_n2000_r10_m4000.log
    jobid: 1507
    reason: Missing output files: results/bias_sensitivity/raw/dp0.85_k0.3_n2000_r10_m4000.rds
    wildcards: cell=dp0.85_k0.3_n2000_r10_m4000
    threads: 2
    resources: tmpdir=/tmp

[Wed Sep  2 03:01:30 2026]
Finished job 1481.
1068 of 1923 steps (56%) done
Select jobs to execute...
Execute 1 jobs...

[Wed Sep  2 03:01:30 2026]
localrule run_cell:
    output: results/bias_sensitivity/raw/dp0.8_k0.3_n8000_r15_m2000.rds
    log: logs/bias_sensitivity/run_dp0.8_k0.3_n8000_r15_m2000.log
    jobid: 1628
    reason: Missing output files: results/bias_sensitivity/raw/dp0.8_k0.3_n8000_r15_m2000.rds
    wildcards: cell=dp0.8_k0.3_n8000_r15_m2000
    threads: 2
    resources: tmpdir=/tmp

[Wed Sep  2 03:01:48 2026]
Finished job 84.
1069 of 1923 steps (56%) done
Select jobs to execute...
Execute 1 jobs...

[Wed Sep  2 03:01:48 2026]
localrule run_cell:
    output: results/bias_sensitivity/raw/dp0.75_k0.3_n10000_r10_m4000.rds
    log: logs/bias_sensitivity/run_dp0.75_k0.3_n10000_r10_m4000.log
    jobid: 1299
    reason: Missing output files: results/bias_sensitivity/raw/dp0.75_k0.3_n10000_r10_m4000.rds
    wildcards: cell=dp0.75_k0.3_n10000_r10_m4000
    threads: 2
    resources: tmpdir=/tmp

[Wed Sep  2 03:02:10 2026]
Finished job 563.
1070 of 1923 steps (56%) done
Select jobs to execute...
Execute 1 jobs...

[Wed Sep  2 03:02:10 2026]
localrule run_cell:
    output: results/bias_sensitivity/raw/dp0.05_k0.3_n10000_r10_m2000.rds
    log: logs/bias_sensitivity/run_dp0.05_k0.3_n10000_r10_m2000.log
    jobid: 50
    reason: Missing output files: results/bias_sensitivity/raw/dp0.05_k0.3_n10000_r10_m2000.rds
    wildcards: cell=dp0.05_k0.3_n10000_r10_m2000
    threads: 2
    resources: tmpdir=/tmp

[Wed Sep  2 03:02:11 2026]
Finished job 984.
1071 of 1923 steps (56%) done
Select jobs to execute...
Execute 1 jobs...

[Wed Sep  2 03:02:11 2026]
localrule run_cell:
    output: results/bias_sensitivity/raw/dp0.15_k-0.3_n1000_r20_m2000.rds
    log: logs/bias_sensitivity/run_dp0.15_k-0.3_n1000_r20_m2000.log
    jobid: 110
    reason: Missing output files: results/bias_sensitivity/raw/dp0.15_k-0.3_n1000_r20_m2000.rds
    wildcards: cell=dp0.15_k-0.3_n1000_r20_m2000
    threads: 2
    resources: tmpdir=/tmp

[Wed Sep  2 03:03:23 2026]
Finished job 1700.
1072 of 1923 steps (56%) done
Select jobs to execute...
Execute 1 jobs...

[Wed Sep  2 03:03:23 2026]
localrule run_cell:
    output: results/bias_sensitivity/raw/dp0.15_k0.3_n4000_r10_m2000.rds
    log: logs/bias_sensitivity/run_dp0.15_k0.3_n4000_r10_m2000.log
    jobid: 170
    reason: Missing output files: results/bias_sensitivity/raw/dp0.15_k0.3_n4000_r10_m2000.rds
    wildcards: cell=dp0.15_k0.3_n4000_r10_m2000
    threads: 2
    resources: tmpdir=/tmp

[Wed Sep  2 03:03:44 2026]
Finished job 581.
1073 of 1923 steps (56%) done
Select jobs to execute...
Execute 1 jobs...

[Wed Sep  2 03:03:44 2026]
localrule run_cell:
    output: results/bias_sensitivity/raw/dp0.1_k-0.3_n6000_r20_m2000.rds
    log: logs/bias_sensitivity/run_dp0.1_k-0.3_n6000_r20_m2000.log
    jobid: 230
    reason: Missing output files: results/bias_sensitivity/raw/dp0.1_k-0.3_n6000_r20_m2000.rds
    wildcards: cell=dp0.1_k-0.3_n6000_r20_m2000
    threads: 2
    resources: tmpdir=/tmp

[Wed Sep  2 03:03:45 2026]
Finished job 804.
1074 of 1923 steps (56%) done
Select jobs to execute...
Execute 1 jobs...

[Wed Sep  2 03:03:45 2026]
localrule run_cell:
    output: results/bias_sensitivity/raw/dp0.25_k-0.3_n10000_r10_m2000.rds
    log: logs/bias_sensitivity/run_dp0.25_k-0.3_n10000_r10_m2000.log
    jobid: 290
    reason: Missing output files: results/bias_sensitivity/raw/dp0.25_k-0.3_n10000_r10_m2000.rds
    wildcards: cell=dp0.25_k-0.3_n10000_r10_m2000
    threads: 2
    resources: tmpdir=/tmp

[Wed Sep  2 03:03:59 2026]
Finished job 1044.
1075 of 1923 steps (56%) done
Select jobs to execute...
Execute 1 jobs...

[Wed Sep  2 03:03:59 2026]
localrule run_cell:
    output: results/bias_sensitivity/raw/dp0.25_k0.3_n1000_r20_m2000.rds
    log: logs/bias_sensitivity/run_dp0.25_k0.3_n1000_r20_m2000.log
    jobid: 350
    reason: Missing output files: results/bias_sensitivity/raw/dp0.25_k0.3_n1000_r20_m2000.rds
    wildcards: cell=dp0.25_k0.3_n1000_r20_m2000
    threads: 2
    resources: tmpdir=/tmp

[Wed Sep  2 03:05:04 2026]
Finished job 110.
1076 of 1923 steps (56%) done
Select jobs to execute...
Execute 1 jobs...

[Wed Sep  2 03:05:04 2026]
localrule run_cell:
    output: results/bias_sensitivity/raw/dp0.2_k0.3_n6000_r20_m2000.rds
    log: logs/bias_sensitivity/run_dp0.2_k0.3_n6000_r20_m2000.log
    jobid: 470
    reason: Missing output files: results/bias_sensitivity/raw/dp0.2_k0.3_n6000_r20_m2000.rds
    wildcards: cell=dp0.2_k0.3_n6000_r20_m2000
    threads: 2
    resources: tmpdir=/tmp

[Wed Sep  2 03:05:15 2026]
Finished job 803.
1077 of 1923 steps (56%) done
Select jobs to execute...
Execute 1 jobs...

[Wed Sep  2 03:05:15 2026]
localrule run_cell:
    output: results/bias_sensitivity/raw/dp0.45_k-0.3_n6000_r20_m2000.rds
    log: logs/bias_sensitivity/run_dp0.45_k-0.3_n6000_r20_m2000.log
    jobid: 710
    reason: Missing output files: results/bias_sensitivity/raw/dp0.45_k-0.3_n6000_r20_m2000.rds
    wildcards: cell=dp0.45_k-0.3_n6000_r20_m2000
    threads: 2
    resources: tmpdir=/tmp

[Wed Sep  2 03:05:26 2026]
Finished job 547.
1078 of 1923 steps (56%) done
Select jobs to execute...
Execute 1 jobs...

[Wed Sep  2 03:05:26 2026]
localrule run_cell:
    output: results/bias_sensitivity/raw/dp0.4_k-0.3_n10000_r10_m2000.rds
    log: logs/bias_sensitivity/run_dp0.4_k-0.3_n10000_r10_m2000.log
    jobid: 770
    reason: Missing output files: results/bias_sensitivity/raw/dp0.4_k-0.3_n10000_r10_m2000.rds
    wildcards: cell=dp0.4_k-0.3_n10000_r10_m2000
    threads: 2
    resources: tmpdir=/tmp

[Wed Sep  2 03:05:33 2026]
Finished job 1267.
1079 of 1923 steps (56%) done
Select jobs to execute...
Execute 1 jobs...

[Wed Sep  2 03:05:33 2026]
localrule run_cell:
    output: results/bias_sensitivity/raw/dp0.95_k0.3_n4000_r5_m4000.rds
    log: logs/bias_sensitivity/run_dp0.95_k0.3_n4000_r5_m4000.log
    jobid: 1713
    reason: Missing output files: results/bias_sensitivity/raw/dp0.95_k0.3_n4000_r5_m4000.rds
    wildcards: cell=dp0.95_k0.3_n4000_r5_m4000
    threads: 2
    resources: tmpdir=/tmp

[Wed Sep  2 03:05:49 2026]
Finished job 1918.
1080 of 1923 steps (56%) done
Select jobs to execute...
Execute 1 jobs...

[Wed Sep  2 03:05:49 2026]
localrule run_cell:
    output: results/bias_sensitivity/raw/dp0.05_k-0.3_n4000_r5_m4000.rds
    log: logs/bias_sensitivity/run_dp0.05_k-0.3_n4000_r5_m4000.log
    jobid: 33
    reason: Missing output files: results/bias_sensitivity/raw/dp0.05_k-0.3_n4000_r5_m4000.rds
    wildcards: cell=dp0.05_k-0.3_n4000_r5_m4000
    threads: 2
    resources: tmpdir=/tmp

[Wed Sep  2 03:06:28 2026]
Finished job 906.
1081 of 1923 steps (56%) done
Select jobs to execute...
Execute 1 jobs...

[Wed Sep  2 03:06:28 2026]
localrule run_cell:
    output: results/bias_sensitivity/raw/dp0.05_k0.3_n8000_r15_m4000.rds
    log: logs/bias_sensitivity/run_dp0.05_k0.3_n8000_r15_m4000.log
    jobid: 93
    reason: Missing output files: results/bias_sensitivity/raw/dp0.05_k0.3_n8000_r15_m4000.rds
    wildcards: cell=dp0.05_k0.3_n8000_r15_m4000
    threads: 2
    resources: tmpdir=/tmp

[Wed Sep  2 03:07:03 2026]
Finished job 350.
1082 of 1923 steps (56%) done
Select jobs to execute...
Execute 1 jobs...

[Wed Sep  2 03:07:03 2026]
localrule run_cell:
    output: results/bias_sensitivity/raw/dp0.1_k-0.3_n2000_r15_m4000.rds
    log: logs/bias_sensitivity/run_dp0.1_k-0.3_n2000_r15_m4000.log
    jobid: 213
    reason: Missing output files: results/bias_sensitivity/raw/dp0.1_k-0.3_n2000_r15_m4000.rds
    wildcards: cell=dp0.1_k-0.3_n2000_r15_m4000
    threads: 2
    resources: tmpdir=/tmp

[Wed Sep  2 03:07:06 2026]
Finished job 718.
1083 of 1923 steps (56%) done
Select jobs to execute...
Execute 1 jobs...

[Wed Sep  2 03:07:06 2026]
localrule run_cell:
    output: results/bias_sensitivity/raw/dp0.25_k-0.3_n8000_r15_m4000.rds
    log: logs/bias_sensitivity/run_dp0.25_k-0.3_n8000_r15_m4000.log
    jobid: 333
    reason: Missing output files: results/bias_sensitivity/raw/dp0.25_k-0.3_n8000_r15_m4000.rds
    wildcards: cell=dp0.25_k-0.3_n8000_r15_m4000
    threads: 2
    resources: tmpdir=/tmp

[Wed Sep  2 03:07:26 2026]
Finished job 709.
1084 of 1923 steps (56%) done
Select jobs to execute...
Execute 1 jobs...

[Wed Sep  2 03:07:26 2026]
localrule run_cell:
    output: results/bias_sensitivity/raw/dp0.2_k0.3_n2000_r15_m4000.rds
    log: logs/bias_sensitivity/run_dp0.2_k0.3_n2000_r15_m4000.log
    jobid: 453
    reason: Missing output files: results/bias_sensitivity/raw/dp0.2_k0.3_n2000_r15_m4000.rds
    wildcards: cell=dp0.2_k0.3_n2000_r15_m4000
    threads: 2
    resources: tmpdir=/tmp

[Wed Sep  2 03:07:43 2026]
Finished job 768.
1085 of 1923 steps (56%) done
Select jobs to execute...
Execute 1 jobs...

[Wed Sep  2 03:07:43 2026]
localrule run_cell:
    output: results/bias_sensitivity/raw/dp0.95_k0.3_n1000_r5_m2000.rds
    log: logs/bias_sensitivity/run_dp0.95_k0.3_n1000_r5_m2000.log
    jobid: 1696
    reason: Missing output files: results/bias_sensitivity/raw/dp0.95_k0.3_n1000_r5_m2000.rds
    wildcards: cell=dp0.95_k0.3_n1000_r5_m2000
    threads: 2
    resources: tmpdir=/tmp

[Wed Sep  2 03:07:44 2026]
Finished job 1027.
1086 of 1923 steps (56%) done
Select jobs to execute...
Execute 1 jobs...

[Wed Sep  2 03:07:44 2026]
localrule run_cell:
    output: results/bias_sensitivity/raw/dp0.35_k0.3_n4000_r15_m2000.rds
    log: logs/bias_sensitivity/run_dp0.35_k0.3_n4000_r15_m2000.log
    jobid: 556
    reason: Missing output files: results/bias_sensitivity/raw/dp0.35_k0.3_n4000_r15_m2000.rds
    wildcards: cell=dp0.35_k0.3_n4000_r15_m2000
    threads: 2
    resources: tmpdir=/tmp

[Wed Sep  2 03:07:47 2026]
Finished job 787.
1087 of 1923 steps (57%) done
Select jobs to execute...
Execute 1 jobs...

[Wed Sep  2 03:07:47 2026]
localrule run_cell:
    output: results/bias_sensitivity/raw/dp0.75_k-0.3_n4000_r15_m2000.rds
    log: logs/bias_sensitivity/run_dp0.75_k-0.3_n4000_r15_m2000.log
    jobid: 1276
    reason: Missing output files: results/bias_sensitivity/raw/dp0.75_k-0.3_n4000_r15_m2000.rds
    wildcards: cell=dp0.75_k-0.3_n4000_r15_m2000
    threads: 2
    resources: tmpdir=/tmp

[Wed Sep  2 03:08:20 2026]
Finished job 1378.
1088 of 1923 steps (57%) done
Select jobs to execute...
Execute 1 jobs...

[Wed Sep  2 03:08:20 2026]
localrule run_cell:
    output: results/bias_sensitivity/raw/dp0.85_k0.3_n4000_r15_m2000.rds
    log: logs/bias_sensitivity/run_dp0.85_k0.3_n4000_r15_m2000.log
    jobid: 1516
    reason: Missing output files: results/bias_sensitivity/raw/dp0.85_k0.3_n4000_r15_m2000.rds
    wildcards: cell=dp0.85_k0.3_n4000_r15_m2000
    threads: 2
    resources: tmpdir=/tmp

[Wed Sep  2 03:08:25 2026]
Finished job 178.
1089 of 1923 steps (57%) done
Select jobs to execute...
Execute 1 jobs...

[Wed Sep  2 03:08:25 2026]
localrule run_cell:
    output: results/bias_sensitivity/raw/dp0.95_k-0.3_n10000_r15_m2000.rds
    log: logs/bias_sensitivity/run_dp0.95_k-0.3_n10000_r15_m2000.log
    jobid: 1636
    reason: Missing output files: results/bias_sensitivity/raw/dp0.95_k-0.3_n10000_r15_m2000.rds
    wildcards: cell=dp0.95_k-0.3_n10000_r15_m2000
    threads: 2
    resources: tmpdir=/tmp

[Wed Sep  2 03:08:39 2026]
Finished job 1049.
1090 of 1923 steps (57%) done
Select jobs to execute...
Execute 1 jobs...

[Wed Sep  2 03:08:39 2026]
localrule run_cell:
    output: results/bias_sensitivity/raw/dp1_k-0.3_n6000_r10_m4000.rds
    log: logs/bias_sensitivity/run_dp1_k-0.3_n6000_r10_m4000.log
    jobid: 1859
    reason: Missing output files: results/bias_sensitivity/raw/dp1_k-0.3_n6000_r10_m4000.rds
    wildcards: cell=dp1_k-0.3_n6000_r10_m4000
    threads: 2
    resources: tmpdir=/tmp

[Wed Sep  2 03:08:45 2026]
Finished job 1284.
1091 of 1923 steps (57%) done
Select jobs to execute...
Execute 1 jobs...

[Wed Sep  2 03:08:45 2026]
localrule run_cell:
    output: results/bias_sensitivity/raw/dp0.9_k0.3_n6000_r5_m2000.rds
    log: logs/bias_sensitivity/run_dp0.9_k0.3_n6000_r5_m2000.log
    jobid: 1816
    reason: Missing output files: results/bias_sensitivity/raw/dp0.9_k0.3_n6000_r5_m2000.rds
    wildcards: cell=dp0.9_k0.3_n6000_r5_m2000
    threads: 2
    resources: tmpdir=/tmp

[Wed Sep  2 03:08:50 2026]
Finished job 469.
1092 of 1923 steps (57%) done
Select jobs to execute...
Execute 1 jobs...

[Wed Sep  2 03:08:50 2026]
localrule run_cell:
    output: results/bias_sensitivity/raw/dp0.5_k0.3_n2000_r15_m4000.rds
    log: logs/bias_sensitivity/run_dp0.5_k0.3_n2000_r15_m4000.log
    jobid: 1029
    reason: Missing output files: results/bias_sensitivity/raw/dp0.5_k0.3_n2000_r15_m4000.rds
    wildcards: cell=dp0.5_k0.3_n2000_r15_m4000
    threads: 2
    resources: tmpdir=/tmp

[Wed Sep  2 03:10:03 2026]
Finished job 1190.
1093 of 1923 steps (57%) done
Select jobs to execute...
Execute 1 jobs...

[Wed Sep  2 03:10:03 2026]
localrule run_cell:
    output: results/bias_sensitivity/raw/dp0.85_k0.3_n2000_r15_m4000.rds
    log: logs/bias_sensitivity/run_dp0.85_k0.3_n2000_r15_m4000.log
    jobid: 1509
    reason: Missing output files: results/bias_sensitivity/raw/dp0.85_k0.3_n2000_r15_m4000.rds
    wildcards: cell=dp0.85_k0.3_n2000_r15_m4000
    threads: 2
    resources: tmpdir=/tmp

[Wed Sep  2 03:10:07 2026]
Finished job 723.
1094 of 1923 steps (57%) done
Select jobs to execute...
Execute 1 jobs...

[Wed Sep  2 03:10:07 2026]
localrule run_cell:
    output: results/bias_sensitivity/raw/dp1_k0.3_n8000_r20_m4000.rds
    log: logs/bias_sensitivity/run_dp1_k0.3_n8000_r20_m4000.log
    jobid: 1919
    reason: Missing output files: results/bias_sensitivity/raw/dp1_k0.3_n8000_r20_m4000.rds
    wildcards: cell=dp1_k0.3_n8000_r20_m4000
    threads: 2
    resources: tmpdir=/tmp

[Wed Sep  2 03:10:11 2026]
Finished job 1146.
1095 of 1923 steps (57%) done
Select jobs to execute...
Execute 1 jobs...

[Wed Sep  2 03:10:11 2026]
localrule run_cell:
    output: results/bias_sensitivity/raw/dp0.9_k0.3_n2000_r20_m4000.rds
    log: logs/bias_sensitivity/run_dp0.9_k0.3_n2000_r20_m4000.log
    jobid: 1799
    reason: Missing output files: results/bias_sensitivity/raw/dp0.9_k0.3_n2000_r20_m4000.rds
    wildcards: cell=dp0.9_k0.3_n2000_r20_m4000
    threads: 2
    resources: tmpdir=/tmp

[Wed Sep  2 03:11:02 2026]
Finished job 1696.
1096 of 1923 steps (57%) done
Select jobs to execute...
Execute 1 jobs...

[Wed Sep  2 03:11:02 2026]
localrule run_cell:
    output: results/bias_sensitivity/raw/dp0.7_k-0.3_n6000_r10_m4000.rds
    log: logs/bias_sensitivity/run_dp0.7_k-0.3_n6000_r10_m4000.log
    jobid: 1379
    reason: Missing output files: results/bias_sensitivity/raw/dp0.7_k-0.3_n6000_r10_m4000.rds
    wildcards: cell=dp0.7_k-0.3_n6000_r10_m4000
    threads: 2
    resources: tmpdir=/tmp

[Wed Sep  2 03:11:24 2026]
Finished job 1138.
1097 of 1923 steps (57%) done
Select jobs to execute...
Execute 1 jobs...

[Wed Sep  2 03:11:24 2026]
localrule run_cell:
    output: results/bias_sensitivity/raw/dp0.15_k0.3_n6000_r10_m4000.rds
    log: logs/bias_sensitivity/run_dp0.15_k0.3_n6000_r10_m4000.log
    jobid: 179
    reason: Missing output files: results/bias_sensitivity/raw/dp0.15_k0.3_n6000_r10_m4000.rds
    wildcards: cell=dp0.15_k0.3_n6000_r10_m4000
    threads: 2
    resources: tmpdir=/tmp

[Wed Sep  2 03:11:42 2026]
Finished job 187.
1098 of 1923 steps (57%) done
Select jobs to execute...
Execute 1 jobs...

[Wed Sep  2 03:11:42 2026]
localrule run_cell:
    output: results/bias_sensitivity/raw/dp0.65_k0.3_n6000_r10_m4000.rds
    log: logs/bias_sensitivity/run_dp0.65_k0.3_n6000_r10_m4000.log
    jobid: 1139
    reason: Missing output files: results/bias_sensitivity/raw/dp0.65_k0.3_n6000_r10_m4000.rds
    wildcards: cell=dp0.65_k0.3_n6000_r10_m4000
    threads: 2
    resources: tmpdir=/tmp

[Wed Sep  2 03:12:09 2026]
Finished job 1507.
1099 of 1923 steps (57%) done
Select jobs to execute...
Execute 1 jobs...

[Wed Sep  2 03:12:09 2026]
localrule run_cell:
    output: results/bias_sensitivity/raw/dp0.3_k0.3_n6000_r10_m4000.rds
    log: logs/bias_sensitivity/run_dp0.3_k0.3_n6000_r10_m4000.log
    jobid: 659
    reason: Missing output files: results/bias_sensitivity/raw/dp0.3_k0.3_n6000_r10_m4000.rds
    wildcards: cell=dp0.3_k0.3_n6000_r10_m4000
    threads: 2
    resources: tmpdir=/tmp

[Wed Sep  2 03:12:11 2026]
Finished job 332.
1100 of 1923 steps (57%) done
Select jobs to execute...
Execute 1 jobs...

[Wed Sep  2 03:12:11 2026]
localrule run_cell:
    output: results/bias_sensitivity/raw/dp0.4_k0.3_n2000_r20_m4000.rds
    log: logs/bias_sensitivity/run_dp0.4_k0.3_n2000_r20_m4000.log
    jobid: 839
    reason: Missing output files: results/bias_sensitivity/raw/dp0.4_k0.3_n2000_r20_m4000.rds
    wildcards: cell=dp0.4_k0.3_n2000_r20_m4000
    threads: 2
    resources: tmpdir=/tmp

[Wed Sep  2 03:13:18 2026]
Finished job 170.
1101 of 1923 steps (57%) done
Select jobs to execute...
Execute 1 jobs...

[Wed Sep  2 03:13:18 2026]
localrule run_cell:
    output: results/bias_sensitivity/raw/dp0.55_k0.3_n8000_r20_m4000.rds
    log: logs/bias_sensitivity/run_dp0.55_k0.3_n8000_r20_m4000.log
    jobid: 959
    reason: Missing output files: results/bias_sensitivity/raw/dp0.55_k0.3_n8000_r20_m4000.rds
    wildcards: cell=dp0.55_k0.3_n8000_r20_m4000
    threads: 2
    resources: tmpdir=/tmp

[Wed Sep  2 03:13:57 2026]
Finished job 863.
1102 of 1923 steps (57%) done
Select jobs to execute...
Execute 1 jobs...

[Wed Sep  2 03:13:57 2026]
localrule run_cell:
    output: results/bias_sensitivity/raw/dp0.75_k-0.3_n1000_r10_m4000.rds
    log: logs/bias_sensitivity/run_dp0.75_k-0.3_n1000_r10_m4000.log
    jobid: 1259
    reason: Missing output files: results/bias_sensitivity/raw/dp0.75_k-0.3_n1000_r10_m4000.rds
    wildcards: cell=dp0.75_k-0.3_n1000_r10_m4000
    threads: 2
    resources: tmpdir=/tmp

[Wed Sep  2 03:14:10 2026]
Finished job 213.
1103 of 1923 steps (57%) done
Select jobs to execute...
Execute 1 jobs...

[Wed Sep  2 03:14:10 2026]
localrule run_cell:
    output: results/bias_sensitivity/raw/dp0.75_k0.3_n2000_r20_m4000.rds
    log: logs/bias_sensitivity/run_dp0.75_k0.3_n2000_r20_m4000.log
    jobid: 1319
    reason: Missing output files: results/bias_sensitivity/raw/dp0.75_k0.3_n2000_r20_m4000.rds
    wildcards: cell=dp0.75_k0.3_n2000_r20_m4000
    threads: 2
    resources: tmpdir=/tmp

[Wed Sep  2 03:14:14 2026]
Finished job 1917.
1104 of 1923 steps (57%) done
Select jobs to execute...
Execute 1 jobs...

[Wed Sep  2 03:14:14 2026]
localrule run_cell:
    output: results/bias_sensitivity/raw/dp0.5_k0.3_n1000_r10_m4000.rds
    log: logs/bias_sensitivity/run_dp0.5_k0.3_n1000_r10_m4000.log
    jobid: 1019
    reason: Missing output files: results/bias_sensitivity/raw/dp0.5_k0.3_n1000_r10_m4000.rds
    wildcards: cell=dp0.5_k0.3_n1000_r10_m4000
    threads: 2
    resources: tmpdir=/tmp

[Wed Sep  2 03:14:16 2026]
Finished job 33.
1105 of 1923 steps (57%) done
Select jobs to execute...
Execute 1 jobs...

[Wed Sep  2 03:14:16 2026]
localrule run_cell:
    output: results/bias_sensitivity/raw/dp0.7_k0.3_n8000_r20_m4000.rds
    log: logs/bias_sensitivity/run_dp0.7_k0.3_n8000_r20_m4000.log
    jobid: 1439
    reason: Missing output files: results/bias_sensitivity/raw/dp0.7_k0.3_n8000_r20_m4000.rds
    wildcards: cell=dp0.7_k0.3_n8000_r20_m4000
    threads: 2
    resources: tmpdir=/tmp

[Wed Sep  2 03:14:26 2026]
Finished job 453.
1106 of 1923 steps (58%) done
Select jobs to execute...
Execute 1 jobs...

[Wed Sep  2 03:14:26 2026]
localrule run_cell:
    output: results/bias_sensitivity/raw/dp0.85_k0.3_n1000_r10_m4000.rds
    log: logs/bias_sensitivity/run_dp0.85_k0.3_n1000_r10_m4000.log
    jobid: 1499
    reason: Missing output files: results/bias_sensitivity/raw/dp0.85_k0.3_n1000_r10_m4000.rds
    wildcards: cell=dp0.85_k0.3_n1000_r10_m4000
    threads: 2
    resources: tmpdir=/tmp

[Wed Sep  2 03:15:03 2026]
Finished job 1029.
1107 of 1923 steps (58%) done
Select jobs to execute...
Execute 1 jobs...

[Wed Sep  2 03:15:03 2026]
localrule run_cell:
    output: results/bias_sensitivity/raw/dp0.7_k0.3_n1000_r15_m4000.rds
    log: logs/bias_sensitivity/run_dp0.7_k0.3_n1000_r15_m4000.log
    jobid: 1405
    reason: Missing output files: results/bias_sensitivity/raw/dp0.7_k0.3_n1000_r15_m4000.rds
    wildcards: cell=dp0.7_k0.3_n1000_r15_m4000
    threads: 2
    resources: tmpdir=/tmp

[Wed Sep  2 03:15:04 2026]
Finished job 230.
1108 of 1923 steps (58%) done
Select jobs to execute...
Execute 1 jobs...

[Wed Sep  2 03:15:04 2026]
localrule run_cell:
    output: results/bias_sensitivity/raw/dp0.7_k-0.3_n2000_r10_m2000.rds
    log: logs/bias_sensitivity/run_dp0.7_k-0.3_n2000_r10_m2000.log
    jobid: 1362
    reason: Missing output files: results/bias_sensitivity/raw/dp0.7_k-0.3_n2000_r10_m2000.rds
    wildcards: cell=dp0.7_k-0.3_n2000_r10_m2000
    threads: 2
    resources: tmpdir=/tmp

[Wed Sep  2 03:15:19 2026]
Finished job 1147.
1109 of 1923 steps (58%) done
Select jobs to execute...
Execute 1 jobs...

[Wed Sep  2 03:15:19 2026]
localrule run_cell:
    output: results/bias_sensitivity/raw/dp0.95_k0.3_n8000_r10_m2000.rds
    log: logs/bias_sensitivity/run_dp0.95_k0.3_n8000_r10_m2000.log
    jobid: 1722
    reason: Missing output files: results/bias_sensitivity/raw/dp0.95_k0.3_n8000_r10_m2000.rds
    wildcards: cell=dp0.95_k0.3_n8000_r10_m2000
    threads: 2
    resources: tmpdir=/tmp

[Wed Sep  2 03:15:45 2026]
Finished job 289.
1110 of 1923 steps (58%) done
Select jobs to execute...
Execute 1 jobs...

[Wed Sep  2 03:15:45 2026]
localrule run_cell:
    output: results/bias_sensitivity/raw/dp1_k-0.3_n2000_r10_m2000.rds
    log: logs/bias_sensitivity/run_dp1_k-0.3_n2000_r10_m2000.log
    jobid: 1842
    reason: Missing output files: results/bias_sensitivity/raw/dp1_k-0.3_n2000_r10_m2000.rds
    wildcards: cell=dp1_k-0.3_n2000_r10_m2000
    threads: 2
    resources: tmpdir=/tmp

[Wed Sep  2 03:15:46 2026]
Finished job 1524.
1111 of 1923 steps (58%) done
Select jobs to execute...
Execute 1 jobs...

[Wed Sep  2 03:15:46 2026]
localrule run_cell:
    output: results/bias_sensitivity/raw/dp0.35_k-0.3_n8000_r10_m2000.rds
    log: logs/bias_sensitivity/run_dp0.35_k-0.3_n8000_r10_m2000.log
    jobid: 522
    reason: Missing output files: results/bias_sensitivity/raw/dp0.35_k-0.3_n8000_r10_m2000.rds
    wildcards: cell=dp0.35_k-0.3_n8000_r10_m2000
    threads: 2
    resources: tmpdir=/tmp

[Wed Sep  2 03:16:22 2026]
Finished job 907.
1112 of 1923 steps (58%) done
Select jobs to execute...
Execute 1 jobs...

[Wed Sep  2 03:16:22 2026]
localrule run_cell:
    output: results/bias_sensitivity/raw/dp0.65_k0.3_n2000_r10_m2000.rds
    log: logs/bias_sensitivity/run_dp0.65_k0.3_n2000_r10_m2000.log
    jobid: 1122
    reason: Missing output files: results/bias_sensitivity/raw/dp0.65_k0.3_n2000_r10_m2000.rds
    wildcards: cell=dp0.65_k0.3_n2000_r10_m2000
    threads: 2
    resources: tmpdir=/tmp

[Wed Sep  2 03:16:23 2026]
Finished job 1713.
1113 of 1923 steps (58%) done
Select jobs to execute...
Execute 1 jobs...

[Wed Sep  2 03:16:23 2026]
localrule run_cell:
    output: results/bias_sensitivity/raw/dp0.8_k0.3_n2000_r10_m2000.rds
    log: logs/bias_sensitivity/run_dp0.8_k0.3_n2000_r10_m2000.log
    jobid: 1602
    reason: Missing output files: results/bias_sensitivity/raw/dp0.8_k0.3_n2000_r10_m2000.rds
    wildcards: cell=dp0.8_k0.3_n2000_r10_m2000
    threads: 2
    resources: tmpdir=/tmp

[Wed Sep  2 03:16:46 2026]
Finished job 1799.
1114 of 1923 steps (58%) done
Select jobs to execute...
Execute 1 jobs...

[Wed Sep  2 03:16:46 2026]
localrule run_cell:
    output: results/bias_sensitivity/raw/dp0.85_k-0.3_n8000_r10_m2000.rds
    log: logs/bias_sensitivity/run_dp0.85_k-0.3_n8000_r10_m2000.log
    jobid: 1482
    reason: Missing output files: results/bias_sensitivity/raw/dp0.85_k-0.3_n8000_r10_m2000.rds
    wildcards: cell=dp0.85_k-0.3_n8000_r10_m2000
    threads: 2
    resources: tmpdir=/tmp

[Wed Sep  2 03:17:02 2026]
Finished job 1001.
1115 of 1923 steps (58%) done
Select jobs to execute...
Execute 1 jobs...

[Wed Sep  2 03:17:02 2026]
localrule run_cell:
    output: results/bias_sensitivity/raw/dp0.5_k-0.3_n8000_r10_m2000.rds
    log: logs/bias_sensitivity/run_dp0.5_k-0.3_n8000_r10_m2000.log
    jobid: 1002
    reason: Missing output files: results/bias_sensitivity/raw/dp0.5_k-0.3_n8000_r10_m2000.rds
    wildcards: cell=dp0.5_k-0.3_n8000_r10_m2000
    threads: 2
    resources: tmpdir=/tmp

[Wed Sep  2 03:17:08 2026]
Finished job 1259.
1116 of 1923 steps (58%) done
Select jobs to execute...
Execute 1 jobs...

[Wed Sep  2 03:17:08 2026]
localrule run_cell:
    output: results/bias_sensitivity/raw/dp0.3_k-0.3_n10000_r20_m2000.rds
    log: logs/bias_sensitivity/run_dp0.3_k-0.3_n10000_r20_m2000.log
    jobid: 582
    reason: Missing output files: results/bias_sensitivity/raw/dp0.3_k-0.3_n10000_r20_m2000.rds
    wildcards: cell=dp0.3_k-0.3_n10000_r20_m2000
    threads: 2
    resources: tmpdir=/tmp

[Wed Sep  2 03:17:20 2026]
Finished job 1019.
1117 of 1923 steps (58%) done
Select jobs to execute...
Execute 1 jobs...

[Wed Sep  2 03:17:20 2026]
localrule run_cell:
    output: results/bias_sensitivity/raw/dp0.3_k0.3_n2000_r10_m2000.rds
    log: logs/bias_sensitivity/run_dp0.3_k0.3_n2000_r10_m2000.log
    jobid: 642
    reason: Missing output files: results/bias_sensitivity/raw/dp0.3_k0.3_n2000_r10_m2000.rds
    wildcards: cell=dp0.3_k0.3_n2000_r10_m2000
    threads: 2
    resources: tmpdir=/tmp

[Wed Sep  2 03:17:29 2026]
Finished job 556.
1118 of 1923 steps (58%) done
Select jobs to execute...
Execute 1 jobs...

[Wed Sep  2 03:17:29 2026]
localrule run_cell:
    output: results/bias_sensitivity/raw/dp0.55_k-0.3_n2000_r10_m2000.rds
    log: logs/bias_sensitivity/run_dp0.55_k-0.3_n2000_r10_m2000.log
    jobid: 882
    reason: Missing output files: results/bias_sensitivity/raw/dp0.55_k-0.3_n2000_r10_m2000.rds
    wildcards: cell=dp0.55_k-0.3_n2000_r10_m2000
    threads: 2
    resources: tmpdir=/tmp

[Wed Sep  2 03:17:39 2026]
Finished job 710.
1119 of 1923 steps (58%) done
Select jobs to execute...
Execute 1 jobs...

[Wed Sep  2 03:17:39 2026]
localrule run_cell:
    output: results/bias_sensitivity/raw/dp0.1_k-0.3_n4000_r20_m2000.rds
    log: logs/bias_sensitivity/run_dp0.1_k-0.3_n4000_r20_m2000.log
    jobid: 222
    reason: Missing output files: results/bias_sensitivity/raw/dp0.1_k-0.3_n4000_r20_m2000.rds
    wildcards: cell=dp0.1_k-0.3_n4000_r20_m2000
    threads: 2
    resources: tmpdir=/tmp

[Wed Sep  2 03:17:46 2026]
Finished job 1499.
1120 of 1923 steps (58%) done
Select jobs to execute...
Execute 1 jobs...

[Wed Sep  2 03:17:46 2026]
localrule run_cell:
    output: results/bias_sensitivity/raw/dp0.55_k0.3_n4000_r20_m2000.rds
    log: logs/bias_sensitivity/run_dp0.55_k0.3_n4000_r20_m2000.log
    jobid: 942
    reason: Missing output files: results/bias_sensitivity/raw/dp0.55_k0.3_n4000_r20_m2000.rds
    wildcards: cell=dp0.55_k0.3_n4000_r20_m2000
    threads: 2
    resources: tmpdir=/tmp

[Wed Sep  2 03:18:03 2026]
Finished job 1509.
1121 of 1923 steps (58%) done
Select jobs to execute...
Execute 1 jobs...

[Wed Sep  2 03:18:03 2026]
localrule run_cell:
    output: results/bias_sensitivity/raw/dp0.95_k-0.3_n4000_r20_m2000.rds
    log: logs/bias_sensitivity/run_dp0.95_k-0.3_n4000_r20_m2000.log
    jobid: 1662
    reason: Missing output files: results/bias_sensitivity/raw/dp0.95_k-0.3_n4000_r20_m2000.rds
    wildcards: cell=dp0.95_k-0.3_n4000_r20_m2000
    threads: 2
    resources: tmpdir=/tmp

[Wed Sep  2 03:18:04 2026]
Finished job 1043.
1122 of 1923 steps (58%) done
Select jobs to execute...
Execute 1 jobs...

[Wed Sep  2 03:18:04 2026]
localrule run_cell:
    output: results/bias_sensitivity/raw/dp0.4_k0.3_n2000_r5_m2000.rds
    log: logs/bias_sensitivity/run_dp0.4_k0.3_n2000_r5_m2000.log
    jobid: 840
    reason: Missing output files: results/bias_sensitivity/raw/dp0.4_k0.3_n2000_r5_m2000.rds
    wildcards: cell=dp0.4_k0.3_n2000_r5_m2000
    threads: 2
    resources: tmpdir=/tmp

[Wed Sep  2 03:18:06 2026]
Finished job 967.
1123 of 1923 steps (58%) done
Select jobs to execute...
Execute 1 jobs...

[Wed Sep  2 03:18:06 2026]
localrule run_cell:
    output: results/bias_sensitivity/raw/dp1_k0.3_n4000_r20_m2000.rds
    log: logs/bias_sensitivity/run_dp1_k0.3_n4000_r20_m2000.log
    jobid: 1902
    reason: Missing output files: results/bias_sensitivity/raw/dp1_k0.3_n4000_r20_m2000.rds
    wildcards: cell=dp1_k0.3_n4000_r20_m2000
    threads: 2
    resources: tmpdir=/tmp

[Wed Sep  2 03:18:21 2026]
Finished job 1405.
1124 of 1923 steps (58%) done
Select jobs to execute...
Execute 1 jobs...

[Wed Sep  2 03:18:21 2026]
localrule run_cell:
    output: results/bias_sensitivity/raw/dp0.9_k0.3_n1000_r20_m4000.rds
    log: logs/bias_sensitivity/run_dp0.9_k0.3_n1000_r20_m4000.log
    jobid: 1791
    reason: Missing output files: results/bias_sensitivity/raw/dp0.9_k0.3_n1000_r20_m4000.rds
    wildcards: cell=dp0.9_k0.3_n1000_r20_m4000
    threads: 2
    resources: tmpdir=/tmp

[Wed Sep  2 03:18:26 2026]
Finished job 1276.
1125 of 1923 steps (59%) done
Select jobs to execute...
Execute 1 jobs...

[Wed Sep  2 03:18:26 2026]
localrule run_cell:
    output: results/bias_sensitivity/raw/dp0.6_k0.3_n6000_r15_m4000.rds
    log: logs/bias_sensitivity/run_dp0.6_k0.3_n6000_r15_m4000.log
    jobid: 1237
    reason: Missing output files: results/bias_sensitivity/raw/dp0.6_k0.3_n6000_r15_m4000.rds
    wildcards: cell=dp0.6_k0.3_n6000_r15_m4000
    threads: 2
    resources: tmpdir=/tmp

[Wed Sep  2 03:19:08 2026]
Finished job 1583.
1126 of 1923 steps (59%) done
Select jobs to execute...
Execute 1 jobs...

[Wed Sep  2 03:19:08 2026]
localrule run_cell:
    output: results/bias_sensitivity/raw/dp0.45_k0.3_n2000_r5_m4000.rds
    log: logs/bias_sensitivity/run_dp0.45_k0.3_n2000_r5_m4000.log
    jobid: 745
    reason: Missing output files: results/bias_sensitivity/raw/dp0.45_k0.3_n2000_r5_m4000.rds
    wildcards: cell=dp0.45_k0.3_n2000_r5_m4000
    threads: 2
    resources: tmpdir=/tmp

[Wed Sep  2 03:19:27 2026]
Finished job 839.
1127 of 1923 steps (59%) done
Select jobs to execute...
Execute 1 jobs...

[Wed Sep  2 03:19:27 2026]
localrule run_cell:
    output: results/bias_sensitivity/raw/dp0.1_k0.3_n2000_r5_m4000.rds
    log: logs/bias_sensitivity/run_dp0.1_k0.3_n2000_r5_m4000.log
    jobid: 265
    reason: Missing output files: results/bias_sensitivity/raw/dp0.1_k0.3_n2000_r5_m4000.rds
    wildcards: cell=dp0.1_k0.3_n2000_r5_m4000
    threads: 2
    resources: tmpdir=/tmp

[Wed Sep  2 03:19:41 2026]
Finished job 1343.
1128 of 1923 steps (59%) done
Select jobs to execute...
Execute 1 jobs...

[Wed Sep  2 03:19:41 2026]
localrule run_cell:
    output: results/bias_sensitivity/raw/dp0.85_k0.3_n6000_r15_m4000.rds
    log: logs/bias_sensitivity/run_dp0.85_k0.3_n6000_r15_m4000.log
    jobid: 1525
    reason: Missing output files: results/bias_sensitivity/raw/dp0.85_k0.3_n6000_r15_m4000.rds
    wildcards: cell=dp0.85_k0.3_n6000_r15_m4000
    threads: 2
    resources: tmpdir=/tmp

[Wed Sep  2 03:20:03 2026]
Finished job 1540.
1129 of 1923 steps (59%) done
Select jobs to execute...
Execute 1 jobs...

[Wed Sep  2 03:20:03 2026]
localrule run_cell:
    output: results/bias_sensitivity/raw/dp0.35_k0.3_n6000_r15_m4000.rds
    log: logs/bias_sensitivity/run_dp0.35_k0.3_n6000_r15_m4000.log
    jobid: 565
    reason: Missing output files: results/bias_sensitivity/raw/dp0.35_k0.3_n6000_r15_m4000.rds
    wildcards: cell=dp0.35_k0.3_n6000_r15_m4000
    threads: 2
    resources: tmpdir=/tmp

[Wed Sep  2 03:20:14 2026]
Finished job 1516.
1130 of 1923 steps (59%) done
Select jobs to execute...
Execute 1 jobs...

[Wed Sep  2 03:20:14 2026]
localrule run_cell:
    output: results/bias_sensitivity/raw/dp0.4_k-0.3_n6000_r15_m4000.rds
    log: logs/bias_sensitivity/run_dp0.4_k-0.3_n6000_r15_m4000.log
    jobid: 805
    reason: Missing output files: results/bias_sensitivity/raw/dp0.4_k-0.3_n6000_r15_m4000.rds
    wildcards: cell=dp0.4_k-0.3_n6000_r15_m4000
    threads: 2
    resources: tmpdir=/tmp

[Wed Sep  2 03:20:35 2026]
Finished job 1858.
1131 of 1923 steps (59%) done
Select jobs to execute...
Execute 1 jobs...

[Wed Sep  2 03:20:35 2026]
localrule run_cell:
    output: results/bias_sensitivity/raw/dp0.55_k0.3_n1000_r15_m4000.rds
    log: logs/bias_sensitivity/run_dp0.55_k0.3_n1000_r15_m4000.log
    jobid: 925
    reason: Missing output files: results/bias_sensitivity/raw/dp0.55_k0.3_n1000_r15_m4000.rds
    wildcards: cell=dp0.55_k0.3_n1000_r15_m4000
    threads: 2
    resources: tmpdir=/tmp

[Wed Sep  2 03:21:23 2026]
Finished job 290.
1132 of 1923 steps (59%) done
Select jobs to execute...
Execute 1 jobs...

[Wed Sep  2 03:21:23 2026]
localrule run_cell:
    output: results/bias_sensitivity/raw/dp0.55_k-0.3_n2000_r10_m4000.rds
    log: logs/bias_sensitivity/run_dp0.55_k-0.3_n2000_r10_m4000.log
    jobid: 883
    reason: Missing output files: results/bias_sensitivity/raw/dp0.55_k-0.3_n2000_r10_m4000.rds
    wildcards: cell=dp0.55_k-0.3_n2000_r10_m4000
    threads: 2
    resources: tmpdir=/tmp

[Wed Sep  2 03:21:36 2026]
Finished job 1319.
1133 of 1923 steps (59%) done
Select jobs to execute...
Execute 1 jobs...

[Wed Sep  2 03:21:36 2026]
localrule run_cell:
    output: results/bias_sensitivity/raw/dp0.5_k0.3_n6000_r15_m4000.rds
    log: logs/bias_sensitivity/run_dp0.5_k0.3_n6000_r15_m4000.log
    jobid: 1045
    reason: Missing output files: results/bias_sensitivity/raw/dp0.5_k0.3_n6000_r15_m4000.rds
    wildcards: cell=dp0.5_k0.3_n6000_r15_m4000
    threads: 2
    resources: tmpdir=/tmp

[Wed Sep  2 03:21:42 2026]
Finished job 1791.
1134 of 1923 steps (59%) done
Select jobs to execute...
Execute 1 jobs...

[Wed Sep  2 03:21:42 2026]
localrule run_cell:
    output: results/bias_sensitivity/raw/dp0.05_k0.3_n6000_r15_m4000.rds
    log: logs/bias_sensitivity/run_dp0.05_k0.3_n6000_r15_m4000.log
    jobid: 85
    reason: Missing output files: results/bias_sensitivity/raw/dp0.05_k0.3_n6000_r15_m4000.rds
    wildcards: cell=dp0.05_k0.3_n6000_r15_m4000
    threads: 2
    resources: tmpdir=/tmp

[Wed Sep  2 03:22:18 2026]
Finished job 427.
1135 of 1923 steps (59%) done
Select jobs to execute...
Execute 1 jobs...

[Wed Sep  2 03:22:18 2026]
localrule run_cell:
    output: results/bias_sensitivity/raw/dp0.5_k-0.3_n8000_r10_m4000.rds
    log: logs/bias_sensitivity/run_dp0.5_k-0.3_n8000_r10_m4000.log
    jobid: 1003
    reason: Missing output files: results/bias_sensitivity/raw/dp0.5_k-0.3_n8000_r10_m4000.rds
    wildcards: cell=dp0.5_k-0.3_n8000_r10_m4000
    threads: 2
    resources: tmpdir=/tmp

[Wed Sep  2 03:22:35 2026]
Finished job 1683.
1136 of 1923 steps (59%) done
Select jobs to execute...
Execute 1 jobs...

[Wed Sep  2 03:22:35 2026]
localrule run_cell:
    output: results/bias_sensitivity/raw/dp0.75_k0.3_n8000_r5_m4000.rds
    log: logs/bias_sensitivity/run_dp0.75_k0.3_n8000_r5_m4000.log
    jobid: 1345
    reason: Missing output files: results/bias_sensitivity/raw/dp0.75_k0.3_n8000_r5_m4000.rds
    wildcards: cell=dp0.75_k0.3_n8000_r5_m4000
    threads: 2
    resources: tmpdir=/tmp

[Wed Sep  2 03:23:17 2026]
Finished job 1386.
1137 of 1923 steps (59%) done
Select jobs to execute...
Execute 1 jobs...

[Wed Sep  2 03:23:17 2026]
localrule run_cell:
    output: results/bias_sensitivity/raw/dp0.65_k-0.3_n8000_r5_m4000.rds
    log: logs/bias_sensitivity/run_dp0.65_k-0.3_n8000_r5_m4000.log
    jobid: 1105
    reason: Missing output files: results/bias_sensitivity/raw/dp0.65_k-0.3_n8000_r5_m4000.rds
    wildcards: cell=dp0.65_k-0.3_n8000_r5_m4000
    threads: 2
    resources: tmpdir=/tmp

[Wed Sep  2 03:23:38 2026]
Finished job 1206.
1138 of 1923 steps (59%) done
Select jobs to execute...
Execute 1 jobs...

[Wed Sep  2 03:23:38 2026]
localrule run_cell:
    output: results/bias_sensitivity/raw/dp0.95_k-0.3_n1000_r15_m4000.rds
    log: logs/bias_sensitivity/run_dp0.95_k-0.3_n1000_r15_m4000.log
    jobid: 1645
    reason: Missing output files: results/bias_sensitivity/raw/dp0.95_k-0.3_n1000_r15_m4000.rds
    wildcards: cell=dp0.95_k-0.3_n1000_r15_m4000
    threads: 2
    resources: tmpdir=/tmp

[Wed Sep  2 03:23:48 2026]
Finished job 1362.
1139 of 1923 steps (59%) done
Select jobs to execute...
Execute 1 jobs...

[Wed Sep  2 03:23:48 2026]
localrule run_cell:
    output: results/bias_sensitivity/raw/dp0.5_k-0.3_n2000_r5_m4000.rds
    log: logs/bias_sensitivity/run_dp0.5_k-0.3_n2000_r5_m4000.log
    jobid: 985
    reason: Missing output files: results/bias_sensitivity/raw/dp0.5_k-0.3_n2000_r5_m4000.rds
    wildcards: cell=dp0.5_k-0.3_n2000_r5_m4000
    threads: 2
    resources: tmpdir=/tmp

[Wed Sep  2 03:23:50 2026]
Finished job 925.
1140 of 1923 steps (59%) done
Select jobs to execute...
Execute 1 jobs...

[Wed Sep  2 03:23:50 2026]
localrule run_cell:
    output: results/bias_sensitivity/raw/dp0.6_k-0.3_n1000_r15_m4000.rds
    log: logs/bias_sensitivity/run_dp0.6_k-0.3_n1000_r15_m4000.log
    jobid: 1165
    reason: Missing output files: results/bias_sensitivity/raw/dp0.6_k-0.3_n1000_r15_m4000.rds
    wildcards: cell=dp0.6_k-0.3_n1000_r15_m4000
    threads: 2
    resources: tmpdir=/tmp

[Wed Sep  2 03:24:07 2026]
Finished job 1842.
1141 of 1923 steps (59%) done
Select jobs to execute...
Execute 1 jobs...

[Wed Sep  2 03:24:07 2026]
localrule run_cell:
    output: results/bias_sensitivity/raw/dp0.75_k-0.3_n6000_r15_m4000.rds
    log: logs/bias_sensitivity/run_dp0.75_k-0.3_n6000_r15_m4000.log
    jobid: 1285
    reason: Missing output files: results/bias_sensitivity/raw/dp0.75_k-0.3_n6000_r15_m4000.rds
    wildcards: cell=dp0.75_k-0.3_n6000_r15_m4000
    threads: 2
    resources: tmpdir=/tmp

[Wed Sep  2 03:24:11 2026]
Finished job 1379.
1142 of 1923 steps (59%) done
Select jobs to execute...
Execute 1 jobs...

[Wed Sep  2 03:24:11 2026]
localrule run_cell:
    output: results/bias_sensitivity/raw/dp0.8_k-0.3_n8000_r5_m4000.rds
    log: logs/bias_sensitivity/run_dp0.8_k-0.3_n8000_r5_m4000.log
    jobid: 1585
    reason: Missing output files: results/bias_sensitivity/raw/dp0.8_k-0.3_n8000_r5_m4000.rds
    wildcards: cell=dp0.8_k-0.3_n8000_r5_m4000
    threads: 2
    resources: tmpdir=/tmp

[Wed Sep  2 03:24:40 2026]
Finished job 882.
1143 of 1923 steps (59%) done
Select jobs to execute...
Execute 1 jobs...

[Wed Sep  2 03:24:40 2026]
localrule run_cell:
    output: results/bias_sensitivity/raw/dp0.7_k0.3_n4000_r15_m2000.rds
    log: logs/bias_sensitivity/run_dp0.7_k0.3_n4000_r15_m2000.log
    jobid: 1420
    reason: Missing output files: results/bias_sensitivity/raw/dp0.7_k0.3_n4000_r15_m2000.rds
    wildcards: cell=dp0.7_k0.3_n4000_r15_m2000
    threads: 2
    resources: tmpdir=/tmp

[Wed Sep  2 03:25:06 2026]
Finished job 1122.
1144 of 1923 steps (59%) done
Select jobs to execute...
Execute 1 jobs...

[Wed Sep  2 03:25:06 2026]
localrule run_cell:
    output: results/bias_sensitivity/raw/dp0.15_k0.3_n8000_r15_m2000.rds
    log: logs/bias_sensitivity/run_dp0.15_k0.3_n8000_r15_m2000.log
    jobid: 188
    reason: Missing output files: results/bias_sensitivity/raw/dp0.15_k0.3_n8000_r15_m2000.rds
    wildcards: cell=dp0.15_k0.3_n8000_r15_m2000
    threads: 2
    resources: tmpdir=/tmp

[Wed Sep  2 03:25:06 2026]
Finished job 1139.
1145 of 1923 steps (60%) done
Select jobs to execute...
Execute 1 jobs...

[Wed Sep  2 03:25:06 2026]
localrule run_cell:
    output: results/bias_sensitivity/raw/dp0.35_k0.3_n2000_r15_m2000.rds
    log: logs/bias_sensitivity/run_dp0.35_k0.3_n2000_r15_m2000.log
    jobid: 548
    reason: Missing output files: results/bias_sensitivity/raw/dp0.35_k0.3_n2000_r15_m2000.rds
    wildcards: cell=dp0.35_k0.3_n2000_r15_m2000
    threads: 2
    resources: tmpdir=/tmp

[Wed Sep  2 03:25:07 2026]
Finished job 1868.
1146 of 1923 steps (60%) done
Select jobs to execute...
Execute 1 jobs...

[Wed Sep  2 03:25:07 2026]
localrule run_cell:
    output: results/bias_sensitivity/raw/dp0.65_k0.3_n8000_r15_m2000.rds
    log: logs/bias_sensitivity/run_dp0.65_k0.3_n8000_r15_m2000.log
    jobid: 1148
    reason: Missing output files: results/bias_sensitivity/raw/dp0.65_k0.3_n8000_r15_m2000.rds
    wildcards: cell=dp0.65_k0.3_n8000_r15_m2000
    threads: 2
    resources: tmpdir=/tmp

[Wed Sep  2 03:25:08 2026]
Finished job 642.
1147 of 1923 steps (60%) done
Select jobs to execute...
Execute 1 jobs...

[Wed Sep  2 03:25:08 2026]
localrule run_cell:
    output: results/bias_sensitivity/raw/dp0.75_k-0.3_n2000_r15_m2000.rds
    log: logs/bias_sensitivity/run_dp0.75_k-0.3_n2000_r15_m2000.log
    jobid: 1268
    reason: Missing output files: results/bias_sensitivity/raw/dp0.75_k-0.3_n2000_r15_m2000.rds
    wildcards: cell=dp0.75_k-0.3_n2000_r15_m2000
    threads: 2
    resources: tmpdir=/tmp

[Wed Sep  2 03:26:14 2026]
Finished job 840.
1148 of 1923 steps (60%) done
Select jobs to execute...
Execute 1 jobs...

[Wed Sep  2 03:26:14 2026]
localrule run_cell:
    output: results/bias_sensitivity/raw/dp0.2_k-0.3_n8000_r15_m2000.rds
    log: logs/bias_sensitivity/run_dp0.2_k-0.3_n8000_r15_m2000.log
    jobid: 428
    reason: Missing output files: results/bias_sensitivity/raw/dp0.2_k-0.3_n8000_r15_m2000.rds
    wildcards: cell=dp0.2_k-0.3_n8000_r15_m2000
    threads: 2
    resources: tmpdir=/tmp

[Wed Sep  2 03:26:23 2026]
Finished job 265.
1149 of 1923 steps (60%) done
Select jobs to execute...
Execute 1 jobs...

[Wed Sep  2 03:26:23 2026]
localrule run_cell:
    output: results/bias_sensitivity/raw/dp0.4_k-0.3_n2000_r15_m2000.rds
    log: logs/bias_sensitivity/run_dp0.4_k-0.3_n2000_r15_m2000.log
    jobid: 788
    reason: Missing output files: results/bias_sensitivity/raw/dp0.4_k-0.3_n2000_r15_m2000.rds
    wildcards: cell=dp0.4_k-0.3_n2000_r15_m2000
    threads: 2
    resources: tmpdir=/tmp

[Wed Sep  2 03:26:37 2026]
Finished job 1602.
1150 of 1923 steps (60%) done
Select jobs to execute...
Execute 1 jobs...

[Wed Sep  2 03:26:37 2026]
localrule run_cell:
    output: results/bias_sensitivity/raw/dp0.55_k-0.3_n8000_r15_m2000.rds
    log: logs/bias_sensitivity/run_dp0.55_k-0.3_n8000_r15_m2000.log
    jobid: 908
    reason: Missing output files: results/bias_sensitivity/raw/dp0.55_k-0.3_n8000_r15_m2000.rds
    wildcards: cell=dp0.55_k-0.3_n8000_r15_m2000
    threads: 2
    resources: tmpdir=/tmp

[Wed Sep  2 03:26:38 2026]
Finished job 745.
1151 of 1923 steps (60%) done
Select jobs to execute...
Execute 1 jobs...

[Wed Sep  2 03:26:38 2026]
localrule run_cell:
    output: results/bias_sensitivity/raw/dp0.5_k-0.3_n10000_r5_m2000.rds
    log: logs/bias_sensitivity/run_dp0.5_k-0.3_n10000_r5_m2000.log
    jobid: 968
    reason: Missing output files: results/bias_sensitivity/raw/dp0.5_k-0.3_n10000_r5_m2000.rds
    wildcards: cell=dp0.5_k-0.3_n10000_r5_m2000
    threads: 2
    resources: tmpdir=/tmp

[Wed Sep  2 03:26:59 2026]
Finished job 1165.
1152 of 1923 steps (60%) done
Select jobs to execute...
Execute 1 jobs...

[Wed Sep  2 03:26:59 2026]
localrule run_cell:
    output: results/bias_sensitivity/raw/dp0.5_k0.3_n2000_r15_m2000.rds
    log: logs/bias_sensitivity/run_dp0.5_k0.3_n2000_r15_m2000.log
    jobid: 1028
    reason: Missing output files: results/bias_sensitivity/raw/dp0.5_k0.3_n2000_r15_m2000.rds
    wildcards: cell=dp0.5_k0.3_n2000_r15_m2000
    threads: 2
    resources: tmpdir=/tmp

[Wed Sep  2 03:26:59 2026]
Finished job 1645.
1153 of 1923 steps (60%) done
Select jobs to execute...
Execute 1 jobs...

[Wed Sep  2 03:26:59 2026]
localrule run_cell:
    output: results/bias_sensitivity/raw/dp0.6_k0.3_n10000_r5_m2000.rds
    log: logs/bias_sensitivity/run_dp0.6_k0.3_n10000_r5_m2000.log
    jobid: 1208
    reason: Missing output files: results/bias_sensitivity/raw/dp0.6_k0.3_n10000_r5_m2000.rds
    wildcards: cell=dp0.6_k0.3_n10000_r5_m2000
    threads: 2
    resources: tmpdir=/tmp

[Wed Sep  2 03:27:02 2026]
Finished job 1344.
1154 of 1923 steps (60%) done
Select jobs to execute...
Execute 1 jobs...

[Wed Sep  2 03:27:02 2026]
localrule run_cell:
    output: results/bias_sensitivity/raw/dp0.8_k-0.3_n4000_r5_m2000.rds
    log: logs/bias_sensitivity/run_dp0.8_k-0.3_n4000_r5_m2000.log
    jobid: 1568
    reason: Missing output files: results/bias_sensitivity/raw/dp0.8_k-0.3_n4000_r5_m2000.rds
    wildcards: cell=dp0.8_k-0.3_n4000_r5_m2000
    threads: 2
    resources: tmpdir=/tmp

[Wed Sep  2 03:27:11 2026]
Finished job 222.
1155 of 1923 steps (60%) done
Select jobs to execute...
Execute 1 jobs...

[Wed Sep  2 03:27:11 2026]
localrule run_cell:
    output: results/bias_sensitivity/raw/dp0.05_k0.3_n10000_r10_m4000.rds
    log: logs/bias_sensitivity/run_dp0.05_k0.3_n10000_r10_m4000.log
    jobid: 51
    reason: Missing output files: results/bias_sensitivity/raw/dp0.05_k0.3_n10000_r10_m4000.rds
    wildcards: cell=dp0.05_k0.3_n10000_r10_m4000
    threads: 2
    resources: tmpdir=/tmp

[Wed Sep  2 03:27:38 2026]
Finished job 49.
1156 of 1923 steps (60%) done
Select jobs to execute...
Execute 1 jobs...

[Wed Sep  2 03:27:38 2026]
localrule run_cell:
    output: results/bias_sensitivity/raw/dp0.15_k-0.3_n1000_r20_m4000.rds
    log: logs/bias_sensitivity/run_dp0.15_k-0.3_n1000_r20_m4000.log
    jobid: 111
    reason: Missing output files: results/bias_sensitivity/raw/dp0.15_k-0.3_n1000_r20_m4000.rds
    wildcards: cell=dp0.15_k-0.3_n1000_r20_m4000
    threads: 2
    resources: tmpdir=/tmp

[Wed Sep  2 03:28:01 2026]
Finished job 1902.
1157 of 1923 steps (60%) done
Select jobs to execute...
Execute 1 jobs...

[Wed Sep  2 03:28:01 2026]
localrule run_cell:
    output: results/bias_sensitivity/raw/dp0.15_k0.3_n4000_r10_m4000.rds
    log: logs/bias_sensitivity/run_dp0.15_k0.3_n4000_r10_m4000.log
    jobid: 171
    reason: Missing output files: results/bias_sensitivity/raw/dp0.15_k0.3_n4000_r10_m4000.rds
    wildcards: cell=dp0.15_k0.3_n4000_r10_m4000
    threads: 2
    resources: tmpdir=/tmp

[Wed Sep  2 03:28:19 2026]
Finished job 1662.
1158 of 1923 steps (60%) done
Select jobs to execute...
Execute 1 jobs...

[Wed Sep  2 03:28:19 2026]
localrule run_cell:
    output: results/bias_sensitivity/raw/dp0.1_k-0.3_n6000_r20_m4000.rds
    log: logs/bias_sensitivity/run_dp0.1_k-0.3_n6000_r20_m4000.log
    jobid: 231
    reason: Missing output files: results/bias_sensitivity/raw/dp0.1_k-0.3_n6000_r20_m4000.rds
    wildcards: cell=dp0.1_k-0.3_n6000_r20_m4000
    threads: 2
    resources: tmpdir=/tmp

[Wed Sep  2 03:28:20 2026]
Finished job 658.
1159 of 1923 steps (60%) done
Select jobs to execute...
Execute 1 jobs...

[Wed Sep  2 03:28:20 2026]
localrule run_cell:
    output: results/bias_sensitivity/raw/dp0.25_k-0.3_n10000_r10_m4000.rds
    log: logs/bias_sensitivity/run_dp0.25_k-0.3_n10000_r10_m4000.log
    jobid: 291
    reason: Missing output files: results/bias_sensitivity/raw/dp0.25_k-0.3_n10000_r10_m4000.rds
    wildcards: cell=dp0.25_k-0.3_n10000_r10_m4000
    threads: 2
    resources: tmpdir=/tmp

[Wed Sep  2 03:28:34 2026]
Finished job 883.
1160 of 1923 steps (60%) done
Select jobs to execute...
Execute 1 jobs...

[Wed Sep  2 03:28:34 2026]
localrule run_cell:
    output: results/bias_sensitivity/raw/dp0.25_k0.3_n1000_r20_m4000.rds
    log: logs/bias_sensitivity/run_dp0.25_k0.3_n1000_r20_m4000.log
    jobid: 351
    reason: Missing output files: results/bias_sensitivity/raw/dp0.25_k0.3_n1000_r20_m4000.rds
    wildcards: cell=dp0.25_k0.3_n1000_r20_m4000
    threads: 2
    resources: tmpdir=/tmp

[Wed Sep  2 03:30:03 2026]
Finished job 1388.
1161 of 1923 steps (60%) done
Select jobs to execute...
Execute 1 jobs...

[Wed Sep  2 03:30:03 2026]
localrule run_cell:
    output: results/bias_sensitivity/raw/dp0.2_k0.3_n6000_r20_m4000.rds
    log: logs/bias_sensitivity/run_dp0.2_k0.3_n6000_r20_m4000.log
    jobid: 471
    reason: Missing output files: results/bias_sensitivity/raw/dp0.2_k0.3_n6000_r20_m4000.rds
    wildcards: cell=dp0.2_k0.3_n6000_r20_m4000
    threads: 2
    resources: tmpdir=/tmp

[Wed Sep  2 03:30:16 2026]
Finished job 942.
1162 of 1923 steps (60%) done
Select jobs to execute...
Execute 1 jobs...

[Wed Sep  2 03:30:16 2026]
localrule run_cell:
    output: results/bias_sensitivity/raw/dp0.45_k-0.3_n6000_r20_m4000.rds
    log: logs/bias_sensitivity/run_dp0.45_k-0.3_n6000_r20_m4000.log
    jobid: 711
    reason: Missing output files: results/bias_sensitivity/raw/dp0.45_k-0.3_n6000_r20_m4000.rds
    wildcards: cell=dp0.45_k-0.3_n6000_r20_m4000
    threads: 2
    resources: tmpdir=/tmp

[Wed Sep  2 03:30:41 2026]
Finished job 111.
1163 of 1923 steps (60%) done
Select jobs to execute...
Execute 1 jobs...

[Wed Sep  2 03:30:41 2026]
localrule run_cell:
    output: results/bias_sensitivity/raw/dp0.4_k-0.3_n10000_r10_m4000.rds
    log: logs/bias_sensitivity/run_dp0.4_k-0.3_n10000_r10_m4000.log
    jobid: 771
    reason: Missing output files: results/bias_sensitivity/raw/dp0.4_k-0.3_n10000_r10_m4000.rds
    wildcards: cell=dp0.4_k-0.3_n10000_r10_m4000
    threads: 2
    resources: tmpdir=/tmp

[Wed Sep  2 03:30:43 2026]
Finished job 564.
1164 of 1923 steps (61%) done
Select jobs to execute...
Execute 1 jobs...

[Wed Sep  2 03:30:43 2026]
localrule run_cell:
    output: results/bias_sensitivity/raw/dp1_k0.3_n6000_r20_m4000.rds
    log: logs/bias_sensitivity/run_dp1_k0.3_n6000_r20_m4000.log
    jobid: 1911
    reason: Missing output files: results/bias_sensitivity/raw/dp1_k0.3_n6000_r20_m4000.rds
    wildcards: cell=dp1_k0.3_n6000_r20_m4000
    threads: 2
    resources: tmpdir=/tmp

[Wed Sep  2 03:31:07 2026]
Finished job 522.
1165 of 1923 steps (61%) done
Select jobs to execute...
Execute 1 jobs...

[Wed Sep  2 03:31:07 2026]
localrule run_cell:
    output: results/bias_sensitivity/raw/dp0.95_k0.3_n10000_r5_m2000.rds
    log: logs/bias_sensitivity/run_dp0.95_k0.3_n10000_r5_m2000.log
    jobid: 1688
    reason: Missing output files: results/bias_sensitivity/raw/dp0.95_k0.3_n10000_r5_m2000.rds
    wildcards: cell=dp0.95_k0.3_n10000_r5_m2000
    threads: 2
    resources: tmpdir=/tmp

[Wed Sep  2 03:31:37 2026]
Finished job 351.
1166 of 1923 steps (61%) done
Select jobs to execute...
Execute 1 jobs...

[Wed Sep  2 03:31:37 2026]
localrule run_cell:
    output: results/bias_sensitivity/raw/dp0.95_k0.3_n6000_r10_m2000.rds
    log: logs/bias_sensitivity/run_dp0.95_k0.3_n6000_r10_m2000.log
    jobid: 1714
    reason: Missing output files: results/bias_sensitivity/raw/dp0.95_k0.3_n6000_r10_m2000.rds
    wildcards: cell=dp0.95_k0.3_n6000_r10_m2000
    threads: 2
    resources: tmpdir=/tmp

[Wed Sep  2 03:31:40 2026]
Finished job 548.
1167 of 1923 steps (61%) done
Select jobs to execute...
Execute 1 jobs...

[Wed Sep  2 03:31:40 2026]
localrule run_cell:
    output: results/bias_sensitivity/raw/dp0.05_k-0.3_n6000_r10_m2000.rds
    log: logs/bias_sensitivity/run_dp0.05_k-0.3_n6000_r10_m2000.log
    jobid: 34
    reason: Missing output files: results/bias_sensitivity/raw/dp0.05_k-0.3_n6000_r10_m2000.rds
    wildcards: cell=dp0.05_k-0.3_n6000_r10_m2000
    threads: 2
    resources: tmpdir=/tmp

[Wed Sep  2 03:32:02 2026]
Finished job 985.
1168 of 1923 steps (61%) done
Select jobs to execute...
Execute 1 jobs...

[Wed Sep  2 03:32:02 2026]
localrule run_cell:
    output: results/bias_sensitivity/raw/dp0.05_k0.3_n8000_r20_m2000.rds
    log: logs/bias_sensitivity/run_dp0.05_k0.3_n8000_r20_m2000.log
    jobid: 94
    reason: Missing output files: results/bias_sensitivity/raw/dp0.05_k0.3_n8000_r20_m2000.rds
    wildcards: cell=dp0.05_k0.3_n8000_r20_m2000
    threads: 2
    resources: tmpdir=/tmp

[Wed Sep  2 03:32:34 2026]
Finished job 1722.
1169 of 1923 steps (61%) done
Select jobs to execute...
Execute 1 jobs...

[Wed Sep  2 03:32:34 2026]
localrule run_cell:
    output: results/bias_sensitivity/raw/dp0.1_k-0.3_n2000_r20_m2000.rds
    log: logs/bias_sensitivity/run_dp0.1_k-0.3_n2000_r20_m2000.log
    jobid: 214
    reason: Missing output files: results/bias_sensitivity/raw/dp0.1_k-0.3_n2000_r20_m2000.rds
    wildcards: cell=dp0.1_k-0.3_n2000_r20_m2000
    threads: 2
    resources: tmpdir=/tmp

[Wed Sep  2 03:32:42 2026]
Finished job 1268.
1170 of 1923 steps (61%) done
Select jobs to execute...
Execute 1 jobs...

[Wed Sep  2 03:32:42 2026]
localrule run_cell:
    output: results/bias_sensitivity/raw/dp0.25_k-0.3_n8000_r20_m2000.rds
    log: logs/bias_sensitivity/run_dp0.25_k-0.3_n8000_r20_m2000.log
    jobid: 334
    reason: Missing output files: results/bias_sensitivity/raw/dp0.25_k-0.3_n8000_r20_m2000.rds
    wildcards: cell=dp0.25_k-0.3_n8000_r20_m2000
    threads: 2
    resources: tmpdir=/tmp

[Wed Sep  2 03:33:23 2026]
Finished job 85.
1171 of 1923 steps (61%) done
Select jobs to execute...
Execute 1 jobs...

[Wed Sep  2 03:33:23 2026]
localrule run_cell:
    output: results/bias_sensitivity/raw/dp0.2_k0.3_n2000_r20_m2000.rds
    log: logs/bias_sensitivity/run_dp0.2_k0.3_n2000_r20_m2000.log
    jobid: 454
    reason: Missing output files: results/bias_sensitivity/raw/dp0.2_k0.3_n2000_r20_m2000.rds
    wildcards: cell=dp0.2_k0.3_n2000_r20_m2000
    threads: 2
    resources: tmpdir=/tmp

[Wed Sep  2 03:34:15 2026]
Finished job 866.
1172 of 1923 steps (61%) done
Select jobs to execute...
Execute 1 jobs...

[Wed Sep  2 03:34:16 2026]
localrule run_cell:
    output: results/bias_sensitivity/raw/dp0.85_k0.3_n6000_r20_m2000.rds
    log: logs/bias_sensitivity/run_dp0.85_k0.3_n6000_r20_m2000.log
    jobid: 1526
    reason: Missing output files: results/bias_sensitivity/raw/dp0.85_k0.3_n6000_r20_m2000.rds
    wildcards: cell=dp0.85_k0.3_n6000_r20_m2000
    threads: 2
    resources: tmpdir=/tmp

[Wed Sep  2 03:34:19 2026]
Finished job 1028.
1173 of 1923 steps (61%) done
Select jobs to execute...
Execute 1 jobs...

[Wed Sep  2 03:34:19 2026]
localrule run_cell:
    output: results/bias_sensitivity/raw/dp0.85_k-0.3_n2000_r20_m2000.rds
    log: logs/bias_sensitivity/run_dp0.85_k-0.3_n2000_r20_m2000.log
    jobid: 1462
    reason: Missing output files: results/bias_sensitivity/raw/dp0.85_k-0.3_n2000_r20_m2000.rds
    wildcards: cell=dp0.85_k-0.3_n2000_r20_m2000
    threads: 2
    resources: tmpdir=/tmp

[Wed Sep  2 03:34:24 2026]
Finished job 1826.
1174 of 1923 steps (61%) done
Select jobs to execute...
Execute 1 jobs...

[Wed Sep  2 03:34:24 2026]
localrule run_cell:
    output: results/bias_sensitivity/raw/dp0.35_k0.3_n4000_r15_m4000.rds
    log: logs/bias_sensitivity/run_dp0.35_k0.3_n4000_r15_m4000.log
    jobid: 557
    reason: Missing output files: results/bias_sensitivity/raw/dp0.35_k0.3_n4000_r15_m4000.rds
    wildcards: cell=dp0.35_k0.3_n4000_r15_m4000
    threads: 2
    resources: tmpdir=/tmp

[Wed Sep  2 03:34:26 2026]
Finished job 788.
1175 of 1923 steps (61%) done
Select jobs to execute...
Execute 1 jobs...

[Wed Sep  2 03:34:26 2026]
localrule run_cell:
    output: results/bias_sensitivity/raw/dp0.95_k0.3_n1000_r5_m4000.rds
    log: logs/bias_sensitivity/run_dp0.95_k0.3_n1000_r5_m4000.log
    jobid: 1697
    reason: Missing output files: results/bias_sensitivity/raw/dp0.95_k0.3_n1000_r5_m4000.rds
    wildcards: cell=dp0.95_k0.3_n1000_r5_m4000
    threads: 2
    resources: tmpdir=/tmp

[Wed Sep  2 03:34:50 2026]
Finished job 1541.
1176 of 1923 steps (61%) done
Select jobs to execute...
Execute 1 jobs...

[Wed Sep  2 03:34:50 2026]
localrule run_cell:
    output: results/bias_sensitivity/raw/dp0.75_k-0.3_n4000_r15_m4000.rds
    log: logs/bias_sensitivity/run_dp0.75_k-0.3_n4000_r15_m4000.log
    jobid: 1277
    reason: Missing output files: results/bias_sensitivity/raw/dp0.75_k-0.3_n4000_r15_m4000.rds
    wildcards: cell=dp0.75_k-0.3_n4000_r15_m4000
    threads: 2
    resources: tmpdir=/tmp

[Wed Sep  2 03:35:02 2026]
Finished job 582.
1177 of 1923 steps (61%) done
Select jobs to execute...
Execute 1 jobs...

[Wed Sep  2 03:35:02 2026]
localrule run_cell:
    output: results/bias_sensitivity/raw/dp0.9_k0.3_n6000_r5_m4000.rds
    log: logs/bias_sensitivity/run_dp0.9_k0.3_n6000_r5_m4000.log
    jobid: 1817
    reason: Missing output files: results/bias_sensitivity/raw/dp0.9_k0.3_n6000_r5_m4000.rds
    wildcards: cell=dp0.9_k0.3_n6000_r5_m4000
    threads: 2
    resources: tmpdir=/tmp

[Wed Sep  2 03:35:18 2026]
Finished job 864.
1178 of 1923 steps (61%) done
Select jobs to execute...
Execute 1 jobs...

[Wed Sep  2 03:35:18 2026]
localrule run_cell:
    output: results/bias_sensitivity/raw/dp0.95_k-0.3_n10000_r15_m4000.rds
    log: logs/bias_sensitivity/run_dp0.95_k-0.3_n10000_r15_m4000.log
    jobid: 1637
    reason: Missing output files: results/bias_sensitivity/raw/dp0.95_k-0.3_n10000_r15_m4000.rds
    wildcards: cell=dp0.95_k-0.3_n10000_r15_m4000
    threads: 2
    resources: tmpdir=/tmp

[Wed Sep  2 03:35:36 2026]
Finished job 1420.
1179 of 1923 steps (61%) done
Select jobs to execute...
Execute 1 jobs...

[Wed Sep  2 03:35:36 2026]
localrule run_cell:
    output: results/bias_sensitivity/raw/dp0.85_k0.3_n4000_r15_m4000.rds
    log: logs/bias_sensitivity/run_dp0.85_k0.3_n4000_r15_m4000.log
    jobid: 1517
    reason: Missing output files: results/bias_sensitivity/raw/dp0.85_k0.3_n4000_r15_m4000.rds
    wildcards: cell=dp0.85_k0.3_n4000_r15_m4000
    threads: 2
    resources: tmpdir=/tmp

[Wed Sep  2 03:37:40 2026]
Finished job 50.
1180 of 1923 steps (61%) done
Select jobs to execute...
Execute 1 jobs...

[Wed Sep  2 03:37:40 2026]
localrule run_cell:
    output: results/bias_sensitivity/raw/dp0.45_k0.3_n10000_r20_m4000.rds
    log: logs/bias_sensitivity/run_dp0.45_k0.3_n10000_r20_m4000.log
    jobid: 727
    reason: Missing output files: results/bias_sensitivity/raw/dp0.45_k0.3_n10000_r20_m4000.rds
    wildcards: cell=dp0.45_k0.3_n10000_r20_m4000
    threads: 2
    resources: tmpdir=/tmp

[Wed Sep  2 03:37:45 2026]
Finished job 171.
1181 of 1923 steps (61%) done
Select jobs to execute...
Execute 1 jobs...

[Wed Sep  2 03:37:45 2026]
localrule run_cell:
    output: results/bias_sensitivity/raw/dp0.95_k0.3_n10000_r20_m4000.rds
    log: logs/bias_sensitivity/run_dp0.95_k0.3_n10000_r20_m4000.log
    jobid: 1687
    reason: Missing output files: results/bias_sensitivity/raw/dp0.95_k0.3_n10000_r20_m4000.rds
    wildcards: cell=dp0.95_k0.3_n10000_r20_m4000
    threads: 2
    resources: tmpdir=/tmp

[Wed Sep  2 03:37:52 2026]
Finished job 1697.
1182 of 1923 steps (61%) done
Select jobs to execute...
Execute 1 jobs...

[Wed Sep  2 03:37:52 2026]
localrule run_cell:
    output: results/bias_sensitivity/raw/dp0.9_k0.3_n2000_r5_m2000.rds
    log: logs/bias_sensitivity/run_dp0.9_k0.3_n2000_r5_m2000.log
    jobid: 1800
    reason: Missing output files: results/bias_sensitivity/raw/dp0.9_k0.3_n2000_r5_m2000.rds
    wildcards: cell=dp0.9_k0.3_n2000_r5_m2000
    threads: 2
    resources: tmpdir=/tmp

[Wed Sep  2 03:38:10 2026]
Finished job 93.
1183 of 1923 steps (62%) done
Select jobs to execute...
Execute 1 jobs...

[Wed Sep  2 03:38:10 2026]
localrule run_cell:
    output: results/bias_sensitivity/raw/dp1_k0.3_n8000_r5_m2000.rds
    log: logs/bias_sensitivity/run_dp1_k0.3_n8000_r5_m2000.log
    jobid: 1920
    reason: Missing output files: results/bias_sensitivity/raw/dp1_k0.3_n8000_r5_m2000.rds
    wildcards: cell=dp1_k0.3_n8000_r5_m2000
    threads: 2
    resources: tmpdir=/tmp

[Wed Sep  2 03:38:17 2026]
Finished job 1568.
1184 of 1923 steps (62%) done
Select jobs to execute...
Execute 1 jobs...

[Wed Sep  2 03:38:17 2026]
localrule run_cell:
    output: results/bias_sensitivity/raw/dp0.75_k0.3_n2000_r5_m2000.rds
    log: logs/bias_sensitivity/run_dp0.75_k0.3_n2000_r5_m2000.log
    jobid: 1320
    reason: Missing output files: results/bias_sensitivity/raw/dp0.75_k0.3_n2000_r5_m2000.rds
    wildcards: cell=dp0.75_k0.3_n2000_r5_m2000
    threads: 2
    resources: tmpdir=/tmp

[Wed Sep  2 03:38:51 2026]
Finished job 470.
1185 of 1923 steps (62%) done
Select jobs to execute...
Execute 1 jobs...

[Wed Sep  2 03:38:51 2026]
localrule run_cell:
    output: results/bias_sensitivity/raw/dp0.7_k-0.3_n6000_r15_m2000.rds
    log: logs/bias_sensitivity/run_dp0.7_k-0.3_n6000_r15_m2000.log
    jobid: 1380
    reason: Missing output files: results/bias_sensitivity/raw/dp0.7_k-0.3_n6000_r15_m2000.rds
    wildcards: cell=dp0.7_k-0.3_n6000_r15_m2000
    threads: 2
    resources: tmpdir=/tmp

[Wed Sep  2 03:39:23 2026]
Finished job 1105.
1186 of 1923 steps (62%) done
Select jobs to execute...
Execute 1 jobs...

[Wed Sep  2 03:39:23 2026]
localrule run_cell:
    output: results/bias_sensitivity/raw/dp0.5_k0.3_n1000_r15_m2000.rds
    log: logs/bias_sensitivity/run_dp0.5_k0.3_n1000_r15_m2000.log
    jobid: 1020
    reason: Missing output files: results/bias_sensitivity/raw/dp0.5_k0.3_n1000_r15_m2000.rds
    wildcards: cell=dp0.5_k0.3_n1000_r15_m2000
    threads: 2
    resources: tmpdir=/tmp

[Wed Sep  2 03:39:38 2026]
Finished job 231.
1187 of 1923 steps (62%) done
Select jobs to execute...
Execute 1 jobs...

[Wed Sep  2 03:39:38 2026]
localrule run_cell:
    output: results/bias_sensitivity/raw/dp0.15_k0.3_n6000_r15_m2000.rds
    log: logs/bias_sensitivity/run_dp0.15_k0.3_n6000_r15_m2000.log
    jobid: 180
    reason: Missing output files: results/bias_sensitivity/raw/dp0.15_k0.3_n6000_r15_m2000.rds
    wildcards: cell=dp0.15_k0.3_n6000_r15_m2000
    threads: 2
    resources: tmpdir=/tmp

[Wed Sep  2 03:39:42 2026]
Finished job 188.
1188 of 1923 steps (62%) done
Select jobs to execute...
Execute 1 jobs...

[Wed Sep  2 03:39:42 2026]
localrule run_cell:
    output: results/bias_sensitivity/raw/dp0.3_k0.3_n6000_r15_m2000.rds
    log: logs/bias_sensitivity/run_dp0.3_k0.3_n6000_r15_m2000.log
    jobid: 660
    reason: Missing output files: results/bias_sensitivity/raw/dp0.3_k0.3_n6000_r15_m2000.rds
    wildcards: cell=dp0.3_k0.3_n6000_r15_m2000
    threads: 2
    resources: tmpdir=/tmp

[Wed Sep  2 03:39:44 2026]
Finished job 214.
1189 of 1923 steps (62%) done
Select jobs to execute...
Execute 1 jobs...

[Wed Sep  2 03:39:44 2026]
localrule run_cell:
    output: results/bias_sensitivity/raw/dp0.75_k-0.3_n1000_r15_m2000.rds
    log: logs/bias_sensitivity/run_dp0.75_k-0.3_n1000_r15_m2000.log
    jobid: 1260
    reason: Missing output files: results/bias_sensitivity/raw/dp0.75_k-0.3_n1000_r15_m2000.rds
    wildcards: cell=dp0.75_k-0.3_n1000_r15_m2000
    threads: 2
    resources: tmpdir=/tmp

[Wed Sep  2 03:40:00 2026]
Finished job 1824.
1190 of 1923 steps (62%) done
Select jobs to execute...
Execute 1 jobs...

[Wed Sep  2 03:40:00 2026]
localrule run_cell:
    output: results/bias_sensitivity/raw/dp0.5_k-0.3_n8000_r15_m2000.rds
    log: logs/bias_sensitivity/run_dp0.5_k-0.3_n8000_r15_m2000.log
    jobid: 1004
    reason: Missing output files: results/bias_sensitivity/raw/dp0.5_k-0.3_n8000_r15_m2000.rds
    wildcards: cell=dp0.5_k-0.3_n8000_r15_m2000
    threads: 2
    resources: tmpdir=/tmp

[Wed Sep  2 03:40:15 2026]
Finished job 454.
1191 of 1923 steps (62%) done
Select jobs to execute...
Execute 1 jobs...

[Wed Sep  2 03:40:15 2026]
localrule run_cell:
    output: results/bias_sensitivity/raw/dp0.55_k0.3_n8000_r5_m2000.rds
    log: logs/bias_sensitivity/run_dp0.55_k0.3_n8000_r5_m2000.log
    jobid: 960
    reason: Missing output files: results/bias_sensitivity/raw/dp0.55_k0.3_n8000_r5_m2000.rds
    wildcards: cell=dp0.55_k0.3_n8000_r5_m2000
    threads: 2
    resources: tmpdir=/tmp

[Wed Sep  2 03:40:29 2026]
Finished job 1462.
1192 of 1923 steps (62%) done
Select jobs to execute...
Execute 1 jobs...

[Wed Sep  2 03:40:29 2026]
localrule run_cell:
    output: results/bias_sensitivity/raw/dp0.3_k0.3_n2000_r15_m2000.rds
    log: logs/bias_sensitivity/run_dp0.3_k0.3_n2000_r15_m2000.log
    jobid: 644
    reason: Missing output files: results/bias_sensitivity/raw/dp0.3_k0.3_n2000_r15_m2000.rds
    wildcards: cell=dp0.3_k0.3_n2000_r15_m2000
    threads: 2
    resources: tmpdir=/tmp

[Wed Sep  2 03:40:39 2026]
Finished job 179.
1193 of 1923 steps (62%) done
Select jobs to execute...
Execute 1 jobs...

[Wed Sep  2 03:40:39 2026]
localrule run_cell:
    output: results/bias_sensitivity/raw/dp0.65_k0.3_n6000_r15_m2000.rds
    log: logs/bias_sensitivity/run_dp0.65_k0.3_n6000_r15_m2000.log
    jobid: 1140
    reason: Missing output files: results/bias_sensitivity/raw/dp0.65_k0.3_n6000_r15_m2000.rds
    wildcards: cell=dp0.65_k0.3_n6000_r15_m2000
    threads: 2
    resources: tmpdir=/tmp

[Wed Sep  2 03:40:40 2026]
Finished job 1002.
1194 of 1923 steps (62%) done
Select jobs to execute...
Execute 1 jobs...

[Wed Sep  2 03:40:40 2026]
localrule run_cell:
    output: results/bias_sensitivity/raw/dp1_k-0.3_n6000_r15_m2000.rds
    log: logs/bias_sensitivity/run_dp1_k-0.3_n6000_r15_m2000.log
    jobid: 1860
    reason: Missing output files: results/bias_sensitivity/raw/dp1_k-0.3_n6000_r15_m2000.rds
    wildcards: cell=dp1_k-0.3_n6000_r15_m2000
    threads: 2
    resources: tmpdir=/tmp

[Wed Sep  2 03:40:52 2026]
Finished job 428.
1195 of 1923 steps (62%) done
Select jobs to execute...
Execute 1 jobs...

[Wed Sep  2 03:40:52 2026]
localrule run_cell:
    output: results/bias_sensitivity/raw/dp0.7_k0.3_n8000_r5_m2000.rds
    log: logs/bias_sensitivity/run_dp0.7_k0.3_n8000_r5_m2000.log
    jobid: 1440
    reason: Missing output files: results/bias_sensitivity/raw/dp0.7_k0.3_n8000_r5_m2000.rds
    wildcards: cell=dp0.7_k0.3_n8000_r5_m2000
    threads: 2
    resources: tmpdir=/tmp

[Wed Sep  2 03:41:01 2026]
Finished job 1816.
1196 of 1923 steps (62%) done
Select jobs to execute...
Execute 1 jobs...

[Wed Sep  2 03:41:01 2026]
localrule run_cell:
    output: results/bias_sensitivity/raw/dp0.8_k-0.3_n2000_r5_m2000.rds
    log: logs/bias_sensitivity/run_dp0.8_k-0.3_n2000_r5_m2000.log
    jobid: 1560
    reason: Missing output files: results/bias_sensitivity/raw/dp0.8_k-0.3_n2000_r5_m2000.rds
    wildcards: cell=dp0.8_k-0.3_n2000_r5_m2000
    threads: 2
    resources: tmpdir=/tmp

[Wed Sep  2 03:41:25 2026]
Finished job 1585.
1197 of 1923 steps (62%) done
Select jobs to execute...
Execute 1 jobs...

[Wed Sep  2 03:41:25 2026]
localrule run_cell:
    output: results/bias_sensitivity/raw/dp0.3_k0.3_n6000_r5_m4000.rds
    log: logs/bias_sensitivity/run_dp0.3_k0.3_n6000_r5_m4000.log
    jobid: 665
    reason: Missing output files: results/bias_sensitivity/raw/dp0.3_k0.3_n6000_r5_m4000.rds
    wildcards: cell=dp0.3_k0.3_n6000_r5_m4000
    threads: 2
    resources: tmpdir=/tmp

[Wed Sep  2 03:42:20 2026]
Finished job 908.
1198 of 1923 steps (62%) done
Select jobs to execute...
Execute 1 jobs...

[Wed Sep  2 03:42:20 2026]
localrule run_cell:
    output: results/bias_sensitivity/raw/dp0.75_k0.3_n4000_r5_m2000.rds
    log: logs/bias_sensitivity/run_dp0.75_k0.3_n4000_r5_m2000.log
    jobid: 1328
    reason: Missing output files: results/bias_sensitivity/raw/dp0.75_k0.3_n4000_r5_m2000.rds
    wildcards: cell=dp0.75_k0.3_n4000_r5_m2000
    threads: 2
    resources: tmpdir=/tmp

[Wed Sep  2 03:42:32 2026]
Finished job 1020.
1199 of 1923 steps (62%) done
Select jobs to execute...
Execute 1 jobs...

[Wed Sep  2 03:42:32 2026]
localrule run_cell:
    output: results/bias_sensitivity/raw/dp0.55_k0.3_n4000_r20_m4000.rds
    log: logs/bias_sensitivity/run_dp0.55_k0.3_n4000_r20_m4000.log
    jobid: 943
    reason: Missing output files: results/bias_sensitivity/raw/dp0.55_k0.3_n4000_r20_m4000.rds
    wildcards: cell=dp0.55_k0.3_n4000_r20_m4000
    threads: 2
    resources: tmpdir=/tmp

[Wed Sep  2 03:42:35 2026]
Finished job 34.
1200 of 1923 steps (62%) done
Select jobs to execute...
Execute 1 jobs...

[Wed Sep  2 03:42:35 2026]
localrule run_cell:
    output: results/bias_sensitivity/raw/dp0.95_k-0.3_n4000_r20_m4000.rds
    log: logs/bias_sensitivity/run_dp0.95_k-0.3_n4000_r20_m4000.log
    jobid: 1663
    reason: Missing output files: results/bias_sensitivity/raw/dp0.95_k-0.3_n4000_r20_m4000.rds
    wildcards: cell=dp0.95_k-0.3_n4000_r20_m4000
    threads: 2
    resources: tmpdir=/tmp

[Wed Sep  2 03:43:00 2026]
Finished job 1260.
1201 of 1923 steps (62%) done
Select jobs to execute...
Execute 1 jobs...

[Wed Sep  2 03:43:00 2026]
localrule run_cell:
    output: results/bias_sensitivity/raw/dp0.1_k-0.3_n4000_r20_m4000.rds
    log: logs/bias_sensitivity/run_dp0.1_k-0.3_n4000_r20_m4000.log
    jobid: 223
    reason: Missing output files: results/bias_sensitivity/raw/dp0.1_k-0.3_n4000_r20_m4000.rds
    wildcards: cell=dp0.1_k-0.3_n4000_r20_m4000
    threads: 2
    resources: tmpdir=/tmp

[Wed Sep  2 03:43:06 2026]
Finished job 557.
1202 of 1923 steps (63%) done
Select jobs to execute...
Execute 1 jobs...

[Wed Sep  2 03:43:06 2026]
localrule run_cell:
    output: results/bias_sensitivity/raw/dp0.85_k-0.3_n8000_r10_m4000.rds
    log: logs/bias_sensitivity/run_dp0.85_k-0.3_n8000_r10_m4000.log
    jobid: 1483
    reason: Missing output files: results/bias_sensitivity/raw/dp0.85_k-0.3_n8000_r10_m4000.rds
    wildcards: cell=dp0.85_k-0.3_n8000_r10_m4000
    threads: 2
    resources: tmpdir=/tmp

[Wed Sep  2 03:43:56 2026]
Finished job 1919.
1203 of 1923 steps (63%) done
Select jobs to execute...
Execute 1 jobs...

[Wed Sep  2 03:43:56 2026]
localrule run_cell:
    output: results/bias_sensitivity/raw/dp0.7_k-0.3_n2000_r10_m4000.rds
    log: logs/bias_sensitivity/run_dp0.7_k-0.3_n2000_r10_m4000.log
    jobid: 1363
    reason: Missing output files: results/bias_sensitivity/raw/dp0.7_k-0.3_n2000_r10_m4000.rds
    wildcards: cell=dp0.7_k-0.3_n2000_r10_m4000
    threads: 2
    resources: tmpdir=/tmp

[Wed Sep  2 03:44:14 2026]
Finished job 1277.
1204 of 1923 steps (63%) done
Select jobs to execute...
Execute 1 jobs...

[Wed Sep  2 03:44:14 2026]
localrule run_cell:
    output: results/bias_sensitivity/raw/dp1_k-0.3_n2000_r10_m4000.rds
    log: logs/bias_sensitivity/run_dp1_k-0.3_n2000_r10_m4000.log
    jobid: 1843
    reason: Missing output files: results/bias_sensitivity/raw/dp1_k-0.3_n2000_r10_m4000.rds
    wildcards: cell=dp1_k-0.3_n2000_r10_m4000
    threads: 2
    resources: tmpdir=/tmp

[Wed Sep  2 03:44:22 2026]
Finished job 770.
1205 of 1923 steps (63%) done
Select jobs to execute...
Execute 1 jobs...

[Wed Sep  2 03:44:22 2026]
localrule run_cell:
    output: results/bias_sensitivity/raw/dp0.35_k-0.3_n8000_r10_m4000.rds
    log: logs/bias_sensitivity/run_dp0.35_k-0.3_n8000_r10_m4000.log
    jobid: 523
    reason: Missing output files: results/bias_sensitivity/raw/dp0.35_k-0.3_n8000_r10_m4000.rds
    wildcards: cell=dp0.35_k-0.3_n8000_r10_m4000
    threads: 2
    resources: tmpdir=/tmp

[Wed Sep  2 03:45:06 2026]
Finished job 565.
1206 of 1923 steps (63%) done
Select jobs to execute...
Execute 1 jobs...

[Wed Sep  2 03:45:06 2026]
localrule run_cell:
    output: results/bias_sensitivity/raw/dp0.95_k0.3_n8000_r10_m4000.rds
    log: logs/bias_sensitivity/run_dp0.95_k0.3_n8000_r10_m4000.log
    jobid: 1723
    reason: Missing output files: results/bias_sensitivity/raw/dp0.95_k0.3_n8000_r10_m4000.rds
    wildcards: cell=dp0.95_k0.3_n8000_r10_m4000
    threads: 2
    resources: tmpdir=/tmp

[Wed Sep  2 03:45:12 2026]
Finished job 1517.
1207 of 1923 steps (63%) done
Select jobs to execute...
Execute 1 jobs...

[Wed Sep  2 03:45:12 2026]
localrule run_cell:
    output: results/bias_sensitivity/raw/dp0.65_k0.3_n2000_r10_m4000.rds
    log: logs/bias_sensitivity/run_dp0.65_k0.3_n2000_r10_m4000.log
    jobid: 1123
    reason: Missing output files: results/bias_sensitivity/raw/dp0.65_k0.3_n2000_r10_m4000.rds
    wildcards: cell=dp0.65_k0.3_n2000_r10_m4000
    threads: 2
    resources: tmpdir=/tmp

[Wed Sep  2 03:45:27 2026]
Finished job 1800.
1208 of 1923 steps (63%) done
Select jobs to execute...
Execute 1 jobs...

[Wed Sep  2 03:45:27 2026]
localrule run_cell:
    output: results/bias_sensitivity/raw/dp0.8_k0.3_n2000_r10_m4000.rds
    log: logs/bias_sensitivity/run_dp0.8_k0.3_n2000_r10_m4000.log
    jobid: 1603
    reason: Missing output files: results/bias_sensitivity/raw/dp0.8_k0.3_n2000_r10_m4000.rds
    wildcards: cell=dp0.8_k0.3_n2000_r10_m4000
    threads: 2
    resources: tmpdir=/tmp

[Wed Sep  2 03:45:41 2026]
Finished job 291.
1209 of 1923 steps (63%) done
Select jobs to execute...
Execute 1 jobs...

[Wed Sep  2 03:45:41 2026]
localrule run_cell:
    output: results/bias_sensitivity/raw/dp0.3_k0.3_n2000_r10_m4000.rds
    log: logs/bias_sensitivity/run_dp0.3_k0.3_n2000_r10_m4000.log
    jobid: 643
    reason: Missing output files: results/bias_sensitivity/raw/dp0.3_k0.3_n2000_r10_m4000.rds
    wildcards: cell=dp0.3_k0.3_n2000_r10_m4000
    threads: 2
    resources: tmpdir=/tmp

[Wed Sep  2 03:45:42 2026]
Finished job 1104.
1210 of 1923 steps (63%) done
Select jobs to execute...
Execute 1 jobs...

[Wed Sep  2 03:45:42 2026]
localrule run_cell:
    output: results/bias_sensitivity/raw/dp0.3_k-0.3_n10000_r20_m4000.rds
    log: logs/bias_sensitivity/run_dp0.3_k-0.3_n10000_r20_m4000.log
    jobid: 583
    reason: Missing output files: results/bias_sensitivity/raw/dp0.3_k-0.3_n10000_r20_m4000.rds
    wildcards: cell=dp0.3_k-0.3_n10000_r20_m4000
    threads: 2
    resources: tmpdir=/tmp

[Wed Sep  2 03:45:44 2026]
Finished job 1237.
1211 of 1923 steps (63%) done
Select jobs to execute...
Execute 1 jobs...

[Wed Sep  2 03:45:44 2026]
localrule run_cell:
    output: results/bias_sensitivity/raw/dp1_k0.3_n4000_r20_m4000.rds
    log: logs/bias_sensitivity/run_dp1_k0.3_n4000_r20_m4000.log
    jobid: 1903
    reason: Missing output files: results/bias_sensitivity/raw/dp1_k0.3_n4000_r20_m4000.rds
    wildcards: cell=dp1_k0.3_n4000_r20_m4000
    threads: 2
    resources: tmpdir=/tmp

[Wed Sep  2 03:46:02 2026]
Finished job 1045.
1212 of 1923 steps (63%) done
Select jobs to execute...
Execute 1 jobs...

[Wed Sep  2 03:46:02 2026]
localrule run_cell:
    output: results/bias_sensitivity/raw/dp0.8_k-0.3_n10000_r20_m4000.rds
    log: logs/bias_sensitivity/run_dp0.8_k-0.3_n10000_r20_m4000.log
    jobid: 1543
    reason: Missing output files: results/bias_sensitivity/raw/dp0.8_k-0.3_n10000_r20_m4000.rds
    wildcards: cell=dp0.8_k-0.3_n10000_r20_m4000
    threads: 2
    resources: tmpdir=/tmp

[Wed Sep  2 03:46:06 2026]
Finished job 1320.
1213 of 1923 steps (63%) done
Select jobs to execute...
Execute 1 jobs...

[Wed Sep  2 03:46:06 2026]
localrule run_cell:
    output: results/bias_sensitivity/raw/dp0.1_k0.3_n4000_r10_m2000.rds
    log: logs/bias_sensitivity/run_dp0.1_k0.3_n4000_r10_m2000.log
    jobid: 266
    reason: Missing output files: results/bias_sensitivity/raw/dp0.1_k0.3_n4000_r10_m2000.rds
    wildcards: cell=dp0.1_k0.3_n4000_r10_m2000
    threads: 2
    resources: tmpdir=/tmp

[Wed Sep  2 03:47:01 2026]
Finished job 1859.
1214 of 1923 steps (63%) done
Select jobs to execute...
Execute 1 jobs...

[Wed Sep  2 03:47:01 2026]
localrule run_cell:
    output: results/bias_sensitivity/raw/dp0.45_k0.3_n4000_r10_m2000.rds
    log: logs/bias_sensitivity/run_dp0.45_k0.3_n4000_r10_m2000.log
    jobid: 746
    reason: Missing output files: results/bias_sensitivity/raw/dp0.45_k0.3_n4000_r10_m2000.rds
    wildcards: cell=dp0.45_k0.3_n4000_r10_m2000
    threads: 2
    resources: tmpdir=/tmp

[Wed Sep  2 03:47:38 2026]
Finished job 644.
1215 of 1923 steps (63%) done
Select jobs to execute...
Execute 1 jobs...

[Wed Sep  2 03:47:38 2026]
localrule run_cell:
    output: results/bias_sensitivity/raw/dp0.65_k0.3_n10000_r10_m2000.rds
    log: logs/bias_sensitivity/run_dp0.65_k0.3_n10000_r10_m2000.log
    jobid: 1106
    reason: Missing output files: results/bias_sensitivity/raw/dp0.65_k0.3_n10000_r10_m2000.rds
    wildcards: cell=dp0.65_k0.3_n10000_r10_m2000
    threads: 2
    resources: tmpdir=/tmp

[Wed Sep  2 03:48:17 2026]
Finished job 1817.
1216 of 1923 steps (63%) done
Select jobs to execute...
Execute 1 jobs...

[Wed Sep  2 03:48:17 2026]
localrule run_cell:
    output: results/bias_sensitivity/raw/dp0.7_k-0.3_n10000_r10_m2000.rds
    log: logs/bias_sensitivity/run_dp0.7_k-0.3_n10000_r10_m2000.log
    jobid: 1346
    reason: Missing output files: results/bias_sensitivity/raw/dp0.7_k-0.3_n10000_r10_m2000.rds
    wildcards: cell=dp0.7_k-0.3_n10000_r10_m2000
    threads: 2
    resources: tmpdir=/tmp

[Wed Sep  2 03:48:30 2026]
Finished job 1911.
1217 of 1923 steps (63%) done
Select jobs to execute...
Execute 1 jobs...

[Wed Sep  2 03:48:30 2026]
localrule run_cell:
    output: results/bias_sensitivity/raw/dp0.35_k0.3_n6000_r20_m2000.rds
    log: logs/bias_sensitivity/run_dp0.35_k0.3_n6000_r20_m2000.log
    jobid: 566
    reason: Missing output files: results/bias_sensitivity/raw/dp0.35_k0.3_n6000_r20_m2000.rds
    wildcards: cell=dp0.35_k0.3_n6000_r20_m2000
    threads: 2
    resources: tmpdir=/tmp

[Wed Sep  2 03:49:31 2026]
Finished job 1299.
1218 of 1923 steps (63%) done
Select jobs to execute...
Execute 1 jobs...

[Wed Sep  2 03:49:31 2026]
localrule run_cell:
    output: results/bias_sensitivity/raw/dp0.4_k-0.3_n6000_r20_m2000.rds
    log: logs/bias_sensitivity/run_dp0.4_k-0.3_n6000_r20_m2000.log
    jobid: 806
    reason: Missing output files: results/bias_sensitivity/raw/dp0.4_k-0.3_n6000_r20_m2000.rds
    wildcards: cell=dp0.4_k-0.3_n6000_r20_m2000
    threads: 2
    resources: tmpdir=/tmp

[Wed Sep  2 03:50:31 2026]
Finished job 659.
1219 of 1923 steps (63%) done
Select jobs to execute...
Execute 1 jobs...

[Wed Sep  2 03:50:31 2026]
localrule run_cell:
    output: results/bias_sensitivity/raw/dp0.55_k0.3_n1000_r20_m2000.rds
    log: logs/bias_sensitivity/run_dp0.55_k0.3_n1000_r20_m2000.log
    jobid: 926
    reason: Missing output files: results/bias_sensitivity/raw/dp0.55_k0.3_n1000_r20_m2000.rds
    wildcards: cell=dp0.55_k0.3_n1000_r20_m2000
    threads: 2
    resources: tmpdir=/tmp

[Wed Sep  2 03:50:45 2026]
Finished job 1843.
1220 of 1923 steps (63%) done
Select jobs to execute...
Execute 1 jobs...

[Wed Sep  2 03:50:45 2026]
localrule run_cell:
    output: results/bias_sensitivity/raw/dp0.5_k0.3_n6000_r20_m2000.rds
    log: logs/bias_sensitivity/run_dp0.5_k0.3_n6000_r20_m2000.log
    jobid: 1046
    reason: Missing output files: results/bias_sensitivity/raw/dp0.5_k0.3_n6000_r20_m2000.rds
    wildcards: cell=dp0.5_k0.3_n6000_r20_m2000
    threads: 2
    resources: tmpdir=/tmp

[Wed Sep  2 03:50:53 2026]
Finished job 1560.
1221 of 1923 steps (63%) done
Select jobs to execute...
Execute 1 jobs...

[Wed Sep  2 03:50:53 2026]
localrule run_cell:
    output: results/bias_sensitivity/raw/dp0.7_k0.3_n1000_r20_m2000.rds
    log: logs/bias_sensitivity/run_dp0.7_k0.3_n1000_r20_m2000.log
    jobid: 1406
    reason: Missing output files: results/bias_sensitivity/raw/dp0.7_k0.3_n1000_r20_m2000.rds
    wildcards: cell=dp0.7_k0.3_n1000_r20_m2000
    threads: 2
    resources: tmpdir=/tmp

[Wed Sep  2 03:51:26 2026]
Finished job 223.
1222 of 1923 steps (64%) done
Select jobs to execute...
Execute 1 jobs...

[Wed Sep  2 03:51:26 2026]
localrule run_cell:
    output: results/bias_sensitivity/raw/dp0.05_k0.3_n6000_r20_m2000.rds
    log: logs/bias_sensitivity/run_dp0.05_k0.3_n6000_r20_m2000.log
    jobid: 86
    reason: Missing output files: results/bias_sensitivity/raw/dp0.05_k0.3_n6000_r20_m2000.rds
    wildcards: cell=dp0.05_k0.3_n6000_r20_m2000
    threads: 2
    resources: tmpdir=/tmp

[Wed Sep  2 03:51:45 2026]
Finished job 1285.
1223 of 1923 steps (64%) done
Select jobs to execute...
Execute 1 jobs...

[Wed Sep  2 03:51:45 2026]
localrule run_cell:
    output: results/bias_sensitivity/raw/dp0.75_k-0.3_n6000_r20_m2000.rds
    log: logs/bias_sensitivity/run_dp0.75_k-0.3_n6000_r20_m2000.log
    jobid: 1286
    reason: Missing output files: results/bias_sensitivity/raw/dp0.75_k-0.3_n6000_r20_m2000.rds
    wildcards: cell=dp0.75_k-0.3_n6000_r20_m2000
    threads: 2
    resources: tmpdir=/tmp

[Wed Sep  2 03:51:52 2026]
Finished job 1363.
1224 of 1923 steps (64%) done
Select jobs to execute...
Execute 1 jobs...

[Wed Sep  2 03:51:52 2026]
localrule run_cell:
    output: results/bias_sensitivity/raw/dp0.8_k0.3_n10000_r10_m2000.rds
    log: logs/bias_sensitivity/run_dp0.8_k0.3_n10000_r10_m2000.log
    jobid: 1586
    reason: Missing output files: results/bias_sensitivity/raw/dp0.8_k0.3_n10000_r10_m2000.rds
    wildcards: cell=dp0.8_k0.3_n10000_r10_m2000
    threads: 2
    resources: tmpdir=/tmp

[Wed Sep  2 03:51:53 2026]
Finished job 333.
1225 of 1923 steps (64%) done
Select jobs to execute...
Execute 1 jobs...

[Wed Sep  2 03:51:53 2026]
localrule run_cell:
    output: results/bias_sensitivity/raw/dp0.15_k0.3_n8000_r15_m4000.rds
    log: logs/bias_sensitivity/run_dp0.15_k0.3_n8000_r15_m4000.log
    jobid: 189
    reason: Missing output files: results/bias_sensitivity/raw/dp0.15_k0.3_n8000_r15_m4000.rds
    wildcards: cell=dp0.15_k0.3_n8000_r15_m4000
    threads: 2
    resources: tmpdir=/tmp

[Wed Sep  2 03:52:21 2026]
Finished job 943.
1226 of 1923 steps (64%) done
Select jobs to execute...
Execute 1 jobs...

[Wed Sep  2 03:52:21 2026]
localrule run_cell:
    output: results/bias_sensitivity/raw/dp0.35_k0.3_n2000_r15_m4000.rds
    log: logs/bias_sensitivity/run_dp0.35_k0.3_n2000_r15_m4000.log
    jobid: 549
    reason: Missing output files: results/bias_sensitivity/raw/dp0.35_k0.3_n2000_r15_m4000.rds
    wildcards: cell=dp0.35_k0.3_n2000_r15_m4000
    threads: 2
    resources: tmpdir=/tmp

[Wed Sep  2 03:52:41 2026]
Finished job 1663.
1227 of 1923 steps (64%) done
Select jobs to execute...
Execute 1 jobs...

[Wed Sep  2 03:52:41 2026]
localrule run_cell:
    output: results/bias_sensitivity/raw/dp0.65_k0.3_n8000_r15_m4000.rds
    log: logs/bias_sensitivity/run_dp0.65_k0.3_n8000_r15_m4000.log
    jobid: 1149
    reason: Missing output files: results/bias_sensitivity/raw/dp0.65_k0.3_n8000_r15_m4000.rds
    wildcards: cell=dp0.65_k0.3_n8000_r15_m4000
    threads: 2
    resources: tmpdir=/tmp

[Wed Sep  2 03:52:43 2026]
Finished job 1123.
1228 of 1923 steps (64%) done
Select jobs to execute...
Execute 1 jobs...

[Wed Sep  2 03:52:43 2026]
localrule run_cell:
    output: results/bias_sensitivity/raw/dp0.75_k-0.3_n2000_r15_m4000.rds
    log: logs/bias_sensitivity/run_dp0.75_k-0.3_n2000_r15_m4000.log
    jobid: 1269
    reason: Missing output files: results/bias_sensitivity/raw/dp0.75_k-0.3_n2000_r15_m4000.rds
    wildcards: cell=dp0.75_k-0.3_n2000_r15_m4000
    threads: 2
    resources: tmpdir=/tmp

[Wed Sep  2 03:52:50 2026]
Finished job 643.
1229 of 1923 steps (64%) done
Select jobs to execute...
Execute 1 jobs...

[Wed Sep  2 03:52:50 2026]
localrule run_cell:
    output: results/bias_sensitivity/raw/dp0.2_k-0.3_n8000_r15_m4000.rds
    log: logs/bias_sensitivity/run_dp0.2_k-0.3_n8000_r15_m4000.log
    jobid: 429
    reason: Missing output files: results/bias_sensitivity/raw/dp0.2_k-0.3_n8000_r15_m4000.rds
    wildcards: cell=dp0.2_k-0.3_n8000_r15_m4000
    threads: 2
    resources: tmpdir=/tmp

[Wed Sep  2 03:53:25 2026]
Finished job 1603.
1230 of 1923 steps (64%) done
Select jobs to execute...
Execute 1 jobs...

[Wed Sep  2 03:53:25 2026]
localrule run_cell:
    output: results/bias_sensitivity/raw/dp0.4_k-0.3_n2000_r15_m4000.rds
    log: logs/bias_sensitivity/run_dp0.4_k-0.3_n2000_r15_m4000.log
    jobid: 789
    reason: Missing output files: results/bias_sensitivity/raw/dp0.4_k-0.3_n2000_r15_m4000.rds
    wildcards: cell=dp0.4_k-0.3_n2000_r15_m4000
    threads: 2
    resources: tmpdir=/tmp

[Wed Sep  2 03:53:28 2026]
Finished job 665.
1231 of 1923 steps (64%) done
Select jobs to execute...
Execute 1 jobs...

[Wed Sep  2 03:53:28 2026]
localrule run_cell:
    output: results/bias_sensitivity/raw/dp0.55_k-0.3_n8000_r15_m4000.rds
    log: logs/bias_sensitivity/run_dp0.55_k-0.3_n8000_r15_m4000.log
    jobid: 909
    reason: Missing output files: results/bias_sensitivity/raw/dp0.55_k-0.3_n8000_r15_m4000.rds
    wildcards: cell=dp0.55_k-0.3_n8000_r15_m4000
    threads: 2
    resources: tmpdir=/tmp

[Wed Sep  2 03:53:40 2026]
Finished job 926.
1232 of 1923 steps (64%) done
Select jobs to execute...
Execute 1 jobs...

[Wed Sep  2 03:53:40 2026]
localrule run_cell:
    output: results/bias_sensitivity/raw/dp0.5_k-0.3_n10000_r5_m4000.rds
    log: logs/bias_sensitivity/run_dp0.5_k-0.3_n10000_r5_m4000.log
    jobid: 969
    reason: Missing output files: results/bias_sensitivity/raw/dp0.5_k-0.3_n10000_r5_m4000.rds
    wildcards: cell=dp0.5_k-0.3_n10000_r5_m4000
    threads: 2
    resources: tmpdir=/tmp

[Wed Sep  2 03:54:08 2026]
Finished job 1406.
1233 of 1923 steps (64%) done
Select jobs to execute...
Execute 1 jobs...

[Wed Sep  2 03:54:08 2026]
localrule run_cell:
    output: results/bias_sensitivity/raw/dp0.6_k0.3_n10000_r5_m4000.rds
    log: logs/bias_sensitivity/run_dp0.6_k0.3_n10000_r5_m4000.log
    jobid: 1209
    reason: Missing output files: results/bias_sensitivity/raw/dp0.6_k0.3_n10000_r5_m4000.rds
    wildcards: cell=dp0.6_k0.3_n10000_r5_m4000
    threads: 2
    resources: tmpdir=/tmp

[Wed Sep  2 03:54:41 2026]
Finished job 266.
1234 of 1923 steps (64%) done
Select jobs to execute...
Execute 1 jobs...

[Wed Sep  2 03:54:41 2026]
localrule run_cell:
    output: results/bias_sensitivity/raw/dp0.7_k-0.3_n8000_r15_m4000.rds
    log: logs/bias_sensitivity/run_dp0.7_k-0.3_n8000_r15_m4000.log
    jobid: 1389
    reason: Missing output files: results/bias_sensitivity/raw/dp0.7_k-0.3_n8000_r15_m4000.rds
    wildcards: cell=dp0.7_k-0.3_n8000_r15_m4000
    threads: 2
    resources: tmpdir=/tmp

[Wed Sep  2 03:55:03 2026]
Finished job 1903.
1235 of 1923 steps (64%) done
Select jobs to execute...
Execute 1 jobs...

[Wed Sep  2 03:55:03 2026]
localrule run_cell:
    output: results/bias_sensitivity/raw/dp0.8_k-0.3_n4000_r5_m4000.rds
    log: logs/bias_sensitivity/run_dp0.8_k-0.3_n4000_r5_m4000.log
    jobid: 1569
    reason: Missing output files: results/bias_sensitivity/raw/dp0.8_k-0.3_n4000_r5_m4000.rds
    wildcards: cell=dp0.8_k-0.3_n4000_r5_m4000
    threads: 2
    resources: tmpdir=/tmp

[Wed Sep  2 03:55:56 2026]
Finished job 1328.
1236 of 1923 steps (64%) done
Select jobs to execute...
Execute 1 jobs...

[Wed Sep  2 03:55:56 2026]
localrule run_cell:
    output: results/bias_sensitivity/raw/dp1_k-0.3_n8000_r15_m4000.rds
    log: logs/bias_sensitivity/run_dp1_k-0.3_n8000_r15_m4000.log
    jobid: 1869
    reason: Missing output files: results/bias_sensitivity/raw/dp1_k-0.3_n8000_r15_m4000.rds
    wildcards: cell=dp1_k-0.3_n8000_r15_m4000
    threads: 2
    resources: tmpdir=/tmp

[Wed Sep  2 03:56:17 2026]
Finished job 960.
1237 of 1923 steps (64%) done
Select jobs to execute...
Execute 1 jobs...

[Wed Sep  2 03:56:17 2026]
localrule run_cell:
    output: results/bias_sensitivity/raw/dp1_k0.3_n10000_r5_m2000.rds
    log: logs/bias_sensitivity/run_dp1_k0.3_n10000_r5_m2000.log
    jobid: 1880
    reason: Missing output files: results/bias_sensitivity/raw/dp1_k0.3_n10000_r5_m2000.rds
    wildcards: cell=dp1_k0.3_n10000_r5_m2000
    threads: 2
    resources: tmpdir=/tmp

[Wed Sep  2 03:57:20 2026]
Finished job 1525.
1238 of 1923 steps (64%) done
Select jobs to execute...
Execute 1 jobs...

[Wed Sep  2 03:57:20 2026]
localrule run_cell:
    output: results/bias_sensitivity/raw/dp0.8_k0.3_n6000_r5_m4000.rds
    log: logs/bias_sensitivity/run_dp0.8_k0.3_n6000_r5_m4000.log
    jobid: 1625
    reason: Missing output files: results/bias_sensitivity/raw/dp0.8_k0.3_n6000_r5_m4000.rds
    wildcards: cell=dp0.8_k0.3_n6000_r5_m4000
    threads: 2
    resources: tmpdir=/tmp

[Wed Sep  2 03:57:22 2026]
Finished job 1440.
1239 of 1923 steps (64%) done
Select jobs to execute...
Execute 1 jobs...

[Wed Sep  2 03:57:22 2026]
localrule run_cell:
    output: results/bias_sensitivity/raw/dp0.05_k0.3_n10000_r15_m2000.rds
    log: logs/bias_sensitivity/run_dp0.05_k0.3_n10000_r15_m2000.log
    jobid: 52
    reason: Missing output files: results/bias_sensitivity/raw/dp0.05_k0.3_n10000_r15_m2000.rds
    wildcards: cell=dp0.05_k0.3_n10000_r15_m2000
    threads: 2
    resources: tmpdir=/tmp

[Wed Sep  2 03:57:22 2026]
Finished job 1687.
1240 of 1923 steps (64%) done
Select jobs to execute...
Execute 1 jobs...

[Wed Sep  2 03:57:22 2026]
localrule run_cell:
    output: results/bias_sensitivity/raw/dp0.15_k-0.3_n1000_r5_m2000.rds
    log: logs/bias_sensitivity/run_dp0.15_k-0.3_n1000_r5_m2000.log
    jobid: 112
    reason: Missing output files: results/bias_sensitivity/raw/dp0.15_k-0.3_n1000_r5_m2000.rds
    wildcards: cell=dp0.15_k-0.3_n1000_r5_m2000
    threads: 2
    resources: tmpdir=/tmp

[Wed Sep  2 03:57:37 2026]
Finished job 746.
1241 of 1923 steps (65%) done
Select jobs to execute...
Execute 1 jobs...

[Wed Sep  2 03:57:37 2026]
localrule run_cell:
    output: results/bias_sensitivity/raw/dp0.15_k0.3_n4000_r15_m2000.rds
    log: logs/bias_sensitivity/run_dp0.15_k0.3_n4000_r15_m2000.log
    jobid: 172
    reason: Missing output files: results/bias_sensitivity/raw/dp0.15_k0.3_n4000_r15_m2000.rds
    wildcards: cell=dp0.15_k0.3_n4000_r15_m2000
    threads: 2
    resources: tmpdir=/tmp

[Wed Sep  2 03:57:55 2026]
Finished job 1628.
1242 of 1923 steps (65%) done
Select jobs to execute...
Execute 1 jobs...

[Wed Sep  2 03:57:55 2026]
localrule run_cell:
    output: results/bias_sensitivity/raw/dp0.1_k-0.3_n6000_r5_m2000.rds
    log: logs/bias_sensitivity/run_dp0.1_k-0.3_n6000_r5_m2000.log
    jobid: 232
    reason: Missing output files: results/bias_sensitivity/raw/dp0.1_k-0.3_n6000_r5_m2000.rds
    wildcards: cell=dp0.1_k-0.3_n6000_r5_m2000
    threads: 2
    resources: tmpdir=/tmp

[Wed Sep  2 03:59:25 2026]
Finished job 1207.
1243 of 1923 steps (65%) done
Select jobs to execute...
Execute 1 jobs...

[Wed Sep  2 03:59:25 2026]
localrule run_cell:
    output: results/bias_sensitivity/raw/dp0.25_k-0.3_n10000_r15_m2000.rds
    log: logs/bias_sensitivity/run_dp0.25_k-0.3_n10000_r15_m2000.log
    jobid: 292
    reason: Missing output files: results/bias_sensitivity/raw/dp0.25_k-0.3_n10000_r15_m2000.rds
    wildcards: cell=dp0.25_k-0.3_n10000_r15_m2000
    threads: 2
    resources: tmpdir=/tmp

[Wed Sep  2 03:59:42 2026]
Finished job 549.
1244 of 1923 steps (65%) done
Select jobs to execute...
Execute 1 jobs...

[Wed Sep  2 03:59:42 2026]
localrule run_cell:
    output: results/bias_sensitivity/raw/dp0.25_k0.3_n1000_r5_m2000.rds
    log: logs/bias_sensitivity/run_dp0.25_k0.3_n1000_r5_m2000.log
    jobid: 352
    reason: Missing output files: results/bias_sensitivity/raw/dp0.25_k0.3_n1000_r5_m2000.rds
    wildcards: cell=dp0.25_k0.3_n1000_r5_m2000
    threads: 2
    resources: tmpdir=/tmp

[Wed Sep  2 04:00:21 2026]
Finished job 112.
1245 of 1923 steps (65%) done
Select jobs to execute...
Execute 1 jobs...

[Wed Sep  2 04:00:21 2026]
localrule run_cell:
    output: results/bias_sensitivity/raw/dp0.2_k0.3_n6000_r5_m2000.rds
    log: logs/bias_sensitivity/run_dp0.2_k0.3_n6000_r5_m2000.log
    jobid: 472
    reason: Missing output files: results/bias_sensitivity/raw/dp0.2_k0.3_n6000_r5_m2000.rds
    wildcards: cell=dp0.2_k0.3_n6000_r5_m2000
    threads: 2
    resources: tmpdir=/tmp

[Wed Sep  2 04:00:50 2026]
Finished job 566.
1246 of 1923 steps (65%) done
Select jobs to execute...
Execute 1 jobs...

[Wed Sep  2 04:00:50 2026]
localrule run_cell:
    output: results/bias_sensitivity/raw/dp0.45_k-0.3_n6000_r5_m2000.rds
    log: logs/bias_sensitivity/run_dp0.45_k-0.3_n6000_r5_m2000.log
    jobid: 712
    reason: Missing output files: results/bias_sensitivity/raw/dp0.45_k-0.3_n6000_r5_m2000.rds
    wildcards: cell=dp0.45_k-0.3_n6000_r5_m2000
    threads: 2
    resources: tmpdir=/tmp

[Wed Sep  2 04:00:59 2026]
Finished job 1380.
1247 of 1923 steps (65%) done
Select jobs to execute...
Execute 1 jobs...

[Wed Sep  2 04:00:59 2026]
localrule run_cell:
    output: results/bias_sensitivity/raw/dp0.4_k-0.3_n10000_r15_m2000.rds
    log: logs/bias_sensitivity/run_dp0.4_k-0.3_n10000_r15_m2000.log
    jobid: 772
    reason: Missing output files: results/bias_sensitivity/raw/dp0.4_k-0.3_n10000_r15_m2000.rds
    wildcards: cell=dp0.4_k-0.3_n10000_r15_m2000
    threads: 2
    resources: tmpdir=/tmp

[Wed Sep  2 04:01:59 2026]
Finished job 1269.
1248 of 1923 steps (65%) done
Select jobs to execute...
Execute 1 jobs...

[Wed Sep  2 04:01:59 2026]
localrule run_cell:
    output: results/bias_sensitivity/raw/dp1_k0.3_n6000_r5_m2000.rds
    log: logs/bias_sensitivity/run_dp1_k0.3_n6000_r5_m2000.log
    jobid: 1912
    reason: Missing output files: results/bias_sensitivity/raw/dp1_k0.3_n6000_r5_m2000.rds
    wildcards: cell=dp1_k0.3_n6000_r5_m2000
    threads: 2
    resources: tmpdir=/tmp

[Wed Sep  2 04:02:38 2026]
Finished job 1046.
1249 of 1923 steps (65%) done
Select jobs to execute...
Execute 1 jobs...

[Wed Sep  2 04:02:38 2026]
localrule run_cell:
    output: results/bias_sensitivity/raw/dp0.75_k-0.3_n8000_r5_m2000.rds
    log: logs/bias_sensitivity/run_dp0.75_k-0.3_n8000_r5_m2000.log
    jobid: 1296
    reason: Missing output files: results/bias_sensitivity/raw/dp0.75_k-0.3_n8000_r5_m2000.rds
    wildcards: cell=dp0.75_k-0.3_n8000_r5_m2000
    threads: 2
    resources: tmpdir=/tmp

[Wed Sep  2 04:02:45 2026]
Finished job 352.
1250 of 1923 steps (65%) done
Select jobs to execute...
Execute 1 jobs...

[Wed Sep  2 04:02:45 2026]
localrule run_cell:
    output: results/bias_sensitivity/raw/dp0.85_k0.3_n1000_r15_m4000.rds
    log: logs/bias_sensitivity/run_dp0.85_k0.3_n1000_r15_m4000.log
    jobid: 1501
    reason: Missing output files: results/bias_sensitivity/raw/dp0.85_k0.3_n1000_r15_m4000.rds
    wildcards: cell=dp0.85_k0.3_n1000_r15_m4000
    threads: 2
    resources: tmpdir=/tmp

[Wed Sep  2 04:02:53 2026]
Finished job 789.
1251 of 1923 steps (65%) done
Select jobs to execute...
Execute 1 jobs...

[Wed Sep  2 04:02:53 2026]
localrule run_cell:
    output: results/bias_sensitivity/raw/dp0.95_k0.3_n6000_r10_m4000.rds
    log: logs/bias_sensitivity/run_dp0.95_k0.3_n6000_r10_m4000.log
    jobid: 1715
    reason: Missing output files: results/bias_sensitivity/raw/dp0.95_k0.3_n6000_r10_m4000.rds
    wildcards: cell=dp0.95_k0.3_n6000_r10_m4000
    threads: 2
    resources: tmpdir=/tmp

[Wed Sep  2 04:03:18 2026]
Finished job 1636.
1252 of 1923 steps (65%) done
Select jobs to execute...
Execute 1 jobs...

[Wed Sep  2 04:03:18 2026]
localrule run_cell:
    output: results/bias_sensitivity/raw/dp0.05_k-0.3_n6000_r10_m4000.rds
    log: logs/bias_sensitivity/run_dp0.05_k-0.3_n6000_r10_m4000.log
    jobid: 35
    reason: Missing output files: results/bias_sensitivity/raw/dp0.05_k-0.3_n6000_r10_m4000.rds
    wildcards: cell=dp0.05_k-0.3_n6000_r10_m4000
    threads: 2
    resources: tmpdir=/tmp

[Wed Sep  2 04:03:29 2026]
Finished job 583.
1253 of 1923 steps (65%) done
Select jobs to execute...
Execute 1 jobs...

[Wed Sep  2 04:03:29 2026]
localrule run_cell:
    output: results/bias_sensitivity/raw/dp0.05_k0.3_n8000_r20_m4000.rds
    log: logs/bias_sensitivity/run_dp0.05_k0.3_n8000_r20_m4000.log
    jobid: 95
    reason: Missing output files: results/bias_sensitivity/raw/dp0.05_k0.3_n8000_r20_m4000.rds
    wildcards: cell=dp0.05_k0.3_n8000_r20_m4000
    threads: 2
    resources: tmpdir=/tmp

[Wed Sep  2 04:03:50 2026]
Finished job 471.
1254 of 1923 steps (65%) done
Select jobs to execute...
Execute 1 jobs...

[Wed Sep  2 04:03:50 2026]
localrule run_cell:
    output: results/bias_sensitivity/raw/dp0.1_k-0.3_n2000_r20_m4000.rds
    log: logs/bias_sensitivity/run_dp0.1_k-0.3_n2000_r20_m4000.log
    jobid: 215
    reason: Missing output files: results/bias_sensitivity/raw/dp0.1_k-0.3_n2000_r20_m4000.rds
    wildcards: cell=dp0.1_k-0.3_n2000_r20_m4000
    threads: 2
    resources: tmpdir=/tmp

[Wed Sep  2 04:03:55 2026]
Finished job 771.
1255 of 1923 steps (65%) done
Select jobs to execute...
Execute 1 jobs...

[Wed Sep  2 04:03:55 2026]
localrule run_cell:
    output: results/bias_sensitivity/raw/dp0.25_k-0.3_n8000_r20_m4000.rds
    log: logs/bias_sensitivity/run_dp0.25_k-0.3_n8000_r20_m4000.log
    jobid: 335
    reason: Missing output files: results/bias_sensitivity/raw/dp0.25_k-0.3_n8000_r20_m4000.rds
    wildcards: cell=dp0.25_k-0.3_n8000_r20_m4000
    threads: 2
    resources: tmpdir=/tmp

[Wed Sep  2 04:04:17 2026]
Finished job 1286.
1256 of 1923 steps (65%) done
Select jobs to execute...
Execute 1 jobs...

[Wed Sep  2 04:04:17 2026]
localrule run_cell:
    output: results/bias_sensitivity/raw/dp0.2_k0.3_n2000_r20_m4000.rds
    log: logs/bias_sensitivity/run_dp0.2_k0.3_n2000_r20_m4000.log
    jobid: 455
    reason: Missing output files: results/bias_sensitivity/raw/dp0.2_k0.3_n2000_r20_m4000.rds
    wildcards: cell=dp0.2_k0.3_n2000_r20_m4000
    threads: 2
    resources: tmpdir=/tmp

[Wed Sep  2 04:04:46 2026]
Finished job 1569.
1257 of 1923 steps (65%) done
Select jobs to execute...
Execute 1 jobs...

[Wed Sep  2 04:04:46 2026]
localrule run_cell:
    output: results/bias_sensitivity/raw/dp0.75_k-0.3_n4000_r20_m2000.rds
    log: logs/bias_sensitivity/run_dp0.75_k-0.3_n4000_r20_m2000.log
    jobid: 1278
    reason: Missing output files: results/bias_sensitivity/raw/dp0.75_k-0.3_n4000_r20_m2000.rds
    wildcards: cell=dp0.75_k-0.3_n4000_r20_m2000
    threads: 2
    resources: tmpdir=/tmp

[Wed Sep  2 04:05:51 2026]
Finished job 1501.
1258 of 1923 steps (65%) done
Select jobs to execute...
Execute 1 jobs...

[Wed Sep  2 04:05:51 2026]
localrule run_cell:
    output: results/bias_sensitivity/raw/dp0.95_k0.3_n2000_r10_m2000.rds
    log: logs/bias_sensitivity/run_dp0.95_k0.3_n2000_r10_m2000.log
    jobid: 1698
    reason: Missing output files: results/bias_sensitivity/raw/dp0.95_k0.3_n2000_r10_m2000.rds
    wildcards: cell=dp0.95_k0.3_n2000_r10_m2000
    threads: 2
    resources: tmpdir=/tmp

[Wed Sep  2 04:06:22 2026]
Finished job 959.
1259 of 1923 steps (65%) done
Select jobs to execute...
Execute 1 jobs...

[Wed Sep  2 04:06:22 2026]
localrule run_cell:
    output: results/bias_sensitivity/raw/dp0.85_k0.3_n4000_r20_m2000.rds
    log: logs/bias_sensitivity/run_dp0.85_k0.3_n4000_r20_m2000.log
    jobid: 1518
    reason: Missing output files: results/bias_sensitivity/raw/dp0.85_k0.3_n4000_r20_m2000.rds
    wildcards: cell=dp0.85_k0.3_n4000_r20_m2000
    threads: 2
    resources: tmpdir=/tmp

[Wed Sep  2 04:06:52 2026]
Finished job 172.
1260 of 1923 steps (66%) done
Select jobs to execute...
Execute 1 jobs...

[Wed Sep  2 04:06:52 2026]
localrule run_cell:
    output: results/bias_sensitivity/raw/dp0.35_k0.3_n4000_r20_m2000.rds
    log: logs/bias_sensitivity/run_dp0.35_k0.3_n4000_r20_m2000.log
    jobid: 558
    reason: Missing output files: results/bias_sensitivity/raw/dp0.35_k0.3_n4000_r20_m2000.rds
    wildcards: cell=dp0.35_k0.3_n4000_r20_m2000
    threads: 2
    resources: tmpdir=/tmp

[Wed Sep  2 04:07:00 2026]
Finished job 660.
1261 of 1923 steps (66%) done
Select jobs to execute...
Execute 1 jobs...

[Wed Sep  2 04:07:00 2026]
localrule run_cell:
    output: results/bias_sensitivity/raw/dp0.9_k0.3_n8000_r10_m2000.rds
    log: logs/bias_sensitivity/run_dp0.9_k0.3_n8000_r10_m2000.log
    jobid: 1818
    reason: Missing output files: results/bias_sensitivity/raw/dp0.9_k0.3_n8000_r10_m2000.rds
    wildcards: cell=dp0.9_k0.3_n8000_r10_m2000
    threads: 2
    resources: tmpdir=/tmp

[Wed Sep  2 04:08:04 2026]
Finished job 1346.
1262 of 1923 steps (66%) done
Select jobs to execute...
Execute 1 jobs...

[Wed Sep  2 04:08:05 2026]
localrule run_cell:
    output: results/bias_sensitivity/raw/dp0.95_k-0.3_n10000_r20_m2000.rds
    log: logs/bias_sensitivity/run_dp0.95_k-0.3_n10000_r20_m2000.log
    jobid: 1638
    reason: Missing output files: results/bias_sensitivity/raw/dp0.95_k-0.3_n10000_r20_m2000.rds
    wildcards: cell=dp0.95_k-0.3_n10000_r20_m2000
    threads: 2
    resources: tmpdir=/tmp

[Wed Sep  2 04:08:15 2026]
Finished job 523.
1263 of 1923 steps (66%) done
Select jobs to execute...
Execute 1 jobs...

[Wed Sep  2 04:08:15 2026]
localrule run_cell:
    output: results/bias_sensitivity/raw/dp0.9_k0.3_n2000_r5_m4000.rds
    log: logs/bias_sensitivity/run_dp0.9_k0.3_n2000_r5_m4000.log
    jobid: 1801
    reason: Missing output files: results/bias_sensitivity/raw/dp0.9_k0.3_n2000_r5_m4000.rds
    wildcards: cell=dp0.9_k0.3_n2000_r5_m4000
    threads: 2
    resources: tmpdir=/tmp

[Wed Sep  2 04:08:18 2026]
Finished job 1345.
1264 of 1923 steps (66%) done
Select jobs to execute...
Execute 1 jobs...

[Wed Sep  2 04:08:18 2026]
localrule run_cell:
    output: results/bias_sensitivity/raw/dp0.75_k-0.3_n1000_r15_m4000.rds
    log: logs/bias_sensitivity/run_dp0.75_k-0.3_n1000_r15_m4000.log
    jobid: 1261
    reason: Missing output files: results/bias_sensitivity/raw/dp0.75_k-0.3_n1000_r15_m4000.rds
    wildcards: cell=dp0.75_k-0.3_n1000_r15_m4000
    threads: 2
    resources: tmpdir=/tmp

[Wed Sep  2 04:08:52 2026]
Finished job 1688.
1265 of 1923 steps (66%) done
Select jobs to execute...
Execute 1 jobs...

[Wed Sep  2 04:08:52 2026]
localrule run_cell:
    output: results/bias_sensitivity/raw/dp0.55_k0.3_n8000_r5_m4000.rds
    log: logs/bias_sensitivity/run_dp0.55_k0.3_n8000_r5_m4000.log
    jobid: 961
    reason: Missing output files: results/bias_sensitivity/raw/dp0.55_k0.3_n8000_r5_m4000.rds
    wildcards: cell=dp0.55_k0.3_n8000_r5_m4000
    threads: 2
    resources: tmpdir=/tmp

[Wed Sep  2 04:09:00 2026]
Finished job 334.
1266 of 1923 steps (66%) done
Select jobs to execute...
Execute 1 jobs...

[Wed Sep  2 04:09:00 2026]
localrule run_cell:
    output: results/bias_sensitivity/raw/dp0.9_k0.3_n10000_r10_m2000.rds
    log: logs/bias_sensitivity/run_dp0.9_k0.3_n10000_r10_m2000.log
    jobid: 1778
    reason: Missing output files: results/bias_sensitivity/raw/dp0.9_k0.3_n10000_r10_m2000.rds
    wildcards: cell=dp0.9_k0.3_n10000_r10_m2000
    threads: 2
    resources: tmpdir=/tmp

[Wed Sep  2 04:09:39 2026]
Finished job 94.
1267 of 1923 steps (66%) done
Select jobs to execute...
Execute 1 jobs...

[Wed Sep  2 04:09:39 2026]
localrule run_cell:
    output: results/bias_sensitivity/raw/dp0.45_k-0.3_n8000_r5_m4000.rds
    log: logs/bias_sensitivity/run_dp0.45_k-0.3_n8000_r5_m4000.log
    jobid: 721
    reason: Missing output files: results/bias_sensitivity/raw/dp0.45_k-0.3_n8000_r5_m4000.rds
    wildcards: cell=dp0.45_k-0.3_n8000_r5_m4000
    threads: 2
    resources: tmpdir=/tmp

[Wed Sep  2 04:09:58 2026]
Finished job 455.
1268 of 1923 steps (66%) done
Select jobs to execute...
Execute 1 jobs...

[Wed Sep  2 04:09:58 2026]
localrule run_cell:
    output: results/bias_sensitivity/raw/dp0.4_k0.3_n2000_r5_m4000.rds
    log: logs/bias_sensitivity/run_dp0.4_k0.3_n2000_r5_m4000.log
    jobid: 841
    reason: Missing output files: results/bias_sensitivity/raw/dp0.4_k0.3_n2000_r5_m4000.rds
    wildcards: cell=dp0.4_k0.3_n2000_r5_m4000
    threads: 2
    resources: tmpdir=/tmp

[Wed Sep  2 04:10:14 2026]
Finished job 1482.
1269 of 1923 steps (66%) done
Select jobs to execute...
Execute 1 jobs...

[Wed Sep  2 04:10:14 2026]
localrule run_cell:
    output: results/bias_sensitivity/raw/dp0.5_k0.3_n1000_r15_m4000.rds
    log: logs/bias_sensitivity/run_dp0.5_k0.3_n1000_r15_m4000.log
    jobid: 1021
    reason: Missing output files: results/bias_sensitivity/raw/dp0.5_k0.3_n1000_r15_m4000.rds
    wildcards: cell=dp0.5_k0.3_n1000_r15_m4000
    threads: 2
    resources: tmpdir=/tmp

[Wed Sep  2 04:10:19 2026]
Finished job 1439.
1270 of 1923 steps (66%) done
Select jobs to execute...
Execute 1 jobs...

[Wed Sep  2 04:10:19 2026]
localrule run_cell:
    output: results/bias_sensitivity/raw/dp0.15_k0.3_n6000_r15_m4000.rds
    log: logs/bias_sensitivity/run_dp0.15_k0.3_n6000_r15_m4000.log
    jobid: 181
    reason: Missing output files: results/bias_sensitivity/raw/dp0.15_k0.3_n6000_r15_m4000.rds
    wildcards: cell=dp0.15_k0.3_n6000_r15_m4000
    threads: 2
    resources: tmpdir=/tmp

[Wed Sep  2 04:10:20 2026]
Finished job 1625.
1271 of 1923 steps (66%) done
Select jobs to execute...
Execute 1 jobs...

[Wed Sep  2 04:10:20 2026]
localrule run_cell:
    output: results/bias_sensitivity/raw/dp0.75_k0.3_n2000_r5_m4000.rds
    log: logs/bias_sensitivity/run_dp0.75_k0.3_n2000_r5_m4000.log
    jobid: 1321
    reason: Missing output files: results/bias_sensitivity/raw/dp0.75_k0.3_n2000_r5_m4000.rds
    wildcards: cell=dp0.75_k0.3_n2000_r5_m4000
    threads: 2
    resources: tmpdir=/tmp

[Wed Sep  2 04:10:30 2026]
Finished job 215.
1272 of 1923 steps (66%) done
Select jobs to execute...
Execute 1 jobs...

[Wed Sep  2 04:10:30 2026]
localrule run_cell:
    output: results/bias_sensitivity/raw/dp0.65_k0.3_n6000_r15_m4000.rds
    log: logs/bias_sensitivity/run_dp0.65_k0.3_n6000_r15_m4000.log
    jobid: 1141
    reason: Missing output files: results/bias_sensitivity/raw/dp0.65_k0.3_n6000_r15_m4000.rds
    wildcards: cell=dp0.65_k0.3_n6000_r15_m4000
    threads: 2
    resources: tmpdir=/tmp

[Wed Sep  2 04:10:36 2026]
Finished job 711.
1273 of 1923 steps (66%) done
Select jobs to execute...
Execute 1 jobs...

[Wed Sep  2 04:10:36 2026]
localrule run_cell:
    output: results/bias_sensitivity/raw/dp1_k-0.3_n6000_r15_m4000.rds
    log: logs/bias_sensitivity/run_dp1_k-0.3_n6000_r15_m4000.log
    jobid: 1861
    reason: Missing output files: results/bias_sensitivity/raw/dp1_k-0.3_n6000_r15_m4000.rds
    wildcards: cell=dp1_k-0.3_n6000_r15_m4000
    threads: 2
    resources: tmpdir=/tmp

[Wed Sep  2 04:10:59 2026]
Finished job 1140.
1274 of 1923 steps (66%) done
Select jobs to execute...
Execute 1 jobs...

[Wed Sep  2 04:10:59 2026]
localrule run_cell:
    output: results/bias_sensitivity/raw/dp0.8_k-0.3_n2000_r5_m4000.rds
    log: logs/bias_sensitivity/run_dp0.8_k-0.3_n2000_r5_m4000.log
    jobid: 1561
    reason: Missing output files: results/bias_sensitivity/raw/dp0.8_k-0.3_n2000_r5_m4000.rds
    wildcards: cell=dp0.8_k-0.3_n2000_r5_m4000
    threads: 2
    resources: tmpdir=/tmp

[Wed Sep  2 04:11:19 2026]
Finished job 1869.
1275 of 1923 steps (66%) done
Select jobs to execute...
Execute 1 jobs...

[Wed Sep  2 04:11:19 2026]
localrule run_cell:
    output: results/bias_sensitivity/raw/dp0.1_k-0.3_n4000_r5_m2000.rds
    log: logs/bias_sensitivity/run_dp0.1_k-0.3_n4000_r5_m2000.log
    jobid: 224
    reason: Missing output files: results/bias_sensitivity/raw/dp0.1_k-0.3_n4000_r5_m2000.rds
    wildcards: cell=dp0.1_k-0.3_n4000_r5_m2000
    threads: 2
    resources: tmpdir=/tmp

[Wed Sep  2 04:11:29 2026]
Finished job 1261.
1276 of 1923 steps (66%) done
Select jobs to execute...
Execute 1 jobs...

[Wed Sep  2 04:11:29 2026]
localrule run_cell:
    output: results/bias_sensitivity/raw/dp0.55_k0.3_n4000_r5_m2000.rds
    log: logs/bias_sensitivity/run_dp0.55_k0.3_n4000_r5_m2000.log
    jobid: 944
    reason: Missing output files: results/bias_sensitivity/raw/dp0.55_k0.3_n4000_r5_m2000.rds
    wildcards: cell=dp0.55_k0.3_n4000_r5_m2000
    threads: 2
    resources: tmpdir=/tmp

[Wed Sep  2 04:11:43 2026]
Finished job 51.
1277 of 1923 steps (66%) done
Select jobs to execute...
Execute 1 jobs...

[Wed Sep  2 04:11:43 2026]
localrule run_cell:
    output: results/bias_sensitivity/raw/dp0.95_k-0.3_n4000_r5_m2000.rds
    log: logs/bias_sensitivity/run_dp0.95_k-0.3_n4000_r5_m2000.log
    jobid: 1664
    reason: Missing output files: results/bias_sensitivity/raw/dp0.95_k-0.3_n4000_r5_m2000.rds
    wildcards: cell=dp0.95_k-0.3_n4000_r5_m2000
    threads: 2
    resources: tmpdir=/tmp

[Wed Sep  2 04:11:45 2026]
Finished job 472.
1278 of 1923 steps (66%) done
Select jobs to execute...
Execute 1 jobs...

[Wed Sep  2 04:11:45 2026]
localrule run_cell:
    output: results/bias_sensitivity/raw/dp0.35_k-0.3_n8000_r15_m2000.rds
    log: logs/bias_sensitivity/run_dp0.35_k-0.3_n8000_r15_m2000.log
    jobid: 524
    reason: Missing output files: results/bias_sensitivity/raw/dp0.35_k-0.3_n8000_r15_m2000.rds
    wildcards: cell=dp0.35_k-0.3_n8000_r15_m2000
    threads: 2
    resources: tmpdir=/tmp

[Wed Sep  2 04:11:55 2026]
Finished job 1526.
1279 of 1923 steps (67%) done
Select jobs to execute...
Execute 1 jobs...

[Wed Sep  2 04:11:55 2026]
localrule run_cell:
    output: results/bias_sensitivity/raw/dp0.65_k0.3_n2000_r15_m2000.rds
    log: logs/bias_sensitivity/run_dp0.65_k0.3_n2000_r15_m2000.log
    jobid: 1124
    reason: Missing output files: results/bias_sensitivity/raw/dp0.65_k0.3_n2000_r15_m2000.rds
    wildcards: cell=dp0.65_k0.3_n2000_r15_m2000
    threads: 2
    resources: tmpdir=/tmp

[Wed Sep  2 04:12:07 2026]
Finished job 1586.
1280 of 1923 steps (67%) done
Select jobs to execute...
Execute 1 jobs...

[Wed Sep  2 04:12:07 2026]
localrule run_cell:
    output: results/bias_sensitivity/raw/dp0.7_k-0.3_n2000_r15_m2000.rds
    log: logs/bias_sensitivity/run_dp0.7_k-0.3_n2000_r15_m2000.log
    jobid: 1364
    reason: Missing output files: results/bias_sensitivity/raw/dp0.7_k-0.3_n2000_r15_m2000.rds
    wildcards: cell=dp0.7_k-0.3_n2000_r15_m2000
    threads: 2
    resources: tmpdir=/tmp

[Wed Sep  2 04:12:29 2026]
Finished job 1003.
1281 of 1923 steps (67%) done
Select jobs to execute...
Execute 1 jobs...

[Wed Sep  2 04:12:29 2026]
localrule run_cell:
    output: results/bias_sensitivity/raw/dp0.85_k-0.3_n8000_r15_m2000.rds
    log: logs/bias_sensitivity/run_dp0.85_k-0.3_n8000_r15_m2000.log
    jobid: 1484
    reason: Missing output files: results/bias_sensitivity/raw/dp0.85_k-0.3_n8000_r15_m2000.rds
    wildcards: cell=dp0.85_k-0.3_n8000_r15_m2000
    threads: 2
    resources: tmpdir=/tmp

[Wed Sep  2 04:13:24 2026]
Finished job 1021.
1282 of 1923 steps (67%) done
Select jobs to execute...
Execute 1 jobs...

[Wed Sep  2 04:13:24 2026]
localrule run_cell:
    output: results/bias_sensitivity/raw/dp0.95_k0.3_n8000_r15_m2000.rds
    log: logs/bias_sensitivity/run_dp0.95_k0.3_n8000_r15_m2000.log
    jobid: 1724
    reason: Missing output files: results/bias_sensitivity/raw/dp0.95_k0.3_n8000_r15_m2000.rds
    wildcards: cell=dp0.95_k0.3_n8000_r15_m2000
    threads: 2
    resources: tmpdir=/tmp

[Wed Sep  2 04:13:26 2026]
Finished job 1698.
1283 of 1923 steps (67%) done
Select jobs to execute...
Execute 1 jobs...

[Wed Sep  2 04:13:26 2026]
localrule run_cell:
    output: results/bias_sensitivity/raw/dp1_k-0.3_n2000_r15_m2000.rds
    log: logs/bias_sensitivity/run_dp1_k-0.3_n2000_r15_m2000.log
    jobid: 1844
    reason: Missing output files: results/bias_sensitivity/raw/dp1_k-0.3_n2000_r15_m2000.rds
    wildcards: cell=dp1_k-0.3_n2000_r15_m2000
    threads: 2
    resources: tmpdir=/tmp

[Wed Sep  2 04:13:59 2026]
Finished job 52.
1284 of 1923 steps (67%) done
Select jobs to execute...
Execute 1 jobs...

[Wed Sep  2 04:13:59 2026]
localrule run_cell:
    output: results/bias_sensitivity/raw/dp0.3_k-0.3_n10000_r5_m2000.rds
    log: logs/bias_sensitivity/run_dp0.3_k-0.3_n10000_r5_m2000.log
    jobid: 584
    reason: Missing output files: results/bias_sensitivity/raw/dp0.3_k-0.3_n10000_r5_m2000.rds
    wildcards: cell=dp0.3_k-0.3_n10000_r5_m2000
    threads: 2
    resources: tmpdir=/tmp

[Wed Sep  2 04:14:03 2026]
Finished job 1278.
1285 of 1923 steps (67%) done
Select jobs to execute...
Execute 1 jobs...

[Wed Sep  2 04:14:03 2026]
localrule run_cell:
    output: results/bias_sensitivity/raw/dp0.55_k-0.3_n2000_r15_m2000.rds
    log: logs/bias_sensitivity/run_dp0.55_k-0.3_n2000_r15_m2000.log
    jobid: 884
    reason: Missing output files: results/bias_sensitivity/raw/dp0.55_k-0.3_n2000_r15_m2000.rds
    wildcards: cell=dp0.55_k-0.3_n2000_r15_m2000
    threads: 2
    resources: tmpdir=/tmp

[Wed Sep  2 04:14:15 2026]
Finished job 35.
1286 of 1923 steps (67%) done
Select jobs to execute...
Execute 1 jobs...

[Wed Sep  2 04:14:15 2026]
localrule run_cell:
    output: results/bias_sensitivity/raw/dp0.8_k-0.3_n10000_r5_m2000.rds
    log: logs/bias_sensitivity/run_dp0.8_k-0.3_n10000_r5_m2000.log
    jobid: 1544
    reason: Missing output files: results/bias_sensitivity/raw/dp0.8_k-0.3_n10000_r5_m2000.rds
    wildcards: cell=dp0.8_k-0.3_n10000_r5_m2000
    threads: 2
    resources: tmpdir=/tmp

[Wed Sep  2 04:14:29 2026]
Finished job 1912.
1287 of 1923 steps (67%) done
Select jobs to execute...
Execute 1 jobs...

[Wed Sep  2 04:14:29 2026]
localrule run_cell:
    output: results/bias_sensitivity/raw/dp0.8_k0.3_n2000_r15_m4000.rds
    log: logs/bias_sensitivity/run_dp0.8_k0.3_n2000_r15_m4000.log
    jobid: 1605
    reason: Missing output files: results/bias_sensitivity/raw/dp0.8_k0.3_n2000_r15_m4000.rds
    wildcards: cell=dp0.8_k0.3_n2000_r15_m4000
    threads: 2
    resources: tmpdir=/tmp

[Wed Sep  2 04:15:38 2026]
Finished job 1715.
1288 of 1923 steps (67%) done
Select jobs to execute...
Execute 1 jobs...

[Wed Sep  2 04:15:38 2026]
localrule run_cell:
    output: results/bias_sensitivity/raw/dp0.9_k0.3_n1000_r15_m2000.rds
    log: logs/bias_sensitivity/run_dp0.9_k0.3_n1000_r15_m2000.log
    jobid: 1788
    reason: Missing output files: results/bias_sensitivity/raw/dp0.9_k0.3_n1000_r15_m2000.rds
    wildcards: cell=dp0.9_k0.3_n1000_r15_m2000
    threads: 2
    resources: tmpdir=/tmp

[Wed Sep  2 04:15:42 2026]
Finished job 558.
1289 of 1923 steps (67%) done
Select jobs to execute...
Execute 1 jobs...

[Wed Sep  2 04:15:42 2026]
localrule run_cell:
    output: results/bias_sensitivity/raw/dp0.15_k0.3_n10000_r10_m4000.rds
    log: logs/bias_sensitivity/run_dp0.15_k0.3_n10000_r10_m4000.log
    jobid: 147
    reason: Missing output files: results/bias_sensitivity/raw/dp0.15_k0.3_n10000_r10_m4000.rds
    wildcards: cell=dp0.15_k0.3_n10000_r10_m4000
    threads: 2
    resources: tmpdir=/tmp

[Wed Sep  2 04:15:58 2026]
Finished job 1801.
1290 of 1923 steps (67%) done
Select jobs to execute...
Execute 1 jobs...

[Wed Sep  2 04:15:58 2026]
localrule run_cell:
    output: results/bias_sensitivity/raw/dp0.2_k-0.3_n10000_r10_m4000.rds
    log: logs/bias_sensitivity/run_dp0.2_k-0.3_n10000_r10_m4000.log
    jobid: 387
    reason: Missing output files: results/bias_sensitivity/raw/dp0.2_k-0.3_n10000_r10_m4000.rds
    wildcards: cell=dp0.2_k-0.3_n10000_r10_m4000
    threads: 2
    resources: tmpdir=/tmp

[Wed Sep  2 04:16:02 2026]
Finished job 1880.
1291 of 1923 steps (67%) done
Select jobs to execute...
Execute 1 jobs...

[Wed Sep  2 04:16:02 2026]
localrule run_cell:
    output: results/bias_sensitivity/raw/dp0.35_k0.3_n6000_r20_m4000.rds
    log: logs/bias_sensitivity/run_dp0.35_k0.3_n6000_r20_m4000.log
    jobid: 567
    reason: Missing output files: results/bias_sensitivity/raw/dp0.35_k0.3_n6000_r20_m4000.rds
    wildcards: cell=dp0.35_k0.3_n6000_r20_m4000
    threads: 2
    resources: tmpdir=/tmp

[Wed Sep  2 04:16:34 2026]
Finished job 1518.
1292 of 1923 steps (67%) done
Select jobs to execute...
Execute 1 jobs...

[Wed Sep  2 04:16:34 2026]
localrule run_cell:
    output: results/bias_sensitivity/raw/dp0.3_k0.3_n10000_r10_m4000.rds
    log: logs/bias_sensitivity/run_dp0.3_k0.3_n10000_r10_m4000.log
    jobid: 627
    reason: Missing output files: results/bias_sensitivity/raw/dp0.3_k0.3_n10000_r10_m4000.rds
    wildcards: cell=dp0.3_k0.3_n10000_r10_m4000
    threads: 2
    resources: tmpdir=/tmp

[Wed Sep  2 04:16:52 2026]
Finished job 1004.
1293 of 1923 steps (67%) done
Select jobs to execute...
Execute 1 jobs...

[Wed Sep  2 04:16:52 2026]
localrule run_cell:
    output: results/bias_sensitivity/raw/dp0.45_k0.3_n4000_r10_m4000.rds
    log: logs/bias_sensitivity/run_dp0.45_k0.3_n4000_r10_m4000.log
    jobid: 747
    reason: Missing output files: results/bias_sensitivity/raw/dp0.45_k0.3_n4000_r10_m4000.rds
    wildcards: cell=dp0.45_k0.3_n4000_r10_m4000
    threads: 2
    resources: tmpdir=/tmp

[Wed Sep  2 04:16:58 2026]
Finished job 1321.
1294 of 1923 steps (67%) done
Select jobs to execute...
Execute 1 jobs...

[Wed Sep  2 04:16:58 2026]
localrule run_cell:
    output: results/bias_sensitivity/raw/dp0.4_k-0.3_n6000_r20_m4000.rds
    log: logs/bias_sensitivity/run_dp0.4_k-0.3_n6000_r20_m4000.log
    jobid: 807
    reason: Missing output files: results/bias_sensitivity/raw/dp0.4_k-0.3_n6000_r20_m4000.rds
    wildcards: cell=dp0.4_k-0.3_n6000_r20_m4000
    threads: 2
    resources: tmpdir=/tmp

[Wed Sep  2 04:17:05 2026]
Finished job 95.
1295 of 1923 steps (67%) done
Select jobs to execute...
Execute 1 jobs...

[Wed Sep  2 04:17:06 2026]
localrule run_cell:
    output: results/bias_sensitivity/raw/dp0.55_k0.3_n1000_r20_m4000.rds
    log: logs/bias_sensitivity/run_dp0.55_k0.3_n1000_r20_m4000.log
    jobid: 927
    reason: Missing output files: results/bias_sensitivity/raw/dp0.55_k0.3_n1000_r20_m4000.rds
    wildcards: cell=dp0.55_k0.3_n1000_r20_m4000
    threads: 2
    resources: tmpdir=/tmp

[Wed Sep  2 04:17:21 2026]
Finished job 841.
1296 of 1923 steps (67%) done
Select jobs to execute...
Execute 1 jobs...

[Wed Sep  2 04:17:21 2026]
localrule run_cell:
    output: results/bias_sensitivity/raw/dp0.5_k0.3_n6000_r20_m4000.rds
    log: logs/bias_sensitivity/run_dp0.5_k0.3_n6000_r20_m4000.log
    jobid: 1047
    reason: Missing output files: results/bias_sensitivity/raw/dp0.5_k0.3_n6000_r20_m4000.rds
    wildcards: cell=dp0.5_k0.3_n6000_r20_m4000
    threads: 2
    resources: tmpdir=/tmp

[Wed Sep  2 04:17:41 2026]
Finished job 805.
1297 of 1923 steps (67%) done
Select jobs to execute...
Execute 1 jobs...

[Wed Sep  2 04:17:41 2026]
localrule run_cell:
    output: results/bias_sensitivity/raw/dp1_k-0.3_n8000_r20_m2000.rds
    log: logs/bias_sensitivity/run_dp1_k-0.3_n8000_r20_m2000.log
    jobid: 1870
    reason: Missing output files: results/bias_sensitivity/raw/dp1_k-0.3_n8000_r20_m2000.rds
    wildcards: cell=dp1_k-0.3_n8000_r20_m2000
    threads: 2
    resources: tmpdir=/tmp

[Wed Sep  2 04:17:48 2026]
Finished job 189.
1298 of 1923 steps (67%) done
Select jobs to execute...
Execute 1 jobs...

[Wed Sep  2 04:17:48 2026]
localrule run_cell:
    output: results/bias_sensitivity/raw/dp0.85_k-0.3_n1000_r10_m2000.rds
    log: logs/bias_sensitivity/run_dp0.85_k-0.3_n1000_r10_m2000.log
    jobid: 1450
    reason: Missing output files: results/bias_sensitivity/raw/dp0.85_k-0.3_n1000_r10_m2000.rds
    wildcards: cell=dp0.85_k-0.3_n1000_r10_m2000
    threads: 2
    resources: tmpdir=/tmp

[Wed Sep  2 04:17:55 2026]
Finished job 1860.
1299 of 1923 steps (68%) done
Select jobs to execute...
Execute 1 jobs...

[Wed Sep  2 04:17:55 2026]
localrule run_cell:
    output: results/bias_sensitivity/raw/dp0.65_k0.3_n8000_r20_m2000.rds
    log: logs/bias_sensitivity/run_dp0.65_k0.3_n8000_r20_m2000.log
    jobid: 1150
    reason: Missing output files: results/bias_sensitivity/raw/dp0.65_k0.3_n8000_r20_m2000.rds
    wildcards: cell=dp0.65_k0.3_n8000_r20_m2000
    threads: 2
    resources: tmpdir=/tmp

[Wed Sep  2 04:18:58 2026]
Finished job 1788.
1300 of 1923 steps (68%) done
Select jobs to execute...
Execute 1 jobs...

[Wed Sep  2 04:18:58 2026]
localrule run_cell:
    output: results/bias_sensitivity/raw/dp0.8_k-0.3_n6000_r10_m2000.rds
    log: logs/bias_sensitivity/run_dp0.8_k-0.3_n6000_r10_m2000.log
    jobid: 1570
    reason: Missing output files: results/bias_sensitivity/raw/dp0.8_k-0.3_n6000_r10_m2000.rds
    wildcards: cell=dp0.8_k-0.3_n6000_r10_m2000
    threads: 2
    resources: tmpdir=/tmp

[Wed Sep  2 04:19:07 2026]
Finished job 772.
1301 of 1923 steps (68%) done
Select jobs to execute...
Execute 1 jobs...

[Wed Sep  2 04:19:07 2026]
localrule run_cell:
    output: results/bias_sensitivity/raw/dp0.9_k-0.3_n2000_r20_m2000.rds
    log: logs/bias_sensitivity/run_dp0.9_k-0.3_n2000_r20_m2000.log
    jobid: 1750
    reason: Missing output files: results/bias_sensitivity/raw/dp0.9_k-0.3_n2000_r20_m2000.rds
    wildcards: cell=dp0.9_k-0.3_n2000_r20_m2000
    threads: 2
    resources: tmpdir=/tmp

[Wed Sep  2 04:19:26 2026]
Finished job 1364.
1302 of 1923 steps (68%) done
Select jobs to execute...
Execute 1 jobs...

[Wed Sep  2 04:19:26 2026]
localrule run_cell:
    output: results/bias_sensitivity/raw/dp0.05_k0.3_n2000_r20_m2000.rds
    log: logs/bias_sensitivity/run_dp0.05_k0.3_n2000_r20_m2000.log
    jobid: 70
    reason: Missing output files: results/bias_sensitivity/raw/dp0.05_k0.3_n2000_r20_m2000.rds
    wildcards: cell=dp0.05_k0.3_n2000_r20_m2000
    threads: 2
    resources: tmpdir=/tmp

[Wed Sep  2 04:19:40 2026]
Finished job 1920.
1303 of 1923 steps (68%) done
Select jobs to execute...
Execute 1 jobs...

[Wed Sep  2 04:19:40 2026]
localrule run_cell:
    output: results/bias_sensitivity/raw/dp0.25_k-0.3_n2000_r20_m2000.rds
    log: logs/bias_sensitivity/run_dp0.25_k-0.3_n2000_r20_m2000.log
    jobid: 310
    reason: Missing output files: results/bias_sensitivity/raw/dp0.25_k-0.3_n2000_r20_m2000.rds
    wildcards: cell=dp0.25_k-0.3_n2000_r20_m2000
    threads: 2
    resources: tmpdir=/tmp

[Wed Sep  2 04:19:47 2026]
Finished job 1543.
1304 of 1923 steps (68%) done
Select jobs to execute...
Execute 1 jobs...

[Wed Sep  2 04:19:47 2026]
localrule run_cell:
    output: results/bias_sensitivity/raw/dp0.25_k0.3_n6000_r10_m2000.rds
    log: logs/bias_sensitivity/run_dp0.25_k0.3_n6000_r10_m2000.log
    jobid: 370
    reason: Missing output files: results/bias_sensitivity/raw/dp0.25_k0.3_n6000_r10_m2000.rds
    wildcards: cell=dp0.25_k0.3_n6000_r10_m2000
    threads: 2
    resources: tmpdir=/tmp

[Wed Sep  2 04:19:48 2026]
Finished job 224.
1305 of 1923 steps (68%) done
Select jobs to execute...
Execute 1 jobs...

[Wed Sep  2 04:19:48 2026]
localrule run_cell:
    output: results/bias_sensitivity/raw/dp0.75_k0.3_n10000_r20_m4000.rds
    log: logs/bias_sensitivity/run_dp0.75_k0.3_n10000_r20_m4000.log
    jobid: 1303
    reason: Missing output files: results/bias_sensitivity/raw/dp0.75_k0.3_n10000_r20_m4000.rds
    wildcards: cell=dp0.75_k0.3_n10000_r20_m4000
    threads: 2
    resources: tmpdir=/tmp

[Wed Sep  2 04:19:52 2026]
Finished job 429.
1306 of 1923 steps (68%) done
Select jobs to execute...
Execute 1 jobs...

[Wed Sep  2 04:19:52 2026]
localrule run_cell:
    output: results/bias_sensitivity/raw/dp0.95_k-0.3_n6000_r5_m4000.rds
    log: logs/bias_sensitivity/run_dp0.95_k-0.3_n6000_r5_m4000.log
    jobid: 1673
    reason: Missing output files: results/bias_sensitivity/raw/dp0.95_k-0.3_n6000_r5_m4000.rds
    wildcards: cell=dp0.95_k-0.3_n6000_r5_m4000
    threads: 2
    resources: tmpdir=/tmp

[Wed Sep  2 04:19:55 2026]
Finished job 1561.
1307 of 1923 steps (68%) done
Select jobs to execute...
Execute 1 jobs...

[Wed Sep  2 04:19:55 2026]
localrule run_cell:
    output: results/bias_sensitivity/raw/dp0.8_k0.3_n4000_r15_m4000.rds
    log: logs/bias_sensitivity/run_dp0.8_k0.3_n4000_r15_m4000.log
    jobid: 1613
    reason: Missing output files: results/bias_sensitivity/raw/dp0.8_k0.3_n4000_r15_m4000.rds
    wildcards: cell=dp0.8_k0.3_n4000_r15_m4000
    threads: 2
    resources: tmpdir=/tmp

[Wed Sep  2 04:20:19 2026]
Finished job 927.
1308 of 1923 steps (68%) done
Select jobs to execute...
Execute 1 jobs...

[Wed Sep  2 04:20:19 2026]
localrule run_cell:
    output: results/bias_sensitivity/raw/dp0.55_k-0.3_n4000_r15_m4000.rds
    log: logs/bias_sensitivity/run_dp0.55_k-0.3_n4000_r15_m4000.log
    jobid: 893
    reason: Missing output files: results/bias_sensitivity/raw/dp0.55_k-0.3_n4000_r15_m4000.rds
    wildcards: cell=dp0.55_k-0.3_n4000_r15_m4000
    threads: 2
    resources: tmpdir=/tmp

[Wed Sep  2 04:20:50 2026]
Finished job 1124.
1309 of 1923 steps (68%) done
Select jobs to execute...
Execute 1 jobs...

[Wed Sep  2 04:20:50 2026]
localrule run_cell:
    output: results/bias_sensitivity/raw/dp0.6_k-0.3_n6000_r5_m4000.rds
    log: logs/bias_sensitivity/run_dp0.6_k-0.3_n6000_r5_m4000.log
    jobid: 1193
    reason: Missing output files: results/bias_sensitivity/raw/dp0.6_k-0.3_n6000_r5_m4000.rds
    wildcards: cell=dp0.6_k-0.3_n6000_r5_m4000
    threads: 2
    resources: tmpdir=/tmp

[Wed Sep  2 04:20:53 2026]
Finished job 1844.
1310 of 1923 steps (68%) done
Select jobs to execute...
Execute 1 jobs...

[Wed Sep  2 04:20:53 2026]
localrule run_cell:
    output: results/bias_sensitivity/raw/dp0.4_k-0.3_n10000_r15_m4000.rds
    log: logs/bias_sensitivity/run_dp0.4_k-0.3_n10000_r15_m4000.log
    jobid: 773
    reason: Missing output files: results/bias_sensitivity/raw/dp0.4_k-0.3_n10000_r15_m4000.rds
    wildcards: cell=dp0.4_k-0.3_n10000_r15_m4000
    threads: 2
    resources: tmpdir=/tmp

[Wed Sep  2 04:21:03 2026]
Finished job 1605.
1311 of 1923 steps (68%) done
Select jobs to execute...
Execute 1 jobs...

[Wed Sep  2 04:21:03 2026]
localrule run_cell:
    output: results/bias_sensitivity/raw/dp0.9_k-0.3_n10000_r15_m4000.rds
    log: logs/bias_sensitivity/run_dp0.9_k-0.3_n10000_r15_m4000.log
    jobid: 1733
    reason: Missing output files: results/bias_sensitivity/raw/dp0.9_k-0.3_n10000_r15_m4000.rds
    wildcards: cell=dp0.9_k-0.3_n10000_r15_m4000
    threads: 2
    resources: tmpdir=/tmp

[Wed Sep  2 04:21:06 2026]
Finished job 1450.
1312 of 1923 steps (68%) done
Select jobs to execute...
Execute 1 jobs...

[Wed Sep  2 04:21:06 2026]
localrule run_cell:
    output: results/bias_sensitivity/raw/dp0.2_k0.3_n2000_r5_m2000.rds
    log: logs/bias_sensitivity/run_dp0.2_k0.3_n2000_r5_m2000.log
    jobid: 456
    reason: Missing output files: results/bias_sensitivity/raw/dp0.2_k0.3_n2000_r5_m2000.rds
    wildcards: cell=dp0.2_k0.3_n2000_r5_m2000
    threads: 2
    resources: tmpdir=/tmp

[Wed Sep  2 04:21:13 2026]
Finished job 884.
1313 of 1923 steps (68%) done
Select jobs to execute...
Execute 1 jobs...

[Wed Sep  2 04:21:13 2026]
localrule run_cell:
    output: results/bias_sensitivity/raw/dp0.45_k-0.3_n2000_r5_m2000.rds
    log: logs/bias_sensitivity/run_dp0.45_k-0.3_n2000_r5_m2000.log
    jobid: 696
    reason: Missing output files: results/bias_sensitivity/raw/dp0.45_k-0.3_n2000_r5_m2000.rds
    wildcards: cell=dp0.45_k-0.3_n2000_r5_m2000
    threads: 2
    resources: tmpdir=/tmp

[Wed Sep  2 04:21:45 2026]
Finished job 1723.
1314 of 1923 steps (68%) done
Select jobs to execute...
Execute 1 jobs...

[Wed Sep  2 04:21:45 2026]
localrule run_cell:
    output: results/bias_sensitivity/raw/dp0.6_k-0.3_n2000_r5_m2000.rds
    log: logs/bias_sensitivity/run_dp0.6_k-0.3_n2000_r5_m2000.log
    jobid: 1176
    reason: Missing output files: results/bias_sensitivity/raw/dp0.6_k-0.3_n2000_r5_m2000.rds
    wildcards: cell=dp0.6_k-0.3_n2000_r5_m2000
    threads: 2
    resources: tmpdir=/tmp

[Wed Sep  2 04:21:54 2026]
Finished job 181.
1315 of 1923 steps (68%) done
Select jobs to execute...
Execute 1 jobs...

[Wed Sep  2 04:21:54 2026]
localrule run_cell:
    output: results/bias_sensitivity/raw/dp0.2_k-0.3_n1000_r15_m2000.rds
    log: logs/bias_sensitivity/run_dp0.2_k-0.3_n1000_r15_m2000.log
    jobid: 396
    reason: Missing output files: results/bias_sensitivity/raw/dp0.2_k-0.3_n1000_r15_m2000.rds
    wildcards: cell=dp0.2_k-0.3_n1000_r15_m2000
    threads: 2
    resources: tmpdir=/tmp

[Wed Sep  2 04:21:55 2026]
Finished job 1664.
1316 of 1923 steps (68%) done
Select jobs to execute...
Execute 1 jobs...

[Wed Sep  2 04:21:55 2026]
localrule run_cell:
    output: results/bias_sensitivity/raw/dp0.25_k-0.3_n8000_r5_m2000.rds
    log: logs/bias_sensitivity/run_dp0.25_k-0.3_n8000_r5_m2000.log
    jobid: 336
    reason: Missing output files: results/bias_sensitivity/raw/dp0.25_k-0.3_n8000_r5_m2000.rds
    wildcards: cell=dp0.25_k-0.3_n8000_r5_m2000
    threads: 2
    resources: tmpdir=/tmp

[Wed Sep  2 04:22:57 2026]
Finished job 806.
1317 of 1923 steps (68%) done
Select jobs to execute...
Execute 1 jobs...

[Wed Sep  2 04:22:57 2026]
localrule run_cell:
    output: results/bias_sensitivity/raw/dp0.5_k0.3_n8000_r5_m2000.rds
    log: logs/bias_sensitivity/run_dp0.5_k0.3_n8000_r5_m2000.log
    jobid: 1056
    reason: Missing output files: results/bias_sensitivity/raw/dp0.5_k0.3_n8000_r5_m2000.rds
    wildcards: cell=dp0.5_k0.3_n8000_r5_m2000
    threads: 2
    resources: tmpdir=/tmp

[Wed Sep  2 04:23:56 2026]
Finished job 1637.
1318 of 1923 steps (69%) done
Select jobs to execute...
Execute 1 jobs...

[Wed Sep  2 04:23:56 2026]
localrule run_cell:
    output: results/bias_sensitivity/raw/dp0.4_k-0.3_n8000_r5_m2000.rds
    log: logs/bias_sensitivity/run_dp0.4_k-0.3_n8000_r5_m2000.log
    jobid: 816
    reason: Missing output files: results/bias_sensitivity/raw/dp0.4_k-0.3_n8000_r5_m2000.rds
    wildcards: cell=dp0.4_k-0.3_n8000_r5_m2000
    threads: 2
    resources: tmpdir=/tmp

[Wed Sep  2 04:24:57 2026]
Finished job 396.
1319 of 1923 steps (69%) done
Select jobs to execute...
Execute 1 jobs...

[Wed Sep  2 04:24:57 2026]
localrule run_cell:
    output: results/bias_sensitivity/raw/dp0.9_k-0.3_n8000_r5_m2000.rds
    log: logs/bias_sensitivity/run_dp0.9_k-0.3_n8000_r5_m2000.log
    jobid: 1776
    reason: Missing output files: results/bias_sensitivity/raw/dp0.9_k-0.3_n8000_r5_m2000.rds
    wildcards: cell=dp0.9_k-0.3_n8000_r5_m2000
    threads: 2
    resources: tmpdir=/tmp

[Wed Sep  2 04:25:23 2026]
Finished job 944.
1320 of 1923 steps (69%) done
Select jobs to execute...
Execute 1 jobs...

[Wed Sep  2 04:25:23 2026]
localrule run_cell:
    output: results/bias_sensitivity/raw/dp0.05_k0.3_n8000_r5_m2000.rds
    log: logs/bias_sensitivity/run_dp0.05_k0.3_n8000_r5_m2000.log
    jobid: 96
    reason: Missing output files: results/bias_sensitivity/raw/dp0.05_k0.3_n8000_r5_m2000.rds
    wildcards: cell=dp0.05_k0.3_n8000_r5_m2000
    threads: 2
    resources: tmpdir=/tmp

[Wed Sep  2 04:25:23 2026]
Finished job 70.
1321 of 1923 steps (69%) done
Select jobs to execute...
Execute 1 jobs...

[Wed Sep  2 04:25:23 2026]
localrule run_cell:
    output: results/bias_sensitivity/raw/dp0.1_k0.3_n6000_r15_m2000.rds
    log: logs/bias_sensitivity/run_dp0.1_k0.3_n6000_r15_m2000.log
    jobid: 276
    reason: Missing output files: results/bias_sensitivity/raw/dp0.1_k0.3_n6000_r15_m2000.rds
    wildcards: cell=dp0.1_k0.3_n6000_r15_m2000
    threads: 2
    resources: tmpdir=/tmp

[Wed Sep  2 04:25:49 2026]
Finished job 1148.
1322 of 1923 steps (69%) done
Select jobs to execute...
Execute 1 jobs...

[Wed Sep  2 04:25:49 2026]
localrule run_cell:
    output: results/bias_sensitivity/raw/dp0.1_k-0.3_n10000_r20_m4000.rds
    log: logs/bias_sensitivity/run_dp0.1_k-0.3_n10000_r20_m4000.log
    jobid: 199
    reason: Missing output files: results/bias_sensitivity/raw/dp0.1_k-0.3_n10000_r20_m4000.rds
    wildcards: cell=dp0.1_k-0.3_n10000_r20_m4000
    threads: 2
    resources: tmpdir=/tmp

[Wed Sep  2 04:26:03 2026]
Finished job 747.
1323 of 1923 steps (69%) done
Select jobs to execute...
Execute 1 jobs...

[Wed Sep  2 04:26:03 2026]
localrule run_cell:
    output: results/bias_sensitivity/raw/dp0.25_k0.3_n8000_r10_m4000.rds
    log: logs/bias_sensitivity/run_dp0.25_k0.3_n8000_r10_m4000.log
    jobid: 379
    reason: Missing output files: results/bias_sensitivity/raw/dp0.25_k0.3_n8000_r10_m4000.rds
    wildcards: cell=dp0.25_k0.3_n8000_r10_m4000
    threads: 2
    resources: tmpdir=/tmp

[Wed Sep  2 04:26:15 2026]
Finished job 1208.
1324 of 1923 steps (69%) done
Select jobs to execute...
Execute 1 jobs...

[Wed Sep  2 04:26:15 2026]
localrule run_cell:
    output: results/bias_sensitivity/raw/dp0.35_k-0.3_n2000_r10_m4000.rds
    log: logs/bias_sensitivity/run_dp0.35_k-0.3_n2000_r10_m4000.log
    jobid: 499
    reason: Missing output files: results/bias_sensitivity/raw/dp0.35_k-0.3_n2000_r10_m4000.rds
    wildcards: cell=dp0.35_k-0.3_n2000_r10_m4000
    threads: 2
    resources: tmpdir=/tmp

[Wed Sep  2 04:26:16 2026]
Finished job 727.
1325 of 1923 steps (69%) done
Select jobs to execute...
Execute 1 jobs...

[Wed Sep  2 04:26:16 2026]
localrule run_cell:
    output: results/bias_sensitivity/raw/dp0.3_k-0.3_n8000_r10_m4000.rds
    log: logs/bias_sensitivity/run_dp0.3_k-0.3_n8000_r10_m4000.log
    jobid: 619
    reason: Missing output files: results/bias_sensitivity/raw/dp0.3_k-0.3_n8000_r10_m4000.rds
    wildcards: cell=dp0.3_k-0.3_n8000_r10_m4000
    threads: 2
    resources: tmpdir=/tmp

[Wed Sep  2 04:26:58 2026]
Finished job 1483.
1326 of 1923 steps (69%) done
Select jobs to execute...
Execute 1 jobs...

[Wed Sep  2 04:26:58 2026]
localrule run_cell:
    output: results/bias_sensitivity/raw/dp0.05_k-0.3_n2000_r10_m4000.rds
    log: logs/bias_sensitivity/run_dp0.05_k-0.3_n2000_r10_m4000.log
    jobid: 19
    reason: Missing output files: results/bias_sensitivity/raw/dp0.05_k-0.3_n2000_r10_m4000.rds
    wildcards: cell=dp0.05_k-0.3_n2000_r10_m4000
    threads: 2
    resources: tmpdir=/tmp

[Wed Sep  2 04:27:10 2026]
Finished job 456.
1327 of 1923 steps (69%) done
Select jobs to execute...
Execute 1 jobs...

[Wed Sep  2 04:27:10 2026]
localrule run_cell:
    output: results/bias_sensitivity/raw/dp0.15_k-0.3_n8000_r10_m4000.rds
    log: logs/bias_sensitivity/run_dp0.15_k-0.3_n8000_r10_m4000.log
    jobid: 139
    reason: Missing output files: results/bias_sensitivity/raw/dp0.15_k-0.3_n8000_r10_m4000.rds
    wildcards: cell=dp0.15_k-0.3_n8000_r10_m4000
    threads: 2
    resources: tmpdir=/tmp

[Wed Sep  2 04:27:37 2026]
Finished job 1750.
1328 of 1923 steps (69%) done
Select jobs to execute...
Execute 1 jobs...

[Wed Sep  2 04:27:37 2026]
localrule run_cell:
    output: results/bias_sensitivity/raw/dp0.2_k0.3_n10000_r20_m4000.rds
    log: logs/bias_sensitivity/run_dp0.2_k0.3_n10000_r20_m4000.log
    jobid: 439
    reason: Missing output files: results/bias_sensitivity/raw/dp0.2_k0.3_n10000_r20_m4000.rds
    wildcards: cell=dp0.2_k0.3_n10000_r20_m4000
    threads: 2
    resources: tmpdir=/tmp

[Wed Sep  2 04:27:56 2026]
Finished job 567.
1329 of 1923 steps (69%) done
Select jobs to execute...
Execute 1 jobs...

[Wed Sep  2 04:27:56 2026]
localrule run_cell:
    output: results/bias_sensitivity/raw/dp0.45_k-0.3_n10000_r20_m4000.rds
    log: logs/bias_sensitivity/run_dp0.45_k-0.3_n10000_r20_m4000.log
    jobid: 679
    reason: Missing output files: results/bias_sensitivity/raw/dp0.45_k-0.3_n10000_r20_m4000.rds
    wildcards: cell=dp0.45_k-0.3_n10000_r20_m4000
    threads: 2
    resources: tmpdir=/tmp

[Wed Sep  2 04:28:14 2026]
Finished job 968.
1330 of 1923 steps (69%) done
Select jobs to execute...
Execute 1 jobs...

[Wed Sep  2 04:28:14 2026]
localrule run_cell:
    output: results/bias_sensitivity/raw/dp0.9_k-0.3_n4000_r20_m4000.rds
    log: logs/bias_sensitivity/run_dp0.9_k-0.3_n4000_r20_m4000.log
    jobid: 1759
    reason: Missing output files: results/bias_sensitivity/raw/dp0.9_k-0.3_n4000_r20_m4000.rds
    wildcards: cell=dp0.9_k-0.3_n4000_r20_m4000
    threads: 2
    resources: tmpdir=/tmp

[Wed Sep  2 04:29:02 2026]
Finished job 969.
1331 of 1923 steps (69%) done
Select jobs to execute...
Execute 1 jobs...

[Wed Sep  2 04:29:02 2026]
localrule run_cell:
    output: results/bias_sensitivity/raw/dp0.85_k-0.3_n2000_r10_m4000.rds
    log: logs/bias_sensitivity/run_dp0.85_k-0.3_n2000_r10_m4000.log
    jobid: 1459
    reason: Missing output files: results/bias_sensitivity/raw/dp0.85_k-0.3_n2000_r10_m4000.rds
    wildcards: cell=dp0.85_k-0.3_n2000_r10_m4000
    threads: 2
    resources: tmpdir=/tmp

[Wed Sep  2 04:29:19 2026]
Finished job 310.
1332 of 1923 steps (69%) done
Select jobs to execute...
Execute 1 jobs...

[Wed Sep  2 04:29:19 2026]
localrule run_cell:
    output: results/bias_sensitivity/raw/dp0.45_k0.3_n10000_r15_m2000.rds
    log: logs/bias_sensitivity/run_dp0.45_k0.3_n10000_r15_m2000.log
    jobid: 724
    reason: Missing output files: results/bias_sensitivity/raw/dp0.45_k0.3_n10000_r15_m2000.rds
    wildcards: cell=dp0.45_k0.3_n10000_r15_m2000
    threads: 2
    resources: tmpdir=/tmp

[Wed Sep  2 04:29:20 2026]
Finished job 696.
1333 of 1923 steps (69%) done
Select jobs to execute...
Execute 1 jobs...

[Wed Sep  2 04:29:20 2026]
localrule run_cell:
    output: results/bias_sensitivity/raw/dp0.95_k0.3_n10000_r15_m2000.rds
    log: logs/bias_sensitivity/run_dp0.95_k0.3_n10000_r15_m2000.log
    jobid: 1684
    reason: Missing output files: results/bias_sensitivity/raw/dp0.95_k0.3_n10000_r15_m2000.rds
    wildcards: cell=dp0.95_k0.3_n10000_r15_m2000
    threads: 2
    resources: tmpdir=/tmp

[Wed Sep  2 04:29:49 2026]
Finished job 1778.
1334 of 1923 steps (69%) done
Select jobs to execute...
Execute 1 jobs...

[Wed Sep  2 04:29:49 2026]
localrule run_cell:
    output: results/bias_sensitivity/raw/dp0.05_k0.3_n1000_r20_m2000.rds
    log: logs/bias_sensitivity/run_dp0.05_k0.3_n1000_r20_m2000.log
    jobid: 62
    reason: Missing output files: results/bias_sensitivity/raw/dp0.05_k0.3_n1000_r20_m2000.rds
    wildcards: cell=dp0.05_k0.3_n1000_r20_m2000
    threads: 2
    resources: tmpdir=/tmp

[Wed Sep  2 04:31:28 2026]
Finished job 1176.
1335 of 1923 steps (69%) done
Select jobs to execute...
Execute 1 jobs...

[Wed Sep  2 04:31:28 2026]
localrule run_cell:
    output: results/bias_sensitivity/raw/dp0.25_k-0.3_n1000_r20_m2000.rds
    log: logs/bias_sensitivity/run_dp0.25_k-0.3_n1000_r20_m2000.log
    jobid: 302
    reason: Missing output files: results/bias_sensitivity/raw/dp0.25_k-0.3_n1000_r20_m2000.rds
    wildcards: cell=dp0.25_k-0.3_n1000_r20_m2000
    threads: 2
    resources: tmpdir=/tmp

[Wed Sep  2 04:31:44 2026]
Finished job 1613.
1336 of 1923 steps (69%) done
Select jobs to execute...
Execute 1 jobs...

[Wed Sep  2 04:31:44 2026]
localrule run_cell:
    output: results/bias_sensitivity/raw/dp0.3_k0.3_n8000_r15_m2000.rds
    log: logs/bias_sensitivity/run_dp0.3_k0.3_n8000_r15_m2000.log
    jobid: 668
    reason: Missing output files: results/bias_sensitivity/raw/dp0.3_k0.3_n8000_r15_m2000.rds
    wildcards: cell=dp0.3_k0.3_n8000_r15_m2000
    threads: 2
    resources: tmpdir=/tmp

[Wed Sep  2 04:31:54 2026]
Finished job 1209.
1337 of 1923 steps (70%) done
Select jobs to execute...
Execute 1 jobs...

[Wed Sep  2 04:31:54 2026]
localrule run_cell:
    output: results/bias_sensitivity/raw/dp0.1_k0.3_n10000_r10_m2000.rds
    log: logs/bias_sensitivity/run_dp0.1_k0.3_n10000_r10_m2000.log
    jobid: 242
    reason: Missing output files: results/bias_sensitivity/raw/dp0.1_k0.3_n10000_r10_m2000.rds
    wildcards: cell=dp0.1_k0.3_n10000_r10_m2000
    threads: 2
    resources: tmpdir=/tmp

[Wed Sep  2 04:31:55 2026]
Finished job 893.
1338 of 1923 steps (70%) done
Select jobs to execute...
Execute 1 jobs...

[Wed Sep  2 04:31:55 2026]
localrule run_cell:
    output: results/bias_sensitivity/raw/dp0.15_k-0.3_n4000_r10_m2000.rds
    log: logs/bias_sensitivity/run_dp0.15_k-0.3_n4000_r10_m2000.log
    jobid: 122
    reason: Missing output files: results/bias_sensitivity/raw/dp0.15_k-0.3_n4000_r10_m2000.rds
    wildcards: cell=dp0.15_k-0.3_n4000_r10_m2000
    threads: 2
    resources: tmpdir=/tmp

[Wed Sep  2 04:31:59 2026]
Finished job 370.
1339 of 1923 steps (70%) done
Select jobs to execute...
Execute 1 jobs...

[Wed Sep  2 04:31:59 2026]
localrule run_cell:
    output: results/bias_sensitivity/raw/dp0.8_k0.3_n2000_r5_m2000.rds
    log: logs/bias_sensitivity/run_dp0.8_k0.3_n2000_r5_m2000.log
    jobid: 1608
    reason: Missing output files: results/bias_sensitivity/raw/dp0.8_k0.3_n2000_r5_m2000.rds
    wildcards: cell=dp0.8_k0.3_n2000_r5_m2000
    threads: 2
    resources: tmpdir=/tmp

[Wed Sep  2 04:32:04 2026]
Finished job 909.
1340 of 1923 steps (70%) done
Select jobs to execute...
Execute 1 jobs...

[Wed Sep  2 04:32:04 2026]
localrule run_cell:
    output: results/bias_sensitivity/raw/dp0.65_k-0.3_n4000_r10_m2000.rds
    log: logs/bias_sensitivity/run_dp0.65_k-0.3_n4000_r10_m2000.log
    jobid: 1082
    reason: Missing output files: results/bias_sensitivity/raw/dp0.65_k-0.3_n4000_r10_m2000.rds
    wildcards: cell=dp0.65_k-0.3_n4000_r10_m2000
    threads: 2
    resources: tmpdir=/tmp

[Wed Sep  2 04:32:15 2026]
Finished job 1389.
1341 of 1923 steps (70%) done
Select jobs to execute...
Execute 1 jobs...

[Wed Sep  2 04:32:15 2026]
localrule run_cell:
    output: results/bias_sensitivity/raw/dp0.05_k-0.3_n10000_r10_m2000.rds
    log: logs/bias_sensitivity/run_dp0.05_k-0.3_n10000_r10_m2000.log
    jobid: 2
    reason: Missing output files: results/bias_sensitivity/raw/dp0.05_k-0.3_n10000_r10_m2000.rds
    wildcards: cell=dp0.05_k-0.3_n10000_r10_m2000
    threads: 2
    resources: tmpdir=/tmp

[Wed Sep  2 04:32:39 2026]
Finished job 721.
1342 of 1923 steps (70%) done
Select jobs to execute...
Execute 1 jobs...

[Wed Sep  2 04:32:39 2026]
localrule run_cell:
    output: results/bias_sensitivity/raw/dp0.25_k0.3_n4000_r10_m2000.rds
    log: logs/bias_sensitivity/run_dp0.25_k0.3_n4000_r10_m2000.log
    jobid: 362
    reason: Missing output files: results/bias_sensitivity/raw/dp0.25_k0.3_n4000_r10_m2000.rds
    wildcards: cell=dp0.25_k0.3_n4000_r10_m2000
    threads: 2
    resources: tmpdir=/tmp

[Wed Sep  2 04:32:44 2026]
Finished job 62.
1343 of 1923 steps (70%) done
Select jobs to execute...
Execute 1 jobs...

[Wed Sep  2 04:32:44 2026]
localrule run_cell:
    output: results/bias_sensitivity/raw/dp0.35_k-0.3_n10000_r10_m2000.rds
    log: logs/bias_sensitivity/run_dp0.35_k-0.3_n10000_r10_m2000.log
    jobid: 482
    reason: Missing output files: results/bias_sensitivity/raw/dp0.35_k-0.3_n10000_r10_m2000.rds
    wildcards: cell=dp0.35_k-0.3_n10000_r10_m2000
    threads: 2
    resources: tmpdir=/tmp

[Wed Sep  2 04:33:20 2026]
Finished job 499.
1344 of 1923 steps (70%) done
Select jobs to execute...
Execute 1 jobs...

[Wed Sep  2 04:33:20 2026]
localrule run_cell:
    output: results/bias_sensitivity/raw/dp0.3_k-0.3_n4000_r10_m2000.rds
    log: logs/bias_sensitivity/run_dp0.3_k-0.3_n4000_r10_m2000.log
    jobid: 602
    reason: Missing output files: results/bias_sensitivity/raw/dp0.3_k-0.3_n4000_r10_m2000.rds
    wildcards: cell=dp0.3_k-0.3_n4000_r10_m2000
    threads: 2
    resources: tmpdir=/tmp

[Wed Sep  2 04:33:24 2026]
Finished job 1870.
1345 of 1923 steps (70%) done
Select jobs to execute...
Execute 1 jobs...

[Wed Sep  2 04:33:24 2026]
localrule run_cell:
    output: results/bias_sensitivity/raw/dp0.3_k0.3_n6000_r20_m2000.rds
    log: logs/bias_sensitivity/run_dp0.3_k0.3_n6000_r20_m2000.log
    jobid: 662
    reason: Missing output files: results/bias_sensitivity/raw/dp0.3_k0.3_n6000_r20_m2000.rds
    wildcards: cell=dp0.3_k0.3_n6000_r20_m2000
    threads: 2
    resources: tmpdir=/tmp

[Wed Sep  2 04:33:55 2026]
Finished job 1150.
1346 of 1923 steps (70%) done
Select jobs to execute...
Execute 1 jobs...

[Wed Sep  2 04:33:55 2026]
localrule run_cell:
    output: results/bias_sensitivity/raw/dp0.4_k0.3_n4000_r10_m2000.rds
    log: logs/bias_sensitivity/run_dp0.4_k0.3_n4000_r10_m2000.log
    jobid: 842
    reason: Missing output files: results/bias_sensitivity/raw/dp0.4_k0.3_n4000_r10_m2000.rds
    wildcards: cell=dp0.4_k0.3_n4000_r10_m2000
    threads: 2
    resources: tmpdir=/tmp

[Wed Sep  2 04:34:12 2026]
Finished job 19.
1347 of 1923 steps (70%) done
Select jobs to execute...
Execute 1 jobs...

[Wed Sep  2 04:34:12 2026]
localrule run_cell:
    output: results/bias_sensitivity/raw/dp0.75_k0.3_n4000_r10_m2000.rds
    log: logs/bias_sensitivity/run_dp0.75_k0.3_n4000_r10_m2000.log
    jobid: 1322
    reason: Missing output files: results/bias_sensitivity/raw/dp0.75_k0.3_n4000_r10_m2000.rds
    wildcards: cell=dp0.75_k0.3_n4000_r10_m2000
    threads: 2
    resources: tmpdir=/tmp

[Wed Sep  2 04:34:13 2026]
Finished job 1714.
1348 of 1923 steps (70%) done
Select jobs to execute...
Execute 1 jobs...

[Wed Sep  2 04:34:13 2026]
localrule run_cell:
    output: results/bias_sensitivity/raw/dp0.45_k0.3_n10000_r10_m2000.rds
    log: logs/bias_sensitivity/run_dp0.45_k0.3_n10000_r10_m2000.log
    jobid: 722
    reason: Missing output files: results/bias_sensitivity/raw/dp0.45_k0.3_n10000_r10_m2000.rds
    wildcards: cell=dp0.45_k0.3_n10000_r10_m2000
    threads: 2
    resources: tmpdir=/tmp

[Wed Sep  2 04:34:26 2026]
Finished job 302.
1349 of 1923 steps (70%) done
Select jobs to execute...
Execute 1 jobs...

[Wed Sep  2 04:34:26 2026]
localrule run_cell:
    output: results/bias_sensitivity/raw/dp0.8_k0.3_n6000_r20_m2000.rds
    log: logs/bias_sensitivity/run_dp0.8_k0.3_n6000_r20_m2000.log
    jobid: 1622
    reason: Missing output files: results/bias_sensitivity/raw/dp0.8_k0.3_n6000_r20_m2000.rds
    wildcards: cell=dp0.8_k0.3_n6000_r20_m2000
    threads: 2
    resources: tmpdir=/tmp

[Wed Sep  2 04:34:34 2026]
Finished job 1106.
1350 of 1923 steps (70%) done
Select jobs to execute...
Execute 1 jobs...

[Wed Sep  2 04:34:34 2026]
localrule run_cell:
    output: results/bias_sensitivity/raw/dp0.95_k0.3_n10000_r10_m2000.rds
    log: logs/bias_sensitivity/run_dp0.95_k0.3_n10000_r10_m2000.log
    jobid: 1682
    reason: Missing output files: results/bias_sensitivity/raw/dp0.95_k0.3_n10000_r10_m2000.rds
    wildcards: cell=dp0.95_k0.3_n10000_r10_m2000
    threads: 2
    resources: tmpdir=/tmp

[Wed Sep  2 04:34:52 2026]
Finished job 627.
1351 of 1923 steps (70%) done
Select jobs to execute...
Execute 1 jobs...

[Wed Sep  2 04:34:52 2026]
localrule run_cell:
    output: results/bias_sensitivity/raw/dp0.8_k0.3_n4000_r15_m2000.rds
    log: logs/bias_sensitivity/run_dp0.8_k0.3_n4000_r15_m2000.log
    jobid: 1612
    reason: Missing output files: results/bias_sensitivity/raw/dp0.8_k0.3_n4000_r15_m2000.rds
    wildcards: cell=dp0.8_k0.3_n4000_r15_m2000
    threads: 2
    resources: tmpdir=/tmp

[Wed Sep  2 04:36:43 2026]
Finished job 180.
1352 of 1923 steps (70%) done
Select jobs to execute...
Execute 1 jobs...

[Wed Sep  2 04:36:43 2026]
localrule run_cell:
    output: results/bias_sensitivity/raw/dp0.25_k0.3_n4000_r15_m4000.rds
    log: logs/bias_sensitivity/run_dp0.25_k0.3_n4000_r15_m4000.log
    jobid: 365
    reason: Missing output files: results/bias_sensitivity/raw/dp0.25_k0.3_n4000_r15_m4000.rds
    wildcards: cell=dp0.25_k0.3_n4000_r15_m4000
    threads: 2
    resources: tmpdir=/tmp

[Wed Sep  2 04:37:14 2026]
Finished job 232.
1353 of 1923 steps (70%) done
Select jobs to execute...
Execute 1 jobs...

[Wed Sep  2 04:37:14 2026]
localrule run_cell:
    output: results/bias_sensitivity/raw/dp0.3_k-0.3_n10000_r5_m4000.rds
    log: logs/bias_sensitivity/run_dp0.3_k-0.3_n10000_r5_m4000.log
    jobid: 585
    reason: Missing output files: results/bias_sensitivity/raw/dp0.3_k-0.3_n10000_r5_m4000.rds
    wildcards: cell=dp0.3_k-0.3_n10000_r5_m4000
    threads: 2
    resources: tmpdir=/tmp

[Wed Sep  2 04:37:14 2026]
Finished job 1459.
1354 of 1923 steps (70%) done
Select jobs to execute...
Execute 1 jobs...

[Wed Sep  2 04:37:14 2026]
localrule run_cell:
    output: results/bias_sensitivity/raw/dp0.4_k0.3_n10000_r5_m4000.rds
    log: logs/bias_sensitivity/run_dp0.4_k0.3_n10000_r5_m4000.log
    jobid: 825
    reason: Missing output files: results/bias_sensitivity/raw/dp0.4_k0.3_n10000_r5_m4000.rds
    wildcards: cell=dp0.4_k0.3_n10000_r5_m4000
    threads: 2
    resources: tmpdir=/tmp

[Wed Sep  2 04:37:23 2026]
Finished job 1141.
1355 of 1923 steps (70%) done
Select jobs to execute...
Execute 1 jobs...

[Wed Sep  2 04:37:23 2026]
localrule run_cell:
    output: results/bias_sensitivity/raw/dp0.55_k-0.3_n2000_r15_m4000.rds
    log: logs/bias_sensitivity/run_dp0.55_k-0.3_n2000_r15_m4000.log
    jobid: 885
    reason: Missing output files: results/bias_sensitivity/raw/dp0.55_k-0.3_n2000_r15_m4000.rds
    wildcards: cell=dp0.55_k-0.3_n2000_r15_m4000
    threads: 2
    resources: tmpdir=/tmp

[Wed Sep  2 04:38:15 2026]
Finished job 1759.
1356 of 1923 steps (71%) done
Select jobs to execute...
Execute 1 jobs...

[Wed Sep  2 04:38:15 2026]
localrule run_cell:
    output: results/bias_sensitivity/raw/dp0.2_k-0.3_n2000_r15_m4000.rds
    log: logs/bias_sensitivity/run_dp0.2_k-0.3_n2000_r15_m4000.log
    jobid: 405
    reason: Missing output files: results/bias_sensitivity/raw/dp0.2_k-0.3_n2000_r15_m4000.rds
    wildcards: cell=dp0.2_k-0.3_n2000_r15_m4000
    threads: 2
    resources: tmpdir=/tmp

[Wed Sep  2 04:40:08 2026]
Finished job 1608.
1357 of 1923 steps (71%) done
Select jobs to execute...
Execute 1 jobs...

[Wed Sep  2 04:40:08 2026]
localrule run_cell:
    output: results/bias_sensitivity/raw/dp0.35_k-0.3_n8000_r15_m4000.rds
    log: logs/bias_sensitivity/run_dp0.35_k-0.3_n8000_r15_m4000.log
    jobid: 525
    reason: Missing output files: results/bias_sensitivity/raw/dp0.35_k-0.3_n8000_r15_m4000.rds
    wildcards: cell=dp0.35_k-0.3_n8000_r15_m4000
    threads: 2
    resources: tmpdir=/tmp

[Wed Sep  2 04:40:45 2026]
Finished job 122.
1358 of 1923 steps (71%) done
Select jobs to execute...
Execute 1 jobs...

[Wed Sep  2 04:40:45 2026]
localrule run_cell:
    output: results/bias_sensitivity/raw/dp0.3_k0.3_n2000_r15_m4000.rds
    log: logs/bias_sensitivity/run_dp0.3_k0.3_n2000_r15_m4000.log
    jobid: 645
    reason: Missing output files: results/bias_sensitivity/raw/dp0.3_k0.3_n2000_r15_m4000.rds
    wildcards: cell=dp0.3_k0.3_n2000_r15_m4000
    threads: 2
    resources: tmpdir=/tmp

[Wed Sep  2 04:41:23 2026]
Finished job 379.
1359 of 1923 steps (71%) done
Select jobs to execute...
Execute 1 jobs...

[Wed Sep  2 04:41:23 2026]
localrule run_cell:
    output: results/bias_sensitivity/raw/dp0.65_k-0.3_n10000_r5_m4000.rds
    log: logs/bias_sensitivity/run_dp0.65_k-0.3_n10000_r5_m4000.log
    jobid: 1065
    reason: Missing output files: results/bias_sensitivity/raw/dp0.65_k-0.3_n10000_r5_m4000.rds
    wildcards: cell=dp0.65_k-0.3_n10000_r5_m4000
    threads: 2
    resources: tmpdir=/tmp

[Wed Sep  2 04:42:04 2026]
Finished job 1733.
1360 of 1923 steps (71%) done
Select jobs to execute...
Execute 1 jobs...

[Wed Sep  2 04:42:04 2026]
localrule run_cell:
    output: results/bias_sensitivity/raw/dp0.6_k-0.3_n4000_r5_m4000.rds
    log: logs/bias_sensitivity/run_dp0.6_k-0.3_n4000_r5_m4000.log
    jobid: 1185
    reason: Missing output files: results/bias_sensitivity/raw/dp0.6_k-0.3_n4000_r5_m4000.rds
    wildcards: cell=dp0.6_k-0.3_n4000_r5_m4000
    threads: 2
    resources: tmpdir=/tmp

[Wed Sep  2 04:42:12 2026]
Finished job 139.
1361 of 1923 steps (71%) done
Select jobs to execute...
Execute 1 jobs...

[Wed Sep  2 04:42:12 2026]
localrule run_cell:
    output: results/bias_sensitivity/raw/dp0.75_k0.3_n10000_r5_m4000.rds
    log: logs/bias_sensitivity/run_dp0.75_k0.3_n10000_r5_m4000.log
    jobid: 1305
    reason: Missing output files: results/bias_sensitivity/raw/dp0.75_k0.3_n10000_r5_m4000.rds
    wildcards: cell=dp0.75_k0.3_n10000_r5_m4000
    threads: 2
    resources: tmpdir=/tmp

[Wed Sep  2 04:42:15 2026]
Finished job 362.
1362 of 1923 steps (71%) done
Select jobs to execute...
Execute 1 jobs...

[Wed Sep  2 04:42:15 2026]
localrule run_cell:
    output: results/bias_sensitivity/raw/dp0.9_k0.3_n10000_r5_m4000.rds
    log: logs/bias_sensitivity/run_dp0.9_k0.3_n10000_r5_m4000.log
    jobid: 1785
    reason: Missing output files: results/bias_sensitivity/raw/dp0.9_k0.3_n10000_r5_m4000.rds
    wildcards: cell=dp0.9_k0.3_n10000_r5_m4000
    threads: 2
    resources: tmpdir=/tmp

[Wed Sep  2 04:42:18 2026]
Finished job 712.
1363 of 1923 steps (71%) done
Select jobs to execute...
Execute 1 jobs...

[Wed Sep  2 04:42:18 2026]
localrule run_cell:
    output: results/bias_sensitivity/raw/dp1_k-0.3_n2000_r15_m4000.rds
    log: logs/bias_sensitivity/run_dp1_k-0.3_n2000_r15_m4000.log
    jobid: 1845
    reason: Missing output files: results/bias_sensitivity/raw/dp1_k-0.3_n2000_r15_m4000.rds
    wildcards: cell=dp1_k-0.3_n2000_r15_m4000
    threads: 2
    resources: tmpdir=/tmp

[Wed Sep  2 04:42:22 2026]
Finished job 602.
1364 of 1923 steps (71%) done
Select jobs to execute...
Execute 1 jobs...

[Wed Sep  2 04:42:22 2026]
localrule run_cell:
    output: results/bias_sensitivity/raw/dp0.7_k0.3_n4000_r5_m2000.rds
    log: logs/bias_sensitivity/run_dp0.7_k0.3_n4000_r5_m2000.log
    jobid: 1424
    reason: Missing output files: results/bias_sensitivity/raw/dp0.7_k0.3_n4000_r5_m2000.rds
    wildcards: cell=dp0.7_k0.3_n4000_r5_m2000
    threads: 2
    resources: tmpdir=/tmp

[Wed Sep  2 04:42:57 2026]
Finished job 387.
1365 of 1923 steps (71%) done
Select jobs to execute...
Execute 1 jobs...

[Wed Sep  2 04:42:57 2026]
localrule run_cell:
    output: results/bias_sensitivity/raw/dp0.15_k0.3_n10000_r15_m2000.rds
    log: logs/bias_sensitivity/run_dp0.15_k0.3_n10000_r15_m2000.log
    jobid: 148
    reason: Missing output files: results/bias_sensitivity/raw/dp0.15_k0.3_n10000_r15_m2000.rds
    wildcards: cell=dp0.15_k0.3_n10000_r15_m2000
    threads: 2
    resources: tmpdir=/tmp

[Wed Sep  2 04:43:41 2026]
Finished job 199.
1366 of 1923 steps (71%) done
Select jobs to execute...
Execute 1 jobs...

[Wed Sep  2 04:43:41 2026]
localrule run_cell:
    output: results/bias_sensitivity/raw/dp0.2_k-0.3_n10000_r15_m2000.rds
    log: logs/bias_sensitivity/run_dp0.2_k-0.3_n10000_r15_m2000.log
    jobid: 388
    reason: Missing output files: results/bias_sensitivity/raw/dp0.2_k-0.3_n10000_r15_m2000.rds
    wildcards: cell=dp0.2_k-0.3_n10000_r15_m2000
    threads: 2
    resources: tmpdir=/tmp

[Wed Sep  2 04:44:02 2026]
Finished job 1047.
1367 of 1923 steps (71%) done
Select jobs to execute...
Execute 1 jobs...

[Wed Sep  2 04:44:02 2026]
localrule run_cell:
    output: results/bias_sensitivity/raw/dp0.35_k0.3_n6000_r5_m2000.rds
    log: logs/bias_sensitivity/run_dp0.35_k0.3_n6000_r5_m2000.log
    jobid: 568
    reason: Missing output files: results/bias_sensitivity/raw/dp0.35_k0.3_n6000_r5_m2000.rds
    wildcards: cell=dp0.35_k0.3_n6000_r5_m2000
    threads: 2
    resources: tmpdir=/tmp

[Wed Sep  2 04:44:07 2026]
Finished job 1322.
1368 of 1923 steps (71%) done
Select jobs to execute...
Execute 1 jobs...

[Wed Sep  2 04:44:07 2026]
localrule run_cell:
    output: results/bias_sensitivity/raw/dp0.3_k0.3_n10000_r15_m2000.rds
    log: logs/bias_sensitivity/run_dp0.3_k0.3_n10000_r15_m2000.log
    jobid: 628
    reason: Missing output files: results/bias_sensitivity/raw/dp0.3_k0.3_n10000_r15_m2000.rds
    wildcards: cell=dp0.3_k0.3_n10000_r15_m2000
    threads: 2
    resources: tmpdir=/tmp

[Wed Sep  2 04:44:08 2026]
Finished job 842.
1369 of 1923 steps (71%) done
Select jobs to execute...
Execute 1 jobs...

[Wed Sep  2 04:44:08 2026]
localrule run_cell:
    output: results/bias_sensitivity/raw/dp0.45_k0.3_n4000_r15_m2000.rds
    log: logs/bias_sensitivity/run_dp0.45_k0.3_n4000_r15_m2000.log
    jobid: 748
    reason: Missing output files: results/bias_sensitivity/raw/dp0.45_k0.3_n4000_r15_m2000.rds
    wildcards: cell=dp0.45_k0.3_n4000_r15_m2000
    threads: 2
    resources: tmpdir=/tmp

[Wed Sep  2 04:44:41 2026]
Finished job 1082.
1370 of 1923 steps (71%) done
Select jobs to execute...
Execute 1 jobs...

[Wed Sep  2 04:44:42 2026]
localrule run_cell:
    output: results/bias_sensitivity/raw/dp0.4_k-0.3_n6000_r5_m2000.rds
    log: logs/bias_sensitivity/run_dp0.4_k-0.3_n6000_r5_m2000.log
    jobid: 808
    reason: Missing output files: results/bias_sensitivity/raw/dp0.4_k-0.3_n6000_r5_m2000.rds
    wildcards: cell=dp0.4_k-0.3_n6000_r5_m2000
    threads: 2
    resources: tmpdir=/tmp

[Wed Sep  2 04:45:05 2026]
Finished job 885.
1371 of 1923 steps (71%) done
Select jobs to execute...
Execute 1 jobs...

[Wed Sep  2 04:45:05 2026]
localrule run_cell:
    output: results/bias_sensitivity/raw/dp0.55_k0.3_n1000_r5_m2000.rds
    log: logs/bias_sensitivity/run_dp0.55_k0.3_n1000_r5_m2000.log
    jobid: 928
    reason: Missing output files: results/bias_sensitivity/raw/dp0.55_k0.3_n1000_r5_m2000.rds
    wildcards: cell=dp0.55_k0.3_n1000_r5_m2000
    threads: 2
    resources: tmpdir=/tmp

[Wed Sep  2 04:45:09 2026]
Finished job 1296.
1372 of 1923 steps (71%) done
Select jobs to execute...
Execute 1 jobs...

[Wed Sep  2 04:45:09 2026]
localrule run_cell:
    output: results/bias_sensitivity/raw/dp0.5_k0.3_n6000_r5_m2000.rds
    log: logs/bias_sensitivity/run_dp0.5_k0.3_n6000_r5_m2000.log
    jobid: 1048
    reason: Missing output files: results/bias_sensitivity/raw/dp0.5_k0.3_n6000_r5_m2000.rds
    wildcards: cell=dp0.5_k0.3_n6000_r5_m2000
    threads: 2
    resources: tmpdir=/tmp

[Wed Sep  2 04:45:24 2026]
Finished job 1612.
1373 of 1923 steps (71%) done
Select jobs to execute...
Execute 1 jobs...

[Wed Sep  2 04:45:24 2026]
localrule run_cell:
    output: results/bias_sensitivity/raw/dp0.65_k0.3_n8000_r20_m4000.rds
    log: logs/bias_sensitivity/run_dp0.65_k0.3_n8000_r20_m4000.log
    jobid: 1151
    reason: Missing output files: results/bias_sensitivity/raw/dp0.65_k0.3_n8000_r20_m4000.rds
    wildcards: cell=dp0.65_k0.3_n8000_r20_m4000
    threads: 2
    resources: tmpdir=/tmp

[Wed Sep  2 04:45:31 2026]
Finished job 1776.
1374 of 1923 steps (71%) done
Select jobs to execute...
Execute 1 jobs...

[Wed Sep  2 04:45:31 2026]
localrule run_cell:
    output: results/bias_sensitivity/raw/dp0.9_k-0.3_n2000_r20_m4000.rds
    log: logs/bias_sensitivity/run_dp0.9_k-0.3_n2000_r20_m4000.log
    jobid: 1751
    reason: Missing output files: results/bias_sensitivity/raw/dp0.9_k-0.3_n2000_r20_m4000.rds
    wildcards: cell=dp0.9_k-0.3_n2000_r20_m4000
    threads: 2
    resources: tmpdir=/tmp

[Wed Sep  2 04:45:32 2026]
Finished job 405.
1375 of 1923 steps (72%) done
Select jobs to execute...
Execute 1 jobs...

[Wed Sep  2 04:45:32 2026]
localrule run_cell:
    output: results/bias_sensitivity/raw/dp0.85_k-0.3_n1000_r10_m4000.rds
    log: logs/bias_sensitivity/run_dp0.85_k-0.3_n1000_r10_m4000.log
    jobid: 1451
    reason: Missing output files: results/bias_sensitivity/raw/dp0.85_k-0.3_n1000_r10_m4000.rds
    wildcards: cell=dp0.85_k-0.3_n1000_r10_m4000
    threads: 2
    resources: tmpdir=/tmp

[Wed Sep  2 04:45:38 2026]
Finished job 365.
1376 of 1923 steps (72%) done
Select jobs to execute...
Execute 1 jobs...

[Wed Sep  2 04:45:38 2026]
localrule run_cell:
    output: results/bias_sensitivity/raw/dp1_k-0.3_n8000_r20_m4000.rds
    log: logs/bias_sensitivity/run_dp1_k-0.3_n8000_r20_m4000.log
    jobid: 1871
    reason: Missing output files: results/bias_sensitivity/raw/dp1_k-0.3_n8000_r20_m4000.rds
    wildcards: cell=dp1_k-0.3_n8000_r20_m4000
    threads: 2
    resources: tmpdir=/tmp

[Wed Sep  2 04:45:56 2026]
Finished job 439.
1377 of 1923 steps (72%) done
Select jobs to execute...
Execute 1 jobs...

[Wed Sep  2 04:45:56 2026]
localrule run_cell:
    output: results/bias_sensitivity/raw/dp0.8_k-0.3_n6000_r10_m4000.rds
    log: logs/bias_sensitivity/run_dp0.8_k-0.3_n6000_r10_m4000.log
    jobid: 1571
    reason: Missing output files: results/bias_sensitivity/raw/dp0.8_k-0.3_n6000_r10_m4000.rds
    wildcards: cell=dp0.8_k-0.3_n6000_r10_m4000
    threads: 2
    resources: tmpdir=/tmp

[Wed Sep  2 04:46:51 2026]
Finished job 961.
1378 of 1923 steps (72%) done
Select jobs to execute...
Execute 1 jobs...

[Wed Sep  2 04:46:51 2026]
localrule run_cell:
    output: results/bias_sensitivity/raw/dp0.05_k0.3_n2000_r20_m4000.rds
    log: logs/bias_sensitivity/run_dp0.05_k0.3_n2000_r20_m4000.log
    jobid: 71
    reason: Missing output files: results/bias_sensitivity/raw/dp0.05_k0.3_n2000_r20_m4000.rds
    wildcards: cell=dp0.05_k0.3_n2000_r20_m4000
    threads: 2
    resources: tmpdir=/tmp

[Wed Sep  2 04:47:14 2026]
Finished job 524.
1379 of 1923 steps (72%) done
Select jobs to execute...
Execute 1 jobs...

[Wed Sep  2 04:47:14 2026]
localrule run_cell:
    output: results/bias_sensitivity/raw/dp0.25_k-0.3_n2000_r20_m4000.rds
    log: logs/bias_sensitivity/run_dp0.25_k-0.3_n2000_r20_m4000.log
    jobid: 311
    reason: Missing output files: results/bias_sensitivity/raw/dp0.25_k-0.3_n2000_r20_m4000.rds
    wildcards: cell=dp0.25_k-0.3_n2000_r20_m4000
    threads: 2
    resources: tmpdir=/tmp

[Wed Sep  2 04:47:22 2026]
Finished job 1149.
1380 of 1923 steps (72%) done
Select jobs to execute...
Execute 1 jobs...

[Wed Sep  2 04:47:22 2026]
localrule run_cell:
    output: results/bias_sensitivity/raw/dp0.25_k0.3_n6000_r10_m4000.rds
    log: logs/bias_sensitivity/run_dp0.25_k0.3_n6000_r10_m4000.log
    jobid: 371
    reason: Missing output files: results/bias_sensitivity/raw/dp0.25_k0.3_n6000_r10_m4000.rds
    wildcards: cell=dp0.25_k0.3_n6000_r10_m4000
    threads: 2
    resources: tmpdir=/tmp

[Wed Sep  2 04:47:35 2026]
Finished job 86.
1381 of 1923 steps (72%) done
Select jobs to execute...
Execute 1 jobs...

[Wed Sep  2 04:47:35 2026]
localrule run_cell:
    output: results/bias_sensitivity/raw/dp0.4_k-0.3_n10000_r20_m2000.rds
    log: logs/bias_sensitivity/run_dp0.4_k-0.3_n10000_r20_m2000.log
    jobid: 774
    reason: Missing output files: results/bias_sensitivity/raw/dp0.4_k-0.3_n10000_r20_m2000.rds
    wildcards: cell=dp0.4_k-0.3_n10000_r20_m2000
    threads: 2
    resources: tmpdir=/tmp

[Wed Sep  2 04:47:37 2026]
Finished job 645.
1382 of 1923 steps (72%) done
Select jobs to execute...
Execute 1 jobs...

[Wed Sep  2 04:47:37 2026]
localrule run_cell:
    output: results/bias_sensitivity/raw/dp0.55_k-0.3_n4000_r20_m2000.rds
    log: logs/bias_sensitivity/run_dp0.55_k-0.3_n4000_r20_m2000.log
    jobid: 894
    reason: Missing output files: results/bias_sensitivity/raw/dp0.55_k-0.3_n4000_r20_m2000.rds
    wildcards: cell=dp0.55_k-0.3_n4000_r20_m2000
    threads: 2
    resources: tmpdir=/tmp

[Wed Sep  2 04:47:43 2026]
Finished job 668.
1383 of 1923 steps (72%) done
Select jobs to execute...
Execute 1 jobs...

[Wed Sep  2 04:47:43 2026]
localrule run_cell:
    output: results/bias_sensitivity/raw/dp0.6_k-0.3_n8000_r10_m2000.rds
    log: logs/bias_sensitivity/run_dp0.6_k-0.3_n8000_r10_m2000.log
    jobid: 1194
    reason: Missing output files: results/bias_sensitivity/raw/dp0.6_k-0.3_n8000_r10_m2000.rds
    wildcards: cell=dp0.6_k-0.3_n8000_r10_m2000
    threads: 2
    resources: tmpdir=/tmp

[Wed Sep  2 04:47:44 2026]
Finished job 679.
1384 of 1923 steps (72%) done
Select jobs to execute...
Execute 1 jobs...

[Wed Sep  2 04:47:44 2026]
localrule run_cell:
    output: results/bias_sensitivity/raw/dp0.8_k0.3_n4000_r20_m2000.rds
    log: logs/bias_sensitivity/run_dp0.8_k0.3_n4000_r20_m2000.log
    jobid: 1614
    reason: Missing output files: results/bias_sensitivity/raw/dp0.8_k0.3_n4000_r20_m2000.rds
    wildcards: cell=dp0.8_k0.3_n4000_r20_m2000
    threads: 2
    resources: tmpdir=/tmp

[Wed Sep  2 04:48:15 2026]
Finished job 928.
1385 of 1923 steps (72%) done
Select jobs to execute...
Execute 1 jobs...

[Wed Sep  2 04:48:15 2026]
localrule run_cell:
    output: results/bias_sensitivity/raw/dp0.95_k-0.3_n8000_r10_m2000.rds
    log: logs/bias_sensitivity/run_dp0.95_k-0.3_n8000_r10_m2000.log
    jobid: 1674
    reason: Missing output files: results/bias_sensitivity/raw/dp0.95_k-0.3_n8000_r10_m2000.rds
    wildcards: cell=dp0.95_k-0.3_n8000_r10_m2000
    threads: 2
    resources: tmpdir=/tmp

[Wed Sep  2 04:48:49 2026]
Finished job 1451.
1386 of 1923 steps (72%) done
Select jobs to execute...
Execute 1 jobs...

[Wed Sep  2 04:48:49 2026]
localrule run_cell:
    output: results/bias_sensitivity/raw/dp0.9_k-0.3_n10000_r20_m2000.rds
    log: logs/bias_sensitivity/run_dp0.9_k-0.3_n10000_r20_m2000.log
    jobid: 1734
    reason: Missing output files: results/bias_sensitivity/raw/dp0.9_k-0.3_n10000_r20_m2000.rds
    wildcards: cell=dp0.9_k-0.3_n10000_r20_m2000
    threads: 2
    resources: tmpdir=/tmp

[Wed Sep  2 04:49:01 2026]
Finished job 1845.
1387 of 1923 steps (72%) done
Select jobs to execute...
Execute 1 jobs...

[Wed Sep  2 04:49:01 2026]
localrule run_cell:
    output: results/bias_sensitivity/raw/dp1_k-0.3_n2000_r20_m4000.rds
    log: logs/bias_sensitivity/run_dp1_k-0.3_n2000_r20_m4000.log
    jobid: 1847
    reason: Missing output files: results/bias_sensitivity/raw/dp1_k-0.3_n2000_r20_m4000.rds
    wildcards: cell=dp1_k-0.3_n2000_r20_m4000
    threads: 2
    resources: tmpdir=/tmp

[Wed Sep  2 04:50:22 2026]
Finished job 242.
1388 of 1923 steps (72%) done
Select jobs to execute...
Execute 1 jobs...

[Wed Sep  2 04:50:22 2026]
localrule run_cell:
    output: results/bias_sensitivity/raw/dp0.75_k-0.3_n8000_r5_m4000.rds
    log: logs/bias_sensitivity/run_dp0.75_k-0.3_n8000_r5_m4000.log
    jobid: 1297
    reason: Missing output files: results/bias_sensitivity/raw/dp0.75_k-0.3_n8000_r5_m4000.rds
    wildcards: cell=dp0.75_k-0.3_n8000_r5_m4000
    threads: 2
    resources: tmpdir=/tmp

[Wed Sep  2 04:51:30 2026]
Finished job 335.
1389 of 1923 steps (72%) done
Select jobs to execute...
Execute 1 jobs...

[Wed Sep  2 04:51:30 2026]
localrule run_cell:
    output: results/bias_sensitivity/raw/dp0.7_k0.3_n2000_r5_m4000.rds
    log: logs/bias_sensitivity/run_dp0.7_k0.3_n2000_r5_m4000.log
    jobid: 1417
    reason: Missing output files: results/bias_sensitivity/raw/dp0.7_k0.3_n2000_r5_m4000.rds
    wildcards: cell=dp0.7_k0.3_n2000_r5_m4000
    threads: 2
    resources: tmpdir=/tmp

[Wed Sep  2 04:52:10 2026]
Finished job 1818.
1390 of 1923 steps (72%) done
Select jobs to execute...
Execute 1 jobs...

[Wed Sep  2 04:52:10 2026]
localrule run_cell:
    output: results/bias_sensitivity/raw/dp0.05_k0.3_n8000_r5_m4000.rds
    log: logs/bias_sensitivity/run_dp0.05_k0.3_n8000_r5_m4000.log
    jobid: 97
    reason: Missing output files: results/bias_sensitivity/raw/dp0.05_k0.3_n8000_r5_m4000.rds
    wildcards: cell=dp0.05_k0.3_n8000_r5_m4000
    threads: 2
    resources: tmpdir=/tmp

[Wed Sep  2 04:52:10 2026]
Finished job 147.
1391 of 1923 steps (72%) done
Select jobs to execute...
Execute 1 jobs...

[Wed Sep  2 04:52:10 2026]
localrule run_cell:
    output: results/bias_sensitivity/raw/dp0.5_k0.3_n8000_r5_m4000.rds
    log: logs/bias_sensitivity/run_dp0.5_k0.3_n8000_r5_m4000.log
    jobid: 1057
    reason: Missing output files: results/bias_sensitivity/raw/dp0.5_k0.3_n8000_r5_m4000.rds
    wildcards: cell=dp0.5_k0.3_n8000_r5_m4000
    threads: 2
    resources: tmpdir=/tmp

[Wed Sep  2 04:52:16 2026]
Finished job 482.
1392 of 1923 steps (72%) done
Select jobs to execute...
Execute 1 jobs...

[Wed Sep  2 04:52:16 2026]
localrule run_cell:
    output: results/bias_sensitivity/raw/dp0.1_k0.3_n6000_r15_m4000.rds
    log: logs/bias_sensitivity/run_dp0.1_k0.3_n6000_r15_m4000.log
    jobid: 277
    reason: Missing output files: results/bias_sensitivity/raw/dp0.1_k0.3_n6000_r15_m4000.rds
    wildcards: cell=dp0.1_k0.3_n6000_r15_m4000
    threads: 2
    resources: tmpdir=/tmp

[Wed Sep  2 04:52:17 2026]
Finished job 1424.
1393 of 1923 steps (72%) done
Select jobs to execute...
Execute 1 jobs...

[Wed Sep  2 04:52:17 2026]
localrule run_cell:
    output: results/bias_sensitivity/raw/dp0.25_k-0.3_n8000_r5_m4000.rds
    log: logs/bias_sensitivity/run_dp0.25_k-0.3_n8000_r5_m4000.log
    jobid: 337
    reason: Missing output files: results/bias_sensitivity/raw/dp0.25_k-0.3_n8000_r5_m4000.rds
    wildcards: cell=dp0.25_k-0.3_n8000_r5_m4000
    threads: 2
    resources: tmpdir=/tmp

[Wed Sep  2 04:52:19 2026]
Finished job 1673.
1394 of 1923 steps (72%) done
Select jobs to execute...
Execute 1 jobs...

[Wed Sep  2 04:52:19 2026]
localrule run_cell:
    output: results/bias_sensitivity/raw/dp0.45_k-0.3_n2000_r5_m4000.rds
    log: logs/bias_sensitivity/run_dp0.45_k-0.3_n2000_r5_m4000.log
    jobid: 697
    reason: Missing output files: results/bias_sensitivity/raw/dp0.45_k-0.3_n2000_r5_m4000.rds
    wildcards: cell=dp0.45_k-0.3_n2000_r5_m4000
    threads: 2
    resources: tmpdir=/tmp

[Wed Sep  2 04:53:10 2026]
Finished job 1751.
1395 of 1923 steps (73%) done
Select jobs to execute...
Execute 1 jobs...

[Wed Sep  2 04:53:10 2026]
localrule run_cell:
    output: results/bias_sensitivity/raw/dp0.2_k-0.3_n1000_r15_m4000.rds
    log: logs/bias_sensitivity/run_dp0.2_k-0.3_n1000_r15_m4000.log
    jobid: 397
    reason: Missing output files: results/bias_sensitivity/raw/dp0.2_k-0.3_n1000_r15_m4000.rds
    wildcards: cell=dp0.2_k-0.3_n1000_r15_m4000
    threads: 2
    resources: tmpdir=/tmp

[Wed Sep  2 04:53:25 2026]
Finished job 1544.
1396 of 1923 steps (73%) done
Select jobs to execute...
Execute 1 jobs...

[Wed Sep  2 04:53:25 2026]
localrule run_cell:
    output: results/bias_sensitivity/raw/dp0.4_k-0.3_n8000_r5_m4000.rds
    log: logs/bias_sensitivity/run_dp0.4_k-0.3_n8000_r5_m4000.log
    jobid: 817
    reason: Missing output files: results/bias_sensitivity/raw/dp0.4_k-0.3_n8000_r5_m4000.rds
    wildcards: cell=dp0.4_k-0.3_n8000_r5_m4000
    threads: 2
    resources: tmpdir=/tmp

[Wed Sep  2 04:53:29 2026]
Finished job 1185.
1397 of 1923 steps (73%) done
Select jobs to execute...
Execute 1 jobs...

[Wed Sep  2 04:53:29 2026]
localrule run_cell:
    output: results/bias_sensitivity/raw/dp0.9_k-0.3_n8000_r5_m4000.rds
    log: logs/bias_sensitivity/run_dp0.9_k-0.3_n8000_r5_m4000.log
    jobid: 1777
    reason: Missing output files: results/bias_sensitivity/raw/dp0.9_k-0.3_n8000_r5_m4000.rds
    wildcards: cell=dp0.9_k-0.3_n8000_r5_m4000
    threads: 2
    resources: tmpdir=/tmp

[Wed Sep  2 04:53:40 2026]
Finished job 336.
1398 of 1923 steps (73%) done
Select jobs to execute...
Execute 1 jobs...

[Wed Sep  2 04:53:40 2026]
localrule run_cell:
    output: results/bias_sensitivity/raw/dp0.6_k-0.3_n2000_r5_m4000.rds
    log: logs/bias_sensitivity/run_dp0.6_k-0.3_n2000_r5_m4000.log
    jobid: 1177
    reason: Missing output files: results/bias_sensitivity/raw/dp0.6_k-0.3_n2000_r5_m4000.rds
    wildcards: cell=dp0.6_k-0.3_n2000_r5_m4000
    threads: 2
    resources: tmpdir=/tmp

[Wed Sep  2 04:54:19 2026]
Finished job 311.
1399 of 1923 steps (73%) done
Select jobs to execute...
Execute 1 jobs...

[Wed Sep  2 04:54:19 2026]
localrule run_cell:
    output: results/bias_sensitivity/raw/dp0.2_k0.3_n2000_r5_m4000.rds
    log: logs/bias_sensitivity/run_dp0.2_k0.3_n2000_r5_m4000.log
    jobid: 457
    reason: Missing output files: results/bias_sensitivity/raw/dp0.2_k0.3_n2000_r5_m4000.rds
    wildcards: cell=dp0.2_k0.3_n2000_r5_m4000
    threads: 2
    resources: tmpdir=/tmp

[Wed Sep  2 04:54:55 2026]
Finished job 71.
1400 of 1923 steps (73%) done
Select jobs to execute...
Execute 1 jobs...

[Wed Sep  2 04:54:55 2026]
localrule run_cell:
    output: results/bias_sensitivity/raw/dp0.85_k-0.3_n4000_r10_m2000.rds
    log: logs/bias_sensitivity/run_dp0.85_k-0.3_n4000_r10_m2000.log
    jobid: 1466
    reason: Missing output files: results/bias_sensitivity/raw/dp0.85_k-0.3_n4000_r10_m2000.rds
    wildcards: cell=dp0.85_k-0.3_n4000_r10_m2000
    threads: 2
    resources: tmpdir=/tmp

[Wed Sep  2 04:55:39 2026]
Finished job 1847.
1401 of 1923 steps (73%) done
Select jobs to execute...
Execute 1 jobs...

[Wed Sep  2 04:55:39 2026]
localrule run_cell:
    output: results/bias_sensitivity/raw/dp0.45_k0.3_n10000_r5_m2000.rds
    log: logs/bias_sensitivity/run_dp0.45_k0.3_n10000_r5_m2000.log
    jobid: 728
    reason: Missing output files: results/bias_sensitivity/raw/dp0.45_k0.3_n10000_r5_m2000.rds
    wildcards: cell=dp0.45_k0.3_n10000_r5_m2000
    threads: 2
    resources: tmpdir=/tmp

[Wed Sep  2 04:55:54 2026]
Finished job 748.
1402 of 1923 steps (73%) done
Select jobs to execute...
Execute 1 jobs...

[Wed Sep  2 04:55:54 2026]
localrule run_cell:
    output: results/bias_sensitivity/raw/dp0.05_k-0.3_n2000_r15_m2000.rds
    log: logs/bias_sensitivity/run_dp0.05_k-0.3_n2000_r15_m2000.log
    jobid: 20
    reason: Missing output files: results/bias_sensitivity/raw/dp0.05_k-0.3_n2000_r15_m2000.rds
    wildcards: cell=dp0.05_k-0.3_n2000_r15_m2000
    threads: 2
    resources: tmpdir=/tmp

[Wed Sep  2 04:55:55 2026]
Finished job 525.
1403 of 1923 steps (73%) done
Select jobs to execute...
Execute 1 jobs...

[Wed Sep  2 04:55:55 2026]
localrule run_cell:
    output: results/bias_sensitivity/raw/dp0.1_k-0.3_n10000_r5_m2000.rds
    log: logs/bias_sensitivity/run_dp0.1_k-0.3_n10000_r5_m2000.log
    jobid: 200
    reason: Missing output files: results/bias_sensitivity/raw/dp0.1_k-0.3_n10000_r5_m2000.rds
    wildcards: cell=dp0.1_k-0.3_n10000_r5_m2000
    threads: 2
    resources: tmpdir=/tmp

[Wed Sep  2 04:56:03 2026]
Finished job 397.
1404 of 1923 steps (73%) done
Select jobs to execute...
Execute 1 jobs...

[Wed Sep  2 04:56:03 2026]
localrule run_cell:
    output: results/bias_sensitivity/raw/dp0.25_k0.3_n8000_r15_m2000.rds
    log: logs/bias_sensitivity/run_dp0.25_k0.3_n8000_r15_m2000.log
    jobid: 380
    reason: Missing output files: results/bias_sensitivity/raw/dp0.25_k0.3_n8000_r15_m2000.rds
    wildcards: cell=dp0.25_k0.3_n8000_r15_m2000
    threads: 2
    resources: tmpdir=/tmp

[Wed Sep  2 04:57:10 2026]
Finished job 1861.
1405 of 1923 steps (73%) done
Select jobs to execute...
Execute 1 jobs...

[Wed Sep  2 04:57:10 2026]
localrule run_cell:
    output: results/bias_sensitivity/raw/dp0.35_k-0.3_n2000_r15_m2000.rds
    log: logs/bias_sensitivity/run_dp0.35_k-0.3_n2000_r15_m2000.log
    jobid: 500
    reason: Missing output files: results/bias_sensitivity/raw/dp0.35_k-0.3_n2000_r15_m2000.rds
    wildcards: cell=dp0.35_k-0.3_n2000_r15_m2000
    threads: 2
    resources: tmpdir=/tmp

[Wed Sep  2 04:57:33 2026]
Finished job 292.
1406 of 1923 steps (73%) done
Select jobs to execute...
Execute 1 jobs...

[Wed Sep  2 04:57:33 2026]
localrule run_cell:
    output: results/bias_sensitivity/raw/dp0.3_k-0.3_n8000_r15_m2000.rds
    log: logs/bias_sensitivity/run_dp0.3_k-0.3_n8000_r15_m2000.log
    jobid: 620
    reason: Missing output files: results/bias_sensitivity/raw/dp0.3_k-0.3_n8000_r15_m2000.rds
    wildcards: cell=dp0.3_k-0.3_n8000_r15_m2000
    threads: 2
    resources: tmpdir=/tmp

[Wed Sep  2 04:57:42 2026]
Finished job 894.
1407 of 1923 steps (73%) done
Select jobs to execute...
Execute 1 jobs...

[Wed Sep  2 04:57:42 2026]
localrule run_cell:
    output: results/bias_sensitivity/raw/dp0.6_k0.3_n2000_r15_m2000.rds
    log: logs/bias_sensitivity/run_dp0.6_k0.3_n2000_r15_m2000.log
    jobid: 1220
    reason: Missing output files: results/bias_sensitivity/raw/dp0.6_k0.3_n2000_r15_m2000.rds
    wildcards: cell=dp0.6_k0.3_n2000_r15_m2000
    threads: 2
    resources: tmpdir=/tmp

[Wed Sep  2 04:58:01 2026]
Finished job 1570.
1408 of 1923 steps (73%) done
Select jobs to execute...
Execute 1 jobs...

[Wed Sep  2 04:58:01 2026]
localrule run_cell:
    output: results/bias_sensitivity/raw/dp0.15_k-0.3_n8000_r15_m2000.rds
    log: logs/bias_sensitivity/run_dp0.15_k-0.3_n8000_r15_m2000.log
    jobid: 140
    reason: Missing output files: results/bias_sensitivity/raw/dp0.15_k-0.3_n8000_r15_m2000.rds
    wildcards: cell=dp0.15_k-0.3_n8000_r15_m2000
    threads: 2
    resources: tmpdir=/tmp

[Wed Sep  2 04:59:34 2026]
Finished job 697.
1409 of 1923 steps (73%) done
Select jobs to execute...
Execute 1 jobs...

[Wed Sep  2 04:59:34 2026]
localrule run_cell:
    output: results/bias_sensitivity/raw/dp0.2_k0.3_n10000_r5_m2000.rds
    log: logs/bias_sensitivity/run_dp0.2_k0.3_n10000_r5_m2000.log
    jobid: 440
    reason: Missing output files: results/bias_sensitivity/raw/dp0.2_k0.3_n10000_r5_m2000.rds
    wildcards: cell=dp0.2_k0.3_n10000_r5_m2000
    threads: 2
    resources: tmpdir=/tmp

[Wed Sep  2 04:59:40 2026]
Finished job 584.
1410 of 1923 steps (73%) done
Select jobs to execute...
Execute 1 jobs...

[Wed Sep  2 04:59:40 2026]
localrule run_cell:
    output: results/bias_sensitivity/raw/dp0.45_k-0.3_n10000_r5_m2000.rds
    log: logs/bias_sensitivity/run_dp0.45_k-0.3_n10000_r5_m2000.log
    jobid: 680
    reason: Missing output files: results/bias_sensitivity/raw/dp0.45_k-0.3_n10000_r5_m2000.rds
    wildcards: cell=dp0.45_k-0.3_n10000_r5_m2000
    threads: 2
    resources: tmpdir=/tmp

[Wed Sep  2 04:59:40 2026]
Finished job 807.
1411 of 1923 steps (73%) done
Select jobs to execute...
Execute 1 jobs...

[Wed Sep  2 04:59:40 2026]
localrule run_cell:
    output: results/bias_sensitivity/raw/dp0.9_k-0.3_n4000_r5_m2000.rds
    log: logs/bias_sensitivity/run_dp0.9_k-0.3_n4000_r5_m2000.log
    jobid: 1760
    reason: Missing output files: results/bias_sensitivity/raw/dp0.9_k-0.3_n4000_r5_m2000.rds
    wildcards: cell=dp0.9_k-0.3_n4000_r5_m2000
    threads: 2
    resources: tmpdir=/tmp

[Wed Sep  2 04:59:50 2026]
Finished job 1417.
1412 of 1923 steps (73%) done
Select jobs to execute...
Execute 1 jobs...

[Wed Sep  2 04:59:50 2026]
localrule run_cell:
    output: results/bias_sensitivity/raw/dp0.85_k-0.3_n2000_r15_m2000.rds
    log: logs/bias_sensitivity/run_dp0.85_k-0.3_n2000_r15_m2000.log
    jobid: 1460
    reason: Missing output files: results/bias_sensitivity/raw/dp0.85_k-0.3_n2000_r15_m2000.rds
    wildcards: cell=dp0.85_k-0.3_n2000_r15_m2000
    threads: 2
    resources: tmpdir=/tmp

[Wed Sep  2 05:00:20 2026]
Finished job 1571.
1413 of 1923 steps (73%) done
Select jobs to execute...
Execute 1 jobs...

[Wed Sep  2 05:00:20 2026]
localrule run_cell:
    output: results/bias_sensitivity/raw/dp0.3_k0.3_n6000_r20_m4000.rds
    log: logs/bias_sensitivity/run_dp0.3_k0.3_n6000_r20_m4000.log
    jobid: 663
    reason: Missing output files: results/bias_sensitivity/raw/dp0.3_k0.3_n6000_r20_m4000.rds
    wildcards: cell=dp0.3_k0.3_n6000_r20_m4000
    threads: 2
    resources: tmpdir=/tmp

[Wed Sep  2 05:00:27 2026]
Finished job 276.
1414 of 1923 steps (74%) done
Select jobs to execute...
Execute 1 jobs...

[Wed Sep  2 05:00:27 2026]
localrule run_cell:
    output: results/bias_sensitivity/raw/dp0.1_k0.3_n10000_r10_m4000.rds
    log: logs/bias_sensitivity/run_dp0.1_k0.3_n10000_r10_m4000.log
    jobid: 243
    reason: Missing output files: results/bias_sensitivity/raw/dp0.1_k0.3_n10000_r10_m4000.rds
    wildcards: cell=dp0.1_k0.3_n10000_r10_m4000
    threads: 2
    resources: tmpdir=/tmp

[Wed Sep  2 05:01:02 2026]
Finished job 1614.
1415 of 1923 steps (74%) done
Select jobs to execute...
Execute 1 jobs...

[Wed Sep  2 05:01:02 2026]
localrule run_cell:
    output: results/bias_sensitivity/raw/dp0.25_k-0.3_n1000_r20_m4000.rds
    log: logs/bias_sensitivity/run_dp0.25_k-0.3_n1000_r20_m4000.log
    jobid: 303
    reason: Missing output files: results/bias_sensitivity/raw/dp0.25_k-0.3_n1000_r20_m4000.rds
    wildcards: cell=dp0.25_k-0.3_n1000_r20_m4000
    threads: 2
    resources: tmpdir=/tmp

[Wed Sep  2 05:01:03 2026]
Finished job 1193.
1416 of 1923 steps (74%) done
Select jobs to execute...
Execute 1 jobs...

[Wed Sep  2 05:01:03 2026]
localrule run_cell:
    output: results/bias_sensitivity/raw/dp0.05_k0.3_n1000_r20_m4000.rds
    log: logs/bias_sensitivity/run_dp0.05_k0.3_n1000_r20_m4000.log
    jobid: 63
    reason: Missing output files: results/bias_sensitivity/raw/dp0.05_k0.3_n1000_r20_m4000.rds
    wildcards: cell=dp0.05_k0.3_n1000_r20_m4000
    threads: 2
    resources: tmpdir=/tmp

[Wed Sep  2 05:01:35 2026]
Finished job 1177.
1417 of 1923 steps (74%) done
Select jobs to execute...
Execute 1 jobs...

[Wed Sep  2 05:01:35 2026]
localrule run_cell:
    output: results/bias_sensitivity/raw/dp0.15_k-0.3_n4000_r10_m4000.rds
    log: logs/bias_sensitivity/run_dp0.15_k-0.3_n4000_r10_m4000.log
    jobid: 123
    reason: Missing output files: results/bias_sensitivity/raw/dp0.15_k-0.3_n4000_r10_m4000.rds
    wildcards: cell=dp0.15_k-0.3_n4000_r10_m4000
    threads: 2
    resources: tmpdir=/tmp

[Wed Sep  2 05:01:41 2026]
Finished job 1724.
1418 of 1923 steps (74%) done
Select jobs to execute...
Execute 1 jobs...

[Wed Sep  2 05:01:41 2026]
localrule run_cell:
    output: results/bias_sensitivity/raw/dp0.65_k-0.3_n4000_r10_m4000.rds
    log: logs/bias_sensitivity/run_dp0.65_k-0.3_n4000_r10_m4000.log
    jobid: 1083
    reason: Missing output files: results/bias_sensitivity/raw/dp0.65_k-0.3_n4000_r10_m4000.rds
    wildcards: cell=dp0.65_k-0.3_n4000_r10_m4000
    threads: 2
    resources: tmpdir=/tmp

[Wed Sep  2 05:01:45 2026]
Finished job 1871.
1419 of 1923 steps (74%) done
Select jobs to execute...
Execute 1 jobs...

[Wed Sep  2 05:01:45 2026]
localrule run_cell:
    output: results/bias_sensitivity/raw/dp0.05_k-0.3_n10000_r10_m4000.rds
    log: logs/bias_sensitivity/run_dp0.05_k-0.3_n10000_r10_m4000.log
    jobid: 3
    reason: Missing output files: results/bias_sensitivity/raw/dp0.05_k-0.3_n10000_r10_m4000.rds
    wildcards: cell=dp0.05_k-0.3_n10000_r10_m4000
    threads: 2
    resources: tmpdir=/tmp

[Wed Sep  2 05:01:52 2026]
Finished job 1056.
1420 of 1923 steps (74%) done
Select jobs to execute...
Execute 1 jobs...

[Wed Sep  2 05:01:52 2026]
localrule run_cell:
    output: results/bias_sensitivity/raw/dp0.25_k0.3_n4000_r10_m4000.rds
    log: logs/bias_sensitivity/run_dp0.25_k0.3_n4000_r10_m4000.log
    jobid: 363
    reason: Missing output files: results/bias_sensitivity/raw/dp0.25_k0.3_n4000_r10_m4000.rds
    wildcards: cell=dp0.25_k0.3_n4000_r10_m4000
    threads: 2
    resources: tmpdir=/tmp

[Wed Sep  2 05:01:53 2026]
Finished job 148.
1421 of 1923 steps (74%) done
Select jobs to execute...
Execute 1 jobs...

[Wed Sep  2 05:01:53 2026]
localrule run_cell:
    output: results/bias_sensitivity/raw/dp0.35_k-0.3_n10000_r10_m4000.rds
    log: logs/bias_sensitivity/run_dp0.35_k-0.3_n10000_r10_m4000.log
    jobid: 483
    reason: Missing output files: results/bias_sensitivity/raw/dp0.35_k-0.3_n10000_r10_m4000.rds
    wildcards: cell=dp0.35_k-0.3_n10000_r10_m4000
    threads: 2
    resources: tmpdir=/tmp

[Wed Sep  2 05:01:56 2026]
Finished job 388.
1422 of 1923 steps (74%) done
Select jobs to execute...
Execute 1 jobs...

[Wed Sep  2 05:01:56 2026]
localrule run_cell:
    output: results/bias_sensitivity/raw/dp0.3_k-0.3_n4000_r10_m4000.rds
    log: logs/bias_sensitivity/run_dp0.3_k-0.3_n4000_r10_m4000.log
    jobid: 603
    reason: Missing output files: results/bias_sensitivity/raw/dp0.3_k-0.3_n4000_r10_m4000.rds
    wildcards: cell=dp0.3_k-0.3_n4000_r10_m4000
    threads: 2
    resources: tmpdir=/tmp

[Wed Sep  2 05:02:04 2026]
Finished job 457.
1423 of 1923 steps (74%) done
Select jobs to execute...
Execute 1 jobs...

[Wed Sep  2 05:02:04 2026]
localrule run_cell:
    output: results/bias_sensitivity/raw/dp0.4_k0.3_n4000_r10_m4000.rds
    log: logs/bias_sensitivity/run_dp0.4_k0.3_n4000_r10_m4000.log
    jobid: 843
    reason: Missing output files: results/bias_sensitivity/raw/dp0.4_k0.3_n4000_r10_m4000.rds
    wildcards: cell=dp0.4_k0.3_n4000_r10_m4000
    threads: 2
    resources: tmpdir=/tmp

[Wed Sep  2 05:03:00 2026]
Finished job 20.
1424 of 1923 steps (74%) done
Select jobs to execute...
Execute 1 jobs...

[Wed Sep  2 05:03:00 2026]
localrule run_cell:
    output: results/bias_sensitivity/raw/dp0.75_k0.3_n4000_r10_m4000.rds
    log: logs/bias_sensitivity/run_dp0.75_k0.3_n4000_r10_m4000.log
    jobid: 1323
    reason: Missing output files: results/bias_sensitivity/raw/dp0.75_k0.3_n4000_r10_m4000.rds
    wildcards: cell=dp0.75_k0.3_n4000_r10_m4000
    threads: 2
    resources: tmpdir=/tmp

[Wed Sep  2 05:03:01 2026]
Finished job 619.
1425 of 1923 steps (74%) done
Select jobs to execute...
Execute 1 jobs...

[Wed Sep  2 05:03:01 2026]
localrule run_cell:
    output: results/bias_sensitivity/raw/dp0.8_k0.3_n6000_r20_m4000.rds
    log: logs/bias_sensitivity/run_dp0.8_k0.3_n6000_r20_m4000.log
    jobid: 1623
    reason: Missing output files: results/bias_sensitivity/raw/dp0.8_k0.3_n6000_r20_m4000.rds
    wildcards: cell=dp0.8_k0.3_n6000_r20_m4000
    threads: 2
    resources: tmpdir=/tmp

[Wed Sep  2 05:03:36 2026]
Finished job 628.
1426 of 1923 steps (74%) done
Select jobs to execute...
Execute 1 jobs...

[Wed Sep  2 05:03:36 2026]
localrule run_cell:
    output: results/bias_sensitivity/raw/dp0.8_k0.3_n2000_r20_m2000.rds
    log: logs/bias_sensitivity/run_dp0.8_k0.3_n2000_r20_m2000.log
    jobid: 1606
    reason: Missing output files: results/bias_sensitivity/raw/dp0.8_k0.3_n2000_r20_m2000.rds
    wildcards: cell=dp0.8_k0.3_n2000_r20_m2000
    threads: 2
    resources: tmpdir=/tmp

[Wed Sep  2 05:03:45 2026]
Finished job 1305.
1427 of 1923 steps (74%) done
Select jobs to execute...
Execute 1 jobs...

[Wed Sep  2 05:03:45 2026]
localrule run_cell:
    output: results/bias_sensitivity/raw/dp0.3_k-0.3_n1000_r10_m2000.rds
    log: logs/bias_sensitivity/run_dp0.3_k-0.3_n1000_r10_m2000.log
    jobid: 586
    reason: Missing output files: results/bias_sensitivity/raw/dp0.3_k-0.3_n1000_r10_m2000.rds
    wildcards: cell=dp0.3_k-0.3_n1000_r10_m2000
    threads: 2
    resources: tmpdir=/tmp

[Wed Sep  2 05:03:57 2026]
Finished job 303.
1428 of 1923 steps (74%) done
Select jobs to execute...
Execute 1 jobs...

[Wed Sep  2 05:03:57 2026]
localrule run_cell:
    output: results/bias_sensitivity/raw/dp0.4_k0.3_n1000_r10_m2000.rds
    log: logs/bias_sensitivity/run_dp0.4_k0.3_n1000_r10_m2000.log
    jobid: 826
    reason: Missing output files: results/bias_sensitivity/raw/dp0.4_k0.3_n1000_r10_m2000.rds
    wildcards: cell=dp0.4_k0.3_n1000_r10_m2000
    threads: 2
    resources: tmpdir=/tmp

[Wed Sep  2 05:04:07 2026]
Finished job 1622.
1429 of 1923 steps (74%) done
Select jobs to execute...
Execute 1 jobs...

[Wed Sep  2 05:04:07 2026]
localrule run_cell:
    output: results/bias_sensitivity/raw/dp0.55_k-0.3_n2000_r20_m2000.rds
    log: logs/bias_sensitivity/run_dp0.55_k-0.3_n2000_r20_m2000.log
    jobid: 886
    reason: Missing output files: results/bias_sensitivity/raw/dp0.55_k-0.3_n2000_r20_m2000.rds
    wildcards: cell=dp0.55_k-0.3_n2000_r20_m2000
    threads: 2
    resources: tmpdir=/tmp

[Wed Sep  2 05:04:09 2026]
Finished job 63.
1430 of 1923 steps (74%) done
Select jobs to execute...
Execute 1 jobs...

[Wed Sep  2 05:04:09 2026]
localrule run_cell:
    output: results/bias_sensitivity/raw/dp0.2_k-0.3_n2000_r20_m2000.rds
    log: logs/bias_sensitivity/run_dp0.2_k-0.3_n2000_r20_m2000.log
    jobid: 406
    reason: Missing output files: results/bias_sensitivity/raw/dp0.2_k-0.3_n2000_r20_m2000.rds
    wildcards: cell=dp0.2_k-0.3_n2000_r20_m2000
    threads: 2
    resources: tmpdir=/tmp

[Wed Sep  2 05:04:16 2026]
Finished job 1638.
1431 of 1923 steps (74%) done
Select jobs to execute...
Execute 1 jobs...

[Wed Sep  2 05:04:16 2026]
localrule run_cell:
    output: results/bias_sensitivity/raw/dp0.35_k-0.3_n8000_r20_m2000.rds
    log: logs/bias_sensitivity/run_dp0.35_k-0.3_n8000_r20_m2000.log
    jobid: 526
    reason: Missing output files: results/bias_sensitivity/raw/dp0.35_k-0.3_n8000_r20_m2000.rds
    wildcards: cell=dp0.35_k-0.3_n8000_r20_m2000
    threads: 2
    resources: tmpdir=/tmp

[Wed Sep  2 05:04:50 2026]
Finished job 816.
1432 of 1923 steps (74%) done
Select jobs to execute...
Execute 1 jobs...

[Wed Sep  2 05:04:50 2026]
localrule run_cell:
    output: results/bias_sensitivity/raw/dp0.3_k0.3_n2000_r20_m2000.rds
    log: logs/bias_sensitivity/run_dp0.3_k0.3_n2000_r20_m2000.log
    jobid: 646
    reason: Missing output files: results/bias_sensitivity/raw/dp0.3_k0.3_n2000_r20_m2000.rds
    wildcards: cell=dp0.3_k0.3_n2000_r20_m2000
    threads: 2
    resources: tmpdir=/tmp

[Wed Sep  2 05:05:11 2026]
Finished job 277.
1433 of 1923 steps (75%) done
Select jobs to execute...
Execute 1 jobs...

[Wed Sep  2 05:05:11 2026]
localrule run_cell:
    output: results/bias_sensitivity/raw/dp0.65_k-0.3_n1000_r10_m2000.rds
    log: logs/bias_sensitivity/run_dp0.65_k-0.3_n1000_r10_m2000.log
    jobid: 1066
    reason: Missing output files: results/bias_sensitivity/raw/dp0.65_k-0.3_n1000_r10_m2000.rds
    wildcards: cell=dp0.65_k-0.3_n1000_r10_m2000
    threads: 2
    resources: tmpdir=/tmp

[Wed Sep  2 05:05:12 2026]
Finished job 1220.
1434 of 1923 steps (75%) done
Select jobs to execute...
Execute 1 jobs...

[Wed Sep  2 05:05:12 2026]
localrule run_cell:
    output: results/bias_sensitivity/raw/dp0.6_k-0.3_n6000_r10_m2000.rds
    log: logs/bias_sensitivity/run_dp0.6_k-0.3_n6000_r10_m2000.log
    jobid: 1186
    reason: Missing output files: results/bias_sensitivity/raw/dp0.6_k-0.3_n6000_r10_m2000.rds
    wildcards: cell=dp0.6_k-0.3_n6000_r10_m2000
    threads: 2
    resources: tmpdir=/tmp

[Wed Sep  2 05:05:20 2026]
Finished job 500.
1435 of 1923 steps (75%) done
Select jobs to execute...
Execute 1 jobs...

[Wed Sep  2 05:05:20 2026]
localrule run_cell:
    output: results/bias_sensitivity/raw/dp0.75_k0.3_n1000_r10_m2000.rds
    log: logs/bias_sensitivity/run_dp0.75_k0.3_n1000_r10_m2000.log
    jobid: 1306
    reason: Missing output files: results/bias_sensitivity/raw/dp0.75_k0.3_n1000_r10_m2000.rds
    wildcards: cell=dp0.75_k0.3_n1000_r10_m2000
    threads: 2
    resources: tmpdir=/tmp

[Wed Sep  2 05:05:20 2026]
Finished job 1466.
1436 of 1923 steps (75%) done
Select jobs to execute...
Execute 1 jobs...

[Wed Sep  2 05:05:20 2026]
localrule run_cell:
    output: results/bias_sensitivity/raw/dp0.9_k0.3_n1000_r10_m2000.rds
    log: logs/bias_sensitivity/run_dp0.9_k0.3_n1000_r10_m2000.log
    jobid: 1786
    reason: Missing output files: results/bias_sensitivity/raw/dp0.9_k0.3_n1000_r10_m2000.rds
    wildcards: cell=dp0.9_k0.3_n1000_r10_m2000
    threads: 2
    resources: tmpdir=/tmp

[Wed Sep  2 05:05:54 2026]
Finished job 1484.
1437 of 1923 steps (75%) done
Select jobs to execute...
Execute 1 jobs...

[Wed Sep  2 05:05:54 2026]
localrule run_cell:
    output: results/bias_sensitivity/raw/dp0.55_k0.3_n1000_r5_m4000.rds
    log: logs/bias_sensitivity/run_dp0.55_k0.3_n1000_r5_m4000.log
    jobid: 929
    reason: Missing output files: results/bias_sensitivity/raw/dp0.55_k0.3_n1000_r5_m4000.rds
    wildcards: cell=dp0.55_k0.3_n1000_r5_m4000
    threads: 2
    resources: tmpdir=/tmp

[Wed Sep  2 05:06:44 2026]
Finished job 586.
1438 of 1923 steps (75%) done
Select jobs to execute...
Execute 1 jobs...

[Wed Sep  2 05:06:44 2026]
localrule run_cell:
    output: results/bias_sensitivity/raw/dp0.15_k0.3_n10000_r15_m4000.rds
    log: logs/bias_sensitivity/run_dp0.15_k0.3_n10000_r15_m4000.log
    jobid: 149
    reason: Missing output files: results/bias_sensitivity/raw/dp0.15_k0.3_n10000_r15_m4000.rds
    wildcards: cell=dp0.15_k0.3_n10000_r15_m4000
    threads: 2
    resources: tmpdir=/tmp

[Wed Sep  2 05:06:46 2026]
Finished job 662.
1439 of 1923 steps (75%) done
Select jobs to execute...
Execute 1 jobs...

[Wed Sep  2 05:06:46 2026]
localrule run_cell:
    output: results/bias_sensitivity/raw/dp0.2_k-0.3_n10000_r15_m4000.rds
    log: logs/bias_sensitivity/run_dp0.2_k-0.3_n10000_r15_m4000.log
    jobid: 389
    reason: Missing output files: results/bias_sensitivity/raw/dp0.2_k-0.3_n10000_r15_m4000.rds
    wildcards: cell=dp0.2_k-0.3_n10000_r15_m4000
    threads: 2
    resources: tmpdir=/tmp

[Wed Sep  2 05:06:49 2026]
Finished job 1460.
1440 of 1923 steps (75%) done
Select jobs to execute...
Execute 1 jobs...

[Wed Sep  2 05:06:49 2026]
localrule run_cell:
    output: results/bias_sensitivity/raw/dp0.35_k0.3_n6000_r5_m4000.rds
    log: logs/bias_sensitivity/run_dp0.35_k0.3_n6000_r5_m4000.log
    jobid: 569
    reason: Missing output files: results/bias_sensitivity/raw/dp0.35_k0.3_n6000_r5_m4000.rds
    wildcards: cell=dp0.35_k0.3_n6000_r5_m4000
    threads: 2
    resources: tmpdir=/tmp

[Wed Sep  2 05:06:50 2026]
Finished job 825.
1441 of 1923 steps (75%) done
Select jobs to execute...
Execute 1 jobs...

[Wed Sep  2 05:06:50 2026]
localrule run_cell:
    output: results/bias_sensitivity/raw/dp0.3_k0.3_n10000_r15_m4000.rds
    log: logs/bias_sensitivity/run_dp0.3_k0.3_n10000_r15_m4000.log
    jobid: 629
    reason: Missing output files: results/bias_sensitivity/raw/dp0.3_k0.3_n10000_r15_m4000.rds
    wildcards: cell=dp0.3_k0.3_n10000_r15_m4000
    threads: 2
    resources: tmpdir=/tmp

[Wed Sep  2 05:07:02 2026]
Finished job 826.
1442 of 1923 steps (75%) done
Select jobs to execute...
Execute 1 jobs...

[Wed Sep  2 05:07:02 2026]
localrule run_cell:
    output: results/bias_sensitivity/raw/dp0.45_k0.3_n4000_r15_m4000.rds
    log: logs/bias_sensitivity/run_dp0.45_k0.3_n4000_r15_m4000.log
    jobid: 749
    reason: Missing output files: results/bias_sensitivity/raw/dp0.45_k0.3_n4000_r15_m4000.rds
    wildcards: cell=dp0.45_k0.3_n4000_r15_m4000
    threads: 2
    resources: tmpdir=/tmp

[Wed Sep  2 05:08:10 2026]
Finished job 568.
1443 of 1923 steps (75%) done
Select jobs to execute...
Execute 1 jobs...

[Wed Sep  2 05:08:10 2026]
localrule run_cell:
    output: results/bias_sensitivity/raw/dp0.4_k-0.3_n6000_r5_m4000.rds
    log: logs/bias_sensitivity/run_dp0.4_k-0.3_n6000_r5_m4000.log
    jobid: 809
    reason: Missing output files: results/bias_sensitivity/raw/dp0.4_k-0.3_n6000_r5_m4000.rds
    wildcards: cell=dp0.4_k-0.3_n6000_r5_m4000
    threads: 2
    resources: tmpdir=/tmp

[Wed Sep  2 05:08:10 2026]
Finished job 724.
1444 of 1923 steps (75%) done
Select jobs to execute...
Execute 1 jobs...

[Wed Sep  2 05:08:10 2026]
localrule run_cell:
    output: results/bias_sensitivity/raw/dp1_k0.3_n1000_r15_m2000.rds
    log: logs/bias_sensitivity/run_dp1_k0.3_n1000_r15_m2000.log
    jobid: 1884
    reason: Missing output files: results/bias_sensitivity/raw/dp1_k0.3_n1000_r15_m2000.rds
    wildcards: cell=dp1_k0.3_n1000_r15_m2000
    threads: 2
    resources: tmpdir=/tmp

[Wed Sep  2 05:08:22 2026]
Finished job 1066.
1445 of 1923 steps (75%) done
Select jobs to execute...
Execute 1 jobs...

[Wed Sep  2 05:08:22 2026]
localrule run_cell:
    output: results/bias_sensitivity/raw/dp0.25_k0.3_n6000_r15_m2000.rds
    log: logs/bias_sensitivity/run_dp0.25_k0.3_n6000_r15_m2000.log
    jobid: 372
    reason: Missing output files: results/bias_sensitivity/raw/dp0.25_k0.3_n6000_r15_m2000.rds
    wildcards: cell=dp0.25_k0.3_n6000_r15_m2000
    threads: 2
    resources: tmpdir=/tmp

[Wed Sep  2 05:08:37 2026]
Finished job 1786.
1446 of 1923 steps (75%) done
Select jobs to execute...
Execute 1 jobs...

[Wed Sep  2 05:08:37 2026]
localrule run_cell:
    output: results/bias_sensitivity/raw/dp0.85_k-0.3_n1000_r15_m2000.rds
    log: logs/bias_sensitivity/run_dp0.85_k-0.3_n1000_r15_m2000.log
    jobid: 1452
    reason: Missing output files: results/bias_sensitivity/raw/dp0.85_k-0.3_n1000_r15_m2000.rds
    wildcards: cell=dp0.85_k-0.3_n1000_r15_m2000
    threads: 2
    resources: tmpdir=/tmp

[Wed Sep  2 05:09:02 2026]
Finished job 97.
1447 of 1923 steps (75%) done
Select jobs to execute...
Execute 1 jobs...

[Wed Sep  2 05:09:02 2026]
localrule run_cell:
    output: results/bias_sensitivity/raw/dp0.8_k-0.3_n6000_r15_m2000.rds
    log: logs/bias_sensitivity/run_dp0.8_k-0.3_n6000_r15_m2000.log
    jobid: 1572
    reason: Missing output files: results/bias_sensitivity/raw/dp0.8_k-0.3_n6000_r15_m2000.rds
    wildcards: cell=dp0.8_k-0.3_n6000_r15_m2000
    threads: 2
    resources: tmpdir=/tmp

[Wed Sep  2 05:09:03 2026]
Finished job 929.
1448 of 1923 steps (75%) done
Select jobs to execute...
Execute 1 jobs...

[Wed Sep  2 05:09:03 2026]
localrule run_cell:
    output: results/bias_sensitivity/raw/dp0.9_k-0.3_n2000_r5_m2000.rds
    log: logs/bias_sensitivity/run_dp0.9_k-0.3_n2000_r5_m2000.log
    jobid: 1752
    reason: Missing output files: results/bias_sensitivity/raw/dp0.9_k-0.3_n2000_r5_m2000.rds
    wildcards: cell=dp0.9_k-0.3_n2000_r5_m2000
    threads: 2
    resources: tmpdir=/tmp

[Wed Sep  2 05:09:14 2026]
Finished job 1306.
1449 of 1923 steps (75%) done
Select jobs to execute...
Execute 1 jobs...

[Wed Sep  2 05:09:14 2026]
localrule run_cell:
    output: results/bias_sensitivity/raw/dp0.65_k0.3_n8000_r5_m2000.rds
    log: logs/bias_sensitivity/run_dp0.65_k0.3_n8000_r5_m2000.log
    jobid: 1152
    reason: Missing output files: results/bias_sensitivity/raw/dp0.65_k0.3_n8000_r5_m2000.rds
    wildcards: cell=dp0.65_k0.3_n8000_r5_m2000
    threads: 2
    resources: tmpdir=/tmp

[Wed Sep  2 05:10:09 2026]
Finished job 96.
1450 of 1923 steps (75%) done
Select jobs to execute...
Execute 1 jobs...

[Wed Sep  2 05:10:09 2026]
localrule run_cell:
    output: results/bias_sensitivity/raw/dp1_k-0.3_n8000_r5_m2000.rds
    log: logs/bias_sensitivity/run_dp1_k-0.3_n8000_r5_m2000.log
    jobid: 1872
    reason: Missing output files: results/bias_sensitivity/raw/dp1_k-0.3_n8000_r5_m2000.rds
    wildcards: cell=dp1_k-0.3_n8000_r5_m2000
    threads: 2
    resources: tmpdir=/tmp

[Wed Sep  2 05:10:46 2026]
Finished job 123.
1451 of 1923 steps (75%) done
Select jobs to execute...
Execute 1 jobs...

[Wed Sep  2 05:10:46 2026]
localrule run_cell:
    output: results/bias_sensitivity/raw/dp0.05_k0.3_n2000_r5_m2000.rds
    log: logs/bias_sensitivity/run_dp0.05_k0.3_n2000_r5_m2000.log
    jobid: 72
    reason: Missing output files: results/bias_sensitivity/raw/dp0.05_k0.3_n2000_r5_m2000.rds
    wildcards: cell=dp0.05_k0.3_n2000_r5_m2000
    threads: 2
    resources: tmpdir=/tmp

[Wed Sep  2 05:10:59 2026]
Finished job 1760.
1452 of 1923 steps (76%) done
Select jobs to execute...
Execute 1 jobs...

[Wed Sep  2 05:10:59 2026]
localrule run_cell:
    output: results/bias_sensitivity/raw/dp0.25_k-0.3_n2000_r5_m2000.rds
    log: logs/bias_sensitivity/run_dp0.25_k-0.3_n2000_r5_m2000.log
    jobid: 312
    reason: Missing output files: results/bias_sensitivity/raw/dp0.25_k-0.3_n2000_r5_m2000.rds
    wildcards: cell=dp0.25_k-0.3_n2000_r5_m2000
    threads: 2
    resources: tmpdir=/tmp

[Wed Sep  2 05:11:10 2026]
Finished job 1606.
1453 of 1923 steps (76%) done
Select jobs to execute...
Execute 1 jobs...

[Wed Sep  2 05:11:10 2026]
localrule run_cell:
    output: results/bias_sensitivity/raw/dp0.8_k0.3_n8000_r15_m4000.rds
    log: logs/bias_sensitivity/run_dp0.8_k0.3_n8000_r15_m4000.log
    jobid: 1629
    reason: Missing output files: results/bias_sensitivity/raw/dp0.8_k0.3_n8000_r15_m4000.rds
    wildcards: cell=dp0.8_k0.3_n8000_r15_m4000
    threads: 2
    resources: tmpdir=/tmp

[Wed Sep  2 05:11:16 2026]
Finished job 1884.
1454 of 1923 steps (76%) done
Select jobs to execute...
Execute 1 jobs...

[Wed Sep  2 05:11:16 2026]
localrule run_cell:
    output: results/bias_sensitivity/raw/dp0.55_k-0.3_n4000_r20_m4000.rds
    log: logs/bias_sensitivity/run_dp0.55_k-0.3_n4000_r20_m4000.log
    jobid: 895
    reason: Missing output files: results/bias_sensitivity/raw/dp0.55_k-0.3_n4000_r20_m4000.rds
    wildcards: cell=dp0.55_k-0.3_n4000_r20_m4000
    threads: 2
    resources: tmpdir=/tmp

[Wed Sep  2 05:11:17 2026]
Finished job 337.
1455 of 1923 steps (76%) done
Select jobs to execute...
Execute 1 jobs...

[Wed Sep  2 05:11:17 2026]
localrule run_cell:
    output: results/bias_sensitivity/raw/dp0.6_k-0.3_n8000_r10_m4000.rds
    log: logs/bias_sensitivity/run_dp0.6_k-0.3_n8000_r10_m4000.log
    jobid: 1195
    reason: Missing output files: results/bias_sensitivity/raw/dp0.6_k-0.3_n8000_r10_m4000.rds
    wildcards: cell=dp0.6_k-0.3_n8000_r10_m4000
    threads: 2
    resources: tmpdir=/tmp

[Wed Sep  2 05:11:29 2026]
Finished job 886.
1456 of 1923 steps (76%) done
Select jobs to execute...
Execute 1 jobs...

[Wed Sep  2 05:11:29 2026]
localrule run_cell:
    output: results/bias_sensitivity/raw/dp0.8_k0.3_n4000_r20_m4000.rds
    log: logs/bias_sensitivity/run_dp0.8_k0.3_n4000_r20_m4000.log
    jobid: 1615
    reason: Missing output files: results/bias_sensitivity/raw/dp0.8_k0.3_n4000_r20_m4000.rds
    wildcards: cell=dp0.8_k0.3_n4000_r20_m4000
    threads: 2
    resources: tmpdir=/tmp

[Wed Sep  2 05:11:47 2026]
Finished job 1452.
1457 of 1923 steps (76%) done
Select jobs to execute...
Execute 1 jobs...

[Wed Sep  2 05:11:47 2026]
localrule run_cell:
    output: results/bias_sensitivity/raw/dp0.95_k-0.3_n8000_r10_m4000.rds
    log: logs/bias_sensitivity/run_dp0.95_k-0.3_n8000_r10_m4000.log
    jobid: 1675
    reason: Missing output files: results/bias_sensitivity/raw/dp0.95_k-0.3_n8000_r10_m4000.rds
    wildcards: cell=dp0.95_k-0.3_n8000_r10_m4000
    threads: 2
    resources: tmpdir=/tmp

[Wed Sep  2 05:11:49 2026]
Finished job 406.
1458 of 1923 steps (76%) done
Select jobs to execute...
Execute 1 jobs...

[Wed Sep  2 05:11:49 2026]
localrule run_cell:
    output: results/bias_sensitivity/raw/dp0.4_k-0.3_n10000_r20_m4000.rds
    log: logs/bias_sensitivity/run_dp0.4_k-0.3_n10000_r20_m4000.log
    jobid: 775
    reason: Missing output files: results/bias_sensitivity/raw/dp0.4_k-0.3_n10000_r20_m4000.rds
    wildcards: cell=dp0.4_k-0.3_n10000_r20_m4000
    threads: 2
    resources: tmpdir=/tmp

[Wed Sep  2 05:12:04 2026]
Finished job 603.
1459 of 1923 steps (76%) done
Select jobs to execute...
Execute 1 jobs...

[Wed Sep  2 05:12:04 2026]
localrule run_cell:
    output: results/bias_sensitivity/raw/dp0.9_k-0.3_n6000_r10_m2000.rds
    log: logs/bias_sensitivity/run_dp0.9_k-0.3_n6000_r10_m2000.log
    jobid: 1762
    reason: Missing output files: results/bias_sensitivity/raw/dp0.9_k-0.3_n6000_r10_m2000.rds
    wildcards: cell=dp0.9_k-0.3_n6000_r10_m2000
    threads: 2
    resources: tmpdir=/tmp

[Wed Sep  2 05:12:13 2026]
Finished job 843.
1460 of 1923 steps (76%) done
Select jobs to execute...
Execute 1 jobs...

[Wed Sep  2 05:12:13 2026]
localrule run_cell:
    output: results/bias_sensitivity/raw/dp0.75_k0.3_n4000_r15_m4000.rds
    log: logs/bias_sensitivity/run_dp0.75_k0.3_n4000_r15_m4000.log
    jobid: 1325
    reason: Missing output files: results/bias_sensitivity/raw/dp0.75_k0.3_n4000_r15_m4000.rds
    wildcards: cell=dp0.75_k0.3_n4000_r15_m4000
    threads: 2
    resources: tmpdir=/tmp

[Wed Sep  2 05:12:17 2026]
Finished job 646.
1461 of 1923 steps (76%) done
Select jobs to execute...
Execute 1 jobs...

[Wed Sep  2 05:12:17 2026]
localrule run_cell:
    output: results/bias_sensitivity/raw/dp0.3_k-0.3_n4000_r15_m4000.rds
    log: logs/bias_sensitivity/run_dp0.3_k-0.3_n4000_r15_m4000.log
    jobid: 605
    reason: Missing output files: results/bias_sensitivity/raw/dp0.3_k-0.3_n4000_r15_m4000.rds
    wildcards: cell=dp0.3_k-0.3_n4000_r15_m4000
    threads: 2
    resources: tmpdir=/tmp

[Wed Sep  2 05:12:52 2026]
Finished job 585.
1462 of 1923 steps (76%) done
Select jobs to execute...
Execute 1 jobs...

[Wed Sep  2 05:12:52 2026]
localrule run_cell:
    output: results/bias_sensitivity/raw/dp0.9_k-0.3_n10000_r20_m4000.rds
    log: logs/bias_sensitivity/run_dp0.9_k-0.3_n10000_r20_m4000.log
    jobid: 1735
    reason: Missing output files: results/bias_sensitivity/raw/dp0.9_k-0.3_n10000_r20_m4000.rds
    wildcards: cell=dp0.9_k-0.3_n10000_r20_m4000
    threads: 2
    resources: tmpdir=/tmp

[Wed Sep  2 05:12:58 2026]
Finished job 722.
1463 of 1923 steps (76%) done
Select jobs to execute...
Execute 1 jobs...

[Wed Sep  2 05:12:58 2026]
localrule run_cell:
    output: results/bias_sensitivity/raw/dp0.75_k0.3_n10000_r15_m2000.rds
    log: logs/bias_sensitivity/run_dp0.75_k0.3_n10000_r15_m2000.log
    jobid: 1300
    reason: Missing output files: results/bias_sensitivity/raw/dp0.75_k0.3_n10000_r15_m2000.rds
    wildcards: cell=dp0.75_k0.3_n10000_r15_m2000
    threads: 2
    resources: tmpdir=/tmp

[Wed Sep  2 05:13:11 2026]
Finished job 1083.
1464 of 1923 steps (76%) done
Select jobs to execute...
Execute 1 jobs...

[Wed Sep  2 05:13:11 2026]
localrule run_cell:
    output: results/bias_sensitivity/raw/dp0.7_k0.3_n4000_r10_m2000.rds
    log: logs/bias_sensitivity/run_dp0.7_k0.3_n4000_r10_m2000.log
    jobid: 1418
    reason: Missing output files: results/bias_sensitivity/raw/dp0.7_k0.3_n4000_r10_m2000.rds
    wildcards: cell=dp0.7_k0.3_n4000_r10_m2000
    threads: 2
    resources: tmpdir=/tmp

[Wed Sep  2 05:13:20 2026]
Finished job 1323.
1465 of 1923 steps (76%) done
Select jobs to execute...
Execute 1 jobs...

[Wed Sep  2 05:13:20 2026]
localrule run_cell:
    output: results/bias_sensitivity/raw/dp0.65_k-0.3_n10000_r10_m2000.rds
    log: logs/bias_sensitivity/run_dp0.65_k-0.3_n10000_r10_m2000.log
    jobid: 1058
    reason: Missing output files: results/bias_sensitivity/raw/dp0.65_k-0.3_n10000_r10_m2000.rds
    wildcards: cell=dp0.65_k-0.3_n10000_r10_m2000
    threads: 2
    resources: tmpdir=/tmp

[Wed Sep  2 05:13:52 2026]
Finished job 363.
1466 of 1923 steps (76%) done
Select jobs to execute...
Execute 1 jobs...

[Wed Sep  2 05:13:52 2026]
localrule run_cell:
    output: results/bias_sensitivity/raw/dp0.6_k-0.3_n4000_r10_m2000.rds
    log: logs/bias_sensitivity/run_dp0.6_k-0.3_n4000_r10_m2000.log
    jobid: 1178
    reason: Missing output files: results/bias_sensitivity/raw/dp0.6_k-0.3_n4000_r10_m2000.rds
    wildcards: cell=dp0.6_k-0.3_n4000_r10_m2000
    threads: 2
    resources: tmpdir=/tmp

[Wed Sep  2 05:15:03 2026]
Finished job 2.
1467 of 1923 steps (76%) done
Select jobs to execute...
Execute 1 jobs...

[Wed Sep  2 05:15:03 2026]
localrule run_cell:
    output: results/bias_sensitivity/raw/dp0.15_k-0.3_n10000_r10_m2000.rds
    log: logs/bias_sensitivity/run_dp0.15_k-0.3_n10000_r10_m2000.log
    jobid: 98
    reason: Missing output files: results/bias_sensitivity/raw/dp0.15_k-0.3_n10000_r10_m2000.rds
    wildcards: cell=dp0.15_k-0.3_n10000_r10_m2000
    threads: 2
    resources: tmpdir=/tmp

[Wed Sep  2 05:16:23 2026]
Finished job 1752.
1468 of 1923 steps (76%) done
Select jobs to execute...
Execute 1 jobs...

[Wed Sep  2 05:16:23 2026]
localrule run_cell:
    output: results/bias_sensitivity/raw/dp0.1_k0.3_n6000_r20_m2000.rds
    log: logs/bias_sensitivity/run_dp0.1_k0.3_n6000_r20_m2000.log
    jobid: 278
    reason: Missing output files: results/bias_sensitivity/raw/dp0.1_k0.3_n6000_r20_m2000.rds
    wildcards: cell=dp0.1_k0.3_n6000_r20_m2000
    threads: 2
    resources: tmpdir=/tmp

[Wed Sep  2 05:16:39 2026]
Finished job 749.
1469 of 1923 steps (76%) done
Select jobs to execute...
Execute 1 jobs...

[Wed Sep  2 05:16:39 2026]
localrule run_cell:
    output: results/bias_sensitivity/raw/dp0.25_k0.3_n10000_r10_m2000.rds
    log: logs/bias_sensitivity/run_dp0.25_k0.3_n10000_r10_m2000.log
    jobid: 338
    reason: Missing output files: results/bias_sensitivity/raw/dp0.25_k0.3_n10000_r10_m2000.rds
    wildcards: cell=dp0.25_k0.3_n10000_r10_m2000
    threads: 2
    resources: tmpdir=/tmp

[Wed Sep  2 05:16:49 2026]
Finished job 620.
1470 of 1923 steps (76%) done
Select jobs to execute...
Execute 1 jobs...

[Wed Sep  2 05:16:49 2026]
localrule run_cell:
    output: results/bias_sensitivity/raw/dp0.2_k-0.3_n1000_r20_m2000.rds
    log: logs/bias_sensitivity/run_dp0.2_k-0.3_n1000_r20_m2000.log
    jobid: 398
    reason: Missing output files: results/bias_sensitivity/raw/dp0.2_k-0.3_n1000_r20_m2000.rds
    wildcards: cell=dp0.2_k-0.3_n1000_r20_m2000
    threads: 2
    resources: tmpdir=/tmp

[Wed Sep  2 05:17:42 2026]
Finished job 72.
1471 of 1923 steps (76%) done
Select jobs to execute...
Execute 1 jobs...

[Wed Sep  2 05:17:42 2026]
localrule run_cell:
    output: results/bias_sensitivity/raw/dp0.2_k0.3_n4000_r10_m2000.rds
    log: logs/bias_sensitivity/run_dp0.2_k0.3_n4000_r10_m2000.log
    jobid: 458
    reason: Missing output files: results/bias_sensitivity/raw/dp0.2_k0.3_n4000_r10_m2000.rds
    wildcards: cell=dp0.2_k0.3_n4000_r10_m2000
    threads: 2
    resources: tmpdir=/tmp

[Wed Sep  2 05:18:33 2026]
Finished job 1151.
1472 of 1923 steps (77%) done
Select jobs to execute...
Execute 1 jobs...

[Wed Sep  2 05:18:33 2026]
localrule run_cell:
    output: results/bias_sensitivity/raw/dp0.45_k-0.3_n4000_r10_m2000.rds
    log: logs/bias_sensitivity/run_dp0.45_k-0.3_n4000_r10_m2000.log
    jobid: 698
    reason: Missing output files: results/bias_sensitivity/raw/dp0.45_k-0.3_n4000_r10_m2000.rds
    wildcards: cell=dp0.45_k-0.3_n4000_r10_m2000
    threads: 2
    resources: tmpdir=/tmp

[Wed Sep  2 05:19:25 2026]
Finished job 728.
1473 of 1923 steps (77%) done
Select jobs to execute...
Execute 1 jobs...

[Wed Sep  2 05:19:25 2026]
localrule run_cell:
    output: results/bias_sensitivity/raw/dp0.35_k-0.3_n10000_r5_m4000.rds
    log: logs/bias_sensitivity/run_dp0.35_k-0.3_n10000_r5_m4000.log
    jobid: 489
    reason: Missing output files: results/bias_sensitivity/raw/dp0.35_k-0.3_n10000_r5_m4000.rds
    wildcards: cell=dp0.35_k-0.3_n10000_r5_m4000
    threads: 2
    resources: tmpdir=/tmp

[Wed Sep  2 05:19:30 2026]
Finished job 312.
1474 of 1923 steps (77%) done
Select jobs to execute...
Execute 1 jobs...

[Wed Sep  2 05:19:30 2026]
localrule run_cell:
    output: results/bias_sensitivity/raw/dp0.4_k0.3_n10000_r10_m2000.rds
    log: logs/bias_sensitivity/run_dp0.4_k0.3_n10000_r10_m2000.log
    jobid: 818
    reason: Missing output files: results/bias_sensitivity/raw/dp0.4_k0.3_n10000_r10_m2000.rds
    wildcards: cell=dp0.4_k0.3_n10000_r10_m2000
    threads: 2
    resources: tmpdir=/tmp

[Wed Sep  2 05:19:39 2026]
Finished job 1684.
1475 of 1923 steps (77%) done
Select jobs to execute...
Execute 1 jobs...

[Wed Sep  2 05:19:39 2026]
localrule run_cell:
    output: results/bias_sensitivity/raw/dp0.6_k0.3_n6000_r20_m2000.rds
    log: logs/bias_sensitivity/run_dp0.6_k0.3_n6000_r20_m2000.log
    jobid: 1238
    reason: Missing output files: results/bias_sensitivity/raw/dp0.6_k0.3_n6000_r20_m2000.rds
    wildcards: cell=dp0.6_k0.3_n6000_r20_m2000
    threads: 2
    resources: tmpdir=/tmp

[Wed Sep  2 05:19:46 2026]
Finished job 398.
1476 of 1923 steps (77%) done
Select jobs to execute...
Execute 1 jobs...

[Wed Sep  2 05:19:46 2026]
localrule run_cell:
    output: results/bias_sensitivity/raw/dp0.95_k0.3_n2000_r15_m4000.rds
    log: logs/bias_sensitivity/run_dp0.95_k0.3_n2000_r15_m4000.log
    jobid: 1701
    reason: Missing output files: results/bias_sensitivity/raw/dp0.95_k0.3_n2000_r15_m4000.rds
    wildcards: cell=dp0.95_k0.3_n2000_r15_m4000
    threads: 2
    resources: tmpdir=/tmp

[Wed Sep  2 05:20:09 2026]
Finished job 1623.
1477 of 1923 steps (77%) done
Select jobs to execute...
Execute 1 jobs...

[Wed Sep  2 05:20:09 2026]
localrule run_cell:
    output: results/bias_sensitivity/raw/dp0.05_k-0.3_n2000_r15_m4000.rds
    log: logs/bias_sensitivity/run_dp0.05_k-0.3_n2000_r15_m4000.log
    jobid: 21
    reason: Missing output files: results/bias_sensitivity/raw/dp0.05_k-0.3_n2000_r15_m4000.rds
    wildcards: cell=dp0.05_k-0.3_n2000_r15_m4000
    threads: 2
    resources: tmpdir=/tmp

[Wed Sep  2 05:21:31 2026]
Finished job 1615.
1478 of 1923 steps (77%) done
Select jobs to execute...
Execute 1 jobs...

[Wed Sep  2 05:21:31 2026]
localrule run_cell:
    output: results/bias_sensitivity/raw/dp0.1_k-0.3_n10000_r5_m4000.rds
    log: logs/bias_sensitivity/run_dp0.1_k-0.3_n10000_r5_m4000.log
    jobid: 201
    reason: Missing output files: results/bias_sensitivity/raw/dp0.1_k-0.3_n10000_r5_m4000.rds
    wildcards: cell=dp0.1_k-0.3_n10000_r5_m4000
    threads: 2
    resources: tmpdir=/tmp

[Wed Sep  2 05:21:51 2026]
Finished job 895.
1479 of 1923 steps (77%) done
Select jobs to execute...
Execute 1 jobs...

[Wed Sep  2 05:21:51 2026]
localrule run_cell:
    output: results/bias_sensitivity/raw/dp0.25_k0.3_n8000_r15_m4000.rds
    log: logs/bias_sensitivity/run_dp0.25_k0.3_n8000_r15_m4000.log
    jobid: 381
    reason: Missing output files: results/bias_sensitivity/raw/dp0.25_k0.3_n8000_r15_m4000.rds
    wildcards: cell=dp0.25_k0.3_n8000_r15_m4000
    threads: 2
    resources: tmpdir=/tmp

[Wed Sep  2 05:21:59 2026]
Finished job 605.
1480 of 1923 steps (77%) done
Select jobs to execute...
Execute 1 jobs...

[Wed Sep  2 05:21:59 2026]
localrule run_cell:
    output: results/bias_sensitivity/raw/dp0.1_k0.3_n8000_r15_m2000.rds
    log: logs/bias_sensitivity/run_dp0.1_k0.3_n8000_r15_m2000.log
    jobid: 284
    reason: Missing output files: results/bias_sensitivity/raw/dp0.1_k0.3_n8000_r15_m2000.rds
    wildcards: cell=dp0.1_k0.3_n8000_r15_m2000
    threads: 2
    resources: tmpdir=/tmp

[Wed Sep  2 05:22:25 2026]
Finished job 1325.
1481 of 1923 steps (77%) done
Select jobs to execute...
Execute 1 jobs...

[Wed Sep  2 05:22:25 2026]
localrule run_cell:
    output: results/bias_sensitivity/raw/dp0.2_k-0.3_n2000_r15_m2000.rds
    log: logs/bias_sensitivity/run_dp0.2_k-0.3_n2000_r15_m2000.log
    jobid: 404
    reason: Missing output files: results/bias_sensitivity/raw/dp0.2_k-0.3_n2000_r15_m2000.rds
    wildcards: cell=dp0.2_k-0.3_n2000_r15_m2000
    threads: 2
    resources: tmpdir=/tmp

[Wed Sep  2 05:23:07 2026]
Finished job 809.
1482 of 1923 steps (77%) done
Select jobs to execute...
Execute 1 jobs...

[Wed Sep  2 05:23:07 2026]
localrule run_cell:
    output: results/bias_sensitivity/raw/dp0.35_k-0.3_n10000_r15_m4000.rds
    log: logs/bias_sensitivity/run_dp0.35_k-0.3_n10000_r15_m4000.log
    jobid: 485
    reason: Missing output files: results/bias_sensitivity/raw/dp0.35_k-0.3_n10000_r15_m4000.rds
    wildcards: cell=dp0.35_k-0.3_n10000_r15_m4000
    threads: 2
    resources: tmpdir=/tmp

[Wed Sep  2 05:24:00 2026]
Finished job 1418.
1483 of 1923 steps (77%) done
Select jobs to execute...
Execute 1 jobs...

[Wed Sep  2 05:24:00 2026]
localrule run_cell:
    output: results/bias_sensitivity/raw/dp0.3_k-0.3_n8000_r15_m4000.rds
    log: logs/bias_sensitivity/run_dp0.3_k-0.3_n8000_r15_m4000.log
    jobid: 621
    reason: Missing output files: results/bias_sensitivity/raw/dp0.3_k-0.3_n8000_r15_m4000.rds
    wildcards: cell=dp0.3_k-0.3_n8000_r15_m4000
    threads: 2
    resources: tmpdir=/tmp

[Wed Sep  2 05:24:34 2026]
Finished job 1178.
1484 of 1923 steps (77%) done
Select jobs to execute...
Execute 1 jobs...

[Wed Sep  2 05:24:34 2026]
localrule run_cell:
    output: results/bias_sensitivity/raw/dp0.35_k-0.3_n2000_r15_m4000.rds
    log: logs/bias_sensitivity/run_dp0.35_k-0.3_n2000_r15_m4000.log
    jobid: 501
    reason: Missing output files: results/bias_sensitivity/raw/dp0.35_k-0.3_n2000_r15_m4000.rds
    wildcards: cell=dp0.35_k-0.3_n2000_r15_m4000
    threads: 2
    resources: tmpdir=/tmp

[Wed Sep  2 05:24:39 2026]
Finished job 1777.
1485 of 1923 steps (77%) done
Select jobs to execute...
Execute 1 jobs...

[Wed Sep  2 05:24:39 2026]
localrule run_cell:
    output: results/bias_sensitivity/raw/dp0.6_k0.3_n2000_r15_m4000.rds
    log: logs/bias_sensitivity/run_dp0.6_k0.3_n2000_r15_m4000.log
    jobid: 1221
    reason: Missing output files: results/bias_sensitivity/raw/dp0.6_k0.3_n2000_r15_m4000.rds
    wildcards: cell=dp0.6_k0.3_n2000_r15_m4000
    threads: 2
    resources: tmpdir=/tmp

[Wed Sep  2 05:25:12 2026]
Finished job 1303.
1486 of 1923 steps (77%) done
Select jobs to execute...
Execute 1 jobs...

[Wed Sep  2 05:25:12 2026]
localrule run_cell:
    output: results/bias_sensitivity/raw/dp0.15_k-0.3_n8000_r15_m4000.rds
    log: logs/bias_sensitivity/run_dp0.15_k-0.3_n8000_r15_m4000.log
    jobid: 141
    reason: Missing output files: results/bias_sensitivity/raw/dp0.15_k-0.3_n8000_r15_m4000.rds
    wildcards: cell=dp0.15_k-0.3_n8000_r15_m4000
    threads: 2
    resources: tmpdir=/tmp

[Wed Sep  2 05:25:36 2026]
Finished job 440.
1487 of 1923 steps (77%) done
Select jobs to execute...
Execute 1 jobs...

[Wed Sep  2 05:25:36 2026]
localrule run_cell:
    output: results/bias_sensitivity/raw/dp0.2_k0.3_n10000_r5_m4000.rds
    log: logs/bias_sensitivity/run_dp0.2_k0.3_n10000_r5_m4000.log
    jobid: 441
    reason: Missing output files: results/bias_sensitivity/raw/dp0.2_k0.3_n10000_r5_m4000.rds
    wildcards: cell=dp0.2_k0.3_n10000_r5_m4000
    threads: 2
    resources: tmpdir=/tmp

[Wed Sep  2 05:25:38 2026]
Finished job 569.
1488 of 1923 steps (77%) done
Select jobs to execute...
Execute 1 jobs...

[Wed Sep  2 05:25:38 2026]
localrule run_cell:
    output: results/bias_sensitivity/raw/dp0.45_k-0.3_n10000_r5_m4000.rds
    log: logs/bias_sensitivity/run_dp0.45_k-0.3_n10000_r5_m4000.log
    jobid: 681
    reason: Missing output files: results/bias_sensitivity/raw/dp0.45_k-0.3_n10000_r5_m4000.rds
    wildcards: cell=dp0.45_k-0.3_n10000_r5_m4000
    threads: 2
    resources: tmpdir=/tmp

[Wed Sep  2 05:25:48 2026]
Finished job 1674.
1489 of 1923 steps (77%) done
Select jobs to execute...
Execute 1 jobs...

[Wed Sep  2 05:25:48 2026]
localrule run_cell:
    output: results/bias_sensitivity/raw/dp0.9_k-0.3_n4000_r5_m4000.rds
    log: logs/bias_sensitivity/run_dp0.9_k-0.3_n4000_r5_m4000.log
    jobid: 1761
    reason: Missing output files: results/bias_sensitivity/raw/dp0.9_k-0.3_n4000_r5_m4000.rds
    wildcards: cell=dp0.9_k-0.3_n4000_r5_m4000
    threads: 2
    resources: tmpdir=/tmp

[Wed Sep  2 05:25:52 2026]
Finished job 808.
1490 of 1923 steps (77%) done
Select jobs to execute...
Execute 1 jobs...

[Wed Sep  2 05:25:52 2026]
localrule run_cell:
    output: results/bias_sensitivity/raw/dp1_k0.3_n10000_r5_m4000.rds
    log: logs/bias_sensitivity/run_dp1_k0.3_n10000_r5_m4000.log
    jobid: 1881
    reason: Missing output files: results/bias_sensitivity/raw/dp1_k0.3_n10000_r5_m4000.rds
    wildcards: cell=dp1_k0.3_n10000_r5_m4000
    threads: 2
    resources: tmpdir=/tmp

[Wed Sep  2 05:26:16 2026]
Finished job 21.
1491 of 1923 steps (78%) done
Select jobs to execute...
Execute 1 jobs...

[Wed Sep  2 05:26:16 2026]
localrule run_cell:
    output: results/bias_sensitivity/raw/dp0.05_k0.3_n1000_r5_m2000.rds
    log: logs/bias_sensitivity/run_dp0.05_k0.3_n1000_r5_m2000.log
    jobid: 64
    reason: Missing output files: results/bias_sensitivity/raw/dp0.05_k0.3_n1000_r5_m2000.rds
    wildcards: cell=dp0.05_k0.3_n1000_r5_m2000
    threads: 2
    resources: tmpdir=/tmp

[Wed Sep  2 05:26:25 2026]
Finished job 1572.
1492 of 1923 steps (78%) done
Select jobs to execute...
Execute 1 jobs...

[Wed Sep  2 05:26:25 2026]
localrule run_cell:
    output: results/bias_sensitivity/raw/dp0.15_k-0.3_n4000_r15_m2000.rds
    log: logs/bias_sensitivity/run_dp0.15_k-0.3_n4000_r15_m2000.log
    jobid: 124
    reason: Missing output files: results/bias_sensitivity/raw/dp0.15_k-0.3_n4000_r15_m2000.rds
    wildcards: cell=dp0.15_k-0.3_n4000_r15_m2000
    threads: 2
    resources: tmpdir=/tmp

[Wed Sep  2 05:26:44 2026]
Finished job 458.
1493 of 1923 steps (78%) done
Select jobs to execute...
Execute 1 jobs...

[Wed Sep  2 05:26:44 2026]
localrule run_cell:
    output: results/bias_sensitivity/raw/dp0.1_k0.3_n10000_r15_m2000.rds
    log: logs/bias_sensitivity/run_dp0.1_k0.3_n10000_r15_m2000.log
    jobid: 244
    reason: Missing output files: results/bias_sensitivity/raw/dp0.1_k0.3_n10000_r15_m2000.rds
    wildcards: cell=dp0.1_k0.3_n10000_r15_m2000
    threads: 2
    resources: tmpdir=/tmp

[Wed Sep  2 05:27:05 2026]
Finished job 1194.
1494 of 1923 steps (78%) done
Select jobs to execute...
Execute 1 jobs...

[Wed Sep  2 05:27:05 2026]
localrule run_cell:
    output: results/bias_sensitivity/raw/dp0.25_k-0.3_n1000_r5_m2000.rds
    log: logs/bias_sensitivity/run_dp0.25_k-0.3_n1000_r5_m2000.log
    jobid: 304
    reason: Missing output files: results/bias_sensitivity/raw/dp0.25_k-0.3_n1000_r5_m2000.rds
    wildcards: cell=dp0.25_k-0.3_n1000_r5_m2000
    threads: 2
    resources: tmpdir=/tmp

[Wed Sep  2 05:27:10 2026]
Finished job 1701.
1495 of 1923 steps (78%) done
Select jobs to execute...
Execute 1 jobs...

[Wed Sep  2 05:27:10 2026]
localrule run_cell:
    output: results/bias_sensitivity/raw/dp0.4_k0.3_n4000_r15_m2000.rds
    log: logs/bias_sensitivity/run_dp0.4_k0.3_n4000_r15_m2000.log
    jobid: 844
    reason: Missing output files: results/bias_sensitivity/raw/dp0.4_k0.3_n4000_r15_m2000.rds
    wildcards: cell=dp0.4_k0.3_n4000_r15_m2000
    threads: 2
    resources: tmpdir=/tmp

[Wed Sep  2 05:27:19 2026]
Finished job 380.
1496 of 1923 steps (78%) done
Select jobs to execute...
Execute 1 jobs...

[Wed Sep  2 05:27:19 2026]
localrule run_cell:
    output: results/bias_sensitivity/raw/dp0.05_k-0.3_n10000_r15_m2000.rds
    log: logs/bias_sensitivity/run_dp0.05_k-0.3_n10000_r15_m2000.log
    jobid: 4
    reason: Missing output files: results/bias_sensitivity/raw/dp0.05_k-0.3_n10000_r15_m2000.rds
    wildcards: cell=dp0.05_k-0.3_n10000_r15_m2000
    threads: 2
    resources: tmpdir=/tmp

[Wed Sep  2 05:27:25 2026]
Finished job 1152.
1497 of 1923 steps (78%) done
Select jobs to execute...
Execute 1 jobs...

[Wed Sep  2 05:27:25 2026]
localrule run_cell:
    output: results/bias_sensitivity/raw/dp0.25_k0.3_n4000_r15_m2000.rds
    log: logs/bias_sensitivity/run_dp0.25_k0.3_n4000_r15_m2000.log
    jobid: 364
    reason: Missing output files: results/bias_sensitivity/raw/dp0.25_k0.3_n4000_r15_m2000.rds
    wildcards: cell=dp0.25_k0.3_n4000_r15_m2000
    threads: 2
    resources: tmpdir=/tmp

[Wed Sep  2 05:27:48 2026]
Finished job 698.
1498 of 1923 steps (78%) done
Select jobs to execute...
Execute 1 jobs...

[Wed Sep  2 05:27:48 2026]
localrule run_cell:
    output: results/bias_sensitivity/raw/dp0.35_k-0.3_n10000_r15_m2000.rds
    log: logs/bias_sensitivity/run_dp0.35_k-0.3_n10000_r15_m2000.log
    jobid: 484
    reason: Missing output files: results/bias_sensitivity/raw/dp0.35_k-0.3_n10000_r15_m2000.rds
    wildcards: cell=dp0.35_k-0.3_n10000_r15_m2000
    threads: 2
    resources: tmpdir=/tmp

[Wed Sep  2 05:28:00 2026]
Finished job 1057.
1499 of 1923 steps (78%) done
Select jobs to execute...
Execute 1 jobs...

[Wed Sep  2 05:28:00 2026]
localrule run_cell:
    output: results/bias_sensitivity/raw/dp0.3_k-0.3_n4000_r15_m2000.rds
    log: logs/bias_sensitivity/run_dp0.3_k-0.3_n4000_r15_m2000.log
    jobid: 604
    reason: Missing output files: results/bias_sensitivity/raw/dp0.3_k-0.3_n4000_r15_m2000.rds
    wildcards: cell=dp0.3_k-0.3_n4000_r15_m2000
    threads: 2
    resources: tmpdir=/tmp

[Wed Sep  2 05:28:21 2026]
Finished job 1195.
1500 of 1923 steps (78%) done
Select jobs to execute...
Execute 1 jobs...

[Wed Sep  2 05:28:21 2026]
localrule run_cell:
    output: results/bias_sensitivity/raw/dp0.65_k-0.3_n4000_r15_m2000.rds
    log: logs/bias_sensitivity/run_dp0.65_k-0.3_n4000_r15_m2000.log
    jobid: 1084
    reason: Missing output files: results/bias_sensitivity/raw/dp0.65_k-0.3_n4000_r15_m2000.rds
    wildcards: cell=dp0.65_k-0.3_n4000_r15_m2000
    threads: 2
    resources: tmpdir=/tmp

[Wed Sep  2 05:28:40 2026]
Finished job 1682.
1501 of 1923 steps (78%) done
Select jobs to execute...
Execute 1 jobs...

[Wed Sep  2 05:28:40 2026]
localrule run_cell:
    output: results/bias_sensitivity/raw/dp0.8_k0.3_n2000_r5_m4000.rds
    log: logs/bias_sensitivity/run_dp0.8_k0.3_n2000_r5_m4000.log
    jobid: 1609
    reason: Missing output files: results/bias_sensitivity/raw/dp0.8_k0.3_n2000_r5_m4000.rds
    wildcards: cell=dp0.8_k0.3_n2000_r5_m4000
    threads: 2
    resources: tmpdir=/tmp

[Wed Sep  2 05:29:02 2026]
Finished job 404.
1502 of 1923 steps (78%) done
Select jobs to execute...
Execute 1 jobs...

[Wed Sep  2 05:29:02 2026]
localrule run_cell:
    output: results/bias_sensitivity/raw/dp0.8_k0.3_n2000_r20_m4000.rds
    log: logs/bias_sensitivity/run_dp0.8_k0.3_n2000_r20_m4000.log
    jobid: 1607
    reason: Missing output files: results/bias_sensitivity/raw/dp0.8_k0.3_n2000_r20_m4000.rds
    wildcards: cell=dp0.8_k0.3_n2000_r20_m4000
    threads: 2
    resources: tmpdir=/tmp

[Wed Sep  2 05:29:16 2026]
Finished job 64.
1503 of 1923 steps (78%) done
Select jobs to execute...
Execute 1 jobs...

[Wed Sep  2 05:29:16 2026]
localrule run_cell:
    output: results/bias_sensitivity/raw/dp0.3_k-0.3_n1000_r10_m4000.rds
    log: logs/bias_sensitivity/run_dp0.3_k-0.3_n1000_r10_m4000.log
    jobid: 587
    reason: Missing output files: results/bias_sensitivity/raw/dp0.3_k-0.3_n1000_r10_m4000.rds
    wildcards: cell=dp0.3_k-0.3_n1000_r10_m4000
    threads: 2
    resources: tmpdir=/tmp

[Wed Sep  2 05:29:26 2026]
Finished job 371.
1504 of 1923 steps (78%) done
Select jobs to execute...
Execute 1 jobs...

[Wed Sep  2 05:29:26 2026]
localrule run_cell:
    output: results/bias_sensitivity/raw/dp0.4_k0.3_n1000_r10_m4000.rds
    log: logs/bias_sensitivity/run_dp0.4_k0.3_n1000_r10_m4000.log
    jobid: 827
    reason: Missing output files: results/bias_sensitivity/raw/dp0.4_k0.3_n1000_r10_m4000.rds
    wildcards: cell=dp0.4_k0.3_n1000_r10_m4000
    threads: 2
    resources: tmpdir=/tmp

[Wed Sep  2 05:30:19 2026]
Finished job 304.
1505 of 1923 steps (78%) done
Select jobs to execute...
Execute 1 jobs...

[Wed Sep  2 05:30:19 2026]
localrule run_cell:
    output: results/bias_sensitivity/raw/dp0.55_k-0.3_n2000_r20_m4000.rds
    log: logs/bias_sensitivity/run_dp0.55_k-0.3_n2000_r20_m4000.log
    jobid: 887
    reason: Missing output files: results/bias_sensitivity/raw/dp0.55_k-0.3_n2000_r20_m4000.rds
    wildcards: cell=dp0.55_k-0.3_n2000_r20_m4000
    threads: 2
    resources: tmpdir=/tmp

[Wed Sep  2 05:30:24 2026]
Finished job 773.
1506 of 1923 steps (78%) done
Select jobs to execute...
Execute 1 jobs...

[Wed Sep  2 05:30:24 2026]
localrule run_cell:
    output: results/bias_sensitivity/raw/dp0.2_k-0.3_n2000_r20_m4000.rds
    log: logs/bias_sensitivity/run_dp0.2_k-0.3_n2000_r20_m4000.log
    jobid: 407
    reason: Missing output files: results/bias_sensitivity/raw/dp0.2_k-0.3_n2000_r20_m4000.rds
    wildcards: cell=dp0.2_k-0.3_n2000_r20_m4000
    threads: 2
    resources: tmpdir=/tmp

[Wed Sep  2 05:31:10 2026]
Finished job 501.
1507 of 1923 steps (78%) done
Select jobs to execute...
Execute 1 jobs...

[Wed Sep  2 05:31:10 2026]
localrule run_cell:
    output: results/bias_sensitivity/raw/dp0.35_k-0.3_n8000_r20_m4000.rds
    log: logs/bias_sensitivity/run_dp0.35_k-0.3_n8000_r20_m4000.log
    jobid: 527
    reason: Missing output files: results/bias_sensitivity/raw/dp0.35_k-0.3_n8000_r20_m4000.rds
    wildcards: cell=dp0.35_k-0.3_n8000_r20_m4000
    threads: 2
    resources: tmpdir=/tmp

[Wed Sep  2 05:32:13 2026]
Finished job 1221.
1508 of 1923 steps (78%) done
Select jobs to execute...
Execute 1 jobs...

[Wed Sep  2 05:32:13 2026]
localrule run_cell:
    output: results/bias_sensitivity/raw/dp0.3_k0.3_n2000_r20_m4000.rds
    log: logs/bias_sensitivity/run_dp0.3_k0.3_n2000_r20_m4000.log
    jobid: 647
    reason: Missing output files: results/bias_sensitivity/raw/dp0.3_k0.3_n2000_r20_m4000.rds
    wildcards: cell=dp0.3_k0.3_n2000_r20_m4000
    threads: 2
    resources: tmpdir=/tmp

[Wed Sep  2 05:32:20 2026]
Finished job 587.
1509 of 1923 steps (78%) done
Select jobs to execute...
Execute 1 jobs...

[Wed Sep  2 05:32:20 2026]
localrule run_cell:
    output: results/bias_sensitivity/raw/dp0.65_k-0.3_n1000_r10_m4000.rds
    log: logs/bias_sensitivity/run_dp0.65_k-0.3_n1000_r10_m4000.log
    jobid: 1067
    reason: Missing output files: results/bias_sensitivity/raw/dp0.65_k-0.3_n1000_r10_m4000.rds
    wildcards: cell=dp0.65_k-0.3_n1000_r10_m4000
    threads: 2
    resources: tmpdir=/tmp

[Wed Sep  2 05:32:34 2026]
Finished job 827.
1510 of 1923 steps (79%) done
Select jobs to execute...
Execute 1 jobs...

[Wed Sep  2 05:32:34 2026]
localrule run_cell:
    output: results/bias_sensitivity/raw/dp0.6_k-0.3_n6000_r10_m4000.rds
    log: logs/bias_sensitivity/run_dp0.6_k-0.3_n6000_r10_m4000.log
    jobid: 1187
    reason: Missing output files: results/bias_sensitivity/raw/dp0.6_k-0.3_n6000_r10_m4000.rds
    wildcards: cell=dp0.6_k-0.3_n6000_r10_m4000
    threads: 2
    resources: tmpdir=/tmp

[Wed Sep  2 05:32:40 2026]
Finished job 1734.
1511 of 1923 steps (79%) done
Select jobs to execute...
Execute 1 jobs...

[Wed Sep  2 05:32:40 2026]
localrule run_cell:
    output: results/bias_sensitivity/raw/dp0.75_k0.3_n1000_r10_m4000.rds
    log: logs/bias_sensitivity/run_dp0.75_k0.3_n1000_r10_m4000.log
    jobid: 1307
    reason: Missing output files: results/bias_sensitivity/raw/dp0.75_k0.3_n1000_r10_m4000.rds
    wildcards: cell=dp0.75_k0.3_n1000_r10_m4000
    threads: 2
    resources: tmpdir=/tmp

[Wed Sep  2 05:33:39 2026]
Finished job 526.
1512 of 1923 steps (79%) done
Select jobs to execute...
Execute 1 jobs...

[Wed Sep  2 05:33:39 2026]
localrule run_cell:
    output: results/bias_sensitivity/raw/dp0.3_k0.3_n10000_r20_m2000.rds
    log: logs/bias_sensitivity/run_dp0.3_k0.3_n10000_r20_m2000.log
    jobid: 630
    reason: Missing output files: results/bias_sensitivity/raw/dp0.3_k0.3_n10000_r20_m2000.rds
    wildcards: cell=dp0.3_k0.3_n10000_r20_m2000
    threads: 2
    resources: tmpdir=/tmp

[Wed Sep  2 05:33:51 2026]
Finished job 200.
1513 of 1923 steps (79%) done
Select jobs to execute...
Execute 1 jobs...

[Wed Sep  2 05:33:51 2026]
localrule run_cell:
    output: results/bias_sensitivity/raw/dp0.45_k0.3_n4000_r20_m2000.rds
    log: logs/bias_sensitivity/run_dp0.45_k0.3_n4000_r20_m2000.log
    jobid: 750
    reason: Missing output files: results/bias_sensitivity/raw/dp0.45_k0.3_n4000_r20_m2000.rds
    wildcards: cell=dp0.45_k0.3_n4000_r20_m2000
    threads: 2
    resources: tmpdir=/tmp

[Wed Sep  2 05:33:51 2026]
Finished job 774.
1514 of 1923 steps (79%) done
Select jobs to execute...
Execute 1 jobs...

[Wed Sep  2 05:33:51 2026]
localrule run_cell:
    output: results/bias_sensitivity/raw/dp0.2_k-0.3_n10000_r20_m2000.rds
    log: logs/bias_sensitivity/run_dp0.2_k-0.3_n10000_r20_m2000.log
    jobid: 390
    reason: Missing output files: results/bias_sensitivity/raw/dp0.2_k-0.3_n10000_r20_m2000.rds
    wildcards: cell=dp0.2_k-0.3_n10000_r20_m2000
    threads: 2
    resources: tmpdir=/tmp

[Wed Sep  2 05:33:58 2026]
Finished job 663.
1515 of 1923 steps (79%) done
Select jobs to execute...
Execute 1 jobs...

[Wed Sep  2 05:33:58 2026]
localrule run_cell:
    output: results/bias_sensitivity/raw/dp0.35_k0.3_n8000_r10_m2000.rds
    log: logs/bias_sensitivity/run_dp0.35_k0.3_n8000_r10_m2000.log
    jobid: 570
    reason: Missing output files: results/bias_sensitivity/raw/dp0.35_k0.3_n8000_r10_m2000.rds
    wildcards: cell=dp0.35_k0.3_n8000_r10_m2000
    threads: 2
    resources: tmpdir=/tmp

[Wed Sep  2 05:33:59 2026]
Finished job 1065.
1516 of 1923 steps (79%) done
Select jobs to execute...
Execute 1 jobs...

[Wed Sep  2 05:33:59 2026]
localrule run_cell:
    output: results/bias_sensitivity/raw/dp0.4_k-0.3_n8000_r10_m2000.rds
    log: logs/bias_sensitivity/run_dp0.4_k-0.3_n8000_r10_m2000.log
    jobid: 810
    reason: Missing output files: results/bias_sensitivity/raw/dp0.4_k-0.3_n8000_r10_m2000.rds
    wildcards: cell=dp0.4_k-0.3_n8000_r10_m2000
    threads: 2
    resources: tmpdir=/tmp

[Wed Sep  2 05:34:02 2026]
Finished job 1058.
1517 of 1923 steps (79%) done
Select jobs to execute...
Execute 1 jobs...

[Wed Sep  2 05:34:02 2026]
localrule run_cell:
    output: results/bias_sensitivity/raw/dp0.55_k0.3_n2000_r10_m2000.rds
    log: logs/bias_sensitivity/run_dp0.55_k0.3_n2000_r10_m2000.log
    jobid: 930
    reason: Missing output files: results/bias_sensitivity/raw/dp0.55_k0.3_n2000_r10_m2000.rds
    wildcards: cell=dp0.55_k0.3_n2000_r10_m2000
    threads: 2
    resources: tmpdir=/tmp

[Wed Sep  2 05:34:29 2026]
Finished job 1762.
1518 of 1923 steps (79%) done
Select jobs to execute...
Execute 1 jobs...

[Wed Sep  2 05:34:29 2026]
localrule run_cell:
    output: results/bias_sensitivity/raw/dp0.9_k-0.3_n6000_r15_m4000.rds
    log: logs/bias_sensitivity/run_dp0.9_k-0.3_n6000_r15_m4000.log
    jobid: 1765
    reason: Missing output files: results/bias_sensitivity/raw/dp0.9_k-0.3_n6000_r15_m4000.rds
    wildcards: cell=dp0.9_k-0.3_n6000_r15_m4000
    threads: 2
    resources: tmpdir=/tmp

[Wed Sep  2 05:34:49 2026]
Finished job 1048.
1519 of 1923 steps (79%) done
Select jobs to execute...
Execute 1 jobs...

[Wed Sep  2 05:34:49 2026]
localrule run_cell:
    output: results/bias_sensitivity/raw/dp0.5_k0.3_n8000_r10_m2000.rds
    log: logs/bias_sensitivity/run_dp0.5_k0.3_n8000_r10_m2000.log
    jobid: 1050
    reason: Missing output files: results/bias_sensitivity/raw/dp0.5_k0.3_n8000_r10_m2000.rds
    wildcards: cell=dp0.5_k0.3_n8000_r10_m2000
    threads: 2
    resources: tmpdir=/tmp

[Wed Sep  2 05:35:34 2026]
Finished job 1067.
1520 of 1923 steps (79%) done
Select jobs to execute...
Execute 1 jobs...

[Wed Sep  2 05:35:34 2026]
localrule run_cell:
    output: results/bias_sensitivity/raw/dp0.15_k0.3_n10000_r20_m2000.rds
    log: logs/bias_sensitivity/run_dp0.15_k0.3_n10000_r20_m2000.log
    jobid: 150
    reason: Missing output files: results/bias_sensitivity/raw/dp0.15_k0.3_n10000_r20_m2000.rds
    wildcards: cell=dp0.15_k0.3_n10000_r20_m2000
    threads: 2
    resources: tmpdir=/tmp

[Wed Sep  2 05:35:47 2026]
Finished job 1607.
1521 of 1923 steps (79%) done
Select jobs to execute...
Execute 1 jobs...

[Wed Sep  2 05:35:47 2026]
localrule run_cell:
    output: results/bias_sensitivity/raw/dp0.7_k0.3_n4000_r15_m4000.rds
    log: logs/bias_sensitivity/run_dp0.7_k0.3_n4000_r15_m4000.log
    jobid: 1421
    reason: Missing output files: results/bias_sensitivity/raw/dp0.7_k0.3_n4000_r15_m4000.rds
    wildcards: cell=dp0.7_k0.3_n4000_r15_m4000
    threads: 2
    resources: tmpdir=/tmp

[Wed Sep  2 05:35:58 2026]
Finished job 1307.
1522 of 1923 steps (79%) done
Select jobs to execute...
Execute 1 jobs...

[Wed Sep  2 05:35:58 2026]
localrule run_cell:
    output: results/bias_sensitivity/raw/dp0.25_k-0.3_n2000_r5_m4000.rds
    log: logs/bias_sensitivity/run_dp0.25_k-0.3_n2000_r5_m4000.log
    jobid: 313
    reason: Missing output files: results/bias_sensitivity/raw/dp0.25_k-0.3_n2000_r5_m4000.rds
    wildcards: cell=dp0.25_k-0.3_n2000_r5_m4000
    threads: 2
    resources: tmpdir=/tmp

[Wed Sep  2 05:36:33 2026]
Finished job 149.
1523 of 1923 steps (79%) done
Select jobs to execute...
Execute 1 jobs...

[Wed Sep  2 05:36:33 2026]
localrule run_cell:
    output: results/bias_sensitivity/raw/dp0.25_k0.3_n6000_r15_m4000.rds
    log: logs/bias_sensitivity/run_dp0.25_k0.3_n6000_r15_m4000.log
    jobid: 373
    reason: Missing output files: results/bias_sensitivity/raw/dp0.25_k0.3_n6000_r15_m4000.rds
    wildcards: cell=dp0.25_k0.3_n6000_r15_m4000
    threads: 2
    resources: tmpdir=/tmp

[Wed Sep  2 05:36:35 2026]
Finished job 124.
1524 of 1923 steps (79%) done
Select jobs to execute...
Execute 1 jobs...

[Wed Sep  2 05:36:35 2026]
localrule run_cell:
    output: results/bias_sensitivity/raw/dp1_k-0.3_n8000_r5_m4000.rds
    log: logs/bias_sensitivity/run_dp1_k-0.3_n8000_r5_m4000.log
    jobid: 1873
    reason: Missing output files: results/bias_sensitivity/raw/dp1_k-0.3_n8000_r5_m4000.rds
    wildcards: cell=dp1_k-0.3_n8000_r5_m4000
    threads: 2
    resources: tmpdir=/tmp

[Wed Sep  2 05:36:48 2026]
Finished job 1609.
1525 of 1923 steps (79%) done
Select jobs to execute...
Execute 1 jobs...

[Wed Sep  2 05:36:48 2026]
localrule run_cell:
    output: results/bias_sensitivity/raw/dp0.8_k-0.3_n6000_r15_m4000.rds
    log: logs/bias_sensitivity/run_dp0.8_k-0.3_n6000_r15_m4000.log
    jobid: 1573
    reason: Missing output files: results/bias_sensitivity/raw/dp0.8_k-0.3_n6000_r15_m4000.rds
    wildcards: cell=dp0.8_k-0.3_n6000_r15_m4000
    threads: 2
    resources: tmpdir=/tmp

[Wed Sep  2 05:36:51 2026]
Finished job 3.
1526 of 1923 steps (79%) done
Select jobs to execute...
Execute 1 jobs...

[Wed Sep  2 05:36:51 2026]
localrule run_cell:
    output: results/bias_sensitivity/raw/dp0.85_k-0.3_n1000_r15_m4000.rds
    log: logs/bias_sensitivity/run_dp0.85_k-0.3_n1000_r15_m4000.log
    jobid: 1453
    reason: Missing output files: results/bias_sensitivity/raw/dp0.85_k-0.3_n1000_r15_m4000.rds
    wildcards: cell=dp0.85_k-0.3_n1000_r15_m4000
    threads: 2
    resources: tmpdir=/tmp

[Wed Sep  2 05:36:55 2026]
Finished job 844.
1527 of 1923 steps (79%) done
Select jobs to execute...
Execute 1 jobs...

[Wed Sep  2 05:36:55 2026]
localrule run_cell:
    output: results/bias_sensitivity/raw/dp0.65_k0.3_n8000_r5_m4000.rds
    log: logs/bias_sensitivity/run_dp0.65_k0.3_n8000_r5_m4000.log
    jobid: 1153
    reason: Missing output files: results/bias_sensitivity/raw/dp0.65_k0.3_n8000_r5_m4000.rds
    wildcards: cell=dp0.65_k0.3_n8000_r5_m4000
    threads: 2
    resources: tmpdir=/tmp

[Wed Sep  2 05:36:56 2026]
Finished job 483.
1528 of 1923 steps (79%) done
Select jobs to execute...
Execute 1 jobs...

[Wed Sep  2 05:36:56 2026]
localrule run_cell:
    output: results/bias_sensitivity/raw/dp0.9_k-0.3_n2000_r5_m4000.rds
    log: logs/bias_sensitivity/run_dp0.9_k-0.3_n2000_r5_m4000.log
    jobid: 1753
    reason: Missing output files: results/bias_sensitivity/raw/dp0.9_k-0.3_n2000_r5_m4000.rds
    wildcards: cell=dp0.9_k-0.3_n2000_r5_m4000
    threads: 2
    resources: tmpdir=/tmp

[Wed Sep  2 05:37:09 2026]
Finished job 364.
1529 of 1923 steps (80%) done
Select jobs to execute...
Execute 1 jobs...

[Wed Sep  2 05:37:09 2026]
localrule run_cell:
    output: results/bias_sensitivity/raw/dp0.05_k0.3_n2000_r5_m4000.rds
    log: logs/bias_sensitivity/run_dp0.05_k0.3_n2000_r5_m4000.log
    jobid: 73
    reason: Missing output files: results/bias_sensitivity/raw/dp0.05_k0.3_n2000_r5_m4000.rds
    wildcards: cell=dp0.05_k0.3_n2000_r5_m4000
    threads: 2
    resources: tmpdir=/tmp

[Wed Sep  2 05:37:13 2026]
Finished job 284.
1530 of 1923 steps (80%) done
Select jobs to execute...
Execute 1 jobs...

[Wed Sep  2 05:37:13 2026]
localrule run_cell:
    output: results/bias_sensitivity/raw/dp0.55_k-0.3_n4000_r5_m2000.rds
    log: logs/bias_sensitivity/run_dp0.55_k-0.3_n4000_r5_m2000.log
    jobid: 896
    reason: Missing output files: results/bias_sensitivity/raw/dp0.55_k-0.3_n4000_r5_m2000.rds
    wildcards: cell=dp0.55_k-0.3_n4000_r5_m2000
    threads: 2
    resources: tmpdir=/tmp

[Wed Sep  2 05:38:02 2026]
Finished job 604.
1531 of 1923 steps (80%) done
Select jobs to execute...
Execute 1 jobs...

[Wed Sep  2 05:38:02 2026]
localrule run_cell:
    output: results/bias_sensitivity/raw/dp0.6_k-0.3_n8000_r15_m2000.rds
    log: logs/bias_sensitivity/run_dp0.6_k-0.3_n8000_r15_m2000.log
    jobid: 1196
    reason: Missing output files: results/bias_sensitivity/raw/dp0.6_k-0.3_n8000_r15_m2000.rds
    wildcards: cell=dp0.6_k-0.3_n8000_r15_m2000
    threads: 2
    resources: tmpdir=/tmp

[Wed Sep  2 05:38:10 2026]
Finished job 407.
1532 of 1923 steps (80%) done
Select jobs to execute...
Execute 1 jobs...

[Wed Sep  2 05:38:10 2026]
localrule run_cell:
    output: results/bias_sensitivity/raw/dp0.8_k0.3_n4000_r5_m2000.rds
    log: logs/bias_sensitivity/run_dp0.8_k0.3_n4000_r5_m2000.log
    jobid: 1616
    reason: Missing output files: results/bias_sensitivity/raw/dp0.8_k0.3_n4000_r5_m2000.rds
    wildcards: cell=dp0.8_k0.3_n4000_r5_m2000
    threads: 2
    resources: tmpdir=/tmp

[Wed Sep  2 05:38:22 2026]
Finished job 372.
1533 of 1923 steps (80%) done
Select jobs to execute...
Execute 1 jobs...

[Wed Sep  2 05:38:22 2026]
localrule run_cell:
    output: results/bias_sensitivity/raw/dp0.95_k-0.3_n8000_r15_m2000.rds
    log: logs/bias_sensitivity/run_dp0.95_k-0.3_n8000_r15_m2000.log
    jobid: 1676
    reason: Missing output files: results/bias_sensitivity/raw/dp0.95_k-0.3_n8000_r15_m2000.rds
    wildcards: cell=dp0.95_k-0.3_n8000_r15_m2000
    threads: 2
    resources: tmpdir=/tmp

[Wed Sep  2 05:38:23 2026]
Finished job 887.
1534 of 1923 steps (80%) done
Select jobs to execute...
Execute 1 jobs...

[Wed Sep  2 05:38:23 2026]
localrule run_cell:
    output: results/bias_sensitivity/raw/dp0.4_k-0.3_n10000_r5_m2000.rds
    log: logs/bias_sensitivity/run_dp0.4_k-0.3_n10000_r5_m2000.log
    jobid: 776
    reason: Missing output files: results/bias_sensitivity/raw/dp0.4_k-0.3_n10000_r5_m2000.rds
    wildcards: cell=dp0.4_k-0.3_n10000_r5_m2000
    threads: 2
    resources: tmpdir=/tmp

[Wed Sep  2 05:38:30 2026]
Finished job 1084.
1535 of 1923 steps (80%) done
Select jobs to execute...
Execute 1 jobs...

[Wed Sep  2 05:38:30 2026]
localrule run_cell:
    output: results/bias_sensitivity/raw/dp0.9_k-0.3_n10000_r5_m2000.rds
    log: logs/bias_sensitivity/run_dp0.9_k-0.3_n10000_r5_m2000.log
    jobid: 1736
    reason: Missing output files: results/bias_sensitivity/raw/dp0.9_k-0.3_n10000_r5_m2000.rds
    wildcards: cell=dp0.9_k-0.3_n10000_r5_m2000
    threads: 2
    resources: tmpdir=/tmp

[Wed Sep  2 05:38:47 2026]
Finished job 489.
1536 of 1923 steps (80%) done
Select jobs to execute...
Execute 1 jobs...

[Wed Sep  2 05:38:47 2026]
localrule run_cell:
    output: results/bias_sensitivity/raw/dp0.2_k-0.3_n1000_r20_m4000.rds
    log: logs/bias_sensitivity/run_dp0.2_k-0.3_n1000_r20_m4000.log
    jobid: 399
    reason: Missing output files: results/bias_sensitivity/raw/dp0.2_k-0.3_n1000_r20_m4000.rds
    wildcards: cell=dp0.2_k-0.3_n1000_r20_m4000
    threads: 2
    resources: tmpdir=/tmp

[Wed Sep  2 05:38:54 2026]
Finished job 140.
1537 of 1923 steps (80%) done
Select jobs to execute...
Execute 1 jobs...

[Wed Sep  2 05:38:54 2026]
localrule run_cell:
    output: results/bias_sensitivity/raw/dp0.45_k-0.3_n4000_r10_m4000.rds
    log: logs/bias_sensitivity/run_dp0.45_k-0.3_n4000_r10_m4000.log
    jobid: 699
    reason: Missing output files: results/bias_sensitivity/raw/dp0.45_k-0.3_n4000_r10_m4000.rds
    wildcards: cell=dp0.45_k-0.3_n4000_r10_m4000
    threads: 2
    resources: tmpdir=/tmp

[Wed Sep  2 05:40:02 2026]
Finished job 1761.
1538 of 1923 steps (80%) done
Select jobs to execute...
Execute 1 jobs...

[Wed Sep  2 05:40:02 2026]
localrule run_cell:
    output: results/bias_sensitivity/raw/dp0.9_k0.3_n10000_r10_m4000.rds
    log: logs/bias_sensitivity/run_dp0.9_k0.3_n10000_r10_m4000.log
    jobid: 1779
    reason: Missing output files: results/bias_sensitivity/raw/dp0.9_k0.3_n10000_r10_m4000.rds
    wildcards: cell=dp0.9_k0.3_n10000_r10_m4000
    threads: 2
    resources: tmpdir=/tmp

[Wed Sep  2 05:40:04 2026]
Finished job 1785.
1539 of 1923 steps (80%) done
Select jobs to execute...
Execute 1 jobs...

[Wed Sep  2 05:40:04 2026]
localrule run_cell:
    output: results/bias_sensitivity/raw/dp0.15_k-0.3_n10000_r10_m4000.rds
    log: logs/bias_sensitivity/run_dp0.15_k-0.3_n10000_r10_m4000.log
    jobid: 99
    reason: Missing output files: results/bias_sensitivity/raw/dp0.15_k-0.3_n10000_r10_m4000.rds
    wildcards: cell=dp0.15_k-0.3_n10000_r10_m4000
    threads: 2
    resources: tmpdir=/tmp

[Wed Sep  2 05:40:08 2026]
Finished job 647.
1540 of 1923 steps (80%) done
Select jobs to execute...
Execute 1 jobs...

[Wed Sep  2 05:40:08 2026]
localrule run_cell:
    output: results/bias_sensitivity/raw/dp0.4_k0.3_n10000_r10_m4000.rds
    log: logs/bias_sensitivity/run_dp0.4_k0.3_n10000_r10_m4000.log
    jobid: 819
    reason: Missing output files: results/bias_sensitivity/raw/dp0.4_k0.3_n10000_r10_m4000.rds
    wildcards: cell=dp0.4_k0.3_n10000_r10_m4000
    threads: 2
    resources: tmpdir=/tmp

[Wed Sep  2 05:40:09 2026]
Finished job 1453.
1541 of 1923 steps (80%) done
Select jobs to execute...
Execute 1 jobs...

[Wed Sep  2 05:40:09 2026]
localrule run_cell:
    output: results/bias_sensitivity/raw/dp0.65_k-0.3_n10000_r10_m4000.rds
    log: logs/bias_sensitivity/run_dp0.65_k-0.3_n10000_r10_m4000.log
    jobid: 1059
    reason: Missing output files: results/bias_sensitivity/raw/dp0.65_k-0.3_n10000_r10_m4000.rds
    wildcards: cell=dp0.65_k-0.3_n10000_r10_m4000
    threads: 2
    resources: tmpdir=/tmp

[Wed Sep  2 05:40:14 2026]
Finished job 621.
1542 of 1923 steps (80%) done
Select jobs to execute...
Execute 1 jobs...

[Wed Sep  2 05:40:14 2026]
localrule run_cell:
    output: results/bias_sensitivity/raw/dp0.1_k0.3_n6000_r20_m4000.rds
    log: logs/bias_sensitivity/run_dp0.1_k0.3_n6000_r20_m4000.log
    jobid: 279
    reason: Missing output files: results/bias_sensitivity/raw/dp0.1_k0.3_n6000_r20_m4000.rds
    wildcards: cell=dp0.1_k0.3_n6000_r20_m4000
    threads: 2
    resources: tmpdir=/tmp

[Wed Sep  2 05:40:32 2026]
Finished job 817.
1543 of 1923 steps (80%) done
Select jobs to execute...
Execute 1 jobs...

[Wed Sep  2 05:40:32 2026]
localrule run_cell:
    output: results/bias_sensitivity/raw/dp0.25_k0.3_n10000_r10_m4000.rds
    log: logs/bias_sensitivity/run_dp0.25_k0.3_n10000_r10_m4000.log
    jobid: 339
    reason: Missing output files: results/bias_sensitivity/raw/dp0.25_k0.3_n10000_r10_m4000.rds
    wildcards: cell=dp0.25_k0.3_n10000_r10_m4000
    threads: 2
    resources: tmpdir=/tmp

[Wed Sep  2 05:40:53 2026]
Finished job 930.
1544 of 1923 steps (80%) done
Select jobs to execute...
Execute 1 jobs...

[Wed Sep  2 05:40:53 2026]
localrule run_cell:
    output: results/bias_sensitivity/raw/dp0.6_k-0.3_n4000_r10_m4000.rds
    log: logs/bias_sensitivity/run_dp0.6_k-0.3_n4000_r10_m4000.log
    jobid: 1179
    reason: Missing output files: results/bias_sensitivity/raw/dp0.6_k-0.3_n4000_r10_m4000.rds
    wildcards: cell=dp0.6_k-0.3_n4000_r10_m4000
    threads: 2
    resources: tmpdir=/tmp

[Wed Sep  2 05:41:08 2026]
Finished job 141.
1545 of 1923 steps (80%) done
Select jobs to execute...
Execute 1 jobs...

[Wed Sep  2 05:41:08 2026]
localrule run_cell:
    output: results/bias_sensitivity/raw/dp0.2_k0.3_n4000_r10_m4000.rds
    log: logs/bias_sensitivity/run_dp0.2_k0.3_n4000_r10_m4000.log
    jobid: 459
    reason: Missing output files: results/bias_sensitivity/raw/dp0.2_k0.3_n4000_r10_m4000.rds
    wildcards: cell=dp0.2_k0.3_n4000_r10_m4000
    threads: 2
    resources: tmpdir=/tmp

[Wed Sep  2 05:41:40 2026]
Finished job 399.
1546 of 1923 steps (80%) done
Select jobs to execute...
Execute 1 jobs...

[Wed Sep  2 05:41:40 2026]
localrule run_cell:
    output: results/bias_sensitivity/raw/dp0.6_k0.3_n6000_r20_m4000.rds
    log: logs/bias_sensitivity/run_dp0.6_k0.3_n6000_r20_m4000.log
    jobid: 1239
    reason: Missing output files: results/bias_sensitivity/raw/dp0.6_k0.3_n6000_r20_m4000.rds
    wildcards: cell=dp0.6_k0.3_n6000_r20_m4000
    threads: 2
    resources: tmpdir=/tmp

[Wed Sep  2 05:43:25 2026]
Finished job 73.
1547 of 1923 steps (80%) done
Select jobs to execute...
Execute 1 jobs...

[Wed Sep  2 05:43:25 2026]
localrule run_cell:
    output: results/bias_sensitivity/raw/dp0.85_k-0.3_n2000_r20_m4000.rds
    log: logs/bias_sensitivity/run_dp0.85_k-0.3_n2000_r20_m4000.log
    jobid: 1463
    reason: Missing output files: results/bias_sensitivity/raw/dp0.85_k-0.3_n2000_r20_m4000.rds
    wildcards: cell=dp0.85_k-0.3_n2000_r20_m4000
    threads: 2
    resources: tmpdir=/tmp

[Wed Sep  2 05:43:31 2026]
Finished job 243.
1548 of 1923 steps (80%) done
Select jobs to execute...
Execute 1 jobs...

[Wed Sep  2 05:43:31 2026]
localrule run_cell:
    output: results/bias_sensitivity/raw/dp0.25_k0.3_n8000_r20_m2000.rds
    log: logs/bias_sensitivity/run_dp0.25_k0.3_n8000_r20_m2000.log
    jobid: 382
    reason: Missing output files: results/bias_sensitivity/raw/dp0.25_k0.3_n8000_r20_m2000.rds
    wildcards: cell=dp0.25_k0.3_n8000_r20_m2000
    threads: 2
    resources: tmpdir=/tmp

[Wed Sep  2 05:43:42 2026]
Finished job 313.
1549 of 1923 steps (81%) done
Select jobs to execute...
Execute 1 jobs...

[Wed Sep  2 05:43:42 2026]
localrule run_cell:
    output: results/bias_sensitivity/raw/dp0.35_k-0.3_n2000_r20_m2000.rds
    log: logs/bias_sensitivity/run_dp0.35_k-0.3_n2000_r20_m2000.log
    jobid: 502
    reason: Missing output files: results/bias_sensitivity/raw/dp0.35_k-0.3_n2000_r20_m2000.rds
    wildcards: cell=dp0.35_k-0.3_n2000_r20_m2000
    threads: 2
    resources: tmpdir=/tmp

[Wed Sep  2 05:45:00 2026]
Finished job 441.
1550 of 1923 steps (81%) done
Select jobs to execute...
Execute 1 jobs...

[Wed Sep  2 05:45:00 2026]
localrule run_cell:
    output: results/bias_sensitivity/raw/dp0.3_k-0.3_n8000_r20_m2000.rds
    log: logs/bias_sensitivity/run_dp0.3_k-0.3_n8000_r20_m2000.log
    jobid: 622
    reason: Missing output files: results/bias_sensitivity/raw/dp0.3_k-0.3_n8000_r20_m2000.rds
    wildcards: cell=dp0.3_k-0.3_n8000_r20_m2000
    threads: 2
    resources: tmpdir=/tmp

[Wed Sep  2 05:45:19 2026]
Finished job 1753.
1551 of 1923 steps (81%) done
Select jobs to execute...
Execute 1 jobs...

[Wed Sep  2 05:45:19 2026]
localrule run_cell:
    output: results/bias_sensitivity/raw/dp0.1_k-0.3_n1000_r10_m2000.rds
    log: logs/bias_sensitivity/run_dp0.1_k-0.3_n1000_r10_m2000.log
    jobid: 202
    reason: Missing output files: results/bias_sensitivity/raw/dp0.1_k-0.3_n1000_r10_m2000.rds
    wildcards: cell=dp0.1_k-0.3_n1000_r10_m2000
    threads: 2
    resources: tmpdir=/tmp

[Wed Sep  2 05:45:27 2026]
Finished job 750.
1552 of 1923 steps (81%) done
Select jobs to execute...
Execute 1 jobs...

[Wed Sep  2 05:45:27 2026]
localrule run_cell:
    output: results/bias_sensitivity/raw/dp0.05_k-0.3_n2000_r20_m2000.rds
    log: logs/bias_sensitivity/run_dp0.05_k-0.3_n2000_r20_m2000.log
    jobid: 22
    reason: Missing output files: results/bias_sensitivity/raw/dp0.05_k-0.3_n2000_r20_m2000.rds
    wildcards: cell=dp0.05_k-0.3_n2000_r20_m2000
    threads: 2
    resources: tmpdir=/tmp

[Wed Sep  2 05:45:30 2026]
Finished job 244.
1553 of 1923 steps (81%) done
Select jobs to execute...
Execute 1 jobs...

[Wed Sep  2 05:45:30 2026]
localrule run_cell:
    output: results/bias_sensitivity/raw/dp0.15_k-0.3_n8000_r20_m2000.rds
    log: logs/bias_sensitivity/run_dp0.15_k-0.3_n8000_r20_m2000.log
    jobid: 142
    reason: Missing output files: results/bias_sensitivity/raw/dp0.15_k-0.3_n8000_r20_m2000.rds
    wildcards: cell=dp0.15_k-0.3_n8000_r20_m2000
    threads: 2
    resources: tmpdir=/tmp

[Wed Sep  2 05:45:45 2026]
Finished job 1421.
1554 of 1923 steps (81%) done
Select jobs to execute...
Execute 1 jobs...

[Wed Sep  2 05:45:45 2026]
localrule run_cell:
    output: results/bias_sensitivity/raw/dp0.2_k0.3_n1000_r10_m2000.rds
    log: logs/bias_sensitivity/run_dp0.2_k0.3_n1000_r10_m2000.log
    jobid: 442
    reason: Missing output files: results/bias_sensitivity/raw/dp0.2_k0.3_n1000_r10_m2000.rds
    wildcards: cell=dp0.2_k0.3_n1000_r10_m2000
    threads: 2
    resources: tmpdir=/tmp

[Wed Sep  2 05:45:54 2026]
Finished job 278.
1555 of 1923 steps (81%) done
Select jobs to execute...
Execute 1 jobs...

[Wed Sep  2 05:45:54 2026]
localrule run_cell:
    output: results/bias_sensitivity/raw/dp0.8_k0.3_n8000_r10_m2000.rds
    log: logs/bias_sensitivity/run_dp0.8_k0.3_n8000_r10_m2000.log
    jobid: 1626
    reason: Missing output files: results/bias_sensitivity/raw/dp0.8_k0.3_n8000_r10_m2000.rds
    wildcards: cell=dp0.8_k0.3_n8000_r10_m2000
    threads: 2
    resources: tmpdir=/tmp

[Wed Sep  2 05:45:56 2026]
Finished job 389.
1556 of 1923 steps (81%) done
Select jobs to execute...
Execute 1 jobs...

[Wed Sep  2 05:45:56 2026]
localrule run_cell:
    output: results/bias_sensitivity/raw/dp0.8_k0.3_n4000_r5_m4000.rds
    log: logs/bias_sensitivity/run_dp0.8_k0.3_n4000_r5_m4000.log
    jobid: 1617
    reason: Missing output files: results/bias_sensitivity/raw/dp0.8_k0.3_n4000_r5_m4000.rds
    wildcards: cell=dp0.8_k0.3_n4000_r5_m4000
    threads: 2
    resources: tmpdir=/tmp

[Wed Sep  2 05:45:59 2026]
Finished job 680.
1557 of 1923 steps (81%) done
Select jobs to execute...
Execute 1 jobs...

[Wed Sep  2 05:45:59 2026]
localrule run_cell:
    output: results/bias_sensitivity/raw/dp0.4_k-0.3_n10000_r5_m4000.rds
    log: logs/bias_sensitivity/run_dp0.4_k-0.3_n10000_r5_m4000.log
    jobid: 777
    reason: Missing output files: results/bias_sensitivity/raw/dp0.4_k-0.3_n10000_r5_m4000.rds
    wildcards: cell=dp0.4_k-0.3_n10000_r5_m4000
    threads: 2
    resources: tmpdir=/tmp

[Wed Sep  2 05:47:18 2026]
Finished job 896.
1558 of 1923 steps (81%) done
Select jobs to execute...
Execute 1 jobs...

[Wed Sep  2 05:47:18 2026]
localrule run_cell:
    output: results/bias_sensitivity/raw/dp0.55_k-0.3_n4000_r5_m4000.rds
    log: logs/bias_sensitivity/run_dp0.55_k-0.3_n4000_r5_m4000.log
    jobid: 897
    reason: Missing output files: results/bias_sensitivity/raw/dp0.55_k-0.3_n4000_r5_m4000.rds
    wildcards: cell=dp0.55_k-0.3_n4000_r5_m4000
    threads: 2
    resources: tmpdir=/tmp

[Wed Sep  2 05:47:31 2026]
Finished job 1297.
1559 of 1923 steps (81%) done
Select jobs to execute...
Execute 1 jobs...

[Wed Sep  2 05:47:31 2026]
localrule run_cell:
    output: results/bias_sensitivity/raw/dp0.6_k-0.3_n8000_r15_m4000.rds
    log: logs/bias_sensitivity/run_dp0.6_k-0.3_n8000_r15_m4000.log
    jobid: 1197
    reason: Missing output files: results/bias_sensitivity/raw/dp0.6_k-0.3_n8000_r15_m4000.rds
    wildcards: cell=dp0.6_k-0.3_n8000_r15_m4000
    threads: 2
    resources: tmpdir=/tmp

[Wed Sep  2 05:47:58 2026]
Finished job 4.
1560 of 1923 steps (81%) done
Select jobs to execute...
Execute 1 jobs...

[Wed Sep  2 05:47:58 2026]
localrule run_cell:
    output: results/bias_sensitivity/raw/dp0.95_k-0.3_n8000_r15_m4000.rds
    log: logs/bias_sensitivity/run_dp0.95_k-0.3_n8000_r15_m4000.log
    jobid: 1677
    reason: Missing output files: results/bias_sensitivity/raw/dp0.95_k-0.3_n8000_r15_m4000.rds
    wildcards: cell=dp0.95_k-0.3_n8000_r15_m4000
    threads: 2
    resources: tmpdir=/tmp

[Wed Sep  2 05:48:21 2026]
Finished job 202.
1561 of 1923 steps (81%) done
Select jobs to execute...
Execute 1 jobs...

[Wed Sep  2 05:48:21 2026]
localrule run_cell:
    output: results/bias_sensitivity/raw/dp0.9_k-0.3_n10000_r5_m4000.rds
    log: logs/bias_sensitivity/run_dp0.9_k-0.3_n10000_r5_m4000.log
    jobid: 1737
    reason: Missing output files: results/bias_sensitivity/raw/dp0.9_k-0.3_n10000_r5_m4000.rds
    wildcards: cell=dp0.9_k-0.3_n10000_r5_m4000
    threads: 2
    resources: tmpdir=/tmp

[Wed Sep  2 05:48:29 2026]
Finished job 1616.
1562 of 1923 steps (81%) done
Select jobs to execute...
Execute 1 jobs...

[Wed Sep  2 05:48:29 2026]
localrule run_cell:
    output: results/bias_sensitivity/raw/dp0.05_k0.3_n4000_r20_m2000.rds
    log: logs/bias_sensitivity/run_dp0.05_k0.3_n4000_r20_m2000.log
    jobid: 78
    reason: Missing output files: results/bias_sensitivity/raw/dp0.05_k0.3_n4000_r20_m2000.rds
    wildcards: cell=dp0.05_k0.3_n4000_r20_m2000
    threads: 2
    resources: tmpdir=/tmp

[Wed Sep  2 05:48:31 2026]
Finished job 1238.
1563 of 1923 steps (81%) done
Select jobs to execute...
Execute 1 jobs...

[Wed Sep  2 05:48:31 2026]
localrule run_cell:
    output: results/bias_sensitivity/raw/dp0.25_k-0.3_n4000_r20_m2000.rds
    log: logs/bias_sensitivity/run_dp0.25_k-0.3_n4000_r20_m2000.log
    jobid: 318
    reason: Missing output files: results/bias_sensitivity/raw/dp0.25_k-0.3_n4000_r20_m2000.rds
    wildcards: cell=dp0.25_k-0.3_n4000_r20_m2000
    threads: 2
    resources: tmpdir=/tmp

[Wed Sep  2 05:48:36 2026]
Finished job 1186.
1564 of 1923 steps (81%) done
Select jobs to execute...
Execute 1 jobs...

[Wed Sep  2 05:48:36 2026]
localrule run_cell:
    output: results/bias_sensitivity/raw/dp0.6_k-0.3_n4000_r15_m2000.rds
    log: logs/bias_sensitivity/run_dp0.6_k-0.3_n4000_r15_m2000.log
    jobid: 1180
    reason: Missing output files: results/bias_sensitivity/raw/dp0.6_k-0.3_n4000_r15_m2000.rds
    wildcards: cell=dp0.6_k-0.3_n4000_r15_m2000
    threads: 2
    resources: tmpdir=/tmp

[Wed Sep  2 05:48:43 2026]
Finished job 442.
1565 of 1923 steps (81%) done
Select jobs to execute...
Execute 1 jobs...

[Wed Sep  2 05:48:43 2026]
localrule run_cell:
    output: results/bias_sensitivity/raw/dp0.15_k-0.3_n10000_r15_m2000.rds
    log: logs/bias_sensitivity/run_dp0.15_k-0.3_n10000_r15_m2000.log
    jobid: 100
    reason: Missing output files: results/bias_sensitivity/raw/dp0.15_k-0.3_n10000_r15_m2000.rds
    wildcards: cell=dp0.15_k-0.3_n10000_r15_m2000
    threads: 2
    resources: tmpdir=/tmp

[Wed Sep  2 05:49:05 2026]
Finished job 527.
1566 of 1923 steps (81%) done
Select jobs to execute...
Execute 1 jobs...

[Wed Sep  2 05:49:05 2026]
localrule run_cell:
    output: results/bias_sensitivity/raw/dp0.1_k0.3_n6000_r5_m2000.rds
    log: logs/bias_sensitivity/run_dp0.1_k0.3_n6000_r5_m2000.log
    jobid: 280
    reason: Missing output files: results/bias_sensitivity/raw/dp0.1_k0.3_n6000_r5_m2000.rds
    wildcards: cell=dp0.1_k0.3_n6000_r5_m2000
    threads: 2
    resources: tmpdir=/tmp

[Wed Sep  2 05:49:41 2026]
Finished job 699.
1567 of 1923 steps (81%) done
Select jobs to execute...
Execute 1 jobs...

[Wed Sep  2 05:49:41 2026]
localrule run_cell:
    output: results/bias_sensitivity/raw/dp0.25_k0.3_n10000_r15_m2000.rds
    log: logs/bias_sensitivity/run_dp0.25_k0.3_n10000_r15_m2000.log
    jobid: 340
    reason: Missing output files: results/bias_sensitivity/raw/dp0.25_k0.3_n10000_r15_m2000.rds
    wildcards: cell=dp0.25_k0.3_n10000_r15_m2000
    threads: 2
    resources: tmpdir=/tmp

[Wed Sep  2 05:50:11 2026]
Finished job 502.
1568 of 1923 steps (82%) done
Select jobs to execute...
Execute 1 jobs...

[Wed Sep  2 05:50:11 2026]
localrule run_cell:
    output: results/bias_sensitivity/raw/dp0.2_k-0.3_n1000_r5_m2000.rds
    log: logs/bias_sensitivity/run_dp0.2_k-0.3_n1000_r5_m2000.log
    jobid: 400
    reason: Missing output files: results/bias_sensitivity/raw/dp0.2_k-0.3_n1000_r5_m2000.rds
    wildcards: cell=dp0.2_k-0.3_n1000_r5_m2000
    threads: 2
    resources: tmpdir=/tmp

[Wed Sep  2 05:50:47 2026]
Finished job 459.
1569 of 1923 steps (82%) done
Select jobs to execute...
Execute 1 jobs...

[Wed Sep  2 05:50:47 2026]
localrule run_cell:
    output: results/bias_sensitivity/raw/dp0.2_k0.3_n4000_r15_m2000.rds
    log: logs/bias_sensitivity/run_dp0.2_k0.3_n4000_r15_m2000.log
    jobid: 460
    reason: Missing output files: results/bias_sensitivity/raw/dp0.2_k0.3_n4000_r15_m2000.rds
    wildcards: cell=dp0.2_k0.3_n4000_r15_m2000
    threads: 2
    resources: tmpdir=/tmp

[Wed Sep  2 05:51:24 2026]
Finished job 338.
1570 of 1923 steps (82%) done
Select jobs to execute...
Execute 1 jobs...

[Wed Sep  2 05:51:24 2026]
localrule run_cell:
    output: results/bias_sensitivity/raw/dp0.45_k-0.3_n4000_r15_m2000.rds
    log: logs/bias_sensitivity/run_dp0.45_k-0.3_n4000_r15_m2000.log
    jobid: 700
    reason: Missing output files: results/bias_sensitivity/raw/dp0.45_k-0.3_n4000_r15_m2000.rds
    wildcards: cell=dp0.45_k-0.3_n4000_r15_m2000
    threads: 2
    resources: tmpdir=/tmp

[Wed Sep  2 05:51:34 2026]
Finished job 1872.
1571 of 1923 steps (82%) done
Select jobs to execute...
Execute 1 jobs...

[Wed Sep  2 05:51:34 2026]
localrule run_cell:
    output: results/bias_sensitivity/raw/dp0.4_k0.3_n10000_r15_m2000.rds
    log: logs/bias_sensitivity/run_dp0.4_k0.3_n10000_r15_m2000.log
    jobid: 820
    reason: Missing output files: results/bias_sensitivity/raw/dp0.4_k0.3_n10000_r15_m2000.rds
    wildcards: cell=dp0.4_k0.3_n10000_r15_m2000
    threads: 2
    resources: tmpdir=/tmp

[Wed Sep  2 05:51:58 2026]
Finished job 22.
1572 of 1923 steps (82%) done
Select jobs to execute...
Execute 1 jobs...

[Wed Sep  2 05:51:58 2026]
localrule run_cell:
    output: results/bias_sensitivity/raw/dp0.65_k-0.3_n10000_r15_m2000.rds
    log: logs/bias_sensitivity/run_dp0.65_k-0.3_n10000_r15_m2000.log
    jobid: 1060
    reason: Missing output files: results/bias_sensitivity/raw/dp0.65_k-0.3_n10000_r15_m2000.rds
    wildcards: cell=dp0.65_k-0.3_n10000_r15_m2000
    threads: 2
    resources: tmpdir=/tmp

[Wed Sep  2 05:52:00 2026]
Finished job 1179.
1573 of 1923 steps (82%) done
Select jobs to execute...
Execute 1 jobs...

[Wed Sep  2 05:52:00 2026]
localrule run_cell:
    output: results/bias_sensitivity/raw/dp0.9_k0.3_n10000_r15_m2000.rds
    log: logs/bias_sensitivity/run_dp0.9_k0.3_n10000_r15_m2000.log
    jobid: 1780
    reason: Missing output files: results/bias_sensitivity/raw/dp0.9_k0.3_n10000_r15_m2000.rds
    wildcards: cell=dp0.9_k0.3_n10000_r15_m2000
    threads: 2
    resources: tmpdir=/tmp

[Wed Sep  2 05:52:08 2026]
Finished job 818.
1574 of 1923 steps (82%) done
Select jobs to execute...
Execute 1 jobs...

[Wed Sep  2 05:52:08 2026]
localrule run_cell:
    output: results/bias_sensitivity/raw/dp0.05_k-0.3_n2000_r20_m4000.rds
    log: logs/bias_sensitivity/run_dp0.05_k-0.3_n2000_r20_m4000.log
    jobid: 23
    reason: Missing output files: results/bias_sensitivity/raw/dp0.05_k-0.3_n2000_r20_m4000.rds
    wildcards: cell=dp0.05_k-0.3_n2000_r20_m4000
    threads: 2
    resources: tmpdir=/tmp

[Wed Sep  2 05:52:20 2026]
Finished job 1463.
1575 of 1923 steps (82%) done
Select jobs to execute...
Execute 1 jobs...

[Wed Sep  2 05:52:20 2026]
localrule run_cell:
    output: results/bias_sensitivity/raw/dp0.1_k-0.3_n1000_r10_m4000.rds
    log: logs/bias_sensitivity/run_dp0.1_k-0.3_n1000_r10_m4000.log
    jobid: 203
    reason: Missing output files: results/bias_sensitivity/raw/dp0.1_k-0.3_n1000_r10_m4000.rds
    wildcards: cell=dp0.1_k-0.3_n1000_r10_m4000
    threads: 2
    resources: tmpdir=/tmp

[Wed Sep  2 05:53:09 2026]
Finished job 400.
1576 of 1923 steps (82%) done
Select jobs to execute...
Execute 1 jobs...

[Wed Sep  2 05:53:09 2026]
localrule run_cell:
    output: results/bias_sensitivity/raw/dp0.25_k0.3_n8000_r20_m4000.rds
    log: logs/bias_sensitivity/run_dp0.25_k0.3_n8000_r20_m4000.log
    jobid: 383
    reason: Missing output files: results/bias_sensitivity/raw/dp0.25_k0.3_n8000_r20_m4000.rds
    wildcards: cell=dp0.25_k0.3_n8000_r20_m4000
    threads: 2
    resources: tmpdir=/tmp

[Wed Sep  2 05:54:27 2026]
Finished job 629.
1577 of 1923 steps (82%) done
Select jobs to execute...
Execute 1 jobs...

[Wed Sep  2 05:54:27 2026]
localrule run_cell:
    output: results/bias_sensitivity/raw/dp0.35_k-0.3_n2000_r20_m4000.rds
    log: logs/bias_sensitivity/run_dp0.35_k-0.3_n2000_r20_m4000.log
    jobid: 503
    reason: Missing output files: results/bias_sensitivity/raw/dp0.35_k-0.3_n2000_r20_m4000.rds
    wildcards: cell=dp0.35_k-0.3_n2000_r20_m4000
    threads: 2
    resources: tmpdir=/tmp

[Wed Sep  2 05:54:29 2026]
Finished job 630.
1578 of 1923 steps (82%) done
Select jobs to execute...
Execute 1 jobs...

[Wed Sep  2 05:54:29 2026]
localrule run_cell:
    output: results/bias_sensitivity/raw/dp0.3_k-0.3_n8000_r20_m4000.rds
    log: logs/bias_sensitivity/run_dp0.3_k-0.3_n8000_r20_m4000.log
    jobid: 623
    reason: Missing output files: results/bias_sensitivity/raw/dp0.3_k-0.3_n8000_r20_m4000.rds
    wildcards: cell=dp0.3_k-0.3_n8000_r20_m4000
    threads: 2
    resources: tmpdir=/tmp

[Wed Sep  2 05:55:21 2026]
Finished job 203.
1579 of 1923 steps (82%) done
Select jobs to execute...
Execute 1 jobs...

[Wed Sep  2 05:55:21 2026]
localrule run_cell:
    output: results/bias_sensitivity/raw/dp0.6_k0.3_n2000_r20_m4000.rds
    log: logs/bias_sensitivity/run_dp0.6_k0.3_n2000_r20_m4000.log
    jobid: 1223
    reason: Missing output files: results/bias_sensitivity/raw/dp0.6_k0.3_n2000_r20_m4000.rds
    wildcards: cell=dp0.6_k0.3_n2000_r20_m4000
    threads: 2
    resources: tmpdir=/tmp

[Wed Sep  2 05:55:37 2026]
Finished job 390.
1580 of 1923 steps (82%) done
Select jobs to execute...
Execute 1 jobs...

[Wed Sep  2 05:55:37 2026]
localrule run_cell:
    output: results/bias_sensitivity/raw/dp0.15_k-0.3_n8000_r20_m4000.rds
    log: logs/bias_sensitivity/run_dp0.15_k-0.3_n8000_r20_m4000.log
    jobid: 143
    reason: Missing output files: results/bias_sensitivity/raw/dp0.15_k-0.3_n8000_r20_m4000.rds
    wildcards: cell=dp0.15_k-0.3_n8000_r20_m4000
    threads: 2
    resources: tmpdir=/tmp

[Wed Sep  2 05:56:03 2026]
Finished job 150.
1581 of 1923 steps (82%) done
Select jobs to execute...
Execute 1 jobs...

[Wed Sep  2 05:56:03 2026]
localrule run_cell:
    output: results/bias_sensitivity/raw/dp0.2_k0.3_n1000_r10_m4000.rds
    log: logs/bias_sensitivity/run_dp0.2_k0.3_n1000_r10_m4000.log
    jobid: 443
    reason: Missing output files: results/bias_sensitivity/raw/dp0.2_k0.3_n1000_r10_m4000.rds
    wildcards: cell=dp0.2_k0.3_n1000_r10_m4000
    threads: 2
    resources: tmpdir=/tmp

[Wed Sep  2 05:57:01 2026]
Finished job 1617.
1582 of 1923 steps (82%) done
Select jobs to execute...
Execute 1 jobs...

[Wed Sep  2 05:57:01 2026]
localrule run_cell:
    output: results/bias_sensitivity/raw/dp0.45_k-0.3_n1000_r10_m4000.rds
    log: logs/bias_sensitivity/run_dp0.45_k-0.3_n1000_r10_m4000.log
    jobid: 683
    reason: Missing output files: results/bias_sensitivity/raw/dp0.45_k-0.3_n1000_r10_m4000.rds
    wildcards: cell=dp0.45_k-0.3_n1000_r10_m4000
    threads: 2
    resources: tmpdir=/tmp

[Wed Sep  2 05:57:17 2026]
Finished job 78.
1583 of 1923 steps (82%) done
Select jobs to execute...
Execute 1 jobs...

[Wed Sep  2 05:57:17 2026]
localrule run_cell:
    output: results/bias_sensitivity/raw/dp0.9_k-0.3_n6000_r10_m4000.rds
    log: logs/bias_sensitivity/run_dp0.9_k-0.3_n6000_r10_m4000.log
    jobid: 1763
    reason: Missing output files: results/bias_sensitivity/raw/dp0.9_k-0.3_n6000_r10_m4000.rds
    wildcards: cell=dp0.9_k-0.3_n6000_r10_m4000
    threads: 2
    resources: tmpdir=/tmp

[Wed Sep  2 05:57:37 2026]
Finished job 897.
1584 of 1923 steps (82%) done
Select jobs to execute...
Execute 1 jobs...

[Wed Sep  2 05:57:37 2026]
localrule run_cell:
    output: results/bias_sensitivity/raw/dp0.45_k-0.3_n4000_r5_m2000.rds
    log: logs/bias_sensitivity/run_dp0.45_k-0.3_n4000_r5_m2000.log
    jobid: 704
    reason: Missing output files: results/bias_sensitivity/raw/dp0.45_k-0.3_n4000_r5_m2000.rds
    wildcards: cell=dp0.45_k-0.3_n4000_r5_m2000
    threads: 2
    resources: tmpdir=/tmp

[Wed Sep  2 05:57:50 2026]
Finished job 318.
1585 of 1923 steps (82%) done
Select jobs to execute...
Execute 1 jobs...

[Wed Sep  2 05:57:50 2026]
localrule run_cell:
    output: results/bias_sensitivity/raw/dp0.4_k0.3_n10000_r5_m2000.rds
    log: logs/bias_sensitivity/run_dp0.4_k0.3_n10000_r5_m2000.log
    jobid: 824
    reason: Missing output files: results/bias_sensitivity/raw/dp0.4_k0.3_n10000_r5_m2000.rds
    wildcards: cell=dp0.4_k0.3_n10000_r5_m2000
    threads: 2
    resources: tmpdir=/tmp

[Wed Sep  2 05:58:59 2026]
Finished job 1180.
1586 of 1923 steps (82%) done
Select jobs to execute...
Execute 1 jobs...

[Wed Sep  2 05:58:59 2026]
localrule run_cell:
    output: results/bias_sensitivity/raw/dp0.9_k0.3_n10000_r5_m2000.rds
    log: logs/bias_sensitivity/run_dp0.9_k0.3_n10000_r5_m2000.log
    jobid: 1784
    reason: Missing output files: results/bias_sensitivity/raw/dp0.9_k0.3_n10000_r5_m2000.rds
    wildcards: cell=dp0.9_k0.3_n10000_r5_m2000
    threads: 2
    resources: tmpdir=/tmp

[Wed Sep  2 05:59:07 2026]
Finished job 443.
1587 of 1923 steps (83%) done
Select jobs to execute...
Execute 1 jobs...

[Wed Sep  2 05:59:07 2026]
localrule run_cell:
    output: results/bias_sensitivity/raw/dp0.05_k0.3_n2000_r10_m2000.rds
    log: logs/bias_sensitivity/run_dp0.05_k0.3_n2000_r10_m2000.log
    jobid: 66
    reason: Missing output files: results/bias_sensitivity/raw/dp0.05_k0.3_n2000_r10_m2000.rds
    wildcards: cell=dp0.05_k0.3_n2000_r10_m2000
    threads: 2
    resources: tmpdir=/tmp

[Wed Sep  2 06:00:13 2026]
Finished job 683.
1588 of 1923 steps (83%) done
Select jobs to execute...
Execute 1 jobs...

[Wed Sep  2 06:00:13 2026]
localrule run_cell:
    output: results/bias_sensitivity/raw/dp0.15_k-0.3_n4000_r20_m2000.rds
    log: logs/bias_sensitivity/run_dp0.15_k-0.3_n4000_r20_m2000.log
    jobid: 126
    reason: Missing output files: results/bias_sensitivity/raw/dp0.15_k-0.3_n4000_r20_m2000.rds
    wildcards: cell=dp0.15_k-0.3_n4000_r20_m2000
    threads: 2
    resources: tmpdir=/tmp

[Wed Sep  2 06:00:21 2026]
Finished job 1675.
1589 of 1923 steps (83%) done
Select jobs to execute...
Execute 1 jobs...

[Wed Sep  2 06:00:21 2026]
localrule run_cell:
    output: results/bias_sensitivity/raw/dp0.1_k0.3_n10000_r20_m2000.rds
    log: logs/bias_sensitivity/run_dp0.1_k0.3_n10000_r20_m2000.log
    jobid: 246
    reason: Missing output files: results/bias_sensitivity/raw/dp0.1_k0.3_n10000_r20_m2000.rds
    wildcards: cell=dp0.1_k0.3_n10000_r20_m2000
    threads: 2
    resources: tmpdir=/tmp

[Wed Sep  2 06:00:25 2026]
Finished job 460.
1590 of 1923 steps (83%) done
Select jobs to execute...
Execute 1 jobs...

[Wed Sep  2 06:00:25 2026]
localrule run_cell:
    output: results/bias_sensitivity/raw/dp0.25_k-0.3_n2000_r10_m2000.rds
    log: logs/bias_sensitivity/run_dp0.25_k-0.3_n2000_r10_m2000.log
    jobid: 306
    reason: Missing output files: results/bias_sensitivity/raw/dp0.25_k-0.3_n2000_r10_m2000.rds
    wildcards: cell=dp0.25_k-0.3_n2000_r10_m2000
    threads: 2
    resources: tmpdir=/tmp

[Wed Sep  2 06:00:32 2026]
Finished job 142.
1591 of 1923 steps (83%) done
Select jobs to execute...
Execute 1 jobs...

[Wed Sep  2 06:00:32 2026]
localrule run_cell:
    output: results/bias_sensitivity/raw/dp0.65_k-0.3_n4000_r20_m2000.rds
    log: logs/bias_sensitivity/run_dp0.65_k-0.3_n4000_r20_m2000.log
    jobid: 1086
    reason: Missing output files: results/bias_sensitivity/raw/dp0.65_k-0.3_n4000_r20_m2000.rds
    wildcards: cell=dp0.65_k-0.3_n4000_r20_m2000
    threads: 2
    resources: tmpdir=/tmp

[Wed Sep  2 06:00:43 2026]
Finished job 23.
1592 of 1923 steps (83%) done
Select jobs to execute...
Execute 1 jobs...

[Wed Sep  2 06:00:43 2026]
localrule run_cell:
    output: results/bias_sensitivity/raw/dp0.05_k-0.3_n10000_r20_m2000.rds
    log: logs/bias_sensitivity/run_dp0.05_k-0.3_n10000_r20_m2000.log
    jobid: 6
    reason: Missing output files: results/bias_sensitivity/raw/dp0.05_k-0.3_n10000_r20_m2000.rds
    wildcards: cell=dp0.05_k-0.3_n10000_r20_m2000
    threads: 2
    resources: tmpdir=/tmp

[Wed Sep  2 06:01:06 2026]
Finished job 775.
1593 of 1923 steps (83%) done
Select jobs to execute...
Execute 1 jobs...

[Wed Sep  2 06:01:06 2026]
localrule run_cell:
    output: results/bias_sensitivity/raw/dp0.25_k0.3_n4000_r20_m2000.rds
    log: logs/bias_sensitivity/run_dp0.25_k0.3_n4000_r20_m2000.log
    jobid: 366
    reason: Missing output files: results/bias_sensitivity/raw/dp0.25_k0.3_n4000_r20_m2000.rds
    wildcards: cell=dp0.25_k0.3_n4000_r20_m2000
    threads: 2
    resources: tmpdir=/tmp

[Wed Sep  2 06:01:13 2026]
Finished job 700.
1594 of 1923 steps (83%) done
Select jobs to execute...
Execute 1 jobs...

[Wed Sep  2 06:01:13 2026]
localrule run_cell:
    output: results/bias_sensitivity/raw/dp0.35_k-0.3_n10000_r20_m2000.rds
    log: logs/bias_sensitivity/run_dp0.35_k-0.3_n10000_r20_m2000.log
    jobid: 486
    reason: Missing output files: results/bias_sensitivity/raw/dp0.35_k-0.3_n10000_r20_m2000.rds
    wildcards: cell=dp0.35_k-0.3_n10000_r20_m2000
    threads: 2
    resources: tmpdir=/tmp

[Wed Sep  2 06:01:27 2026]
Finished job 1300.
1595 of 1923 steps (83%) done
Select jobs to execute...
Execute 1 jobs...

[Wed Sep  2 06:01:27 2026]
localrule run_cell:
    output: results/bias_sensitivity/raw/dp0.3_k-0.3_n4000_r20_m2000.rds
    log: logs/bias_sensitivity/run_dp0.3_k-0.3_n4000_r20_m2000.log
    jobid: 606
    reason: Missing output files: results/bias_sensitivity/raw/dp0.3_k-0.3_n4000_r20_m2000.rds
    wildcards: cell=dp0.3_k-0.3_n4000_r20_m2000
    threads: 2
    resources: tmpdir=/tmp

[Wed Sep  2 06:01:42 2026]
Finished job 503.
1596 of 1923 steps (83%) done
Select jobs to execute...
Execute 1 jobs...

[Wed Sep  2 06:01:42 2026]
localrule run_cell:
    output: results/bias_sensitivity/raw/dp0.3_k0.3_n8000_r10_m2000.rds
    log: logs/bias_sensitivity/run_dp0.3_k0.3_n8000_r10_m2000.log
    jobid: 666
    reason: Missing output files: results/bias_sensitivity/raw/dp0.3_k0.3_n8000_r10_m2000.rds
    wildcards: cell=dp0.3_k0.3_n8000_r10_m2000
    threads: 2
    resources: tmpdir=/tmp

[Wed Sep  2 06:02:01 2026]
Finished job 622.
1597 of 1923 steps (83%) done
Select jobs to execute...
Execute 1 jobs...

[Wed Sep  2 06:02:01 2026]
localrule run_cell:
    output: results/bias_sensitivity/raw/dp0.4_k0.3_n4000_r20_m2000.rds
    log: logs/bias_sensitivity/run_dp0.4_k0.3_n4000_r20_m2000.log
    jobid: 846
    reason: Missing output files: results/bias_sensitivity/raw/dp0.4_k0.3_n4000_r20_m2000.rds
    wildcards: cell=dp0.4_k0.3_n4000_r20_m2000
    threads: 2
    resources: tmpdir=/tmp

[Wed Sep  2 06:02:08 2026]
Finished job 1735.
1598 of 1923 steps (83%) done
Select jobs to execute...
Execute 1 jobs...

[Wed Sep  2 06:02:08 2026]
localrule run_cell:
    output: results/bias_sensitivity/raw/dp0.75_k0.3_n4000_r20_m2000.rds
    log: logs/bias_sensitivity/run_dp0.75_k0.3_n4000_r20_m2000.log
    jobid: 1326
    reason: Missing output files: results/bias_sensitivity/raw/dp0.75_k0.3_n4000_r20_m2000.rds
    wildcards: cell=dp0.75_k0.3_n4000_r20_m2000
    threads: 2
    resources: tmpdir=/tmp

[Wed Sep  2 06:02:29 2026]
Finished job 1779.
1599 of 1923 steps (83%) done
Select jobs to execute...
Execute 1 jobs...

[Wed Sep  2 06:02:29 2026]
localrule run_cell:
    output: results/bias_sensitivity/raw/dp0.3_k-0.3_n1000_r15_m4000.rds
    log: logs/bias_sensitivity/run_dp0.3_k-0.3_n1000_r15_m4000.log
    jobid: 589
    reason: Missing output files: results/bias_sensitivity/raw/dp0.3_k-0.3_n1000_r15_m4000.rds
    wildcards: cell=dp0.3_k-0.3_n1000_r15_m4000
    threads: 2
    resources: tmpdir=/tmp

[Wed Sep  2 06:02:37 2026]
Finished job 1736.
1600 of 1923 steps (83%) done
Select jobs to execute...
Execute 1 jobs...

[Wed Sep  2 06:02:37 2026]
localrule run_cell:
    output: results/bias_sensitivity/raw/dp0.4_k0.3_n1000_r15_m4000.rds
    log: logs/bias_sensitivity/run_dp0.4_k0.3_n1000_r15_m4000.log
    jobid: 829
    reason: Missing output files: results/bias_sensitivity/raw/dp0.4_k0.3_n1000_r15_m4000.rds
    wildcards: cell=dp0.4_k0.3_n1000_r15_m4000
    threads: 2
    resources: tmpdir=/tmp

[Wed Sep  2 06:02:40 2026]
Finished job 1223.
1601 of 1923 steps (83%) done
Select jobs to execute...
Execute 1 jobs...

[Wed Sep  2 06:02:40 2026]
localrule run_cell:
    output: results/bias_sensitivity/raw/dp0.55_k-0.3_n2000_r5_m4000.rds
    log: logs/bias_sensitivity/run_dp0.55_k-0.3_n2000_r5_m4000.log
    jobid: 889
    reason: Missing output files: results/bias_sensitivity/raw/dp0.55_k-0.3_n2000_r5_m4000.rds
    wildcards: cell=dp0.55_k-0.3_n2000_r5_m4000
    threads: 2
    resources: tmpdir=/tmp

[Wed Sep  2 06:03:04 2026]
Finished job 485.
1602 of 1923 steps (83%) done
Select jobs to execute...
Execute 1 jobs...

[Wed Sep  2 06:03:04 2026]
localrule run_cell:
    output: results/bias_sensitivity/raw/dp0.2_k-0.3_n2000_r5_m4000.rds
    log: logs/bias_sensitivity/run_dp0.2_k-0.3_n2000_r5_m4000.log
    jobid: 409
    reason: Missing output files: results/bias_sensitivity/raw/dp0.2_k-0.3_n2000_r5_m4000.rds
    wildcards: cell=dp0.2_k-0.3_n2000_r5_m4000
    threads: 2
    resources: tmpdir=/tmp

[Wed Sep  2 06:03:26 2026]
Finished job 1629.
1603 of 1923 steps (83%) done
Select jobs to execute...
Execute 1 jobs...

[Wed Sep  2 06:03:26 2026]
localrule run_cell:
    output: results/bias_sensitivity/raw/dp0.35_k-0.3_n8000_r5_m4000.rds
    log: logs/bias_sensitivity/run_dp0.35_k-0.3_n8000_r5_m4000.log
    jobid: 529
    reason: Missing output files: results/bias_sensitivity/raw/dp0.35_k-0.3_n8000_r5_m4000.rds
    wildcards: cell=dp0.35_k-0.3_n8000_r5_m4000
    threads: 2
    resources: tmpdir=/tmp

[Wed Sep  2 06:04:38 2026]
Finished job 280.
1604 of 1923 steps (83%) done
Select jobs to execute...
Execute 1 jobs...

[Wed Sep  2 06:04:38 2026]
localrule run_cell:
    output: results/bias_sensitivity/raw/dp0.3_k0.3_n2000_r5_m4000.rds
    log: logs/bias_sensitivity/run_dp0.3_k0.3_n2000_r5_m4000.log
    jobid: 649
    reason: Missing output files: results/bias_sensitivity/raw/dp0.3_k0.3_n2000_r5_m4000.rds
    wildcards: cell=dp0.3_k0.3_n2000_r5_m4000
    threads: 2
    resources: tmpdir=/tmp

[Wed Sep  2 06:05:07 2026]
Finished job 98.
1605 of 1923 steps (83%) done
Select jobs to execute...
Execute 1 jobs...

[Wed Sep  2 06:05:07 2026]
localrule run_cell:
    output: results/bias_sensitivity/raw/dp0.65_k-0.3_n1000_r15_m4000.rds
    log: logs/bias_sensitivity/run_dp0.65_k-0.3_n1000_r15_m4000.log
    jobid: 1069
    reason: Missing output files: results/bias_sensitivity/raw/dp0.65_k-0.3_n1000_r15_m4000.rds
    wildcards: cell=dp0.65_k-0.3_n1000_r15_m4000
    threads: 2
    resources: tmpdir=/tmp

[Wed Sep  2 06:05:34 2026]
Finished job 589.
1606 of 1923 steps (84%) done
Select jobs to execute...
Execute 1 jobs...

[Wed Sep  2 06:05:34 2026]
localrule run_cell:
    output: results/bias_sensitivity/raw/dp0.6_k-0.3_n6000_r15_m4000.rds
    log: logs/bias_sensitivity/run_dp0.6_k-0.3_n6000_r15_m4000.log
    jobid: 1189
    reason: Missing output files: results/bias_sensitivity/raw/dp0.6_k-0.3_n6000_r15_m4000.rds
    wildcards: cell=dp0.6_k-0.3_n6000_r15_m4000
    threads: 2
    resources: tmpdir=/tmp

[Wed Sep  2 06:05:46 2026]
Finished job 829.
1607 of 1923 steps (84%) done
Select jobs to execute...
Execute 1 jobs...

[Wed Sep  2 06:05:46 2026]
localrule run_cell:
    output: results/bias_sensitivity/raw/dp0.75_k0.3_n1000_r15_m4000.rds
    log: logs/bias_sensitivity/run_dp0.75_k0.3_n1000_r15_m4000.log
    jobid: 1309
    reason: Missing output files: results/bias_sensitivity/raw/dp0.75_k0.3_n1000_r15_m4000.rds
    wildcards: cell=dp0.75_k0.3_n1000_r15_m4000
    threads: 2
    resources: tmpdir=/tmp

[Wed Sep  2 06:06:03 2026]
Finished job 66.
1608 of 1923 steps (84%) done
Select jobs to execute...
Execute 1 jobs...

[Wed Sep  2 06:06:03 2026]
localrule run_cell:
    output: results/bias_sensitivity/raw/dp0.9_k0.3_n1000_r15_m4000.rds
    log: logs/bias_sensitivity/run_dp0.9_k0.3_n1000_r15_m4000.log
    jobid: 1789
    reason: Missing output files: results/bias_sensitivity/raw/dp0.9_k0.3_n1000_r15_m4000.rds
    wildcards: cell=dp0.9_k0.3_n1000_r15_m4000
    threads: 2
    resources: tmpdir=/tmp

[Wed Sep  2 06:06:35 2026]
Finished job 1765.
1609 of 1923 steps (84%) done
Select jobs to execute...
Execute 1 jobs...

[Wed Sep  2 06:06:35 2026]
localrule run_cell:
    output: results/bias_sensitivity/raw/dp0.15_k0.3_n10000_r5_m2000.rds
    log: logs/bias_sensitivity/run_dp0.15_k0.3_n10000_r5_m2000.log
    jobid: 152
    reason: Missing output files: results/bias_sensitivity/raw/dp0.15_k0.3_n10000_r5_m2000.rds
    wildcards: cell=dp0.15_k0.3_n10000_r5_m2000
    threads: 2
    resources: tmpdir=/tmp

[Wed Sep  2 06:07:14 2026]
Finished job 704.
1610 of 1923 steps (84%) done
Select jobs to execute...
Execute 1 jobs...

[Wed Sep  2 06:07:14 2026]
localrule run_cell:
    output: results/bias_sensitivity/raw/dp0.2_k-0.3_n10000_r5_m2000.rds
    log: logs/bias_sensitivity/run_dp0.2_k-0.3_n10000_r5_m2000.log
    jobid: 392
    reason: Missing output files: results/bias_sensitivity/raw/dp0.2_k-0.3_n10000_r5_m2000.rds
    wildcards: cell=dp0.2_k-0.3_n10000_r5_m2000
    threads: 2
    resources: tmpdir=/tmp

[Wed Sep  2 06:07:43 2026]
Finished job 1881.
1611 of 1923 steps (84%) done
Select jobs to execute...
Execute 1 jobs...

[Wed Sep  2 06:07:43 2026]
localrule run_cell:
    output: results/bias_sensitivity/raw/dp0.35_k0.3_n8000_r15_m2000.rds
    log: logs/bias_sensitivity/run_dp0.35_k0.3_n8000_r15_m2000.log
    jobid: 572
    reason: Missing output files: results/bias_sensitivity/raw/dp0.35_k0.3_n8000_r15_m2000.rds
    wildcards: cell=dp0.35_k0.3_n8000_r15_m2000
    threads: 2
    resources: tmpdir=/tmp

[Wed Sep  2 06:08:01 2026]
Finished job 306.
1612 of 1923 steps (84%) done
Select jobs to execute...
Execute 1 jobs...

[Wed Sep  2 06:08:01 2026]
localrule run_cell:
    output: results/bias_sensitivity/raw/dp0.3_k0.3_n10000_r5_m2000.rds
    log: logs/bias_sensitivity/run_dp0.3_k0.3_n10000_r5_m2000.log
    jobid: 632
    reason: Missing output files: results/bias_sensitivity/raw/dp0.3_k0.3_n10000_r5_m2000.rds
    wildcards: cell=dp0.3_k0.3_n10000_r5_m2000
    threads: 2
    resources: tmpdir=/tmp

[Wed Sep  2 06:08:05 2026]
Finished job 681.
1613 of 1923 steps (84%) done
Select jobs to execute...
Execute 1 jobs...

[Wed Sep  2 06:08:05 2026]
localrule run_cell:
    output: results/bias_sensitivity/raw/dp0.45_k0.3_n4000_r5_m2000.rds
    log: logs/bias_sensitivity/run_dp0.45_k0.3_n4000_r5_m2000.log
    jobid: 752
    reason: Missing output files: results/bias_sensitivity/raw/dp0.45_k0.3_n4000_r5_m2000.rds
    wildcards: cell=dp0.45_k0.3_n4000_r5_m2000
    threads: 2
    resources: tmpdir=/tmp

[Wed Sep  2 06:08:20 2026]
Finished job 1069.
1614 of 1923 steps (84%) done
Select jobs to execute...
Execute 1 jobs...

[Wed Sep  2 06:08:20 2026]
localrule run_cell:
    output: results/bias_sensitivity/raw/dp0.4_k-0.3_n8000_r15_m2000.rds
    log: logs/bias_sensitivity/run_dp0.4_k-0.3_n8000_r15_m2000.log
    jobid: 812
    reason: Missing output files: results/bias_sensitivity/raw/dp0.4_k-0.3_n8000_r15_m2000.rds
    wildcards: cell=dp0.4_k-0.3_n8000_r15_m2000
    threads: 2
    resources: tmpdir=/tmp

[Wed Sep  2 06:09:00 2026]
Finished job 126.
1615 of 1923 steps (84%) done
Select jobs to execute...
Execute 1 jobs...

[Wed Sep  2 06:09:00 2026]
localrule run_cell:
    output: results/bias_sensitivity/raw/dp0.55_k0.3_n2000_r15_m2000.rds
    log: logs/bias_sensitivity/run_dp0.55_k0.3_n2000_r15_m2000.log
    jobid: 932
    reason: Missing output files: results/bias_sensitivity/raw/dp0.55_k0.3_n2000_r15_m2000.rds
    wildcards: cell=dp0.55_k0.3_n2000_r15_m2000
    threads: 2
    resources: tmpdir=/tmp

[Wed Sep  2 06:09:05 2026]
Finished job 1309.
1616 of 1923 steps (84%) done
Select jobs to execute...
Execute 1 jobs...

[Wed Sep  2 06:09:05 2026]
localrule run_cell:
    output: results/bias_sensitivity/raw/dp0.5_k0.3_n8000_r15_m2000.rds
    log: logs/bias_sensitivity/run_dp0.5_k0.3_n8000_r15_m2000.log
    jobid: 1052
    reason: Missing output files: results/bias_sensitivity/raw/dp0.5_k0.3_n8000_r15_m2000.rds
    wildcards: cell=dp0.5_k0.3_n8000_r15_m2000
    threads: 2
    resources: tmpdir=/tmp

[Wed Sep  2 06:09:20 2026]
Finished job 1789.
1617 of 1923 steps (84%) done
Select jobs to execute...
Execute 1 jobs...

[Wed Sep  2 06:09:20 2026]
localrule run_cell:
    output: results/bias_sensitivity/raw/dp1_k0.3_n10000_r10_m4000.rds
    log: logs/bias_sensitivity/run_dp1_k0.3_n10000_r10_m4000.log
    jobid: 1875
    reason: Missing output files: results/bias_sensitivity/raw/dp1_k0.3_n10000_r10_m4000.rds
    wildcards: cell=dp1_k0.3_n10000_r10_m4000
    threads: 2
    resources: tmpdir=/tmp

[Wed Sep  2 06:09:28 2026]
Finished job 100.
1618 of 1923 steps (84%) done
Select jobs to execute...
Execute 1 jobs...

[Wed Sep  2 06:09:28 2026]
localrule run_cell:
    output: results/bias_sensitivity/raw/dp0.8_k-0.3_n6000_r20_m4000.rds
    log: logs/bias_sensitivity/run_dp0.8_k-0.3_n6000_r20_m4000.log
    jobid: 1575
    reason: Missing output files: results/bias_sensitivity/raw/dp0.8_k-0.3_n6000_r20_m4000.rds
    wildcards: cell=dp0.8_k-0.3_n6000_r20_m4000
    threads: 2
    resources: tmpdir=/tmp

[Wed Sep  2 06:09:40 2026]
Finished job 889.
1619 of 1923 steps (84%) done
Select jobs to execute...
Execute 1 jobs...

[Wed Sep  2 06:09:40 2026]
localrule run_cell:
    output: results/bias_sensitivity/raw/dp0.9_k-0.3_n4000_r10_m4000.rds
    log: logs/bias_sensitivity/run_dp0.9_k-0.3_n4000_r10_m4000.log
    jobid: 1755
    reason: Missing output files: results/bias_sensitivity/raw/dp0.9_k-0.3_n4000_r10_m4000.rds
    wildcards: cell=dp0.9_k-0.3_n4000_r10_m4000
    threads: 2
    resources: tmpdir=/tmp

[Wed Sep  2 06:10:03 2026]
Finished job 1573.
1620 of 1923 steps (84%) done
Select jobs to execute...
Execute 1 jobs...

[Wed Sep  2 06:10:03 2026]
localrule run_cell:
    output: results/bias_sensitivity/raw/dp0.85_k-0.3_n1000_r20_m4000.rds
    log: logs/bias_sensitivity/run_dp0.85_k-0.3_n1000_r20_m4000.log
    jobid: 1455
    reason: Missing output files: results/bias_sensitivity/raw/dp0.85_k-0.3_n1000_r20_m4000.rds
    wildcards: cell=dp0.85_k-0.3_n1000_r20_m4000
    threads: 2
    resources: tmpdir=/tmp

[Wed Sep  2 06:10:10 2026]
Finished job 409.
1621 of 1923 steps (84%) done
Select jobs to execute...
Execute 1 jobs...

[Wed Sep  2 06:10:10 2026]
localrule run_cell:
    output: results/bias_sensitivity/raw/dp0.6_k-0.3_n10000_r10_m4000.rds
    log: logs/bias_sensitivity/run_dp0.6_k-0.3_n10000_r10_m4000.log
    jobid: 1155
    reason: Missing output files: results/bias_sensitivity/raw/dp0.6_k-0.3_n10000_r10_m4000.rds
    wildcards: cell=dp0.6_k-0.3_n10000_r10_m4000
    threads: 2
    resources: tmpdir=/tmp

[Wed Sep  2 06:10:44 2026]
Finished job 201.
1622 of 1923 steps (84%) done
Select jobs to execute...
Execute 1 jobs...

[Wed Sep  2 06:10:44 2026]
localrule run_cell:
    output: results/bias_sensitivity/raw/dp0.05_k0.3_n4000_r10_m4000.rds
    log: logs/bias_sensitivity/run_dp0.05_k0.3_n4000_r10_m4000.log
    jobid: 75
    reason: Missing output files: results/bias_sensitivity/raw/dp0.05_k0.3_n4000_r10_m4000.rds
    wildcards: cell=dp0.05_k0.3_n4000_r10_m4000
    threads: 2
    resources: tmpdir=/tmp

[Wed Sep  2 06:10:45 2026]
Finished job 1086.
1623 of 1923 steps (84%) done
Select jobs to execute...
Execute 1 jobs...

[Wed Sep  2 06:10:45 2026]
localrule run_cell:
    output: results/bias_sensitivity/raw/dp0.25_k-0.3_n4000_r10_m4000.rds
    log: logs/bias_sensitivity/run_dp0.25_k-0.3_n4000_r10_m4000.log
    jobid: 315
    reason: Missing output files: results/bias_sensitivity/raw/dp0.25_k-0.3_n4000_r10_m4000.rds
    wildcards: cell=dp0.25_k-0.3_n4000_r10_m4000
    threads: 2
    resources: tmpdir=/tmp

[Wed Sep  2 06:10:48 2026]
Finished job 606.
1624 of 1923 steps (84%) done
Select jobs to execute...
Execute 1 jobs...

[Wed Sep  2 06:10:48 2026]
localrule run_cell:
    output: results/bias_sensitivity/raw/dp0.25_k0.3_n6000_r20_m4000.rds
    log: logs/bias_sensitivity/run_dp0.25_k0.3_n6000_r20_m4000.log
    jobid: 375
    reason: Missing output files: results/bias_sensitivity/raw/dp0.25_k0.3_n6000_r20_m4000.rds
    wildcards: cell=dp0.25_k0.3_n6000_r20_m4000
    threads: 2
    resources: tmpdir=/tmp

[Wed Sep  2 06:11:13 2026]
Finished job 143.
1625 of 1923 steps (85%) done
Select jobs to execute...
Execute 1 jobs...

[Wed Sep  2 06:11:13 2026]
localrule run_cell:
    output: results/bias_sensitivity/raw/dp0.6_k0.3_n6000_r5_m4000.rds
    log: logs/bias_sensitivity/run_dp0.6_k0.3_n6000_r5_m4000.log
    jobid: 1241
    reason: Missing output files: results/bias_sensitivity/raw/dp0.6_k0.3_n6000_r5_m4000.rds
    wildcards: cell=dp0.6_k0.3_n6000_r5_m4000
    threads: 2
    resources: tmpdir=/tmp

[Wed Sep  2 06:11:13 2026]
Finished job 366.
1626 of 1923 steps (85%) done
Select jobs to execute...
Execute 1 jobs...

[Wed Sep  2 06:11:13 2026]
localrule run_cell:
    output: results/bias_sensitivity/raw/dp0.75_k0.3_n10000_r5_m2000.rds
    log: logs/bias_sensitivity/run_dp0.75_k0.3_n10000_r5_m2000.log
    jobid: 1304
    reason: Missing output files: results/bias_sensitivity/raw/dp0.75_k0.3_n10000_r5_m2000.rds
    wildcards: cell=dp0.75_k0.3_n10000_r5_m2000
    threads: 2
    resources: tmpdir=/tmp

[Wed Sep  2 06:11:16 2026]
Finished job 846.
1627 of 1923 steps (85%) done
Select jobs to execute...
Execute 1 jobs...

[Wed Sep  2 06:11:16 2026]
localrule run_cell:
    output: results/bias_sensitivity/raw/dp0.4_k-0.3_n1000_r10_m2000.rds
    log: logs/bias_sensitivity/run_dp0.4_k-0.3_n1000_r10_m2000.log
    jobid: 778
    reason: Missing output files: results/bias_sensitivity/raw/dp0.4_k-0.3_n1000_r10_m2000.rds
    wildcards: cell=dp0.4_k-0.3_n1000_r10_m2000
    threads: 2
    resources: tmpdir=/tmp

[Wed Sep  2 06:11:43 2026]
Finished job 373.
1628 of 1923 steps (85%) done
Select jobs to execute...
Execute 1 jobs...

[Wed Sep  2 06:11:43 2026]
localrule run_cell:
    output: results/bias_sensitivity/raw/dp0.55_k-0.3_n6000_r10_m2000.rds
    log: logs/bias_sensitivity/run_dp0.55_k-0.3_n6000_r10_m2000.log
    jobid: 898
    reason: Missing output files: results/bias_sensitivity/raw/dp0.55_k-0.3_n6000_r10_m2000.rds
    wildcards: cell=dp0.55_k-0.3_n6000_r10_m2000
    threads: 2
    resources: tmpdir=/tmp

[Wed Sep  2 06:11:47 2026]
Finished job 340.
1629 of 1923 steps (85%) done
Select jobs to execute...
Execute 1 jobs...

[Wed Sep  2 06:11:47 2026]
localrule run_cell:
    output: results/bias_sensitivity/raw/dp0.8_k0.3_n6000_r10_m2000.rds
    log: logs/bias_sensitivity/run_dp0.8_k0.3_n6000_r10_m2000.log
    jobid: 1618
    reason: Missing output files: results/bias_sensitivity/raw/dp0.8_k0.3_n6000_r10_m2000.rds
    wildcards: cell=dp0.8_k0.3_n6000_r10_m2000
    threads: 2
    resources: tmpdir=/tmp

[Wed Sep  2 06:11:48 2026]
Finished job 649.
1630 of 1923 steps (85%) done
Select jobs to execute...
Execute 1 jobs...

[Wed Sep  2 06:11:48 2026]
localrule run_cell:
    output: results/bias_sensitivity/raw/dp0.6_k-0.3_n8000_r20_m2000.rds
    log: logs/bias_sensitivity/run_dp0.6_k-0.3_n8000_r20_m2000.log
    jobid: 1198
    reason: Missing output files: results/bias_sensitivity/raw/dp0.6_k-0.3_n8000_r20_m2000.rds
    wildcards: cell=dp0.6_k-0.3_n8000_r20_m2000
    threads: 2
    resources: tmpdir=/tmp

[Wed Sep  2 06:11:52 2026]
Finished job 1326.
1631 of 1923 steps (85%) done
Select jobs to execute...
Execute 1 jobs...

[Wed Sep  2 06:11:52 2026]
localrule run_cell:
    output: results/bias_sensitivity/raw/dp0.95_k-0.3_n8000_r20_m2000.rds
    log: logs/bias_sensitivity/run_dp0.95_k-0.3_n8000_r20_m2000.log
    jobid: 1678
    reason: Missing output files: results/bias_sensitivity/raw/dp0.95_k-0.3_n8000_r20_m2000.rds
    wildcards: cell=dp0.95_k-0.3_n8000_r20_m2000
    threads: 2
    resources: tmpdir=/tmp

[Wed Sep  2 06:12:07 2026]
Finished job 1676.
1632 of 1923 steps (85%) done
Select jobs to execute...
Execute 1 jobs...

[Wed Sep  2 06:12:07 2026]
localrule run_cell:
    output: results/bias_sensitivity/raw/dp0.9_k-0.3_n1000_r10_m2000.rds
    log: logs/bias_sensitivity/run_dp0.9_k-0.3_n1000_r10_m2000.log
    jobid: 1738
    reason: Missing output files: results/bias_sensitivity/raw/dp0.9_k-0.3_n1000_r10_m2000.rds
    wildcards: cell=dp0.9_k-0.3_n1000_r10_m2000
    threads: 2
    resources: tmpdir=/tmp

[Wed Sep  2 06:12:12 2026]
Finished job 383.
1633 of 1923 steps (85%) done
Select jobs to execute...
Execute 1 jobs...

[Wed Sep  2 06:12:12 2026]
localrule run_cell:
    output: results/bias_sensitivity/raw/dp0.2_k0.3_n4000_r15_m4000.rds
    log: logs/bias_sensitivity/run_dp0.2_k0.3_n4000_r15_m4000.log
    jobid: 461
    reason: Missing output files: results/bias_sensitivity/raw/dp0.2_k0.3_n4000_r15_m4000.rds
    wildcards: cell=dp0.2_k0.3_n4000_r15_m4000
    threads: 2
    resources: tmpdir=/tmp

[Wed Sep  2 06:13:06 2026]
Finished job 381.
1634 of 1923 steps (85%) done
Select jobs to execute...
Execute 1 jobs...

[Wed Sep  2 06:13:06 2026]
localrule run_cell:
    output: results/bias_sensitivity/raw/dp0.45_k-0.3_n4000_r15_m4000.rds
    log: logs/bias_sensitivity/run_dp0.45_k-0.3_n4000_r15_m4000.log
    jobid: 701
    reason: Missing output files: results/bias_sensitivity/raw/dp0.45_k-0.3_n4000_r15_m4000.rds
    wildcards: cell=dp0.45_k-0.3_n4000_r15_m4000
    threads: 2
    resources: tmpdir=/tmp

[Wed Sep  2 06:13:16 2026]
Finished job 1455.
1635 of 1923 steps (85%) done
Select jobs to execute...
Execute 1 jobs...

[Wed Sep  2 06:13:16 2026]
localrule run_cell:
    output: results/bias_sensitivity/raw/dp0.65_k-0.3_n10000_r15_m4000.rds
    log: logs/bias_sensitivity/run_dp0.65_k-0.3_n10000_r15_m4000.log
    jobid: 1061
    reason: Missing output files: results/bias_sensitivity/raw/dp0.65_k-0.3_n10000_r15_m4000.rds
    wildcards: cell=dp0.65_k-0.3_n10000_r15_m4000
    threads: 2
    resources: tmpdir=/tmp

[Wed Sep  2 06:13:31 2026]
Finished job 1060.
1636 of 1923 steps (85%) done
Select jobs to execute...
Execute 1 jobs...

[Wed Sep  2 06:13:31 2026]
localrule run_cell:
    output: results/bias_sensitivity/raw/dp0.6_k-0.3_n4000_r15_m4000.rds
    log: logs/bias_sensitivity/run_dp0.6_k-0.3_n4000_r15_m4000.log
    jobid: 1181
    reason: Missing output files: results/bias_sensitivity/raw/dp0.6_k-0.3_n4000_r15_m4000.rds
    wildcards: cell=dp0.6_k-0.3_n4000_r15_m4000
    threads: 2
    resources: tmpdir=/tmp

[Wed Sep  2 06:14:25 2026]
Finished job 778.
1637 of 1923 steps (85%) done
Select jobs to execute...
Execute 1 jobs...

[Wed Sep  2 06:14:25 2026]
localrule run_cell:
    output: results/bias_sensitivity/raw/dp0.15_k-0.3_n10000_r15_m4000.rds
    log: logs/bias_sensitivity/run_dp0.15_k-0.3_n10000_r15_m4000.log
    jobid: 101
    reason: Missing output files: results/bias_sensitivity/raw/dp0.15_k-0.3_n10000_r15_m4000.rds
    wildcards: cell=dp0.15_k-0.3_n10000_r15_m4000
    threads: 2
    resources: tmpdir=/tmp

[Wed Sep  2 06:15:02 2026]
Finished job 1153.
1638 of 1923 steps (85%) done
Select jobs to execute...
Execute 1 jobs...

[Wed Sep  2 06:15:02 2026]
localrule run_cell:
    output: results/bias_sensitivity/raw/dp0.1_k0.3_n6000_r5_m4000.rds
    log: logs/bias_sensitivity/run_dp0.1_k0.3_n6000_r5_m4000.log
    jobid: 281
    reason: Missing output files: results/bias_sensitivity/raw/dp0.1_k0.3_n6000_r5_m4000.rds
    wildcards: cell=dp0.1_k0.3_n6000_r5_m4000
    threads: 2
    resources: tmpdir=/tmp

[Wed Sep  2 06:15:27 2026]
Finished job 1738.
1639 of 1923 steps (85%) done
Select jobs to execute...
Execute 1 jobs...

[Wed Sep  2 06:15:27 2026]
localrule run_cell:
    output: results/bias_sensitivity/raw/dp0.25_k0.3_n10000_r15_m4000.rds
    log: logs/bias_sensitivity/run_dp0.25_k0.3_n10000_r15_m4000.log
    jobid: 341
    reason: Missing output files: results/bias_sensitivity/raw/dp0.25_k0.3_n10000_r15_m4000.rds
    wildcards: cell=dp0.25_k0.3_n10000_r15_m4000
    threads: 2
    resources: tmpdir=/tmp

[Wed Sep  2 06:16:36 2026]
Finished job 1187.
1640 of 1923 steps (85%) done
Select jobs to execute...
Execute 1 jobs...

[Wed Sep  2 06:16:36 2026]
localrule run_cell:
    output: results/bias_sensitivity/raw/dp0.2_k-0.3_n1000_r5_m4000.rds
    log: logs/bias_sensitivity/run_dp0.2_k-0.3_n1000_r5_m4000.log
    jobid: 401
    reason: Missing output files: results/bias_sensitivity/raw/dp0.2_k-0.3_n1000_r5_m4000.rds
    wildcards: cell=dp0.2_k-0.3_n1000_r5_m4000
    threads: 2
    resources: tmpdir=/tmp

[Wed Sep  2 06:16:44 2026]
Finished job 570.
1641 of 1923 steps (85%) done
Select jobs to execute...
Execute 1 jobs...

[Wed Sep  2 06:16:44 2026]
localrule run_cell:
    output: results/bias_sensitivity/raw/dp0.4_k0.3_n10000_r15_m4000.rds
    log: logs/bias_sensitivity/run_dp0.4_k0.3_n10000_r15_m4000.log
    jobid: 821
    reason: Missing output files: results/bias_sensitivity/raw/dp0.4_k0.3_n10000_r15_m4000.rds
    wildcards: cell=dp0.4_k0.3_n10000_r15_m4000
    threads: 2
    resources: tmpdir=/tmp

[Wed Sep  2 06:17:56 2026]
Finished job 1239.
1642 of 1923 steps (85%) done
Select jobs to execute...
Execute 1 jobs...

[Wed Sep  2 06:17:56 2026]
localrule run_cell:
    output: results/bias_sensitivity/raw/dp0.9_k0.3_n10000_r15_m4000.rds
    log: logs/bias_sensitivity/run_dp0.9_k0.3_n10000_r15_m4000.log
    jobid: 1781
    reason: Missing output files: results/bias_sensitivity/raw/dp0.9_k0.3_n10000_r15_m4000.rds
    wildcards: cell=dp0.9_k0.3_n10000_r15_m4000
    threads: 2
    resources: tmpdir=/tmp

[Wed Sep  2 06:17:59 2026]
Finished job 932.
1643 of 1923 steps (85%) done
Select jobs to execute...
Execute 1 jobs...

[Wed Sep  2 06:17:59 2026]
localrule run_cell:
    output: results/bias_sensitivity/raw/dp0.75_k0.3_n10000_r15_m4000.rds
    log: logs/bias_sensitivity/run_dp0.75_k0.3_n10000_r15_m4000.log
    jobid: 1301
    reason: Missing output files: results/bias_sensitivity/raw/dp0.75_k0.3_n10000_r15_m4000.rds
    wildcards: cell=dp0.75_k0.3_n10000_r15_m4000
    threads: 2
    resources: tmpdir=/tmp

[Wed Sep  2 06:18:24 2026]
Finished job 1873.
1644 of 1923 steps (85%) done
Select jobs to execute...
Execute 1 jobs...

[Wed Sep  2 06:18:24 2026]
localrule run_cell:
    output: results/bias_sensitivity/raw/dp0.1_k-0.3_n1000_r15_m2000.rds
    log: logs/bias_sensitivity/run_dp0.1_k-0.3_n1000_r15_m2000.log
    jobid: 204
    reason: Missing output files: results/bias_sensitivity/raw/dp0.1_k-0.3_n1000_r15_m2000.rds
    wildcards: cell=dp0.1_k-0.3_n1000_r15_m2000
    threads: 2
    resources: tmpdir=/tmp

[Wed Sep  2 06:19:01 2026]
Finished job 752.
1645 of 1923 steps (86%) done
Select jobs to execute...
Execute 1 jobs...

[Wed Sep  2 06:19:01 2026]
localrule run_cell:
    output: results/bias_sensitivity/raw/dp0.25_k0.3_n8000_r5_m2000.rds
    log: logs/bias_sensitivity/run_dp0.25_k0.3_n8000_r5_m2000.log
    jobid: 384
    reason: Missing output files: results/bias_sensitivity/raw/dp0.25_k0.3_n8000_r5_m2000.rds
    wildcards: cell=dp0.25_k0.3_n8000_r5_m2000
    threads: 2
    resources: tmpdir=/tmp

[Wed Sep  2 06:19:36 2026]
Finished job 401.
1646 of 1923 steps (86%) done
Select jobs to execute...
Execute 1 jobs...

[Wed Sep  2 06:19:36 2026]
localrule run_cell:
    output: results/bias_sensitivity/raw/dp0.35_k-0.3_n2000_r5_m2000.rds
    log: logs/bias_sensitivity/run_dp0.35_k-0.3_n2000_r5_m2000.log
    jobid: 504
    reason: Missing output files: results/bias_sensitivity/raw/dp0.35_k-0.3_n2000_r5_m2000.rds
    wildcards: cell=dp0.35_k-0.3_n2000_r5_m2000
    threads: 2
    resources: tmpdir=/tmp

[Wed Sep  2 06:19:37 2026]
Finished job 6.
1647 of 1923 steps (86%) done
Select jobs to execute...
Execute 1 jobs...

[Wed Sep  2 06:19:37 2026]
localrule run_cell:
    output: results/bias_sensitivity/raw/dp0.3_k-0.3_n8000_r5_m2000.rds
    log: logs/bias_sensitivity/run_dp0.3_k-0.3_n8000_r5_m2000.log
    jobid: 624
    reason: Missing output files: results/bias_sensitivity/raw/dp0.3_k-0.3_n8000_r5_m2000.rds
    wildcards: cell=dp0.3_k-0.3_n8000_r5_m2000
    threads: 2
    resources: tmpdir=/tmp

[Wed Sep  2 06:19:41 2026]
Finished job 1755.
1648 of 1923 steps (86%) done
Select jobs to execute...
Execute 1 jobs...

[Wed Sep  2 06:19:41 2026]
localrule run_cell:
    output: results/bias_sensitivity/raw/dp0.05_k-0.3_n2000_r5_m2000.rds
    log: logs/bias_sensitivity/run_dp0.05_k-0.3_n2000_r5_m2000.log
    jobid: 24
    reason: Missing output files: results/bias_sensitivity/raw/dp0.05_k-0.3_n2000_r5_m2000.rds
    wildcards: cell=dp0.05_k-0.3_n2000_r5_m2000
    threads: 2
    resources: tmpdir=/tmp

[Wed Sep  2 06:19:51 2026]
Finished job 75.
1649 of 1923 steps (86%) done
Select jobs to execute...
Execute 1 jobs...

[Wed Sep  2 06:19:51 2026]
localrule run_cell:
    output: results/bias_sensitivity/raw/dp0.15_k-0.3_n8000_r5_m2000.rds
    log: logs/bias_sensitivity/run_dp0.15_k-0.3_n8000_r5_m2000.log
    jobid: 144
    reason: Missing output files: results/bias_sensitivity/raw/dp0.15_k-0.3_n8000_r5_m2000.rds
    wildcards: cell=dp0.15_k-0.3_n8000_r5_m2000
    threads: 2
    resources: tmpdir=/tmp

[Wed Sep  2 06:20:14 2026]
Finished job 99.
1650 of 1923 steps (86%) done
Select jobs to execute...
Execute 1 jobs...

[Wed Sep  2 06:20:14 2026]
localrule run_cell:
    output: results/bias_sensitivity/raw/dp0.2_k0.3_n1000_r15_m2000.rds
    log: logs/bias_sensitivity/run_dp0.2_k0.3_n1000_r15_m2000.log
    jobid: 444
    reason: Missing output files: results/bias_sensitivity/raw/dp0.2_k0.3_n1000_r15_m2000.rds
    wildcards: cell=dp0.2_k0.3_n1000_r15_m2000
    threads: 2
    resources: tmpdir=/tmp

[Wed Sep  2 06:20:27 2026]
Finished job 824.
1651 of 1923 steps (86%) done
Select jobs to execute...
Execute 1 jobs...

[Wed Sep  2 06:20:27 2026]
localrule run_cell:
    output: results/bias_sensitivity/raw/dp0.6_k0.3_n2000_r5_m2000.rds
    log: logs/bias_sensitivity/run_dp0.6_k0.3_n2000_r5_m2000.log
    jobid: 1224
    reason: Missing output files: results/bias_sensitivity/raw/dp0.6_k0.3_n2000_r5_m2000.rds
    wildcards: cell=dp0.6_k0.3_n2000_r5_m2000
    threads: 2
    resources: tmpdir=/tmp

[Wed Sep  2 06:20:35 2026]
Finished job 484.
1652 of 1923 steps (86%) done
Select jobs to execute...
Execute 1 jobs...

[Wed Sep  2 06:20:35 2026]
localrule run_cell:
    output: results/bias_sensitivity/raw/dp0.9_k-0.3_n6000_r15_m2000.rds
    log: logs/bias_sensitivity/run_dp0.9_k-0.3_n6000_r15_m2000.log
    jobid: 1764
    reason: Missing output files: results/bias_sensitivity/raw/dp0.9_k-0.3_n6000_r15_m2000.rds
    wildcards: cell=dp0.9_k-0.3_n6000_r15_m2000
    threads: 2
    resources: tmpdir=/tmp

[Wed Sep  2 06:20:37 2026]
Finished job 666.
1653 of 1923 steps (86%) done
Select jobs to execute...
Execute 1 jobs...

[Wed Sep  2 06:20:37 2026]
localrule run_cell:
    output: results/bias_sensitivity/raw/dp0.95_k0.3_n2000_r5_m2000.rds
    log: logs/bias_sensitivity/run_dp0.95_k0.3_n2000_r5_m2000.log
    jobid: 1704
    reason: Missing output files: results/bias_sensitivity/raw/dp0.95_k0.3_n2000_r5_m2000.rds
    wildcards: cell=dp0.95_k0.3_n2000_r5_m2000
    threads: 2
    resources: tmpdir=/tmp

[Wed Sep  2 06:21:23 2026]
Finished job 204.
1654 of 1923 steps (86%) done
Select jobs to execute...
Execute 1 jobs...

[Wed Sep  2 06:21:23 2026]
localrule run_cell:
    output: results/bias_sensitivity/raw/dp0.05_k0.3_n2000_r10_m4000.rds
    log: logs/bias_sensitivity/run_dp0.05_k0.3_n2000_r10_m4000.log
    jobid: 67
    reason: Missing output files: results/bias_sensitivity/raw/dp0.05_k0.3_n2000_r10_m4000.rds
    wildcards: cell=dp0.05_k0.3_n2000_r10_m4000
    threads: 2
    resources: tmpdir=/tmp

[Wed Sep  2 06:21:35 2026]
Finished job 1050.
1655 of 1923 steps (86%) done
Select jobs to execute...
Execute 1 jobs...

[Wed Sep  2 06:21:35 2026]
localrule run_cell:
    output: results/bias_sensitivity/raw/dp0.15_k-0.3_n4000_r20_m4000.rds
    log: logs/bias_sensitivity/run_dp0.15_k-0.3_n4000_r20_m4000.log
    jobid: 127
    reason: Missing output files: results/bias_sensitivity/raw/dp0.15_k-0.3_n4000_r20_m4000.rds
    wildcards: cell=dp0.15_k-0.3_n4000_r20_m4000
    threads: 2
    resources: tmpdir=/tmp

[Wed Sep  2 06:21:55 2026]
Finished job 315.
1656 of 1923 steps (86%) done
Select jobs to execute...
Execute 1 jobs...

[Wed Sep  2 06:21:55 2026]
localrule run_cell:
    output: results/bias_sensitivity/raw/dp0.1_k0.3_n10000_r20_m4000.rds
    log: logs/bias_sensitivity/run_dp0.1_k0.3_n10000_r20_m4000.log
    jobid: 247
    reason: Missing output files: results/bias_sensitivity/raw/dp0.1_k0.3_n10000_r20_m4000.rds
    wildcards: cell=dp0.1_k0.3_n10000_r20_m4000
    threads: 2
    resources: tmpdir=/tmp

[Wed Sep  2 06:22:28 2026]
Finished job 701.
1657 of 1923 steps (86%) done
Select jobs to execute...
Execute 1 jobs...

[Wed Sep  2 06:22:28 2026]
localrule run_cell:
    output: results/bias_sensitivity/raw/dp0.25_k-0.3_n2000_r10_m4000.rds
    log: logs/bias_sensitivity/run_dp0.25_k-0.3_n2000_r10_m4000.log
    jobid: 307
    reason: Missing output files: results/bias_sensitivity/raw/dp0.25_k-0.3_n2000_r10_m4000.rds
    wildcards: cell=dp0.25_k-0.3_n2000_r10_m4000
    threads: 2
    resources: tmpdir=/tmp

[Wed Sep  2 06:22:28 2026]
Finished job 339.
1658 of 1923 steps (86%) done
Select jobs to execute...
Execute 1 jobs...

[Wed Sep  2 06:22:28 2026]
localrule run_cell:
    output: results/bias_sensitivity/raw/dp0.4_k0.3_n4000_r20_m4000.rds
    log: logs/bias_sensitivity/run_dp0.4_k0.3_n4000_r20_m4000.log
    jobid: 847
    reason: Missing output files: results/bias_sensitivity/raw/dp0.4_k0.3_n4000_r20_m4000.rds
    wildcards: cell=dp0.4_k0.3_n4000_r20_m4000
    threads: 2
    resources: tmpdir=/tmp

[Wed Sep  2 06:23:05 2026]
Finished job 1197.
1659 of 1923 steps (86%) done
Select jobs to execute...
Execute 1 jobs...

[Wed Sep  2 06:23:05 2026]
localrule run_cell:
    output: results/bias_sensitivity/raw/dp0.65_k-0.3_n4000_r20_m4000.rds
    log: logs/bias_sensitivity/run_dp0.65_k-0.3_n4000_r20_m4000.log
    jobid: 1087
    reason: Missing output files: results/bias_sensitivity/raw/dp0.65_k-0.3_n4000_r20_m4000.rds
    wildcards: cell=dp0.65_k-0.3_n4000_r20_m4000
    threads: 2
    resources: tmpdir=/tmp

[Wed Sep  2 06:23:09 2026]
Finished job 444.
1660 of 1923 steps (86%) done
Select jobs to execute...
Execute 1 jobs...

[Wed Sep  2 06:23:09 2026]
localrule run_cell:
    output: results/bias_sensitivity/raw/dp0.05_k-0.3_n10000_r20_m4000.rds
    log: logs/bias_sensitivity/run_dp0.05_k-0.3_n10000_r20_m4000.log
    jobid: 7
    reason: Missing output files: results/bias_sensitivity/raw/dp0.05_k-0.3_n10000_r20_m4000.rds
    wildcards: cell=dp0.05_k-0.3_n10000_r20_m4000
    threads: 2
    resources: tmpdir=/tmp

[Wed Sep  2 06:23:34 2026]
Finished job 623.
1661 of 1923 steps (86%) done
Select jobs to execute...
Execute 1 jobs...

[Wed Sep  2 06:23:34 2026]
localrule run_cell:
    output: results/bias_sensitivity/raw/dp0.25_k0.3_n4000_r20_m4000.rds
    log: logs/bias_sensitivity/run_dp0.25_k0.3_n4000_r20_m4000.log
    jobid: 367
    reason: Missing output files: results/bias_sensitivity/raw/dp0.25_k0.3_n4000_r20_m4000.rds
    wildcards: cell=dp0.25_k0.3_n4000_r20_m4000
    threads: 2
    resources: tmpdir=/tmp

[Wed Sep  2 06:23:56 2026]
Finished job 1181.
1662 of 1923 steps (86%) done
Select jobs to execute...
Execute 1 jobs...

[Wed Sep  2 06:23:56 2026]
localrule run_cell:
    output: results/bias_sensitivity/raw/dp0.35_k-0.3_n10000_r20_m4000.rds
    log: logs/bias_sensitivity/run_dp0.35_k-0.3_n10000_r20_m4000.log
    jobid: 487
    reason: Missing output files: results/bias_sensitivity/raw/dp0.35_k-0.3_n10000_r20_m4000.rds
    wildcards: cell=dp0.35_k-0.3_n10000_r20_m4000
    threads: 2
    resources: tmpdir=/tmp

[Wed Sep  2 06:24:08 2026]
Finished job 461.
1663 of 1923 steps (86%) done
Select jobs to execute...
Execute 1 jobs...

[Wed Sep  2 06:24:08 2026]
localrule run_cell:
    output: results/bias_sensitivity/raw/dp0.3_k-0.3_n4000_r20_m4000.rds
    log: logs/bias_sensitivity/run_dp0.3_k-0.3_n4000_r20_m4000.log
    jobid: 607
    reason: Missing output files: results/bias_sensitivity/raw/dp0.3_k-0.3_n4000_r20_m4000.rds
    wildcards: cell=dp0.3_k-0.3_n4000_r20_m4000
    threads: 2
    resources: tmpdir=/tmp

[Wed Sep  2 06:24:29 2026]
Finished job 819.
1664 of 1923 steps (87%) done
Select jobs to execute...
Execute 1 jobs...

[Wed Sep  2 06:24:29 2026]
localrule run_cell:
    output: results/bias_sensitivity/raw/dp0.35_k0.3_n8000_r20_m4000.rds
    log: logs/bias_sensitivity/run_dp0.35_k0.3_n8000_r20_m4000.log
    jobid: 575
    reason: Missing output files: results/bias_sensitivity/raw/dp0.35_k0.3_n8000_r20_m4000.rds
    wildcards: cell=dp0.35_k0.3_n8000_r20_m4000
    threads: 2
    resources: tmpdir=/tmp

[Wed Sep  2 06:24:42 2026]
Finished job 382.
1665 of 1923 steps (87%) done
Select jobs to execute...
Execute 1 jobs...

[Wed Sep  2 06:24:42 2026]
localrule run_cell:
    output: results/bias_sensitivity/raw/dp0.4_k-0.3_n8000_r20_m4000.rds
    log: logs/bias_sensitivity/run_dp0.4_k-0.3_n8000_r20_m4000.log
    jobid: 815
    reason: Missing output files: results/bias_sensitivity/raw/dp0.4_k-0.3_n8000_r20_m4000.rds
    wildcards: cell=dp0.4_k-0.3_n8000_r20_m4000
    threads: 2
    resources: tmpdir=/tmp

[Wed Sep  2 06:24:44 2026]
Finished job 1052.
1666 of 1923 steps (87%) done
Select jobs to execute...
Execute 1 jobs...

[Wed Sep  2 06:24:44 2026]
localrule run_cell:
    output: results/bias_sensitivity/raw/dp0.55_k0.3_n2000_r20_m4000.rds
    log: logs/bias_sensitivity/run_dp0.55_k0.3_n2000_r20_m4000.log
    jobid: 935
    reason: Missing output files: results/bias_sensitivity/raw/dp0.55_k0.3_n2000_r20_m4000.rds
    wildcards: cell=dp0.55_k0.3_n2000_r20_m4000
    threads: 2
    resources: tmpdir=/tmp

[Wed Sep  2 06:25:09 2026]
Finished job 810.
1667 of 1923 steps (87%) done
Select jobs to execute...
Execute 1 jobs...

[Wed Sep  2 06:25:09 2026]
localrule run_cell:
    output: results/bias_sensitivity/raw/dp0.3_k-0.3_n1000_r20_m2000.rds
    log: logs/bias_sensitivity/run_dp0.3_k-0.3_n1000_r20_m2000.log
    jobid: 590
    reason: Missing output files: results/bias_sensitivity/raw/dp0.3_k-0.3_n1000_r20_m2000.rds
    wildcards: cell=dp0.3_k-0.3_n1000_r20_m2000
    threads: 2
    resources: tmpdir=/tmp

[Wed Sep  2 06:25:37 2026]
Finished job 572.
1668 of 1923 steps (87%) done
Select jobs to execute...
Execute 1 jobs...

[Wed Sep  2 06:25:37 2026]
localrule run_cell:
    output: results/bias_sensitivity/raw/dp0.4_k0.3_n1000_r20_m2000.rds
    log: logs/bias_sensitivity/run_dp0.4_k0.3_n1000_r20_m2000.log
    jobid: 830
    reason: Missing output files: results/bias_sensitivity/raw/dp0.4_k0.3_n1000_r20_m2000.rds
    wildcards: cell=dp0.4_k0.3_n1000_r20_m2000
    threads: 2
    resources: tmpdir=/tmp

[Wed Sep  2 06:26:51 2026]
Finished job 504.
1669 of 1923 steps (87%) done
Select jobs to execute...
Execute 1 jobs...

[Wed Sep  2 06:26:51 2026]
localrule run_cell:
    output: results/bias_sensitivity/raw/dp0.55_k-0.3_n4000_r10_m2000.rds
    log: logs/bias_sensitivity/run_dp0.55_k-0.3_n4000_r10_m2000.log
    jobid: 890
    reason: Missing output files: results/bias_sensitivity/raw/dp0.55_k-0.3_n4000_r10_m2000.rds
    wildcards: cell=dp0.55_k-0.3_n4000_r10_m2000
    threads: 2
    resources: tmpdir=/tmp

[Wed Sep  2 06:27:03 2026]
Finished job 1618.
1670 of 1923 steps (87%) done
Select jobs to execute...
Execute 1 jobs...

[Wed Sep  2 06:27:03 2026]
localrule run_cell:
    output: results/bias_sensitivity/raw/dp0.2_k-0.3_n4000_r10_m2000.rds
    log: logs/bias_sensitivity/run_dp0.2_k-0.3_n4000_r10_m2000.log
    jobid: 410
    reason: Missing output files: results/bias_sensitivity/raw/dp0.2_k-0.3_n4000_r10_m2000.rds
    wildcards: cell=dp0.2_k-0.3_n4000_r10_m2000
    threads: 2
    resources: tmpdir=/tmp

[Wed Sep  2 06:27:05 2026]
Finished job 24.
1671 of 1923 steps (87%) done
Select jobs to execute...
Execute 1 jobs...

[Wed Sep  2 06:27:05 2026]
localrule run_cell:
    output: results/bias_sensitivity/raw/dp0.35_k0.3_n10000_r10_m2000.rds
    log: logs/bias_sensitivity/run_dp0.35_k0.3_n10000_r10_m2000.log
    jobid: 530
    reason: Missing output files: results/bias_sensitivity/raw/dp0.35_k0.3_n10000_r10_m2000.rds
    wildcards: cell=dp0.35_k0.3_n10000_r10_m2000
    threads: 2
    resources: tmpdir=/tmp

[Wed Sep  2 06:27:23 2026]
Finished job 1224.
1672 of 1923 steps (87%) done
Select jobs to execute...
Execute 1 jobs...

[Wed Sep  2 06:27:23 2026]
localrule run_cell:
    output: results/bias_sensitivity/raw/dp0.3_k0.3_n4000_r10_m2000.rds
    log: logs/bias_sensitivity/run_dp0.3_k0.3_n4000_r10_m2000.log
    jobid: 650
    reason: Missing output files: results/bias_sensitivity/raw/dp0.3_k0.3_n4000_r10_m2000.rds
    wildcards: cell=dp0.3_k0.3_n4000_r10_m2000
    threads: 2
    resources: tmpdir=/tmp

[Wed Sep  2 06:27:37 2026]
Finished job 1704.
1673 of 1923 steps (87%) done
Select jobs to execute...
Execute 1 jobs...

[Wed Sep  2 06:27:37 2026]
localrule run_cell:
    output: results/bias_sensitivity/raw/dp0.65_k-0.3_n1000_r20_m2000.rds
    log: logs/bias_sensitivity/run_dp0.65_k-0.3_n1000_r20_m2000.log
    jobid: 1070
    reason: Missing output files: results/bias_sensitivity/raw/dp0.65_k-0.3_n1000_r20_m2000.rds
    wildcards: cell=dp0.65_k-0.3_n1000_r20_m2000
    threads: 2
    resources: tmpdir=/tmp

[Wed Sep  2 06:28:08 2026]
Finished job 590.
1674 of 1923 steps (87%) done
Select jobs to execute...
Execute 1 jobs...

[Wed Sep  2 06:28:08 2026]
localrule run_cell:
    output: results/bias_sensitivity/raw/dp0.8_k0.3_n4000_r10_m2000.rds
    log: logs/bias_sensitivity/run_dp0.8_k0.3_n4000_r10_m2000.log
    jobid: 1610
    reason: Missing output files: results/bias_sensitivity/raw/dp0.8_k0.3_n4000_r10_m2000.rds
    wildcards: cell=dp0.8_k0.3_n4000_r10_m2000
    threads: 2
    resources: tmpdir=/tmp

[Wed Sep  2 06:28:29 2026]
Finished job 67.
1675 of 1923 steps (87%) done
Select jobs to execute...
Execute 1 jobs...

[Wed Sep  2 06:28:29 2026]
localrule run_cell:
    output: results/bias_sensitivity/raw/dp0.6_k0.3_n8000_r10_m2000.rds
    log: logs/bias_sensitivity/run_dp0.6_k0.3_n8000_r10_m2000.log
    jobid: 1242
    reason: Missing output files: results/bias_sensitivity/raw/dp0.6_k0.3_n8000_r10_m2000.rds
    wildcards: cell=dp0.6_k0.3_n8000_r10_m2000
    threads: 2
    resources: tmpdir=/tmp

[Wed Sep  2 06:28:43 2026]
Finished job 392.
1676 of 1923 steps (87%) done
Select jobs to execute...
Execute 1 jobs...

[Wed Sep  2 06:28:43 2026]
localrule run_cell:
    output: results/bias_sensitivity/raw/dp0.15_k0.3_n10000_r5_m4000.rds
    log: logs/bias_sensitivity/run_dp0.15_k0.3_n10000_r5_m4000.log
    jobid: 153
    reason: Missing output files: results/bias_sensitivity/raw/dp0.15_k0.3_n10000_r5_m4000.rds
    wildcards: cell=dp0.15_k0.3_n10000_r5_m4000
    threads: 2
    resources: tmpdir=/tmp

[Wed Sep  2 06:28:45 2026]
Finished job 830.
1677 of 1923 steps (87%) done
Select jobs to execute...
Execute 1 jobs...

[Wed Sep  2 06:28:45 2026]
localrule run_cell:
    output: results/bias_sensitivity/raw/dp0.2_k-0.3_n10000_r5_m4000.rds
    log: logs/bias_sensitivity/run_dp0.2_k-0.3_n10000_r5_m4000.log
    jobid: 393
    reason: Missing output files: results/bias_sensitivity/raw/dp0.2_k-0.3_n10000_r5_m4000.rds
    wildcards: cell=dp0.2_k-0.3_n10000_r5_m4000
    threads: 2
    resources: tmpdir=/tmp

[Wed Sep  2 06:28:58 2026]
Finished job 307.
1678 of 1923 steps (87%) done
Select jobs to execute...
Execute 1 jobs...

[Wed Sep  2 06:28:58 2026]
localrule run_cell:
    output: results/bias_sensitivity/raw/dp0.35_k0.3_n8000_r15_m4000.rds
    log: logs/bias_sensitivity/run_dp0.35_k0.3_n8000_r15_m4000.log
    jobid: 573
    reason: Missing output files: results/bias_sensitivity/raw/dp0.35_k0.3_n8000_r15_m4000.rds
    wildcards: cell=dp0.35_k0.3_n8000_r15_m4000
    threads: 2
    resources: tmpdir=/tmp

[Wed Sep  2 06:29:43 2026]
Finished job 1626.
1679 of 1923 steps (87%) done
Select jobs to execute...
Execute 1 jobs...

[Wed Sep  2 06:29:43 2026]
localrule run_cell:
    output: results/bias_sensitivity/raw/dp0.3_k0.3_n10000_r5_m4000.rds
    log: logs/bias_sensitivity/run_dp0.3_k0.3_n10000_r5_m4000.log
    jobid: 633
    reason: Missing output files: results/bias_sensitivity/raw/dp0.3_k0.3_n10000_r5_m4000.rds
    wildcards: cell=dp0.3_k0.3_n10000_r5_m4000
    threads: 2
    resources: tmpdir=/tmp

[Wed Sep  2 06:30:49 2026]
Finished job 1070.
1680 of 1923 steps (87%) done
Select jobs to execute...
Execute 1 jobs...

[Wed Sep  2 06:30:49 2026]
localrule run_cell:
    output: results/bias_sensitivity/raw/dp0.45_k0.3_n4000_r5_m4000.rds
    log: logs/bias_sensitivity/run_dp0.45_k0.3_n4000_r5_m4000.log
    jobid: 753
    reason: Missing output files: results/bias_sensitivity/raw/dp0.45_k0.3_n4000_r5_m4000.rds
    wildcards: cell=dp0.45_k0.3_n4000_r5_m4000
    threads: 2
    resources: tmpdir=/tmp

[Wed Sep  2 06:30:54 2026]
Finished job 127.
1681 of 1923 steps (87%) done
Select jobs to execute...
Execute 1 jobs...

[Wed Sep  2 06:30:54 2026]
localrule run_cell:
    output: results/bias_sensitivity/raw/dp0.4_k-0.3_n8000_r15_m4000.rds
    log: logs/bias_sensitivity/run_dp0.4_k-0.3_n8000_r15_m4000.log
    jobid: 813
    reason: Missing output files: results/bias_sensitivity/raw/dp0.4_k-0.3_n8000_r15_m4000.rds
    wildcards: cell=dp0.4_k-0.3_n8000_r15_m4000
    threads: 2
    resources: tmpdir=/tmp

[Wed Sep  2 06:31:36 2026]
Finished job 1155.
1682 of 1923 steps (87%) done
Select jobs to execute...
Execute 1 jobs...

[Wed Sep  2 06:31:36 2026]
localrule run_cell:
    output: results/bias_sensitivity/raw/dp0.55_k0.3_n2000_r15_m4000.rds
    log: logs/bias_sensitivity/run_dp0.55_k0.3_n2000_r15_m4000.log
    jobid: 933
    reason: Missing output files: results/bias_sensitivity/raw/dp0.55_k0.3_n2000_r15_m4000.rds
    wildcards: cell=dp0.55_k0.3_n2000_r15_m4000
    threads: 2
    resources: tmpdir=/tmp

[Wed Sep  2 06:32:04 2026]
Finished job 935.
1683 of 1923 steps (88%) done
Select jobs to execute...
Execute 1 jobs...

[Wed Sep  2 06:32:04 2026]
localrule run_cell:
    output: results/bias_sensitivity/raw/dp0.5_k0.3_n8000_r15_m4000.rds
    log: logs/bias_sensitivity/run_dp0.5_k0.3_n8000_r15_m4000.log
    jobid: 1053
    reason: Missing output files: results/bias_sensitivity/raw/dp0.5_k0.3_n8000_r15_m4000.rds
    wildcards: cell=dp0.5_k0.3_n8000_r15_m4000
    threads: 2
    resources: tmpdir=/tmp

[Wed Sep  2 06:32:09 2026]
Finished job 847.
1684 of 1923 steps (88%) done
Select jobs to execute...
Execute 1 jobs...

[Wed Sep  2 06:32:09 2026]
localrule run_cell:
    output: results/bias_sensitivity/raw/dp0.85_k-0.3_n1000_r5_m2000.rds
    log: logs/bias_sensitivity/run_dp0.85_k-0.3_n1000_r5_m2000.log
    jobid: 1456
    reason: Missing output files: results/bias_sensitivity/raw/dp0.85_k-0.3_n1000_r5_m2000.rds
    wildcards: cell=dp0.85_k-0.3_n1000_r5_m2000
    threads: 2
    resources: tmpdir=/tmp

[Wed Sep  2 06:32:22 2026]
Finished job 1677.
1685 of 1923 steps (88%) done
Select jobs to execute...
Execute 1 jobs...

[Wed Sep  2 06:32:22 2026]
localrule run_cell:
    output: results/bias_sensitivity/raw/dp0.6_k-0.3_n10000_r15_m2000.rds
    log: logs/bias_sensitivity/run_dp0.6_k-0.3_n10000_r15_m2000.log
    jobid: 1156
    reason: Missing output files: results/bias_sensitivity/raw/dp0.6_k-0.3_n10000_r15_m2000.rds
    wildcards: cell=dp0.6_k-0.3_n10000_r15_m2000
    threads: 2
    resources: tmpdir=/tmp

[Wed Sep  2 06:32:56 2026]
Finished job 820.
1686 of 1923 steps (88%) done
Select jobs to execute...
Execute 1 jobs...

[Wed Sep  2 06:32:56 2026]
localrule run_cell:
    output: results/bias_sensitivity/raw/dp1_k0.3_n10000_r15_m2000.rds
    log: logs/bias_sensitivity/run_dp1_k0.3_n10000_r15_m2000.log
    jobid: 1876
    reason: Missing output files: results/bias_sensitivity/raw/dp1_k0.3_n10000_r15_m2000.rds
    wildcards: cell=dp1_k0.3_n10000_r15_m2000
    threads: 2
    resources: tmpdir=/tmp

[Wed Sep  2 06:33:31 2026]
Finished job 1763.
1687 of 1923 steps (88%) done
Select jobs to execute...
Execute 1 jobs...

[Wed Sep  2 06:33:31 2026]
localrule run_cell:
    output: results/bias_sensitivity/raw/dp0.8_k-0.3_n6000_r5_m2000.rds
    log: logs/bias_sensitivity/run_dp0.8_k-0.3_n6000_r5_m2000.log
    jobid: 1576
    reason: Missing output files: results/bias_sensitivity/raw/dp0.8_k-0.3_n6000_r5_m2000.rds
    wildcards: cell=dp0.8_k-0.3_n6000_r5_m2000
    threads: 2
    resources: tmpdir=/tmp

[Wed Sep  2 06:33:32 2026]
Finished job 607.
1688 of 1923 steps (88%) done
Select jobs to execute...
Execute 1 jobs...

[Wed Sep  2 06:33:32 2026]
localrule run_cell:
    output: results/bias_sensitivity/raw/dp0.9_k-0.3_n4000_r15_m2000.rds
    log: logs/bias_sensitivity/run_dp0.9_k-0.3_n4000_r15_m2000.log
    jobid: 1756
    reason: Missing output files: results/bias_sensitivity/raw/dp0.9_k-0.3_n4000_r15_m2000.rds
    wildcards: cell=dp0.9_k-0.3_n4000_r15_m2000
    threads: 2
    resources: tmpdir=/tmp

[Wed Sep  2 06:33:34 2026]
Finished job 1196.
1689 of 1923 steps (88%) done
Select jobs to execute...
Execute 1 jobs...

[Wed Sep  2 06:33:34 2026]
localrule run_cell:
    output: results/bias_sensitivity/raw/dp0.05_k0.3_n4000_r15_m2000.rds
    log: logs/bias_sensitivity/run_dp0.05_k0.3_n4000_r15_m2000.log
    jobid: 76
    reason: Missing output files: results/bias_sensitivity/raw/dp0.05_k0.3_n4000_r15_m2000.rds
    wildcards: cell=dp0.05_k0.3_n4000_r15_m2000
    threads: 2
    resources: tmpdir=/tmp

[Wed Sep  2 06:33:39 2026]
Finished job 279.
1690 of 1923 steps (88%) done
Select jobs to execute...
Execute 1 jobs...

[Wed Sep  2 06:33:39 2026]
localrule run_cell:
    output: results/bias_sensitivity/raw/dp0.25_k-0.3_n4000_r15_m2000.rds
    log: logs/bias_sensitivity/run_dp0.25_k-0.3_n4000_r15_m2000.log
    jobid: 316
    reason: Missing output files: results/bias_sensitivity/raw/dp0.25_k-0.3_n4000_r15_m2000.rds
    wildcards: cell=dp0.25_k-0.3_n4000_r15_m2000
    threads: 2
    resources: tmpdir=/tmp

[Wed Sep  2 06:33:41 2026]
Finished job 1575.
1691 of 1923 steps (88%) done
Select jobs to execute...
Execute 1 jobs...

[Wed Sep  2 06:33:41 2026]
localrule run_cell:
    output: results/bias_sensitivity/raw/dp0.25_k0.3_n6000_r5_m2000.rds
    log: logs/bias_sensitivity/run_dp0.25_k0.3_n6000_r5_m2000.log
    jobid: 376
    reason: Missing output files: results/bias_sensitivity/raw/dp0.25_k0.3_n6000_r5_m2000.rds
    wildcards: cell=dp0.25_k0.3_n6000_r5_m2000
    threads: 2
    resources: tmpdir=/tmp

[Wed Sep  2 06:33:50 2026]
Finished job 776.
1692 of 1923 steps (88%) done
Select jobs to execute...
Execute 1 jobs...

[Wed Sep  2 06:33:50 2026]
localrule run_cell:
    output: results/bias_sensitivity/raw/dp0.4_k-0.3_n1000_r10_m4000.rds
    log: logs/bias_sensitivity/run_dp0.4_k-0.3_n1000_r10_m4000.log
    jobid: 779
    reason: Missing output files: results/bias_sensitivity/raw/dp0.4_k-0.3_n1000_r10_m4000.rds
    wildcards: cell=dp0.4_k-0.3_n1000_r10_m4000
    threads: 2
    resources: tmpdir=/tmp

[Wed Sep  2 06:34:02 2026]
Finished job 1087.
1693 of 1923 steps (88%) done
Select jobs to execute...
Execute 1 jobs...

[Wed Sep  2 06:34:02 2026]
localrule run_cell:
    output: results/bias_sensitivity/raw/dp0.55_k-0.3_n6000_r10_m4000.rds
    log: logs/bias_sensitivity/run_dp0.55_k-0.3_n6000_r10_m4000.log
    jobid: 899
    reason: Missing output files: results/bias_sensitivity/raw/dp0.55_k-0.3_n6000_r10_m4000.rds
    wildcards: cell=dp0.55_k-0.3_n6000_r10_m4000
    threads: 2
    resources: tmpdir=/tmp

[Wed Sep  2 06:34:12 2026]
Finished job 246.
1694 of 1923 steps (88%) done
Select jobs to execute...
Execute 1 jobs...

[Wed Sep  2 06:34:12 2026]
localrule run_cell:
    output: results/bias_sensitivity/raw/dp0.6_k-0.3_n8000_r20_m4000.rds
    log: logs/bias_sensitivity/run_dp0.6_k-0.3_n8000_r20_m4000.log
    jobid: 1199
    reason: Missing output files: results/bias_sensitivity/raw/dp0.6_k-0.3_n8000_r20_m4000.rds
    wildcards: cell=dp0.6_k-0.3_n8000_r20_m4000
    threads: 2
    resources: tmpdir=/tmp

[Wed Sep  2 06:34:24 2026]
Finished job 367.
1695 of 1923 steps (88%) done
Select jobs to execute...
Execute 1 jobs...

[Wed Sep  2 06:34:24 2026]
localrule run_cell:
    output: results/bias_sensitivity/raw/dp0.8_k0.3_n6000_r10_m4000.rds
    log: logs/bias_sensitivity/run_dp0.8_k0.3_n6000_r10_m4000.log
    jobid: 1619
    reason: Missing output files: results/bias_sensitivity/raw/dp0.8_k0.3_n6000_r10_m4000.rds
    wildcards: cell=dp0.8_k0.3_n6000_r10_m4000
    threads: 2
    resources: tmpdir=/tmp

[Wed Sep  2 06:34:35 2026]
Finished job 1304.
1696 of 1923 steps (88%) done
Select jobs to execute...
Execute 1 jobs...

[Wed Sep  2 06:34:35 2026]
localrule run_cell:
    output: results/bias_sensitivity/raw/dp0.95_k-0.3_n8000_r20_m4000.rds
    log: logs/bias_sensitivity/run_dp0.95_k-0.3_n8000_r20_m4000.log
    jobid: 1679
    reason: Missing output files: results/bias_sensitivity/raw/dp0.95_k-0.3_n8000_r20_m4000.rds
    wildcards: cell=dp0.95_k-0.3_n8000_r20_m4000
    threads: 2
    resources: tmpdir=/tmp

[Wed Sep  2 06:34:55 2026]
Finished job 341.
1697 of 1923 steps (88%) done
Select jobs to execute...
Execute 1 jobs...

[Wed Sep  2 06:34:55 2026]
localrule run_cell:
    output: results/bias_sensitivity/raw/dp0.9_k-0.3_n1000_r10_m4000.rds
    log: logs/bias_sensitivity/run_dp0.9_k-0.3_n1000_r10_m4000.log
    jobid: 1739
    reason: Missing output files: results/bias_sensitivity/raw/dp0.9_k-0.3_n1000_r10_m4000.rds
    wildcards: cell=dp0.9_k-0.3_n1000_r10_m4000
    threads: 2
    resources: tmpdir=/tmp

[Wed Sep  2 06:35:27 2026]
Finished job 1456.
1698 of 1923 steps (88%) done
Select jobs to execute...
Execute 1 jobs...

[Wed Sep  2 06:35:27 2026]
localrule run_cell:
    output: results/bias_sensitivity/raw/dp1_k-0.3_n2000_r5_m2000.rds
    log: logs/bias_sensitivity/run_dp1_k-0.3_n2000_r5_m2000.log
    jobid: 1848
    reason: Missing output files: results/bias_sensitivity/raw/dp1_k-0.3_n2000_r5_m2000.rds
    wildcards: cell=dp1_k-0.3_n2000_r5_m2000
    threads: 2
    resources: tmpdir=/tmp

[Wed Sep  2 06:36:00 2026]
Finished job 1737.
1699 of 1923 steps (88%) done
Select jobs to execute...
Execute 1 jobs...

[Wed Sep  2 06:36:00 2026]
localrule run_cell:
    output: results/bias_sensitivity/raw/dp0.4_k0.3_n10000_r20_m2000.rds
    log: logs/bias_sensitivity/run_dp0.4_k0.3_n10000_r20_m2000.log
    jobid: 822
    reason: Missing output files: results/bias_sensitivity/raw/dp0.4_k0.3_n10000_r20_m2000.rds
    wildcards: cell=dp0.4_k0.3_n10000_r20_m2000
    threads: 2
    resources: tmpdir=/tmp

[Wed Sep  2 06:36:03 2026]
Finished job 1061.
1700 of 1923 steps (88%) done
Select jobs to execute...
Execute 1 jobs...

[Wed Sep  2 06:36:03 2026]
localrule run_cell:
    output: results/bias_sensitivity/raw/dp0.9_k0.3_n10000_r20_m2000.rds
    log: logs/bias_sensitivity/run_dp0.9_k0.3_n10000_r20_m2000.log
    jobid: 1782
    reason: Missing output files: results/bias_sensitivity/raw/dp0.9_k0.3_n10000_r20_m2000.rds
    wildcards: cell=dp0.9_k0.3_n10000_r20_m2000
    threads: 2
    resources: tmpdir=/tmp

[Wed Sep  2 06:36:55 2026]
Finished job 779.
1701 of 1923 steps (88%) done
Select jobs to execute...
Execute 1 jobs...

[Wed Sep  2 06:36:55 2026]
localrule run_cell:
    output: results/bias_sensitivity/raw/dp0.45_k-0.3_n4000_r20_m2000.rds
    log: logs/bias_sensitivity/run_dp0.45_k-0.3_n4000_r20_m2000.log
    jobid: 702
    reason: Missing output files: results/bias_sensitivity/raw/dp0.45_k-0.3_n4000_r20_m2000.rds
    wildcards: cell=dp0.45_k-0.3_n4000_r20_m2000
    threads: 2
    resources: tmpdir=/tmp

[Wed Sep  2 06:36:58 2026]
Finished job 410.
1702 of 1923 steps (89%) done
Select jobs to execute...
Execute 1 jobs...

[Wed Sep  2 06:36:58 2026]
localrule run_cell:
    output: results/bias_sensitivity/raw/dp0.65_k-0.3_n10000_r20_m2000.rds
    log: logs/bias_sensitivity/run_dp0.65_k-0.3_n10000_r20_m2000.log
    jobid: 1062
    reason: Missing output files: results/bias_sensitivity/raw/dp0.65_k-0.3_n10000_r20_m2000.rds
    wildcards: cell=dp0.65_k-0.3_n10000_r20_m2000
    threads: 2
    resources: tmpdir=/tmp

[Wed Sep  2 06:37:05 2026]
Finished job 144.
1703 of 1923 steps (89%) done
Select jobs to execute...
Execute 1 jobs...

[Wed Sep  2 06:37:05 2026]
localrule run_cell:
    output: results/bias_sensitivity/raw/dp0.6_k-0.3_n4000_r20_m2000.rds
    log: logs/bias_sensitivity/run_dp0.6_k-0.3_n4000_r20_m2000.log
    jobid: 1182
    reason: Missing output files: results/bias_sensitivity/raw/dp0.6_k-0.3_n4000_r20_m2000.rds
    wildcards: cell=dp0.6_k-0.3_n4000_r20_m2000
    threads: 2
    resources: tmpdir=/tmp

[Wed Sep  2 06:37:08 2026]
Finished job 890.
1704 of 1923 steps (89%) done
Select jobs to execute...
Execute 1 jobs...

[Wed Sep  2 06:37:08 2026]
localrule run_cell:
    output: results/bias_sensitivity/raw/dp0.15_k-0.3_n10000_r20_m2000.rds
    log: logs/bias_sensitivity/run_dp0.15_k-0.3_n10000_r20_m2000.log
    jobid: 102
    reason: Missing output files: results/bias_sensitivity/raw/dp0.15_k-0.3_n10000_r20_m2000.rds
    wildcards: cell=dp0.15_k-0.3_n10000_r20_m2000
    threads: 2
    resources: tmpdir=/tmp

[Wed Sep  2 06:37:09 2026]
Finished job 777.
1705 of 1923 steps (89%) done
Select jobs to execute...
Execute 1 jobs...

[Wed Sep  2 06:37:09 2026]
localrule run_cell:
    output: results/bias_sensitivity/raw/dp0.1_k0.3_n8000_r10_m2000.rds
    log: logs/bias_sensitivity/run_dp0.1_k0.3_n8000_r10_m2000.log
    jobid: 282
    reason: Missing output files: results/bias_sensitivity/raw/dp0.1_k0.3_n8000_r10_m2000.rds
    wildcards: cell=dp0.1_k0.3_n8000_r10_m2000
    threads: 2
    resources: tmpdir=/tmp

[Wed Sep  2 06:37:27 2026]
Finished job 650.
1706 of 1923 steps (89%) done
Select jobs to execute...
Execute 1 jobs...

[Wed Sep  2 06:37:27 2026]
localrule run_cell:
    output: results/bias_sensitivity/raw/dp0.25_k0.3_n10000_r20_m2000.rds
    log: logs/bias_sensitivity/run_dp0.25_k0.3_n10000_r20_m2000.log
    jobid: 342
    reason: Missing output files: results/bias_sensitivity/raw/dp0.25_k0.3_n10000_r20_m2000.rds
    wildcards: cell=dp0.25_k0.3_n10000_r20_m2000
    threads: 2
    resources: tmpdir=/tmp

[Wed Sep  2 06:38:15 2026]
Finished job 1739.
1707 of 1923 steps (89%) done
Select jobs to execute...
Execute 1 jobs...

[Wed Sep  2 06:38:15 2026]
localrule run_cell:
    output: results/bias_sensitivity/raw/dp0.2_k-0.3_n2000_r10_m2000.rds
    log: logs/bias_sensitivity/run_dp0.2_k-0.3_n2000_r10_m2000.log
    jobid: 402
    reason: Missing output files: results/bias_sensitivity/raw/dp0.2_k-0.3_n2000_r10_m2000.rds
    wildcards: cell=dp0.2_k-0.3_n2000_r10_m2000
    threads: 2
    resources: tmpdir=/tmp

[Wed Sep  2 06:38:28 2026]
Finished job 933.
1708 of 1923 steps (89%) done
Select jobs to execute...
Execute 1 jobs...

[Wed Sep  2 06:38:28 2026]
localrule run_cell:
    output: results/bias_sensitivity/raw/dp0.2_k0.3_n4000_r20_m2000.rds
    log: logs/bias_sensitivity/run_dp0.2_k0.3_n4000_r20_m2000.log
    jobid: 462
    reason: Missing output files: results/bias_sensitivity/raw/dp0.2_k0.3_n4000_r20_m2000.rds
    wildcards: cell=dp0.2_k0.3_n4000_r20_m2000
    threads: 2
    resources: tmpdir=/tmp

[Wed Sep  2 06:38:32 2026]
Finished job 1610.
1709 of 1923 steps (89%) done
Select jobs to execute...
Execute 1 jobs...

[Wed Sep  2 06:38:32 2026]
localrule run_cell:
    output: results/bias_sensitivity/raw/dp0.7_k0.3_n4000_r20_m2000.rds
    log: logs/bias_sensitivity/run_dp0.7_k0.3_n4000_r20_m2000.log
    jobid: 1422
    reason: Missing output files: results/bias_sensitivity/raw/dp0.7_k0.3_n4000_r20_m2000.rds
    wildcards: cell=dp0.7_k0.3_n4000_r20_m2000
    threads: 2
    resources: tmpdir=/tmp

[Wed Sep  2 06:40:14 2026]
Finished job 1781.
1710 of 1923 steps (89%) done
Select jobs to execute...
Execute 1 jobs...

[Wed Sep  2 06:40:14 2026]
localrule run_cell:
    output: results/bias_sensitivity/raw/dp0.25_k0.3_n8000_r10_m2000.rds
    log: logs/bias_sensitivity/run_dp0.25_k0.3_n8000_r10_m2000.log
    jobid: 378
    reason: Missing output files: results/bias_sensitivity/raw/dp0.25_k0.3_n8000_r10_m2000.rds
    wildcards: cell=dp0.25_k0.3_n8000_r10_m2000
    threads: 2
    resources: tmpdir=/tmp

[Wed Sep  2 06:40:25 2026]
Finished job 753.
1711 of 1923 steps (89%) done
Select jobs to execute...
Execute 1 jobs...

[Wed Sep  2 06:40:25 2026]
localrule run_cell:
    output: results/bias_sensitivity/raw/dp0.05_k-0.3_n2000_r5_m4000.rds
    log: logs/bias_sensitivity/run_dp0.05_k-0.3_n2000_r5_m4000.log
    jobid: 25
    reason: Missing output files: results/bias_sensitivity/raw/dp0.05_k-0.3_n2000_r5_m4000.rds
    wildcards: cell=dp0.05_k-0.3_n2000_r5_m4000
    threads: 2
    resources: tmpdir=/tmp

[Wed Sep  2 06:40:38 2026]
Finished job 1059.
1712 of 1923 steps (89%) done
Select jobs to execute...
Execute 1 jobs...

[Wed Sep  2 06:40:38 2026]
localrule run_cell:
    output: results/bias_sensitivity/raw/dp0.1_k-0.3_n1000_r15_m4000.rds
    log: logs/bias_sensitivity/run_dp0.1_k-0.3_n1000_r15_m4000.log
    jobid: 205
    reason: Missing output files: results/bias_sensitivity/raw/dp0.1_k-0.3_n1000_r15_m4000.rds
    wildcards: cell=dp0.1_k-0.3_n1000_r15_m4000
    threads: 2
    resources: tmpdir=/tmp

[Wed Sep  2 06:41:00 2026]
Finished job 898.
1713 of 1923 steps (89%) done
Select jobs to execute...
Execute 1 jobs...

[Wed Sep  2 06:41:00 2026]
localrule run_cell:
    output: results/bias_sensitivity/raw/dp0.25_k0.3_n8000_r5_m4000.rds
    log: logs/bias_sensitivity/run_dp0.25_k0.3_n8000_r5_m4000.log
    jobid: 385
    reason: Missing output files: results/bias_sensitivity/raw/dp0.25_k0.3_n8000_r5_m4000.rds
    wildcards: cell=dp0.25_k0.3_n8000_r5_m4000
    threads: 2
    resources: tmpdir=/tmp

[Wed Sep  2 06:41:11 2026]
Finished job 152.
1714 of 1923 steps (89%) done
Select jobs to execute...
Execute 1 jobs...

[Wed Sep  2 06:41:11 2026]
localrule run_cell:
    output: results/bias_sensitivity/raw/dp0.35_k-0.3_n2000_r5_m4000.rds
    log: logs/bias_sensitivity/run_dp0.35_k-0.3_n2000_r5_m4000.log
    jobid: 505
    reason: Missing output files: results/bias_sensitivity/raw/dp0.35_k-0.3_n2000_r5_m4000.rds
    wildcards: cell=dp0.35_k-0.3_n2000_r5_m4000
    threads: 2
    resources: tmpdir=/tmp

[Wed Sep  2 06:42:20 2026]
Finished job 1848.
1715 of 1923 steps (89%) done
Select jobs to execute...
Execute 1 jobs...

[Wed Sep  2 06:42:20 2026]
localrule run_cell:
    output: results/bias_sensitivity/raw/dp0.3_k-0.3_n8000_r5_m4000.rds
    log: logs/bias_sensitivity/run_dp0.3_k-0.3_n8000_r5_m4000.log
    jobid: 625
    reason: Missing output files: results/bias_sensitivity/raw/dp0.3_k-0.3_n8000_r5_m4000.rds
    wildcards: cell=dp0.3_k-0.3_n8000_r5_m4000
    threads: 2
    resources: tmpdir=/tmp

[Wed Sep  2 06:43:31 2026]
Finished job 76.
1716 of 1923 steps (89%) done
Select jobs to execute...
Execute 1 jobs...

[Wed Sep  2 06:43:31 2026]
localrule run_cell:
    output: results/bias_sensitivity/raw/dp0.6_k0.3_n2000_r5_m4000.rds
    log: logs/bias_sensitivity/run_dp0.6_k0.3_n2000_r5_m4000.log
    jobid: 1225
    reason: Missing output files: results/bias_sensitivity/raw/dp0.6_k0.3_n2000_r5_m4000.rds
    wildcards: cell=dp0.6_k0.3_n2000_r5_m4000
    threads: 2
    resources: tmpdir=/tmp

[Wed Sep  2 06:43:33 2026]
Finished job 1780.
1717 of 1923 steps (89%) done
Select jobs to execute...
Execute 1 jobs...

[Wed Sep  2 06:43:33 2026]
localrule run_cell:
    output: results/bias_sensitivity/raw/dp0.15_k-0.3_n8000_r5_m4000.rds
    log: logs/bias_sensitivity/run_dp0.15_k-0.3_n8000_r5_m4000.log
    jobid: 145
    reason: Missing output files: results/bias_sensitivity/raw/dp0.15_k-0.3_n8000_r5_m4000.rds
    wildcards: cell=dp0.15_k-0.3_n8000_r5_m4000
    threads: 2
    resources: tmpdir=/tmp

[Wed Sep  2 06:43:34 2026]
Finished job 487.
1718 of 1923 steps (89%) done
Select jobs to execute...
Execute 1 jobs...

[Wed Sep  2 06:43:34 2026]
localrule run_cell:
    output: results/bias_sensitivity/raw/dp0.2_k0.3_n1000_r15_m4000.rds
    log: logs/bias_sensitivity/run_dp0.2_k0.3_n1000_r15_m4000.log
    jobid: 445
    reason: Missing output files: results/bias_sensitivity/raw/dp0.2_k0.3_n1000_r15_m4000.rds
    wildcards: cell=dp0.2_k0.3_n1000_r15_m4000
    threads: 2
    resources: tmpdir=/tmp

[Wed Sep  2 06:44:13 2026]
Finished job 1756.
1719 of 1923 steps (89%) done
Select jobs to execute...
Execute 1 jobs...

[Wed Sep  2 06:44:13 2026]
localrule run_cell:
    output: results/bias_sensitivity/raw/dp0.45_k-0.3_n1000_r15_m4000.rds
    log: logs/bias_sensitivity/run_dp0.45_k-0.3_n1000_r15_m4000.log
    jobid: 685
    reason: Missing output files: results/bias_sensitivity/raw/dp0.45_k-0.3_n1000_r15_m4000.rds
    wildcards: cell=dp0.45_k-0.3_n1000_r15_m4000
    threads: 2
    resources: tmpdir=/tmp

[Wed Sep  2 06:44:15 2026]
Finished job 205.
1720 of 1923 steps (89%) done
Select jobs to execute...
Execute 1 jobs...

[Wed Sep  2 06:44:15 2026]
localrule run_cell:
    output: results/bias_sensitivity/raw/dp0.95_k0.3_n2000_r5_m4000.rds
    log: logs/bias_sensitivity/run_dp0.95_k0.3_n2000_r5_m4000.log
    jobid: 1705
    reason: Missing output files: results/bias_sensitivity/raw/dp0.95_k0.3_n2000_r5_m4000.rds
    wildcards: cell=dp0.95_k0.3_n2000_r5_m4000
    threads: 2
    resources: tmpdir=/tmp

[Wed Sep  2 06:44:34 2026]
Finished job 402.
1721 of 1923 steps (89%) done
Select jobs to execute...
Execute 1 jobs...

[Wed Sep  2 06:44:34 2026]
localrule run_cell:
    output: results/bias_sensitivity/raw/dp1_k0.3_n1000_r15_m4000.rds
    log: logs/bias_sensitivity/run_dp1_k0.3_n1000_r15_m4000.log
    jobid: 1885
    reason: Missing output files: results/bias_sensitivity/raw/dp1_k0.3_n1000_r15_m4000.rds
    wildcards: cell=dp1_k0.3_n1000_r15_m4000
    threads: 2
    resources: tmpdir=/tmp

[Wed Sep  2 06:44:39 2026]
Finished job 316.
1722 of 1923 steps (90%) done
Select jobs to execute...
Execute 1 jobs...

[Wed Sep  2 06:44:39 2026]
localrule run_cell:
    output: results/bias_sensitivity/raw/dp0.05_k0.3_n2000_r15_m2000.rds
    log: logs/bias_sensitivity/run_dp0.05_k0.3_n2000_r15_m2000.log
    jobid: 68
    reason: Missing output files: results/bias_sensitivity/raw/dp0.05_k0.3_n2000_r15_m2000.rds
    wildcards: cell=dp0.05_k0.3_n2000_r15_m2000
    threads: 2
    resources: tmpdir=/tmp

[Wed Sep  2 06:44:57 2026]
Finished job 281.
1723 of 1923 steps (90%) done
Select jobs to execute...
Execute 1 jobs...

[Wed Sep  2 06:44:57 2026]
localrule run_cell:
    output: results/bias_sensitivity/raw/dp0.15_k-0.3_n4000_r5_m2000.rds
    log: logs/bias_sensitivity/run_dp0.15_k-0.3_n4000_r5_m2000.log
    jobid: 128
    reason: Missing output files: results/bias_sensitivity/raw/dp0.15_k-0.3_n4000_r5_m2000.rds
    wildcards: cell=dp0.15_k-0.3_n4000_r5_m2000
    threads: 2
    resources: tmpdir=/tmp

[Wed Sep  2 06:45:03 2026]
Finished job 1764.
1724 of 1923 steps (90%) done
Select jobs to execute...
Execute 1 jobs...

[Wed Sep  2 06:45:03 2026]
localrule run_cell:
    output: results/bias_sensitivity/raw/dp0.1_k0.3_n10000_r5_m2000.rds
    log: logs/bias_sensitivity/run_dp0.1_k0.3_n10000_r5_m2000.log
    jobid: 248
    reason: Missing output files: results/bias_sensitivity/raw/dp0.1_k0.3_n10000_r5_m2000.rds
    wildcards: cell=dp0.1_k0.3_n10000_r5_m2000
    threads: 2
    resources: tmpdir=/tmp

[Wed Sep  2 06:46:35 2026]
Finished job 445.
1725 of 1923 steps (90%) done
Select jobs to execute...
Execute 1 jobs...

[Wed Sep  2 06:46:35 2026]
localrule run_cell:
    output: results/bias_sensitivity/raw/dp0.25_k-0.3_n2000_r15_m2000.rds
    log: logs/bias_sensitivity/run_dp0.25_k-0.3_n2000_r15_m2000.log
    jobid: 308
    reason: Missing output files: results/bias_sensitivity/raw/dp0.25_k-0.3_n2000_r15_m2000.rds
    wildcards: cell=dp0.25_k-0.3_n2000_r15_m2000
    threads: 2
    resources: tmpdir=/tmp

[Wed Sep  2 06:47:08 2026]
Finished job 1241.
1726 of 1923 steps (90%) done
Select jobs to execute...
Execute 1 jobs...

[Wed Sep  2 06:47:08 2026]
localrule run_cell:
    output: results/bias_sensitivity/raw/dp0.4_k0.3_n4000_r5_m2000.rds
    log: logs/bias_sensitivity/run_dp0.4_k0.3_n4000_r5_m2000.log
    jobid: 848
    reason: Missing output files: results/bias_sensitivity/raw/dp0.4_k0.3_n4000_r5_m2000.rds
    wildcards: cell=dp0.4_k0.3_n4000_r5_m2000
    threads: 2
    resources: tmpdir=/tmp

[Wed Sep  2 06:47:17 2026]
Finished job 1182.
1727 of 1923 steps (90%) done
Select jobs to execute...
Execute 1 jobs...

[Wed Sep  2 06:47:17 2026]
localrule run_cell:
    output: results/bias_sensitivity/raw/dp0.05_k-0.3_n10000_r5_m2000.rds
    log: logs/bias_sensitivity/run_dp0.05_k-0.3_n10000_r5_m2000.log
    jobid: 8
    reason: Missing output files: results/bias_sensitivity/raw/dp0.05_k-0.3_n10000_r5_m2000.rds
    wildcards: cell=dp0.05_k-0.3_n10000_r5_m2000
    threads: 2
    resources: tmpdir=/tmp

[Wed Sep  2 06:47:20 2026]
Finished job 685.
1728 of 1923 steps (90%) done
Select jobs to execute...
Execute 1 jobs...

[Wed Sep  2 06:47:20 2026]
localrule run_cell:
    output: results/bias_sensitivity/raw/dp0.25_k0.3_n4000_r5_m2000.rds
    log: logs/bias_sensitivity/run_dp0.25_k0.3_n4000_r5_m2000.log
    jobid: 368
    reason: Missing output files: results/bias_sensitivity/raw/dp0.25_k0.3_n4000_r5_m2000.rds
    wildcards: cell=dp0.25_k0.3_n4000_r5_m2000
    threads: 2
    resources: tmpdir=/tmp

[Wed Sep  2 06:47:28 2026]
Finished job 486.
1729 of 1923 steps (90%) done
Select jobs to execute...
Execute 1 jobs...

[Wed Sep  2 06:47:28 2026]
localrule run_cell:
    output: results/bias_sensitivity/raw/dp0.35_k-0.3_n10000_r5_m2000.rds
    log: logs/bias_sensitivity/run_dp0.35_k-0.3_n10000_r5_m2000.log
    jobid: 488
    reason: Missing output files: results/bias_sensitivity/raw/dp0.35_k-0.3_n10000_r5_m2000.rds
    wildcards: cell=dp0.35_k-0.3_n10000_r5_m2000
    threads: 2
    resources: tmpdir=/tmp

[Wed Sep  2 06:47:41 2026]
Finished job 25.
1730 of 1923 steps (90%) done
Select jobs to execute...
Execute 1 jobs...

[Wed Sep  2 06:47:41 2026]
localrule run_cell:
    output: results/bias_sensitivity/raw/dp0.3_k-0.3_n4000_r5_m2000.rds
    log: logs/bias_sensitivity/run_dp0.3_k-0.3_n4000_r5_m2000.log
    jobid: 608
    reason: Missing output files: results/bias_sensitivity/raw/dp0.3_k-0.3_n4000_r5_m2000.rds
    wildcards: cell=dp0.3_k-0.3_n4000_r5_m2000
    threads: 2
    resources: tmpdir=/tmp

[Wed Sep  2 06:47:47 2026]
Finished job 1885.
1731 of 1923 steps (90%) done
Select jobs to execute...
Execute 1 jobs...

[Wed Sep  2 06:47:47 2026]
localrule run_cell:
    output: results/bias_sensitivity/raw/dp0.65_k-0.3_n4000_r5_m2000.rds
    log: logs/bias_sensitivity/run_dp0.65_k-0.3_n4000_r5_m2000.log
    jobid: 1088
    reason: Missing output files: results/bias_sensitivity/raw/dp0.65_k-0.3_n4000_r5_m2000.rds
    wildcards: cell=dp0.65_k-0.3_n4000_r5_m2000
    threads: 2
    resources: tmpdir=/tmp

[Wed Sep  2 06:47:57 2026]
Finished job 812.
1732 of 1923 steps (90%) done
Select jobs to execute...
Execute 1 jobs...

[Wed Sep  2 06:47:57 2026]
localrule run_cell:
    output: results/bias_sensitivity/raw/dp0.75_k0.3_n1000_r15_m2000.rds
    log: logs/bias_sensitivity/run_dp0.75_k0.3_n1000_r15_m2000.log
    jobid: 1308
    reason: Missing output files: results/bias_sensitivity/raw/dp0.75_k0.3_n1000_r15_m2000.rds
    wildcards: cell=dp0.75_k0.3_n1000_r15_m2000
    threads: 2
    resources: tmpdir=/tmp

[Wed Sep  2 06:47:58 2026]
Finished job 702.
1733 of 1923 steps (90%) done
Select jobs to execute...
Execute 1 jobs...

[Wed Sep  2 06:47:58 2026]
localrule run_cell:
    output: results/bias_sensitivity/raw/dp0.3_k-0.3_n1000_r20_m4000.rds
    log: logs/bias_sensitivity/run_dp0.3_k-0.3_n1000_r20_m4000.log
    jobid: 591
    reason: Missing output files: results/bias_sensitivity/raw/dp0.3_k-0.3_n1000_r20_m4000.rds
    wildcards: cell=dp0.3_k-0.3_n1000_r20_m4000
    threads: 2
    resources: tmpdir=/tmp

[Wed Sep  2 06:48:12 2026]
Finished job 153.
1734 of 1923 steps (90%) done
Select jobs to execute...
Execute 1 jobs...

[Wed Sep  2 06:48:12 2026]
localrule run_cell:
    output: results/bias_sensitivity/raw/dp0.4_k0.3_n1000_r20_m4000.rds
    log: logs/bias_sensitivity/run_dp0.4_k0.3_n1000_r20_m4000.log
    jobid: 831
    reason: Missing output files: results/bias_sensitivity/raw/dp0.4_k0.3_n1000_r20_m4000.rds
    wildcards: cell=dp0.4_k0.3_n1000_r20_m4000
    threads: 2
    resources: tmpdir=/tmp

[Wed Sep  2 06:48:13 2026]
Finished job 1422.
1735 of 1923 steps (90%) done
Select jobs to execute...
Execute 1 jobs...

[Wed Sep  2 06:48:13 2026]
localrule run_cell:
    output: results/bias_sensitivity/raw/dp0.55_k-0.3_n4000_r10_m4000.rds
    log: logs/bias_sensitivity/run_dp0.55_k-0.3_n4000_r10_m4000.log
    jobid: 891
    reason: Missing output files: results/bias_sensitivity/raw/dp0.55_k-0.3_n4000_r10_m4000.rds
    wildcards: cell=dp0.55_k-0.3_n4000_r10_m4000
    threads: 2
    resources: tmpdir=/tmp

[Wed Sep  2 06:48:24 2026]
Finished job 529.
1736 of 1923 steps (90%) done
Select jobs to execute...
Execute 1 jobs...

[Wed Sep  2 06:48:24 2026]
localrule run_cell:
    output: results/bias_sensitivity/raw/dp0.2_k-0.3_n4000_r10_m4000.rds
    log: logs/bias_sensitivity/run_dp0.2_k-0.3_n4000_r10_m4000.log
    jobid: 411
    reason: Missing output files: results/bias_sensitivity/raw/dp0.2_k-0.3_n4000_r10_m4000.rds
    wildcards: cell=dp0.2_k-0.3_n4000_r10_m4000
    threads: 2
    resources: tmpdir=/tmp

[Wed Sep  2 06:48:25 2026]
Finished job 462.
1737 of 1923 steps (90%) done
Select jobs to execute...
Execute 1 jobs...

[Wed Sep  2 06:48:25 2026]
localrule run_cell:
    output: results/bias_sensitivity/raw/dp0.35_k0.3_n10000_r10_m4000.rds
    log: logs/bias_sensitivity/run_dp0.35_k0.3_n10000_r10_m4000.log
    jobid: 531
    reason: Missing output files: results/bias_sensitivity/raw/dp0.35_k0.3_n10000_r10_m4000.rds
    wildcards: cell=dp0.35_k0.3_n10000_r10_m4000
    threads: 2
    resources: tmpdir=/tmp

[Wed Sep  2 06:48:29 2026]
Finished job 1053.
1738 of 1923 steps (90%) done
Select jobs to execute...
Execute 1 jobs...

[Wed Sep  2 06:48:29 2026]
localrule run_cell:
    output: results/bias_sensitivity/raw/dp0.3_k0.3_n4000_r10_m4000.rds
    log: logs/bias_sensitivity/run_dp0.3_k0.3_n4000_r10_m4000.log
    jobid: 651
    reason: Missing output files: results/bias_sensitivity/raw/dp0.3_k0.3_n4000_r10_m4000.rds
    wildcards: cell=dp0.3_k0.3_n4000_r10_m4000
    threads: 2
    resources: tmpdir=/tmp

[Wed Sep  2 06:48:53 2026]
Finished job 393.
1739 of 1923 steps (90%) done
Select jobs to execute...
Execute 1 jobs...

[Wed Sep  2 06:48:53 2026]
localrule run_cell:
    output: results/bias_sensitivity/raw/dp0.65_k-0.3_n1000_r20_m4000.rds
    log: logs/bias_sensitivity/run_dp0.65_k-0.3_n1000_r20_m4000.log
    jobid: 1071
    reason: Missing output files: results/bias_sensitivity/raw/dp0.65_k-0.3_n1000_r20_m4000.rds
    wildcards: cell=dp0.65_k-0.3_n1000_r20_m4000
    threads: 2
    resources: tmpdir=/tmp

[Wed Sep  2 06:49:00 2026]
Finished job 1189.
1740 of 1923 steps (90%) done
Select jobs to execute...
Execute 1 jobs...

[Wed Sep  2 06:49:00 2026]
localrule run_cell:
    output: results/bias_sensitivity/raw/dp0.6_k-0.3_n6000_r20_m4000.rds
    log: logs/bias_sensitivity/run_dp0.6_k-0.3_n6000_r20_m4000.log
    jobid: 1191
    reason: Missing output files: results/bias_sensitivity/raw/dp0.6_k-0.3_n6000_r20_m4000.rds
    wildcards: cell=dp0.6_k-0.3_n6000_r20_m4000
    threads: 2
    resources: tmpdir=/tmp

[Wed Sep  2 06:49:26 2026]
Finished job 505.
1741 of 1923 steps (91%) done
Select jobs to execute...
Execute 1 jobs...

[Wed Sep  2 06:49:26 2026]
localrule run_cell:
    output: results/bias_sensitivity/raw/dp0.75_k0.3_n1000_r20_m4000.rds
    log: logs/bias_sensitivity/run_dp0.75_k0.3_n1000_r20_m4000.log
    jobid: 1311
    reason: Missing output files: results/bias_sensitivity/raw/dp0.75_k0.3_n1000_r20_m4000.rds
    wildcards: cell=dp0.75_k0.3_n1000_r20_m4000
    threads: 2
    resources: tmpdir=/tmp

[Wed Sep  2 06:50:14 2026]
Finished job 1198.
1742 of 1923 steps (91%) done
Select jobs to execute...
Execute 1 jobs...

[Wed Sep  2 06:50:14 2026]
localrule run_cell:
    output: results/bias_sensitivity/raw/dp1_k-0.3_n4000_r10_m4000.rds
    log: logs/bias_sensitivity/run_dp1_k-0.3_n4000_r10_m4000.log
    jobid: 1851
    reason: Missing output files: results/bias_sensitivity/raw/dp1_k-0.3_n4000_r10_m4000.rds
    wildcards: cell=dp1_k-0.3_n4000_r10_m4000
    threads: 2
    resources: tmpdir=/tmp

[Wed Sep  2 06:50:31 2026]
Finished job 1576.
1743 of 1923 steps (91%) done
Select jobs to execute...
Execute 1 jobs...

[Wed Sep  2 06:50:31 2026]
localrule run_cell:
    output: results/bias_sensitivity/raw/dp0.15_k0.3_n1000_r10_m2000.rds
    log: logs/bias_sensitivity/run_dp0.15_k0.3_n1000_r10_m2000.log
    jobid: 154
    reason: Missing output files: results/bias_sensitivity/raw/dp0.15_k0.3_n1000_r10_m2000.rds
    wildcards: cell=dp0.15_k0.3_n1000_r10_m2000
    threads: 2
    resources: tmpdir=/tmp

[Wed Sep  2 06:50:48 2026]
Finished job 813.
1744 of 1923 steps (91%) done
Select jobs to execute...
Execute 1 jobs...

[Wed Sep  2 06:50:48 2026]
localrule run_cell:
    output: results/bias_sensitivity/raw/dp0.2_k-0.3_n1000_r10_m2000.rds
    log: logs/bias_sensitivity/run_dp0.2_k-0.3_n1000_r10_m2000.log
    jobid: 394
    reason: Missing output files: results/bias_sensitivity/raw/dp0.2_k-0.3_n1000_r10_m2000.rds
    wildcards: cell=dp0.2_k-0.3_n1000_r10_m2000
    threads: 2
    resources: tmpdir=/tmp

[Wed Sep  2 06:50:51 2026]
Finished job 1678.
1745 of 1923 steps (91%) done
Select jobs to execute...
Execute 1 jobs...

[Wed Sep  2 06:50:51 2026]
localrule run_cell:
    output: results/bias_sensitivity/raw/dp0.35_k0.3_n8000_r20_m2000.rds
    log: logs/bias_sensitivity/run_dp0.35_k0.3_n8000_r20_m2000.log
    jobid: 574
    reason: Missing output files: results/bias_sensitivity/raw/dp0.35_k0.3_n8000_r20_m2000.rds
    wildcards: cell=dp0.35_k0.3_n8000_r20_m2000
    threads: 2
    resources: tmpdir=/tmp

[Wed Sep  2 06:51:06 2026]
Finished job 591.
1746 of 1923 steps (91%) done
Select jobs to execute...
Execute 1 jobs...

[Wed Sep  2 06:51:06 2026]
localrule run_cell:
    output: results/bias_sensitivity/raw/dp0.3_k0.3_n1000_r10_m2000.rds
    log: logs/bias_sensitivity/run_dp0.3_k0.3_n1000_r10_m2000.log
    jobid: 634
    reason: Missing output files: results/bias_sensitivity/raw/dp0.3_k0.3_n1000_r10_m2000.rds
    wildcards: cell=dp0.3_k0.3_n1000_r10_m2000
    threads: 2
    resources: tmpdir=/tmp

[Wed Sep  2 06:51:18 2026]
Finished job 1308.
1747 of 1923 steps (91%) done
Select jobs to execute...
Execute 1 jobs...

[Wed Sep  2 06:51:18 2026]
localrule run_cell:
    output: results/bias_sensitivity/raw/dp0.45_k0.3_n6000_r10_m2000.rds
    log: logs/bias_sensitivity/run_dp0.45_k0.3_n6000_r10_m2000.log
    jobid: 754
    reason: Missing output files: results/bias_sensitivity/raw/dp0.45_k0.3_n6000_r10_m2000.rds
    wildcards: cell=dp0.45_k0.3_n6000_r10_m2000
    threads: 2
    resources: tmpdir=/tmp

[Wed Sep  2 06:51:21 2026]
Finished job 831.
1748 of 1923 steps (91%) done
Select jobs to execute...
Execute 1 jobs...

[Wed Sep  2 06:51:21 2026]
localrule run_cell:
    output: results/bias_sensitivity/raw/dp0.4_k-0.3_n8000_r20_m2000.rds
    log: logs/bias_sensitivity/run_dp0.4_k-0.3_n8000_r20_m2000.log
    jobid: 814
    reason: Missing output files: results/bias_sensitivity/raw/dp0.4_k-0.3_n8000_r20_m2000.rds
    wildcards: cell=dp0.4_k-0.3_n8000_r20_m2000
    threads: 2
    resources: tmpdir=/tmp

[Wed Sep  2 06:51:32 2026]
Finished job 1225.
1749 of 1923 steps (91%) done
Select jobs to execute...
Execute 1 jobs...

[Wed Sep  2 06:51:32 2026]
localrule run_cell:
    output: results/bias_sensitivity/raw/dp0.55_k0.3_n2000_r20_m2000.rds
    log: logs/bias_sensitivity/run_dp0.55_k0.3_n2000_r20_m2000.log
    jobid: 934
    reason: Missing output files: results/bias_sensitivity/raw/dp0.55_k0.3_n2000_r20_m2000.rds
    wildcards: cell=dp0.55_k0.3_n2000_r20_m2000
    threads: 2
    resources: tmpdir=/tmp

[Wed Sep  2 06:52:03 2026]
Finished job 1705.
1750 of 1923 steps (91%) done
Select jobs to execute...
Execute 1 jobs...

[Wed Sep  2 06:52:03 2026]
localrule run_cell:
    output: results/bias_sensitivity/raw/dp0.5_k0.3_n8000_r20_m2000.rds
    log: logs/bias_sensitivity/run_dp0.5_k0.3_n8000_r20_m2000.log
    jobid: 1054
    reason: Missing output files: results/bias_sensitivity/raw/dp0.5_k0.3_n8000_r20_m2000.rds
    wildcards: cell=dp0.5_k0.3_n8000_r20_m2000
    threads: 2
    resources: tmpdir=/tmp

[Wed Sep  2 06:52:08 2026]
Finished job 1071.
1751 of 1923 steps (91%) done
Select jobs to execute...
Execute 1 jobs...

[Wed Sep  2 06:52:08 2026]
localrule run_cell:
    output: results/bias_sensitivity/raw/dp0.5_k0.3_n8000_r10_m4000.rds
    log: logs/bias_sensitivity/run_dp0.5_k0.3_n8000_r10_m4000.log
    jobid: 1051
    reason: Missing output files: results/bias_sensitivity/raw/dp0.5_k0.3_n8000_r10_m4000.rds
    wildcards: cell=dp0.5_k0.3_n8000_r10_m4000
    threads: 2
    resources: tmpdir=/tmp

[Wed Sep  2 06:52:17 2026]
Finished job 68.
1752 of 1923 steps (91%) done
Select jobs to execute...
Execute 1 jobs...

[Wed Sep  2 06:52:17 2026]
localrule run_cell:
    output: results/bias_sensitivity/raw/dp0.8_k-0.3_n6000_r5_m4000.rds
    log: logs/bias_sensitivity/run_dp0.8_k-0.3_n6000_r5_m4000.log
    jobid: 1577
    reason: Missing output files: results/bias_sensitivity/raw/dp0.8_k-0.3_n6000_r5_m4000.rds
    wildcards: cell=dp0.8_k-0.3_n6000_r5_m4000
    threads: 2
    resources: tmpdir=/tmp

[Wed Sep  2 06:52:38 2026]
Finished job 1311.
1753 of 1923 steps (91%) done
Select jobs to execute...
Execute 1 jobs...

[Wed Sep  2 06:52:38 2026]
localrule run_cell:
    output: results/bias_sensitivity/raw/dp0.25_k0.3_n10000_r5_m2000.rds
    log: logs/bias_sensitivity/run_dp0.25_k0.3_n10000_r5_m2000.log
    jobid: 344
    reason: Missing output files: results/bias_sensitivity/raw/dp0.25_k0.3_n10000_r5_m2000.rds
    wildcards: cell=dp0.25_k0.3_n10000_r5_m2000
    threads: 2
    resources: tmpdir=/tmp

[Wed Sep  2 06:53:36 2026]
Finished job 154.
1754 of 1923 steps (91%) done
Select jobs to execute...
Execute 1 jobs...

[Wed Sep  2 06:53:36 2026]
localrule run_cell:
    output: results/bias_sensitivity/raw/dp0.9_k-0.3_n4000_r15_m4000.rds
    log: logs/bias_sensitivity/run_dp0.9_k-0.3_n4000_r15_m4000.log
    jobid: 1757
    reason: Missing output files: results/bias_sensitivity/raw/dp0.9_k-0.3_n4000_r15_m4000.rds
    wildcards: cell=dp0.9_k-0.3_n4000_r15_m4000
    threads: 2
    resources: tmpdir=/tmp

[Wed Sep  2 06:53:40 2026]
Finished job 575.
1755 of 1923 steps (91%) done
Select jobs to execute...
Execute 1 jobs...

[Wed Sep  2 06:53:40 2026]
localrule run_cell:
    output: results/bias_sensitivity/raw/dp0.85_k-0.3_n1000_r5_m4000.rds
    log: logs/bias_sensitivity/run_dp0.85_k-0.3_n1000_r5_m4000.log
    jobid: 1457
    reason: Missing output files: results/bias_sensitivity/raw/dp0.85_k-0.3_n1000_r5_m4000.rds
    wildcards: cell=dp0.85_k-0.3_n1000_r5_m4000
    threads: 2
    resources: tmpdir=/tmp

[Wed Sep  2 06:53:56 2026]
Finished job 394.
1756 of 1923 steps (91%) done
Select jobs to execute...
Execute 1 jobs...

[Wed Sep  2 06:53:56 2026]
localrule run_cell:
    output: results/bias_sensitivity/raw/dp0.6_k-0.3_n10000_r15_m4000.rds
    log: logs/bias_sensitivity/run_dp0.6_k-0.3_n10000_r15_m4000.log
    jobid: 1157
    reason: Missing output files: results/bias_sensitivity/raw/dp0.6_k-0.3_n10000_r15_m4000.rds
    wildcards: cell=dp0.6_k-0.3_n10000_r15_m4000
    threads: 2
    resources: tmpdir=/tmp

[Wed Sep  2 06:54:12 2026]
Finished job 634.
1757 of 1923 steps (91%) done
Select jobs to execute...
Execute 1 jobs...

[Wed Sep  2 06:54:12 2026]
localrule run_cell:
    output: results/bias_sensitivity/raw/dp1_k0.3_n10000_r15_m4000.rds
    log: logs/bias_sensitivity/run_dp1_k0.3_n10000_r15_m4000.log
    jobid: 1877
    reason: Missing output files: results/bias_sensitivity/raw/dp1_k0.3_n10000_r15_m4000.rds
    wildcards: cell=dp1_k0.3_n10000_r15_m4000
    threads: 2
    resources: tmpdir=/tmp

[Wed Sep  2 06:54:23 2026]
Finished job 128.
1758 of 1923 steps (91%) done
Select jobs to execute...
Execute 1 jobs...

[Wed Sep  2 06:54:23 2026]
localrule run_cell:
    output: results/bias_sensitivity/raw/dp0.05_k0.3_n4000_r15_m4000.rds
    log: logs/bias_sensitivity/run_dp0.05_k0.3_n4000_r15_m4000.log
    jobid: 77
    reason: Missing output files: results/bias_sensitivity/raw/dp0.05_k0.3_n4000_r15_m4000.rds
    wildcards: cell=dp0.05_k0.3_n4000_r15_m4000
    threads: 2
    resources: tmpdir=/tmp

[Wed Sep  2 06:54:27 2026]
Finished job 308.
1759 of 1923 steps (91%) done
Select jobs to execute...
Execute 1 jobs...

[Wed Sep  2 06:54:27 2026]
localrule run_cell:
    output: results/bias_sensitivity/raw/dp0.25_k-0.3_n4000_r15_m4000.rds
    log: logs/bias_sensitivity/run_dp0.25_k-0.3_n4000_r15_m4000.log
    jobid: 317
    reason: Missing output files: results/bias_sensitivity/raw/dp0.25_k-0.3_n4000_r15_m4000.rds
    wildcards: cell=dp0.25_k-0.3_n4000_r15_m4000
    threads: 2
    resources: tmpdir=/tmp

[Wed Sep  2 06:56:22 2026]
Finished job 632.
1760 of 1923 steps (92%) done
Select jobs to execute...
Execute 1 jobs...

[Wed Sep  2 06:56:22 2026]
localrule run_cell:
    output: results/bias_sensitivity/raw/dp0.25_k0.3_n6000_r5_m4000.rds
    log: logs/bias_sensitivity/run_dp0.25_k0.3_n6000_r5_m4000.log
    jobid: 377
    reason: Missing output files: results/bias_sensitivity/raw/dp0.25_k0.3_n6000_r5_m4000.rds
    wildcards: cell=dp0.25_k0.3_n6000_r5_m4000
    threads: 2
    resources: tmpdir=/tmp

[Wed Sep  2 06:56:29 2026]
Finished job 342.
1761 of 1923 steps (92%) done
Select jobs to execute...
Execute 1 jobs...

[Wed Sep  2 06:56:29 2026]
localrule run_cell:
    output: results/bias_sensitivity/raw/dp0.6_k-0.3_n6000_r5_m2000.rds
    log: logs/bias_sensitivity/run_dp0.6_k-0.3_n6000_r5_m2000.log
    jobid: 1192
    reason: Missing output files: results/bias_sensitivity/raw/dp0.6_k-0.3_n6000_r5_m2000.rds
    wildcards: cell=dp0.6_k-0.3_n6000_r5_m2000
    threads: 2
    resources: tmpdir=/tmp

[Wed Sep  2 06:56:57 2026]
Finished job 848.
1762 of 1923 steps (92%) done
Select jobs to execute...
Execute 1 jobs...

[Wed Sep  2 06:56:57 2026]
localrule run_cell:
    output: results/bias_sensitivity/raw/dp0.75_k0.3_n1000_r5_m2000.rds
    log: logs/bias_sensitivity/run_dp0.75_k0.3_n1000_r5_m2000.log
    jobid: 1312
    reason: Missing output files: results/bias_sensitivity/raw/dp0.75_k0.3_n1000_r5_m2000.rds
    wildcards: cell=dp0.75_k0.3_n1000_r5_m2000
    threads: 2
    resources: tmpdir=/tmp

[Wed Sep  2 06:56:58 2026]
Finished job 368.
1763 of 1923 steps (92%) done
Select jobs to execute...
Execute 1 jobs...

[Wed Sep  2 06:56:58 2026]
localrule run_cell:
    output: results/bias_sensitivity/raw/dp0.9_k0.3_n1000_r5_m2000.rds
    log: logs/bias_sensitivity/run_dp0.9_k0.3_n1000_r5_m2000.log
    jobid: 1792
    reason: Missing output files: results/bias_sensitivity/raw/dp0.9_k0.3_n1000_r5_m2000.rds
    wildcards: cell=dp0.9_k0.3_n1000_r5_m2000
    threads: 2
    resources: tmpdir=/tmp

[Wed Sep  2 06:56:59 2026]
Finished job 1457.
1764 of 1923 steps (92%) done
Select jobs to execute...
Execute 1 jobs...

[Wed Sep  2 06:56:59 2026]
localrule run_cell:
    output: results/bias_sensitivity/raw/dp0.4_k-0.3_n1000_r15_m2000.rds
    log: logs/bias_sensitivity/run_dp0.4_k-0.3_n1000_r15_m2000.log
    jobid: 780
    reason: Missing output files: results/bias_sensitivity/raw/dp0.4_k-0.3_n1000_r15_m2000.rds
    wildcards: cell=dp0.4_k-0.3_n1000_r15_m2000
    threads: 2
    resources: tmpdir=/tmp

[Wed Sep  2 06:57:00 2026]
Finished job 608.
1765 of 1923 steps (92%) done
Select jobs to execute...
Execute 1 jobs...

[Wed Sep  2 06:57:00 2026]
localrule run_cell:
    output: results/bias_sensitivity/raw/dp0.55_k-0.3_n6000_r15_m2000.rds
    log: logs/bias_sensitivity/run_dp0.55_k-0.3_n6000_r15_m2000.log
    jobid: 900
    reason: Missing output files: results/bias_sensitivity/raw/dp0.55_k-0.3_n6000_r15_m2000.rds
    wildcards: cell=dp0.55_k-0.3_n6000_r15_m2000
    threads: 2
    resources: tmpdir=/tmp

[Wed Sep  2 06:57:41 2026]
Finished job 651.
1766 of 1923 steps (92%) done
Select jobs to execute...
Execute 1 jobs...

[Wed Sep  2 06:57:41 2026]
localrule run_cell:
    output: results/bias_sensitivity/raw/dp0.6_k-0.3_n8000_r5_m2000.rds
    log: logs/bias_sensitivity/run_dp0.6_k-0.3_n8000_r5_m2000.log
    jobid: 1200
    reason: Missing output files: results/bias_sensitivity/raw/dp0.6_k-0.3_n8000_r5_m2000.rds
    wildcards: cell=dp0.6_k-0.3_n8000_r5_m2000
    threads: 2
    resources: tmpdir=/tmp

[Wed Sep  2 06:57:56 2026]
Finished job 376.
1767 of 1923 steps (92%) done
Select jobs to execute...
Execute 1 jobs...

[Wed Sep  2 06:57:56 2026]
localrule run_cell:
    output: results/bias_sensitivity/raw/dp0.3_k0.3_n2000_r5_m2000.rds
    log: logs/bias_sensitivity/run_dp0.3_k0.3_n2000_r5_m2000.log
    jobid: 648
    reason: Missing output files: results/bias_sensitivity/raw/dp0.3_k0.3_n2000_r5_m2000.rds
    wildcards: cell=dp0.3_k0.3_n2000_r5_m2000
    threads: 2
    resources: tmpdir=/tmp

[Wed Sep  2 06:58:16 2026]
Finished job 934.
1768 of 1923 steps (92%) done
Select jobs to execute...
Execute 1 jobs...

[Wed Sep  2 06:58:16 2026]
localrule run_cell:
    output: results/bias_sensitivity/raw/dp0.8_k0.3_n6000_r15_m2000.rds
    log: logs/bias_sensitivity/run_dp0.8_k0.3_n6000_r15_m2000.log
    jobid: 1620
    reason: Missing output files: results/bias_sensitivity/raw/dp0.8_k0.3_n6000_r15_m2000.rds
    wildcards: cell=dp0.8_k0.3_n6000_r15_m2000
    threads: 2
    resources: tmpdir=/tmp

[Wed Sep  2 06:58:41 2026]
Finished job 411.
1769 of 1923 steps (92%) done
Select jobs to execute...
Execute 1 jobs...

[Wed Sep  2 06:58:41 2026]
localrule run_cell:
    output: results/bias_sensitivity/raw/dp0.95_k-0.3_n8000_r5_m2000.rds
    log: logs/bias_sensitivity/run_dp0.95_k-0.3_n8000_r5_m2000.log
    jobid: 1680
    reason: Missing output files: results/bias_sensitivity/raw/dp0.95_k-0.3_n8000_r5_m2000.rds
    wildcards: cell=dp0.95_k-0.3_n8000_r5_m2000
    threads: 2
    resources: tmpdir=/tmp

[Wed Sep  2 06:58:48 2026]
Finished job 375.
1770 of 1923 steps (92%) done
Select jobs to execute...
Execute 1 jobs...

[Wed Sep  2 06:58:48 2026]
localrule run_cell:
    output: results/bias_sensitivity/raw/dp0.9_k-0.3_n1000_r15_m2000.rds
    log: logs/bias_sensitivity/run_dp0.9_k-0.3_n1000_r15_m2000.log
    jobid: 1740
    reason: Missing output files: results/bias_sensitivity/raw/dp0.9_k-0.3_n1000_r15_m2000.rds
    wildcards: cell=dp0.9_k-0.3_n1000_r15_m2000
    threads: 2
    resources: tmpdir=/tmp

[Wed Sep  2 06:58:55 2026]
Finished job 1088.
1771 of 1923 steps (92%) done
Select jobs to execute...
Execute 1 jobs...

[Wed Sep  2 06:58:55 2026]
localrule run_cell:
    output: results/bias_sensitivity/raw/dp0.6_k-0.3_n4000_r20_m4000.rds
    log: logs/bias_sensitivity/run_dp0.6_k-0.3_n4000_r20_m4000.log
    jobid: 1183
    reason: Missing output files: results/bias_sensitivity/raw/dp0.6_k-0.3_n4000_r20_m4000.rds
    wildcards: cell=dp0.6_k-0.3_n4000_r20_m4000
    threads: 2
    resources: tmpdir=/tmp

[Wed Sep  2 06:59:27 2026]
Finished job 1782.
1772 of 1923 steps (92%) done
Select jobs to execute...
Execute 1 jobs...

[Wed Sep  2 06:59:27 2026]
localrule run_cell:
    output: results/bias_sensitivity/raw/dp0.1_k0.3_n8000_r10_m4000.rds
    log: logs/bias_sensitivity/run_dp0.1_k0.3_n8000_r10_m4000.log
    jobid: 283
    reason: Missing output files: results/bias_sensitivity/raw/dp0.1_k0.3_n8000_r10_m4000.rds
    wildcards: cell=dp0.1_k0.3_n8000_r10_m4000
    threads: 2
    resources: tmpdir=/tmp

[Wed Sep  2 06:59:33 2026]
Finished job 530.
1773 of 1923 steps (92%) done
Select jobs to execute...
Execute 1 jobs...

[Wed Sep  2 06:59:33 2026]
localrule run_cell:
    output: results/bias_sensitivity/raw/dp0.2_k-0.3_n2000_r10_m4000.rds
    log: logs/bias_sensitivity/run_dp0.2_k-0.3_n2000_r10_m4000.log
    jobid: 403
    reason: Missing output files: results/bias_sensitivity/raw/dp0.2_k-0.3_n2000_r10_m4000.rds
    wildcards: cell=dp0.2_k-0.3_n2000_r10_m4000
    threads: 2
    resources: tmpdir=/tmp

[Wed Sep  2 07:00:06 2026]
Finished job 780.
1774 of 1923 steps (92%) done
Select jobs to execute...
Execute 1 jobs...

[Wed Sep  2 07:00:06 2026]
localrule run_cell:
    output: results/bias_sensitivity/raw/dp0.4_k0.3_n10000_r20_m4000.rds
    log: logs/bias_sensitivity/run_dp0.4_k0.3_n10000_r20_m4000.log
    jobid: 823
    reason: Missing output files: results/bias_sensitivity/raw/dp0.4_k0.3_n10000_r20_m4000.rds
    wildcards: cell=dp0.4_k0.3_n10000_r20_m4000
    threads: 2
    resources: tmpdir=/tmp

[Wed Sep  2 07:00:08 2026]
Finished job 891.
1775 of 1923 steps (92%) done
Select jobs to execute...
Execute 1 jobs...

[Wed Sep  2 07:00:08 2026]
localrule run_cell:
    output: results/bias_sensitivity/raw/dp0.9_k0.3_n10000_r20_m4000.rds
    log: logs/bias_sensitivity/run_dp0.9_k0.3_n10000_r20_m4000.log
    jobid: 1783
    reason: Missing output files: results/bias_sensitivity/raw/dp0.9_k0.3_n10000_r20_m4000.rds
    wildcards: cell=dp0.9_k0.3_n10000_r20_m4000
    threads: 2
    resources: tmpdir=/tmp

[Wed Sep  2 07:00:13 2026]
Finished job 1312.
1776 of 1923 steps (92%) done
Select jobs to execute...
Execute 1 jobs...

[Wed Sep  2 07:00:13 2026]
localrule run_cell:
    output: results/bias_sensitivity/raw/dp0.2_k0.3_n4000_r5_m2000.rds
    log: logs/bias_sensitivity/run_dp0.2_k0.3_n4000_r5_m2000.log
    jobid: 464
    reason: Missing output files: results/bias_sensitivity/raw/dp0.2_k0.3_n4000_r5_m2000.rds
    wildcards: cell=dp0.2_k0.3_n4000_r5_m2000
    threads: 2
    resources: tmpdir=/tmp

[Wed Sep  2 07:00:14 2026]
Finished job 1792.
1777 of 1923 steps (92%) done
Select jobs to execute...
Execute 1 jobs...

[Wed Sep  2 07:00:14 2026]
localrule run_cell:
    output: results/bias_sensitivity/raw/dp0.15_k-0.3_n10000_r20_m4000.rds
    log: logs/bias_sensitivity/run_dp0.15_k-0.3_n10000_r20_m4000.log
    jobid: 103
    reason: Missing output files: results/bias_sensitivity/raw/dp0.15_k-0.3_n10000_r20_m4000.rds
    wildcards: cell=dp0.15_k-0.3_n10000_r20_m4000
    threads: 2
    resources: tmpdir=/tmp

[Wed Sep  2 07:01:13 2026]
Finished job 1876.
1778 of 1923 steps (92%) done
Select jobs to execute...
Execute 1 jobs...

[Wed Sep  2 07:01:13 2026]
localrule run_cell:
    output: results/bias_sensitivity/raw/dp0.25_k0.3_n10000_r20_m4000.rds
    log: logs/bias_sensitivity/run_dp0.25_k0.3_n10000_r20_m4000.log
    jobid: 343
    reason: Missing output files: results/bias_sensitivity/raw/dp0.25_k0.3_n10000_r20_m4000.rds
    wildcards: cell=dp0.25_k0.3_n10000_r20_m4000
    threads: 2
    resources: tmpdir=/tmp

[Wed Sep  2 07:01:14 2026]
Finished job 384.
1779 of 1923 steps (93%) done
Select jobs to execute...
Execute 1 jobs...

[Wed Sep  2 07:01:14 2026]
localrule run_cell:
    output: results/bias_sensitivity/raw/dp0.65_k-0.3_n10000_r20_m4000.rds
    log: logs/bias_sensitivity/run_dp0.65_k-0.3_n10000_r20_m4000.log
    jobid: 1063
    reason: Missing output files: results/bias_sensitivity/raw/dp0.65_k-0.3_n10000_r20_m4000.rds
    wildcards: cell=dp0.65_k-0.3_n10000_r20_m4000
    threads: 2
    resources: tmpdir=/tmp

[Wed Sep  2 07:01:18 2026]
Finished job 1851.
1780 of 1923 steps (93%) done
Select jobs to execute...
Execute 1 jobs...

[Wed Sep  2 07:01:18 2026]
localrule run_cell:
    output: results/bias_sensitivity/raw/dp0.2_k0.3_n4000_r20_m4000.rds
    log: logs/bias_sensitivity/run_dp0.2_k0.3_n4000_r20_m4000.log
    jobid: 463
    reason: Missing output files: results/bias_sensitivity/raw/dp0.2_k0.3_n4000_r20_m4000.rds
    wildcards: cell=dp0.2_k0.3_n4000_r20_m4000
    threads: 2
    resources: tmpdir=/tmp

[Wed Sep  2 07:01:46 2026]
Finished job 821.
1781 of 1923 steps (93%) done
Select jobs to execute...
Execute 1 jobs...

[Wed Sep  2 07:01:46 2026]
localrule run_cell:
    output: results/bias_sensitivity/raw/dp0.45_k-0.3_n4000_r20_m4000.rds
    log: logs/bias_sensitivity/run_dp0.45_k-0.3_n4000_r20_m4000.log
    jobid: 703
    reason: Missing output files: results/bias_sensitivity/raw/dp0.45_k-0.3_n4000_r20_m4000.rds
    wildcards: cell=dp0.45_k-0.3_n4000_r20_m4000
    threads: 2
    resources: tmpdir=/tmp

[Wed Sep  2 07:01:53 2026]
Finished job 815.
1782 of 1923 steps (93%) done
Select jobs to execute...
Execute 1 jobs...

[Wed Sep  2 07:01:53 2026]
localrule run_cell:
    output: results/bias_sensitivity/raw/dp0.05_k-0.3_n4000_r10_m2000.rds
    log: logs/bias_sensitivity/run_dp0.05_k-0.3_n4000_r10_m2000.log
    jobid: 26
    reason: Missing output files: results/bias_sensitivity/raw/dp0.05_k-0.3_n4000_r10_m2000.rds
    wildcards: cell=dp0.05_k-0.3_n4000_r10_m2000
    threads: 2
    resources: tmpdir=/tmp

[Wed Sep  2 07:02:05 2026]
Finished job 1740.
1783 of 1923 steps (93%) done
Select jobs to execute...
Execute 1 jobs...

[Wed Sep  2 07:02:05 2026]
localrule run_cell:
    output: results/bias_sensitivity/raw/dp0.1_k-0.3_n1000_r20_m2000.rds
    log: logs/bias_sensitivity/run_dp0.1_k-0.3_n1000_r20_m2000.log
    jobid: 206
    reason: Missing output files: results/bias_sensitivity/raw/dp0.1_k-0.3_n1000_r20_m2000.rds
    wildcards: cell=dp0.1_k-0.3_n1000_r20_m2000
    threads: 2
    resources: tmpdir=/tmp

[Wed Sep  2 07:02:49 2026]
Finished job 573.
1784 of 1923 steps (93%) done
Select jobs to execute...
Execute 1 jobs...

[Wed Sep  2 07:02:49 2026]
localrule run_cell:
    output: results/bias_sensitivity/raw/dp0.95_k0.3_n10000_r15_m4000.rds
    log: logs/bias_sensitivity/run_dp0.95_k0.3_n10000_r15_m4000.log
    jobid: 1685
    reason: Missing output files: results/bias_sensitivity/raw/dp0.95_k0.3_n10000_r15_m4000.rds
    wildcards: cell=dp0.95_k0.3_n10000_r15_m4000
    threads: 2
    resources: tmpdir=/tmp

[Wed Sep  2 07:02:58 2026]
Finished job 1784.
1785 of 1923 steps (93%) done
Select jobs to execute...
Execute 1 jobs...

[Wed Sep  2 07:02:58 2026]
localrule run_cell:
    output: results/bias_sensitivity/raw/dp0.2_k-0.3_n10000_r10_m2000.rds
    log: logs/bias_sensitivity/run_dp0.2_k-0.3_n10000_r10_m2000.log
    jobid: 386
    reason: Missing output files: results/bias_sensitivity/raw/dp0.2_k-0.3_n10000_r10_m2000.rds
    wildcards: cell=dp0.2_k-0.3_n10000_r10_m2000
    threads: 2
    resources: tmpdir=/tmp

[Wed Sep  2 07:03:03 2026]
Finished job 1875.
1786 of 1923 steps (93%) done
Select jobs to execute...
Execute 1 jobs...

[Wed Sep  2 07:03:03 2026]
localrule run_cell:
    output: results/bias_sensitivity/raw/dp0.35_k-0.3_n4000_r10_m2000.rds
    log: logs/bias_sensitivity/run_dp0.35_k-0.3_n4000_r10_m2000.log
    jobid: 506
    reason: Missing output files: results/bias_sensitivity/raw/dp0.35_k-0.3_n4000_r10_m2000.rds
    wildcards: cell=dp0.35_k-0.3_n4000_r10_m2000
    threads: 2
    resources: tmpdir=/tmp

[Wed Sep  2 07:03:43 2026]
Finished job 1757.
1787 of 1923 steps (93%) done
Select jobs to execute...
Execute 1 jobs...

[Wed Sep  2 07:03:43 2026]
localrule run_cell:
    output: results/bias_sensitivity/raw/dp0.3_k0.3_n10000_r10_m2000.rds
    log: logs/bias_sensitivity/run_dp0.3_k0.3_n10000_r10_m2000.log
    jobid: 626
    reason: Missing output files: results/bias_sensitivity/raw/dp0.3_k0.3_n10000_r10_m2000.rds
    wildcards: cell=dp0.3_k0.3_n10000_r10_m2000
    threads: 2
    resources: tmpdir=/tmp

[Wed Sep  2 07:03:44 2026]
Finished job 625.
1788 of 1923 steps (93%) done
Select jobs to execute...
Execute 1 jobs...

[Wed Sep  2 07:03:44 2026]
localrule run_cell:
    output: results/bias_sensitivity/raw/dp0.6_k0.3_n4000_r10_m2000.rds
    log: logs/bias_sensitivity/run_dp0.6_k0.3_n4000_r10_m2000.log
    jobid: 1226
    reason: Missing output files: results/bias_sensitivity/raw/dp0.6_k0.3_n4000_r10_m2000.rds
    wildcards: cell=dp0.6_k0.3_n4000_r10_m2000
    threads: 2
    resources: tmpdir=/tmp

[Wed Sep  2 07:04:23 2026]
Finished job 77.
1789 of 1923 steps (93%) done
Select jobs to execute...
Execute 1 jobs...

[Wed Sep  2 07:04:23 2026]
localrule run_cell:
    output: results/bias_sensitivity/raw/dp0.15_k0.3_n10000_r10_m2000.rds
    log: logs/bias_sensitivity/run_dp0.15_k0.3_n10000_r10_m2000.log
    jobid: 146
    reason: Missing output files: results/bias_sensitivity/raw/dp0.15_k0.3_n10000_r10_m2000.rds
    wildcards: cell=dp0.15_k0.3_n10000_r10_m2000
    threads: 2
    resources: tmpdir=/tmp

[Wed Sep  2 07:04:58 2026]
Finished job 206.
1790 of 1923 steps (93%) done
Select jobs to execute...
Execute 1 jobs...

[Wed Sep  2 07:04:58 2026]
localrule run_cell:
    output: results/bias_sensitivity/raw/dp0.2_k0.3_n1000_r20_m2000.rds
    log: logs/bias_sensitivity/run_dp0.2_k0.3_n1000_r20_m2000.log
    jobid: 446
    reason: Missing output files: results/bias_sensitivity/raw/dp0.2_k0.3_n1000_r20_m2000.rds
    wildcards: cell=dp0.2_k0.3_n1000_r20_m2000
    threads: 2
    resources: tmpdir=/tmp

[Wed Sep  2 07:05:02 2026]
Finished job 317.
1791 of 1923 steps (93%) done
Select jobs to execute...
Execute 1 jobs...

[Wed Sep  2 07:05:02 2026]
localrule run_cell:
    output: results/bias_sensitivity/raw/dp0.45_k-0.3_n1000_r20_m2000.rds
    log: logs/bias_sensitivity/run_dp0.45_k-0.3_n1000_r20_m2000.log
    jobid: 686
    reason: Missing output files: results/bias_sensitivity/raw/dp0.45_k-0.3_n1000_r20_m2000.rds
    wildcards: cell=dp0.45_k-0.3_n1000_r20_m2000
    threads: 2
    resources: tmpdir=/tmp

[Wed Sep  2 07:05:36 2026]
Finished job 754.
1792 of 1923 steps (93%) done
Select jobs to execute...
Execute 1 jobs...

[Wed Sep  2 07:05:36 2026]
localrule run_cell:
    output: results/bias_sensitivity/raw/dp0.9_k-0.3_n6000_r20_m2000.rds
    log: logs/bias_sensitivity/run_dp0.9_k-0.3_n6000_r20_m2000.log
    jobid: 1766
    reason: Missing output files: results/bias_sensitivity/raw/dp0.9_k-0.3_n6000_r20_m2000.rds
    wildcards: cell=dp0.9_k-0.3_n6000_r20_m2000
    threads: 2
    resources: tmpdir=/tmp

[Wed Sep  2 07:06:33 2026]
Finished job 648.
1793 of 1923 steps (93%) done
Select jobs to execute...
Execute 1 jobs...

[Wed Sep  2 07:06:33 2026]
localrule run_cell:
    output: results/bias_sensitivity/raw/dp0.15_k-0.3_n4000_r5_m4000.rds
    log: logs/bias_sensitivity/run_dp0.15_k-0.3_n4000_r5_m4000.log
    jobid: 129
    reason: Missing output files: results/bias_sensitivity/raw/dp0.15_k-0.3_n4000_r5_m4000.rds
    wildcards: cell=dp0.15_k-0.3_n4000_r5_m4000
    threads: 2
    resources: tmpdir=/tmp

[Wed Sep  2 07:06:59 2026]
Finished job 403.
1794 of 1923 steps (93%) done
Select jobs to execute...
Execute 1 jobs...

[Wed Sep  2 07:06:59 2026]
localrule run_cell:
    output: results/bias_sensitivity/raw/dp0.1_k0.3_n10000_r5_m4000.rds
    log: logs/bias_sensitivity/run_dp0.1_k0.3_n10000_r5_m4000.log
    jobid: 249
    reason: Missing output files: results/bias_sensitivity/raw/dp0.1_k0.3_n10000_r5_m4000.rds
    wildcards: cell=dp0.1_k0.3_n10000_r5_m4000
    threads: 2
    resources: tmpdir=/tmp

[Wed Sep  2 07:07:57 2026]
Finished job 446.
1795 of 1923 steps (93%) done
Select jobs to execute...
Execute 1 jobs...

[Wed Sep  2 07:07:57 2026]
localrule run_cell:
    output: results/bias_sensitivity/raw/dp0.25_k-0.3_n2000_r15_m4000.rds
    log: logs/bias_sensitivity/run_dp0.25_k-0.3_n2000_r15_m4000.log
    jobid: 309
    reason: Missing output files: results/bias_sensitivity/raw/dp0.25_k-0.3_n2000_r15_m4000.rds
    wildcards: cell=dp0.25_k-0.3_n2000_r15_m4000
    threads: 2
    resources: tmpdir=/tmp

[Wed Sep  2 07:08:19 2026]
Finished job 686.
1796 of 1923 steps (93%) done
Select jobs to execute...
Execute 1 jobs...

[Wed Sep  2 07:08:19 2026]
localrule run_cell:
    output: results/bias_sensitivity/raw/dp0.05_k0.3_n2000_r15_m4000.rds
    log: logs/bias_sensitivity/run_dp0.05_k0.3_n2000_r15_m4000.log
    jobid: 69
    reason: Missing output files: results/bias_sensitivity/raw/dp0.05_k0.3_n2000_r15_m4000.rds
    wildcards: cell=dp0.05_k0.3_n2000_r15_m4000
    threads: 2
    resources: tmpdir=/tmp

[Wed Sep  2 07:08:39 2026]
Finished job 633.
1797 of 1923 steps (93%) done
Select jobs to execute...
Execute 1 jobs...

[Wed Sep  2 07:08:39 2026]
localrule run_cell:
    output: results/bias_sensitivity/raw/dp0.65_k-0.3_n4000_r5_m4000.rds
    log: logs/bias_sensitivity/run_dp0.65_k-0.3_n4000_r5_m4000.log
    jobid: 1089
    reason: Missing output files: results/bias_sensitivity/raw/dp0.65_k-0.3_n4000_r5_m4000.rds
    wildcards: cell=dp0.65_k-0.3_n4000_r5_m4000
    threads: 2
    resources: tmpdir=/tmp

[Wed Sep  2 07:09:34 2026]
Finished job 7.
1798 of 1923 steps (93%) done
Select jobs to execute...
Execute 1 jobs...

[Wed Sep  2 07:09:34 2026]
localrule run_cell:
    output: results/bias_sensitivity/raw/dp0.4_k0.3_n4000_r5_m4000.rds
    log: logs/bias_sensitivity/run_dp0.4_k0.3_n4000_r5_m4000.log
    jobid: 849
    reason: Missing output files: results/bias_sensitivity/raw/dp0.4_k0.3_n4000_r5_m4000.rds
    wildcards: cell=dp0.4_k0.3_n4000_r5_m4000
    threads: 2
    resources: tmpdir=/tmp

[Wed Sep  2 07:09:35 2026]
Finished job 531.
1799 of 1923 steps (94%) done
Select jobs to execute...
Execute 1 jobs...

[Wed Sep  2 07:09:35 2026]
localrule run_cell:
    output: results/bias_sensitivity/raw/dp0.05_k-0.3_n10000_r5_m4000.rds
    log: logs/bias_sensitivity/run_dp0.05_k-0.3_n10000_r5_m4000.log
    jobid: 9
    reason: Missing output files: results/bias_sensitivity/raw/dp0.05_k-0.3_n10000_r5_m4000.rds
    wildcards: cell=dp0.05_k-0.3_n10000_r5_m4000
    threads: 2
    resources: tmpdir=/tmp

[Wed Sep  2 07:09:43 2026]
Finished job 488.
1800 of 1923 steps (94%) done
Select jobs to execute...
Execute 1 jobs...

[Wed Sep  2 07:09:43 2026]
localrule run_cell:
    output: results/bias_sensitivity/raw/dp0.25_k0.3_n4000_r5_m4000.rds
    log: logs/bias_sensitivity/run_dp0.25_k0.3_n4000_r5_m4000.log
    jobid: 369
    reason: Missing output files: results/bias_sensitivity/raw/dp0.25_k0.3_n4000_r5_m4000.rds
    wildcards: cell=dp0.25_k0.3_n4000_r5_m4000
    threads: 2
    resources: tmpdir=/tmp

[Wed Sep  2 07:09:56 2026]
Finished job 464.
1801 of 1923 steps (94%) done
Select jobs to execute...
Execute 1 jobs...

[Wed Sep  2 07:09:56 2026]
localrule run_cell:
    output: results/bias_sensitivity/raw/dp0.3_k0.3_n8000_r15_m4000.rds
    log: logs/bias_sensitivity/run_dp0.3_k0.3_n8000_r15_m4000.log
    jobid: 669
    reason: Missing output files: results/bias_sensitivity/raw/dp0.3_k0.3_n8000_r15_m4000.rds
    wildcards: cell=dp0.3_k0.3_n8000_r15_m4000
    threads: 2
    resources: tmpdir=/tmp

[Wed Sep  2 07:10:18 2026]
Finished job 1242.
1802 of 1923 steps (94%) done
Select jobs to execute...
Execute 1 jobs...

[Wed Sep  2 07:10:18 2026]
localrule run_cell:
    output: results/bias_sensitivity/raw/dp0.75_k0.3_n4000_r5_m4000.rds
    log: logs/bias_sensitivity/run_dp0.75_k0.3_n4000_r5_m4000.log
    jobid: 1329
    reason: Missing output files: results/bias_sensitivity/raw/dp0.75_k0.3_n4000_r5_m4000.rds
    wildcards: cell=dp0.75_k0.3_n4000_r5_m4000
    threads: 2
    resources: tmpdir=/tmp

[Wed Sep  2 07:10:32 2026]
Finished job 1054.
1803 of 1923 steps (94%) done
Select jobs to execute...
Execute 1 jobs...

[Wed Sep  2 07:10:32 2026]
localrule run_cell:
    output: results/bias_sensitivity/raw/dp0.3_k-0.3_n1000_r5_m2000.rds
    log: logs/bias_sensitivity/run_dp0.3_k-0.3_n1000_r5_m2000.log
    jobid: 592
    reason: Missing output files: results/bias_sensitivity/raw/dp0.3_k-0.3_n1000_r5_m2000.rds
    wildcards: cell=dp0.3_k-0.3_n1000_r5_m2000
    threads: 2
    resources: tmpdir=/tmp

[Wed Sep  2 07:10:39 2026]
Finished job 463.
1804 of 1923 steps (94%) done
Select jobs to execute...
Execute 1 jobs...

[Wed Sep  2 07:10:39 2026]
localrule run_cell:
    output: results/bias_sensitivity/raw/dp0.4_k0.3_n1000_r5_m2000.rds
    log: logs/bias_sensitivity/run_dp0.4_k0.3_n1000_r5_m2000.log
    jobid: 832
    reason: Missing output files: results/bias_sensitivity/raw/dp0.4_k0.3_n1000_r5_m2000.rds
    wildcards: cell=dp0.4_k0.3_n1000_r5_m2000
    threads: 2
    resources: tmpdir=/tmp

[Wed Sep  2 07:10:51 2026]
Finished job 1301.
1805 of 1923 steps (94%) done
Select jobs to execute...
Execute 1 jobs...

[Wed Sep  2 07:10:51 2026]
localrule run_cell:
    output: results/bias_sensitivity/raw/dp0.55_k-0.3_n4000_r15_m2000.rds
    log: logs/bias_sensitivity/run_dp0.55_k-0.3_n4000_r15_m2000.log
    jobid: 892
    reason: Missing output files: results/bias_sensitivity/raw/dp0.55_k-0.3_n4000_r15_m2000.rds
    wildcards: cell=dp0.55_k-0.3_n4000_r15_m2000
    threads: 2
    resources: tmpdir=/tmp

[Wed Sep  2 07:11:22 2026]
Finished job 26.
1806 of 1923 steps (94%) done
Select jobs to execute...
Execute 1 jobs...

[Wed Sep  2 07:11:22 2026]
localrule run_cell:
    output: results/bias_sensitivity/raw/dp0.2_k-0.3_n4000_r15_m2000.rds
    log: logs/bias_sensitivity/run_dp0.2_k-0.3_n4000_r15_m2000.log
    jobid: 412
    reason: Missing output files: results/bias_sensitivity/raw/dp0.2_k-0.3_n4000_r15_m2000.rds
    wildcards: cell=dp0.2_k-0.3_n4000_r15_m2000
    threads: 2
    resources: tmpdir=/tmp

[Wed Sep  2 07:11:30 2026]
Finished job 703.
1807 of 1923 steps (94%) done
Select jobs to execute...
Execute 1 jobs...

[Wed Sep  2 07:11:30 2026]
localrule run_cell:
    output: results/bias_sensitivity/raw/dp0.35_k0.3_n10000_r15_m2000.rds
    log: logs/bias_sensitivity/run_dp0.35_k0.3_n10000_r15_m2000.log
    jobid: 532
    reason: Missing output files: results/bias_sensitivity/raw/dp0.35_k0.3_n10000_r15_m2000.rds
    wildcards: cell=dp0.35_k0.3_n10000_r15_m2000
    threads: 2
    resources: tmpdir=/tmp

[Wed Sep  2 07:11:31 2026]
Finished job 377.
1808 of 1923 steps (94%) done
Select jobs to execute...
Execute 1 jobs...

[Wed Sep  2 07:11:31 2026]
localrule run_cell:
    output: results/bias_sensitivity/raw/dp0.3_k0.3_n4000_r15_m2000.rds
    log: logs/bias_sensitivity/run_dp0.3_k0.3_n4000_r15_m2000.log
    jobid: 652
    reason: Missing output files: results/bias_sensitivity/raw/dp0.3_k0.3_n4000_r15_m2000.rds
    wildcards: cell=dp0.3_k0.3_n4000_r15_m2000
    threads: 2
    resources: tmpdir=/tmp

[Wed Sep  2 07:11:46 2026]
Finished job 344.
1809 of 1923 steps (94%) done
Select jobs to execute...
Execute 1 jobs...

[Wed Sep  2 07:11:46 2026]
localrule run_cell:
    output: results/bias_sensitivity/raw/dp0.65_k-0.3_n1000_r5_m2000.rds
    log: logs/bias_sensitivity/run_dp0.65_k-0.3_n1000_r5_m2000.log
    jobid: 1072
    reason: Missing output files: results/bias_sensitivity/raw/dp0.65_k-0.3_n1000_r5_m2000.rds
    wildcards: cell=dp0.65_k-0.3_n1000_r5_m2000
    threads: 2
    resources: tmpdir=/tmp

[Wed Sep  2 07:12:45 2026]
Finished job 101.
1810 of 1923 steps (94%) done
Select jobs to execute...
Execute 1 jobs...

[Wed Sep  2 07:12:45 2026]
localrule run_cell:
    output: results/bias_sensitivity/raw/dp0.45_k-0.3_n1000_r10_m2000.rds
    log: logs/bias_sensitivity/run_dp0.45_k-0.3_n1000_r10_m2000.log
    jobid: 682
    reason: Missing output files: results/bias_sensitivity/raw/dp0.45_k-0.3_n1000_r10_m2000.rds
    wildcards: cell=dp0.45_k-0.3_n1000_r10_m2000
    threads: 2
    resources: tmpdir=/tmp

[Wed Sep  2 07:13:26 2026]
Finished job 822.
1811 of 1923 steps (94%) done
Select jobs to execute...
Execute 1 jobs...

[Wed Sep  2 07:13:26 2026]
localrule run_cell:
    output: results/bias_sensitivity/raw/dp0.6_k0.3_n2000_r20_m2000.rds
    log: logs/bias_sensitivity/run_dp0.6_k0.3_n2000_r20_m2000.log
    jobid: 1222
    reason: Missing output files: results/bias_sensitivity/raw/dp0.6_k0.3_n2000_r20_m2000.rds
    wildcards: cell=dp0.6_k0.3_n2000_r20_m2000
    threads: 2
    resources: tmpdir=/tmp

[Wed Sep  2 07:13:40 2026]
Finished job 592.
1812 of 1923 steps (94%) done
Select jobs to execute...
Execute 1 jobs...

[Wed Sep  2 07:13:40 2026]
localrule run_cell:
    output: results/bias_sensitivity/raw/dp0.95_k0.3_n2000_r20_m2000.rds
    log: logs/bias_sensitivity/run_dp0.95_k0.3_n2000_r20_m2000.log
    jobid: 1702
    reason: Missing output files: results/bias_sensitivity/raw/dp0.95_k0.3_n2000_r20_m2000.rds
    wildcards: cell=dp0.95_k0.3_n2000_r20_m2000
    threads: 2
    resources: tmpdir=/tmp

[Wed Sep  2 07:13:49 2026]
Finished job 282.
1813 of 1923 steps (94%) done
Select jobs to execute...
Execute 1 jobs...

[Wed Sep  2 07:13:49 2026]
localrule run_cell:
    output: results/bias_sensitivity/raw/dp0.3_k0.3_n1000_r10_m4000.rds
    log: logs/bias_sensitivity/run_dp0.3_k0.3_n1000_r10_m4000.log
    jobid: 635
    reason: Missing output files: results/bias_sensitivity/raw/dp0.3_k0.3_n1000_r10_m4000.rds
    wildcards: cell=dp0.3_k0.3_n1000_r10_m4000
    threads: 2
    resources: tmpdir=/tmp

[Wed Sep  2 07:13:51 2026]
Finished job 832.
1814 of 1923 steps (94%) done
Select jobs to execute...
Execute 1 jobs...

[Wed Sep  2 07:13:51 2026]
localrule run_cell:
    output: results/bias_sensitivity/raw/dp0.45_k0.3_n6000_r10_m4000.rds
    log: logs/bias_sensitivity/run_dp0.45_k0.3_n6000_r10_m4000.log
    jobid: 755
    reason: Missing output files: results/bias_sensitivity/raw/dp0.45_k0.3_n6000_r10_m4000.rds
    wildcards: cell=dp0.45_k0.3_n6000_r10_m4000
    threads: 2
    resources: tmpdir=/tmp

[Wed Sep  2 07:13:53 2026]
Finished job 624.
1815 of 1923 steps (94%) done
Select jobs to execute...
Execute 1 jobs...

[Wed Sep  2 07:13:53 2026]
localrule run_cell:
    output: results/bias_sensitivity/raw/dp0.15_k0.3_n1000_r10_m4000.rds
    log: logs/bias_sensitivity/run_dp0.15_k0.3_n1000_r10_m4000.log
    jobid: 155
    reason: Missing output files: results/bias_sensitivity/raw/dp0.15_k0.3_n1000_r10_m4000.rds
    wildcards: cell=dp0.15_k0.3_n1000_r10_m4000
    threads: 2
    resources: tmpdir=/tmp

[Wed Sep  2 07:13:57 2026]
Finished job 1226.
1816 of 1923 steps (94%) done
Select jobs to execute...
Execute 1 jobs...

[Wed Sep  2 07:13:57 2026]
localrule run_cell:
    output: results/bias_sensitivity/raw/dp0.2_k-0.3_n1000_r10_m4000.rds
    log: logs/bias_sensitivity/run_dp0.2_k-0.3_n1000_r10_m4000.log
    jobid: 395
    reason: Missing output files: results/bias_sensitivity/raw/dp0.2_k-0.3_n1000_r10_m4000.rds
    wildcards: cell=dp0.2_k-0.3_n1000_r10_m4000
    threads: 2
    resources: tmpdir=/tmp

[Wed Sep  2 07:14:02 2026]
Finished job 247.
1817 of 1923 steps (94%) done
Select jobs to execute...
Execute 1 jobs...

[Wed Sep  2 07:14:02 2026]
localrule run_cell:
    output: results/bias_sensitivity/raw/dp0.25_k-0.3_n1000_r5_m4000.rds
    log: logs/bias_sensitivity/run_dp0.25_k-0.3_n1000_r5_m4000.log
    jobid: 305
    reason: Missing output files: results/bias_sensitivity/raw/dp0.25_k-0.3_n1000_r5_m4000.rds
    wildcards: cell=dp0.25_k-0.3_n1000_r5_m4000
    threads: 2
    resources: tmpdir=/tmp

[Wed Sep  2 07:14:16 2026]
Finished job 309.
1818 of 1923 steps (95%) done
Select jobs to execute...
Execute 1 jobs...

[Wed Sep  2 07:14:16 2026]
localrule run_cell:
    output: results/bias_sensitivity/raw/dp0.1_k0.3_n10000_r15_m4000.rds
    log: logs/bias_sensitivity/run_dp0.1_k0.3_n10000_r15_m4000.log
    jobid: 245
    reason: Missing output files: results/bias_sensitivity/raw/dp0.1_k0.3_n10000_r15_m4000.rds
    wildcards: cell=dp0.1_k0.3_n10000_r15_m4000
    threads: 2
    resources: tmpdir=/tmp

[Wed Sep  2 07:14:36 2026]
Finished job 506.
1819 of 1923 steps (95%) done
Select jobs to execute...
Execute 1 jobs...

[Wed Sep  2 07:14:36 2026]
localrule run_cell:
    output: results/bias_sensitivity/raw/dp0.05_k0.3_n1000_r5_m4000.rds
    log: logs/bias_sensitivity/run_dp0.05_k0.3_n1000_r5_m4000.log
    jobid: 65
    reason: Missing output files: results/bias_sensitivity/raw/dp0.05_k0.3_n1000_r5_m4000.rds
    wildcards: cell=dp0.05_k0.3_n1000_r5_m4000
    threads: 2
    resources: tmpdir=/tmp

[Wed Sep  2 07:14:54 2026]
Finished job 1183.
1820 of 1923 steps (95%) done
Select jobs to execute...
Execute 1 jobs...

[Wed Sep  2 07:14:54 2026]
localrule run_cell:
    output: results/bias_sensitivity/raw/dp0.15_k-0.3_n4000_r15_m4000.rds
    log: logs/bias_sensitivity/run_dp0.15_k-0.3_n4000_r15_m4000.log
    jobid: 125
    reason: Missing output files: results/bias_sensitivity/raw/dp0.15_k-0.3_n4000_r15_m4000.rds
    wildcards: cell=dp0.15_k-0.3_n4000_r15_m4000
    threads: 2
    resources: tmpdir=/tmp

[Wed Sep  2 07:15:03 2026]
Finished job 1072.
1821 of 1923 steps (95%) done
Select jobs to execute...
Execute 1 jobs...

[Wed Sep  2 07:15:03 2026]
localrule run_cell:
    output: results/bias_sensitivity/raw/dp0.65_k-0.3_n4000_r15_m4000.rds
    log: logs/bias_sensitivity/run_dp0.65_k-0.3_n4000_r15_m4000.log
    jobid: 1085
    reason: Missing output files: results/bias_sensitivity/raw/dp0.65_k-0.3_n4000_r15_m4000.rds
    wildcards: cell=dp0.65_k-0.3_n4000_r15_m4000
    threads: 2
    resources: tmpdir=/tmp

[Wed Sep  2 07:15:19 2026]
Finished job 378.
1822 of 1923 steps (95%) done
Select jobs to execute...
Execute 1 jobs...

[Wed Sep  2 07:15:19 2026]
localrule run_cell:
    output: results/bias_sensitivity/raw/dp0.4_k0.3_n4000_r15_m4000.rds
    log: logs/bias_sensitivity/run_dp0.4_k0.3_n4000_r15_m4000.log
    jobid: 845
    reason: Missing output files: results/bias_sensitivity/raw/dp0.4_k0.3_n4000_r15_m4000.rds
    wildcards: cell=dp0.4_k0.3_n4000_r15_m4000
    threads: 2
    resources: tmpdir=/tmp

[Wed Sep  2 07:15:47 2026]
Finished job 69.
1823 of 1923 steps (95%) done
Select jobs to execute...
Execute 1 jobs...

[Wed Sep  2 07:15:47 2026]
localrule run_cell:
    output: results/bias_sensitivity/raw/dp0.05_k-0.3_n10000_r15_m4000.rds
    log: logs/bias_sensitivity/run_dp0.05_k-0.3_n10000_r15_m4000.log
    jobid: 5
    reason: Missing output files: results/bias_sensitivity/raw/dp0.05_k-0.3_n10000_r15_m4000.rds
    wildcards: cell=dp0.05_k-0.3_n10000_r15_m4000
    threads: 2
    resources: tmpdir=/tmp

[Wed Sep  2 07:15:52 2026]
Finished job 682.
1824 of 1923 steps (95%) done
Select jobs to execute...
Execute 1 jobs...

[Wed Sep  2 07:15:52 2026]
localrule run_cell:
    output: results/bias_sensitivity/raw/dp0.45_k0.3_n10000_r15_m4000.rds
    log: logs/bias_sensitivity/run_dp0.45_k0.3_n10000_r15_m4000.log
    jobid: 725
    reason: Missing output files: results/bias_sensitivity/raw/dp0.45_k0.3_n10000_r15_m4000.rds
    wildcards: cell=dp0.45_k0.3_n10000_r15_m4000
    threads: 2
    resources: tmpdir=/tmp

[Wed Sep  2 07:16:02 2026]
Finished job 129.
1825 of 1923 steps (95%) done
Select jobs to execute...
Execute 1 jobs...

[Wed Sep  2 07:16:02 2026]
localrule run_cell:
    output: results/bias_sensitivity/raw/dp1_k0.3_n10000_r20_m2000.rds
    log: logs/bias_sensitivity/run_dp1_k0.3_n10000_r20_m2000.log
    jobid: 1878
    reason: Missing output files: results/bias_sensitivity/raw/dp1_k0.3_n10000_r20_m2000.rds
    wildcards: cell=dp1_k0.3_n10000_r20_m2000
    threads: 2
    resources: tmpdir=/tmp

[Wed Sep  2 07:16:18 2026]
Finished job 1156.
1826 of 1923 steps (95%) done
Select jobs to execute...
Execute 1 jobs...

[Wed Sep  2 07:16:18 2026]
localrule run_cell:
    output: results/bias_sensitivity/raw/dp0.8_k-0.3_n8000_r10_m2000.rds
    log: logs/bias_sensitivity/run_dp0.8_k-0.3_n8000_r10_m2000.log
    jobid: 1578
    reason: Missing output files: results/bias_sensitivity/raw/dp0.8_k-0.3_n8000_r10_m2000.rds
    wildcards: cell=dp0.8_k-0.3_n8000_r10_m2000
    threads: 2
    resources: tmpdir=/tmp

[Wed Sep  2 07:16:33 2026]
Finished job 385.
1827 of 1923 steps (95%) done
Select jobs to execute...
Execute 1 jobs...

[Wed Sep  2 07:16:33 2026]
localrule run_cell:
    output: results/bias_sensitivity/raw/dp0.9_k-0.3_n4000_r20_m2000.rds
    log: logs/bias_sensitivity/run_dp0.9_k-0.3_n4000_r20_m2000.log
    jobid: 1758
    reason: Missing output files: results/bias_sensitivity/raw/dp0.9_k-0.3_n4000_r20_m2000.rds
    wildcards: cell=dp0.9_k-0.3_n4000_r20_m2000
    threads: 2
    resources: tmpdir=/tmp

[Wed Sep  2 07:16:45 2026]
Finished job 899.
1828 of 1923 steps (95%) done
Select jobs to execute...
Execute 1 jobs...

[Wed Sep  2 07:16:45 2026]
localrule run_cell:
    output: results/bias_sensitivity/raw/dp0.85_k-0.3_n2000_r10_m2000.rds
    log: logs/bias_sensitivity/run_dp0.85_k-0.3_n2000_r10_m2000.log
    jobid: 1458
    reason: Missing output files: results/bias_sensitivity/raw/dp0.85_k-0.3_n2000_r10_m2000.rds
    wildcards: cell=dp0.85_k-0.3_n2000_r10_m2000
    threads: 2
    resources: tmpdir=/tmp

[Wed Sep  2 07:16:53 2026]
Finished job 635.
1829 of 1923 steps (95%) done
Select jobs to execute...
Execute 1 jobs...

[Wed Sep  2 07:16:53 2026]
localrule run_cell:
    output: results/bias_sensitivity/raw/dp0.6_k-0.3_n10000_r20_m2000.rds
    log: logs/bias_sensitivity/run_dp0.6_k-0.3_n10000_r20_m2000.log
    jobid: 1158
    reason: Missing output files: results/bias_sensitivity/raw/dp0.6_k-0.3_n10000_r20_m2000.rds
    wildcards: cell=dp0.6_k-0.3_n10000_r20_m2000
    threads: 2
    resources: tmpdir=/tmp

[Wed Sep  2 07:17:02 2026]
Finished job 102.
1830 of 1923 steps (95%) done
Select jobs to execute...
Execute 1 jobs...

[Wed Sep  2 07:17:02 2026]
localrule run_cell:
    output: results/bias_sensitivity/raw/dp0.55_k-0.3_n2000_r5_m2000.rds
    log: logs/bias_sensitivity/run_dp0.55_k-0.3_n2000_r5_m2000.log
    jobid: 888
    reason: Missing output files: results/bias_sensitivity/raw/dp0.55_k-0.3_n2000_r5_m2000.rds
    wildcards: cell=dp0.55_k-0.3_n2000_r5_m2000
    threads: 2
    resources: tmpdir=/tmp

[Wed Sep  2 07:17:05 2026]
Finished job 395.
1831 of 1923 steps (95%) done
Select jobs to execute...
Execute 1 jobs...

[Wed Sep  2 07:17:05 2026]
localrule run_cell:
    output: results/bias_sensitivity/raw/dp0.2_k-0.3_n2000_r5_m2000.rds
    log: logs/bias_sensitivity/run_dp0.2_k-0.3_n2000_r5_m2000.log
    jobid: 408
    reason: Missing output files: results/bias_sensitivity/raw/dp0.2_k-0.3_n2000_r5_m2000.rds
    wildcards: cell=dp0.2_k-0.3_n2000_r5_m2000
    threads: 2
    resources: tmpdir=/tmp

[Wed Sep  2 07:17:06 2026]
Finished job 305.
1832 of 1923 steps (95%) done
Select jobs to execute...
Execute 1 jobs...

[Wed Sep  2 07:17:06 2026]
localrule run_cell:
    output: results/bias_sensitivity/raw/dp0.35_k-0.3_n8000_r5_m2000.rds
    log: logs/bias_sensitivity/run_dp0.35_k-0.3_n8000_r5_m2000.log
    jobid: 528
    reason: Missing output files: results/bias_sensitivity/raw/dp0.35_k-0.3_n8000_r5_m2000.rds
    wildcards: cell=dp0.35_k-0.3_n8000_r5_m2000
    threads: 2
    resources: tmpdir=/tmp

[Wed Sep  2 07:17:08 2026]
Finished job 155.
1833 of 1923 steps (95%) done
Select jobs to execute...
Execute 1 jobs...

[Wed Sep  2 07:17:08 2026]
localrule run_cell:
    output: results/bias_sensitivity/raw/dp0.6_k-0.3_n6000_r15_m2000.rds
    log: logs/bias_sensitivity/run_dp0.6_k-0.3_n6000_r15_m2000.log
    jobid: 1188
    reason: Missing output files: results/bias_sensitivity/raw/dp0.6_k-0.3_n6000_r15_m2000.rds
    wildcards: cell=dp0.6_k-0.3_n6000_r15_m2000
    threads: 2
    resources: tmpdir=/tmp

[Wed Sep  2 07:17:41 2026]
Finished job 65.
1834 of 1923 steps (95%) done
Select jobs to execute...
Execute 1 jobs...

[Wed Sep  2 07:17:41 2026]
localrule run_cell:
    output: results/bias_sensitivity/raw/dp0.3_k-0.3_n1000_r15_m2000.rds
    log: logs/bias_sensitivity/run_dp0.3_k-0.3_n1000_r15_m2000.log
    jobid: 588
    reason: Missing output files: results/bias_sensitivity/raw/dp0.3_k-0.3_n1000_r15_m2000.rds
    wildcards: cell=dp0.3_k-0.3_n1000_r15_m2000
    threads: 2
    resources: tmpdir=/tmp

[Wed Sep  2 07:18:01 2026]
Finished job 574.
1835 of 1923 steps (95%) done
Select jobs to execute...
Execute 1 jobs...

[Wed Sep  2 07:18:01 2026]
localrule run_cell:
    output: results/bias_sensitivity/raw/dp0.4_k0.3_n1000_r15_m2000.rds
    log: logs/bias_sensitivity/run_dp0.4_k0.3_n1000_r15_m2000.log
    jobid: 828
    reason: Missing output files: results/bias_sensitivity/raw/dp0.4_k0.3_n1000_r15_m2000.rds
    wildcards: cell=dp0.4_k0.3_n1000_r15_m2000
    threads: 2
    resources: tmpdir=/tmp

[Wed Sep  2 07:18:22 2026]
Finished job 1577.
1836 of 1923 steps (95%) done
Select jobs to execute...
Execute 1 jobs...

[Wed Sep  2 07:18:22 2026]
localrule run_cell:
    output: results/bias_sensitivity/raw/dp0.65_k-0.3_n1000_r15_m2000.rds
    log: logs/bias_sensitivity/run_dp0.65_k-0.3_n1000_r15_m2000.log
    jobid: 1068
    reason: Missing output files: results/bias_sensitivity/raw/dp0.65_k-0.3_n1000_r15_m2000.rds
    wildcards: cell=dp0.65_k-0.3_n1000_r15_m2000
    threads: 2
    resources: tmpdir=/tmp

[Wed Sep  2 07:18:39 2026]
Finished job 1877.
1837 of 1923 steps (96%) done
Select jobs to execute...
Execute 1 jobs...

[Wed Sep  2 07:18:39 2026]
localrule run_cell:
    output: results/bias_sensitivity/raw/dp0.9_k-0.3_n1000_r15_m4000.rds
    log: logs/bias_sensitivity/run_dp0.9_k-0.3_n1000_r15_m4000.log
    jobid: 1741
    reason: Missing output files: results/bias_sensitivity/raw/dp0.9_k-0.3_n1000_r15_m4000.rds
    wildcards: cell=dp0.9_k-0.3_n1000_r15_m4000
    threads: 2
    resources: tmpdir=/tmp

[Wed Sep  2 07:19:03 2026]
Finished job 849.
1838 of 1923 steps (96%) done
Select jobs to execute...
Execute 1 jobs...

[Wed Sep  2 07:19:03 2026]
localrule run_cell:
    output: results/bias_sensitivity/raw/dp0.6_k-0.3_n8000_r5_m4000.rds
    log: logs/bias_sensitivity/run_dp0.6_k-0.3_n8000_r5_m4000.log
    jobid: 1201
    reason: Missing output files: results/bias_sensitivity/raw/dp0.6_k-0.3_n8000_r5_m4000.rds
    wildcards: cell=dp0.6_k-0.3_n8000_r5_m4000
    threads: 2
    resources: tmpdir=/tmp

[Wed Sep  2 07:19:39 2026]
Finished job 1089.
1839 of 1923 steps (96%) done
Select jobs to execute...
Execute 1 jobs...

[Wed Sep  2 07:19:39 2026]
localrule run_cell:
    output: results/bias_sensitivity/raw/dp0.55_k-0.3_n6000_r15_m4000.rds
    log: logs/bias_sensitivity/run_dp0.55_k-0.3_n6000_r15_m4000.log
    jobid: 901
    reason: Missing output files: results/bias_sensitivity/raw/dp0.55_k-0.3_n6000_r15_m4000.rds
    wildcards: cell=dp0.55_k-0.3_n6000_r15_m4000
    threads: 2
    resources: tmpdir=/tmp

[Wed Sep  2 07:19:56 2026]
Finished job 1619.
1840 of 1923 steps (96%) done
Select jobs to execute...
Execute 1 jobs...

[Wed Sep  2 07:19:56 2026]
localrule run_cell:
    output: results/bias_sensitivity/raw/dp0.8_k0.3_n6000_r15_m4000.rds
    log: logs/bias_sensitivity/run_dp0.8_k0.3_n6000_r15_m4000.log
    jobid: 1621
    reason: Missing output files: results/bias_sensitivity/raw/dp0.8_k0.3_n6000_r15_m4000.rds
    wildcards: cell=dp0.8_k0.3_n6000_r15_m4000
    threads: 2
    resources: tmpdir=/tmp

[Wed Sep  2 07:20:20 2026]
Finished job 1062.
1841 of 1923 steps (96%) done
Select jobs to execute...
Execute 1 jobs...

[Wed Sep  2 07:20:20 2026]
localrule run_cell:
    output: results/bias_sensitivity/raw/dp0.4_k-0.3_n1000_r15_m4000.rds
    log: logs/bias_sensitivity/run_dp0.4_k-0.3_n1000_r15_m4000.log
    jobid: 781
    reason: Missing output files: results/bias_sensitivity/raw/dp0.4_k-0.3_n1000_r15_m4000.rds
    wildcards: cell=dp0.4_k-0.3_n1000_r15_m4000
    threads: 2
    resources: tmpdir=/tmp

[Wed Sep  2 07:20:25 2026]
Finished job 369.
1842 of 1923 steps (96%) done
Select jobs to execute...
Execute 1 jobs...

[Wed Sep  2 07:20:25 2026]
localrule run_cell:
    output: results/bias_sensitivity/raw/dp0.95_k-0.3_n8000_r5_m4000.rds
    log: logs/bias_sensitivity/run_dp0.95_k-0.3_n8000_r5_m4000.log
    jobid: 1681
    reason: Missing output files: results/bias_sensitivity/raw/dp0.95_k-0.3_n8000_r5_m4000.rds
    wildcards: cell=dp0.95_k-0.3_n8000_r5_m4000
    threads: 2
    resources: tmpdir=/tmp

[Wed Sep  2 07:20:30 2026]
Finished job 1679.
1843 of 1923 steps (96%) done
Select jobs to execute...
Execute 1 jobs...

[Wed Sep  2 07:20:30 2026]
localrule run_cell:
    output: results/bias_sensitivity/raw/dp0.15_k0.3_n10000_r20_m4000.rds
    log: logs/bias_sensitivity/run_dp0.15_k0.3_n10000_r20_m4000.log
    jobid: 151
    reason: Missing output files: results/bias_sensitivity/raw/dp0.15_k0.3_n10000_r20_m4000.rds
    wildcards: cell=dp0.15_k0.3_n10000_r20_m4000
    threads: 2
    resources: tmpdir=/tmp

[Wed Sep  2 07:20:37 2026]
Finished job 1702.
1844 of 1923 steps (96%) done
Select jobs to execute...
Execute 1 jobs...

[Wed Sep  2 07:20:37 2026]
localrule run_cell:
    output: results/bias_sensitivity/raw/dp0.2_k-0.3_n10000_r20_m4000.rds
    log: logs/bias_sensitivity/run_dp0.2_k-0.3_n10000_r20_m4000.log
    jobid: 391
    reason: Missing output files: results/bias_sensitivity/raw/dp0.2_k-0.3_n10000_r20_m4000.rds
    wildcards: cell=dp0.2_k-0.3_n10000_r20_m4000
    threads: 2
    resources: tmpdir=/tmp

[Wed Sep  2 07:20:40 2026]
Finished job 892.
1845 of 1923 steps (96%) done
Select jobs to execute...
Execute 1 jobs...

[Wed Sep  2 07:20:40 2026]
localrule run_cell:
    output: results/bias_sensitivity/raw/dp0.35_k0.3_n8000_r10_m4000.rds
    log: logs/bias_sensitivity/run_dp0.35_k0.3_n8000_r10_m4000.log
    jobid: 571
    reason: Missing output files: results/bias_sensitivity/raw/dp0.35_k0.3_n8000_r10_m4000.rds
    wildcards: cell=dp0.35_k0.3_n8000_r10_m4000
    threads: 2
    resources: tmpdir=/tmp

[Wed Sep  2 07:20:43 2026]
Finished job 588.
1846 of 1923 steps (96%) done
Select jobs to execute...
Execute 1 jobs...

[Wed Sep  2 07:20:43 2026]
localrule run_cell:
    output: results/bias_sensitivity/raw/dp0.3_k0.3_n10000_r20_m4000.rds
    log: logs/bias_sensitivity/run_dp0.3_k0.3_n10000_r20_m4000.log
    jobid: 631
    reason: Missing output files: results/bias_sensitivity/raw/dp0.3_k0.3_n10000_r20_m4000.rds
    wildcards: cell=dp0.3_k0.3_n10000_r20_m4000
    threads: 2
    resources: tmpdir=/tmp

[Wed Sep  2 07:20:51 2026]
Finished job 343.
1847 of 1923 steps (96%) done
Select jobs to execute...
Execute 1 jobs...

[Wed Sep  2 07:20:51 2026]
localrule run_cell:
    output: results/bias_sensitivity/raw/dp0.45_k0.3_n4000_r20_m4000.rds
    log: logs/bias_sensitivity/run_dp0.45_k0.3_n4000_r20_m4000.log
    jobid: 751
    reason: Missing output files: results/bias_sensitivity/raw/dp0.45_k0.3_n4000_r20_m4000.rds
    wildcards: cell=dp0.45_k0.3_n4000_r20_m4000
    threads: 2
    resources: tmpdir=/tmp

[Wed Sep  2 07:21:02 2026]
Finished job 1329.
1848 of 1923 steps (96%) done
Select jobs to execute...
Execute 1 jobs...

[Wed Sep  2 07:21:02 2026]
localrule run_cell:
    output: results/bias_sensitivity/raw/dp0.4_k-0.3_n8000_r10_m4000.rds
    log: logs/bias_sensitivity/run_dp0.4_k-0.3_n8000_r10_m4000.log
    jobid: 811
    reason: Missing output files: results/bias_sensitivity/raw/dp0.4_k-0.3_n8000_r10_m4000.rds
    wildcards: cell=dp0.4_k-0.3_n8000_r10_m4000
    threads: 2
    resources: tmpdir=/tmp

[Wed Sep  2 07:21:07 2026]
Finished job 828.
1849 of 1923 steps (96%) done
Select jobs to execute...
Execute 1 jobs...

[Wed Sep  2 07:21:07 2026]
localrule run_cell:
    output: results/bias_sensitivity/raw/dp0.65_k-0.3_n10000_r5_m2000.rds
    log: logs/bias_sensitivity/run_dp0.65_k-0.3_n10000_r5_m2000.log
    jobid: 1064
    reason: Missing output files: results/bias_sensitivity/raw/dp0.65_k-0.3_n10000_r5_m2000.rds
    wildcards: cell=dp0.65_k-0.3_n10000_r5_m2000
    threads: 2
    resources: tmpdir=/tmp

[Wed Sep  2 07:21:16 2026]
Finished job 1199.
1850 of 1923 steps (96%) done
Select jobs to execute...
Execute 1 jobs...

[Wed Sep  2 07:21:16 2026]
localrule run_cell:
    output: results/bias_sensitivity/raw/dp0.6_k-0.3_n4000_r5_m2000.rds
    log: logs/bias_sensitivity/run_dp0.6_k-0.3_n4000_r5_m2000.log
    jobid: 1184
    reason: Missing output files: results/bias_sensitivity/raw/dp0.6_k-0.3_n4000_r5_m2000.rds
    wildcards: cell=dp0.6_k-0.3_n4000_r5_m2000
    threads: 2
    resources: tmpdir=/tmp

[Wed Sep  2 07:21:21 2026]
Finished job 652.
1851 of 1923 steps (96%) done
Select jobs to execute...
Execute 1 jobs...

[Wed Sep  2 07:21:21 2026]
localrule run_cell:
    output: results/bias_sensitivity/raw/dp0.15_k-0.3_n10000_r5_m2000.rds
    log: logs/bias_sensitivity/run_dp0.15_k-0.3_n10000_r5_m2000.log
    jobid: 104
    reason: Missing output files: results/bias_sensitivity/raw/dp0.15_k-0.3_n10000_r5_m2000.rds
    wildcards: cell=dp0.15_k-0.3_n10000_r5_m2000
    threads: 2
    resources: tmpdir=/tmp

[Wed Sep  2 07:21:30 2026]
Finished job 1222.
1852 of 1923 steps (96%) done
Select jobs to execute...
Execute 1 jobs...

[Wed Sep  2 07:21:30 2026]
localrule run_cell:
    output: results/bias_sensitivity/raw/dp0.6_k0.3_n8000_r15_m2000.rds
    log: logs/bias_sensitivity/run_dp0.6_k0.3_n8000_r15_m2000.log
    jobid: 1244
    reason: Missing output files: results/bias_sensitivity/raw/dp0.6_k0.3_n8000_r15_m2000.rds
    wildcards: cell=dp0.6_k0.3_n8000_r15_m2000
    threads: 2
    resources: tmpdir=/tmp

[Wed Sep  2 07:21:39 2026]
Finished job 1068.
1853 of 1923 steps (96%) done
Select jobs to execute...
Execute 1 jobs...

[Wed Sep  2 07:21:39 2026]
localrule run_cell:
    output: results/bias_sensitivity/raw/dp0.85_k-0.3_n1000_r20_m2000.rds
    log: logs/bias_sensitivity/run_dp0.85_k-0.3_n1000_r20_m2000.log
    jobid: 1454
    reason: Missing output files: results/bias_sensitivity/raw/dp0.85_k-0.3_n1000_r20_m2000.rds
    wildcards: cell=dp0.85_k-0.3_n1000_r20_m2000
    threads: 2
    resources: tmpdir=/tmp

[Wed Sep  2 07:21:52 2026]
Finished job 1741.
1854 of 1923 steps (96%) done
Select jobs to execute...
Execute 1 jobs...

[Wed Sep  2 07:21:52 2026]
localrule run_cell:
    output: results/bias_sensitivity/raw/dp0.6_k-0.3_n10000_r10_m2000.rds
    log: logs/bias_sensitivity/run_dp0.6_k-0.3_n10000_r10_m2000.log
    jobid: 1154
    reason: Missing output files: results/bias_sensitivity/raw/dp0.6_k-0.3_n10000_r10_m2000.rds
    wildcards: cell=dp0.6_k-0.3_n10000_r10_m2000
    threads: 2
    resources: tmpdir=/tmp

[Wed Sep  2 07:21:57 2026]
Finished job 412.
1855 of 1923 steps (96%) done
Select jobs to execute...
Execute 1 jobs...

[Wed Sep  2 07:21:57 2026]
localrule run_cell:
    output: results/bias_sensitivity/raw/dp0.25_k-0.3_n4000_r10_m2000.rds
    log: logs/bias_sensitivity/run_dp0.25_k-0.3_n4000_r10_m2000.log
    jobid: 314
    reason: Missing output files: results/bias_sensitivity/raw/dp0.25_k-0.3_n4000_r10_m2000.rds
    wildcards: cell=dp0.25_k-0.3_n4000_r10_m2000
    threads: 2
    resources: tmpdir=/tmp

[Wed Sep  2 07:23:10 2026]
Finished job 900.
1856 of 1923 steps (97%) done
Select jobs to execute...
Execute 1 jobs...

[Wed Sep  2 07:23:10 2026]
localrule run_cell:
    output: results/bias_sensitivity/raw/dp0.25_k0.3_n6000_r20_m2000.rds
    log: logs/bias_sensitivity/run_dp0.25_k0.3_n6000_r20_m2000.log
    jobid: 374
    reason: Missing output files: results/bias_sensitivity/raw/dp0.25_k0.3_n6000_r20_m2000.rds
    wildcards: cell=dp0.25_k0.3_n6000_r20_m2000
    threads: 2
    resources: tmpdir=/tmp

[Wed Sep  2 07:23:18 2026]
Finished job 1680.
1857 of 1923 steps (97%) done
Select jobs to execute...
Execute 1 jobs...

[Wed Sep  2 07:23:18 2026]
localrule run_cell:
    output: results/bias_sensitivity/raw/dp1_k0.3_n10000_r10_m2000.rds
    log: logs/bias_sensitivity/run_dp1_k0.3_n10000_r10_m2000.log
    jobid: 1874
    reason: Missing output files: results/bias_sensitivity/raw/dp1_k0.3_n10000_r10_m2000.rds
    wildcards: cell=dp1_k0.3_n10000_r10_m2000
    threads: 2
    resources: tmpdir=/tmp

[Wed Sep  2 07:23:26 2026]
Finished job 8.
1858 of 1923 steps (97%) done
Select jobs to execute...
Execute 1 jobs...

[Wed Sep  2 07:23:26 2026]
localrule run_cell:
    output: results/bias_sensitivity/raw/dp0.8_k-0.3_n6000_r20_m2000.rds
    log: logs/bias_sensitivity/run_dp0.8_k-0.3_n6000_r20_m2000.log
    jobid: 1574
    reason: Missing output files: results/bias_sensitivity/raw/dp0.8_k-0.3_n6000_r20_m2000.rds
    wildcards: cell=dp0.8_k-0.3_n6000_r20_m2000
    threads: 2
    resources: tmpdir=/tmp

[Wed Sep  2 07:23:41 2026]
Finished job 781.
1859 of 1923 steps (97%) done
Select jobs to execute...
Execute 1 jobs...

[Wed Sep  2 07:23:41 2026]
localrule run_cell:
    output: results/bias_sensitivity/raw/dp0.9_k-0.3_n4000_r10_m2000.rds
    log: logs/bias_sensitivity/run_dp0.9_k-0.3_n4000_r10_m2000.log
    jobid: 1754
    reason: Missing output files: results/bias_sensitivity/raw/dp0.9_k-0.3_n4000_r10_m2000.rds
    wildcards: cell=dp0.9_k-0.3_n4000_r10_m2000
    threads: 2
    resources: tmpdir=/tmp

[Wed Sep  2 07:23:44 2026]
Finished job 1458.
1860 of 1923 steps (97%) done
Select jobs to execute...
Execute 1 jobs...

[Wed Sep  2 07:23:44 2026]
localrule run_cell:
    output: results/bias_sensitivity/raw/dp0.05_k0.3_n4000_r10_m2000.rds
    log: logs/bias_sensitivity/run_dp0.05_k0.3_n4000_r10_m2000.log
    jobid: 74
    reason: Missing output files: results/bias_sensitivity/raw/dp0.05_k0.3_n4000_r10_m2000.rds
    wildcards: cell=dp0.05_k0.3_n4000_r10_m2000
    threads: 2
    resources: tmpdir=/tmp

[Wed Sep  2 07:23:49 2026]
Finished job 125.
1861 of 1923 steps (97%) done
[Wed Sep  2 07:24:09 2026]
Finished job 626.
1862 of 1923 steps (97%) done
[Wed Sep  2 07:24:42 2026]
Finished job 408.
1863 of 1923 steps (97%) done
[Wed Sep  2 07:24:54 2026]
Finished job 1454.
1864 of 1923 steps (97%) done
[Wed Sep  2 07:25:14 2026]
Finished job 888.
1865 of 1923 steps (97%) done
[Wed Sep  2 07:25:15 2026]
Finished job 845.
1866 of 1923 steps (97%) done
[Wed Sep  2 07:26:02 2026]
Finished job 1085.
1867 of 1923 steps (97%) done
[Wed Sep  2 07:26:36 2026]
Finished job 669.
1868 of 1923 steps (97%) done
[Wed Sep  2 07:26:42 2026]
Finished job 145.
1869 of 1923 steps (97%) done
[Wed Sep  2 07:26:53 2026]
Finished job 1758.
1870 of 1923 steps (97%) done
[Wed Sep  2 07:27:07 2026]
Finished job 1191.
1871 of 1923 steps (97%) done
[Wed Sep  2 07:27:57 2026]
Finished job 1192.
1872 of 1923 steps (97%) done
[Wed Sep  2 07:29:04 2026]
Finished job 1051.
1873 of 1923 steps (97%) done
[Wed Sep  2 07:30:03 2026]
Finished job 248.
1874 of 1923 steps (97%) done
[Wed Sep  2 07:30:20 2026]
Finished job 1766.
1875 of 1923 steps (98%) done
[Wed Sep  2 07:30:21 2026]
Finished job 751.
1876 of 1923 steps (98%) done
[Wed Sep  2 07:30:21 2026]
Finished job 283.
1877 of 1923 steps (98%) done
[Wed Sep  2 07:30:43 2026]
Finished job 532.
1878 of 1923 steps (98%) done
[Wed Sep  2 07:31:08 2026]
Finished job 1620.
1879 of 1923 steps (98%) done
[Wed Sep  2 07:31:13 2026]
Finished job 1184.
1880 of 1923 steps (98%) done
[Wed Sep  2 07:31:45 2026]
Finished job 314.
1881 of 1923 steps (98%) done
[Wed Sep  2 07:32:18 2026]
Finished job 74.
1882 of 1923 steps (98%) done
[Wed Sep  2 07:32:35 2026]
Finished job 146.
1883 of 1923 steps (98%) done
[Wed Sep  2 07:32:52 2026]
Finished job 814.
1884 of 1923 steps (98%) done
[Wed Sep  2 07:33:08 2026]
Finished job 1063.
1885 of 1923 steps (98%) done
[Wed Sep  2 07:33:13 2026]
Finished job 249.
1886 of 1923 steps (98%) done
[Wed Sep  2 07:33:13 2026]
Finished job 1157.
1887 of 1923 steps (98%) done
[Wed Sep  2 07:33:29 2026]
Finished job 1754.
1888 of 1923 steps (98%) done
[Wed Sep  2 07:33:34 2026]
Finished job 901.
1889 of 1923 steps (98%) done
[Wed Sep  2 07:33:41 2026]
Finished job 1200.
1890 of 1923 steps (98%) done
[Wed Sep  2 07:34:05 2026]
Finished job 1783.
1891 of 1923 steps (98%) done
[Wed Sep  2 07:34:23 2026]
Finished job 823.
1892 of 1923 steps (98%) done
[Wed Sep  2 07:34:29 2026]
Finished job 755.
1893 of 1923 steps (98%) done
[Wed Sep  2 07:34:44 2026]
Finished job 1188.
1894 of 1923 steps (98%) done
[Wed Sep  2 07:35:06 2026]
Finished job 374.
1895 of 1923 steps (99%) done
[Wed Sep  2 07:35:07 2026]
Finished job 9.
1896 of 1923 steps (99%) done
[Wed Sep  2 07:35:09 2026]
Finished job 1621.
1897 of 1923 steps (99%) done
[Wed Sep  2 07:35:17 2026]
Finished job 5.
1898 of 1923 steps (99%) done
[Wed Sep  2 07:35:26 2026]
Finished job 386.
1899 of 1923 steps (99%) done
[Wed Sep  2 07:35:34 2026]
Finished job 103.
1900 of 1923 steps (99%) done
[Wed Sep  2 07:35:36 2026]
Finished job 571.
1901 of 1923 steps (99%) done
[Wed Sep  2 07:35:40 2026]
Finished job 245.
1902 of 1923 steps (99%) done
[Wed Sep  2 07:36:18 2026]
Finished job 1244.
1903 of 1923 steps (99%) done
[Wed Sep  2 07:36:43 2026]
Finished job 1574.
1904 of 1923 steps (99%) done
[Wed Sep  2 07:36:44 2026]
Finished job 1578.
1905 of 1923 steps (99%) done
[Wed Sep  2 07:36:48 2026]
Finished job 811.
1906 of 1923 steps (99%) done
[Wed Sep  2 07:37:24 2026]
Finished job 528.
1907 of 1923 steps (99%) done
[Wed Sep  2 07:38:05 2026]
Finished job 1681.
1908 of 1923 steps (99%) done
[Wed Sep  2 07:38:08 2026]
Finished job 151.
1909 of 1923 steps (99%) done
[Wed Sep  2 07:38:30 2026]
Finished job 1201.
1910 of 1923 steps (99%) done
[Wed Sep  2 07:38:38 2026]
Finished job 391.
1911 of 1923 steps (99%) done
[Wed Sep  2 07:38:43 2026]
Finished job 1685.
1912 of 1923 steps (99%) done
[Wed Sep  2 07:39:46 2026]
Finished job 104.
1913 of 1923 steps (99%) done
[Wed Sep  2 07:39:46 2026]
Finished job 631.
1914 of 1923 steps (99.5%) done
[Wed Sep  2 07:40:05 2026]
Finished job 1878.
1915 of 1923 steps (99.6%) done
[Wed Sep  2 07:40:25 2026]
Finished job 725.
1916 of 1923 steps (99.6%) done
[Wed Sep  2 07:40:42 2026]
Finished job 1158.
1917 of 1923 steps (99.7%) done
[Wed Sep  2 07:40:43 2026]
Finished job 1874.
1918 of 1923 steps (99.7%) done
[Wed Sep  2 07:41:34 2026]
Finished job 1064.
1919 of 1923 steps (99.8%) done
[Wed Sep  2 07:41:49 2026]
Finished job 1154.
1920 of 1923 steps (99.8%) done
Complete log: .snakemake/log/2026-09-01T210517.658764.snakemake.log
